1LG3FS9I,5,2,http://www.wikidata.org/wiki/Q4339448
1LG3FS9I,1,0,http://www.wikidata.org/wiki/Q4201789
1LG3FS9I,2,0,http://www.wikidata.org/wiki/Q30295267
1LG3FS9I,1,2,http://www.wikidata.org/wiki/Q4339448
1LG3FS9I,1,4,http://www.wikidata.org/wiki/Q83172
1LG3FS9I,3,0,http://www.wikidata.org/wiki/Q30274104
1LG3FS9I,6,0,http://www.wikidata.org/wiki/Q20754822
1LG3FS9I,2,4,http://www.wikidata.org/wiki/Q83172
1LG3FS9I,4,0,http://www.wikidata.org/wiki/Q4201789
1LG3FS9I,5,0,http://www.wikidata.org/wiki/Q4201666
1LG3FS9I,7,4,http://www.wikidata.org/wiki/Q8
1LG3FS9I,6,4,http://www.wikidata.org/wiki/Q83172
1LG3FS9I,6,2,http://www.wikidata.org/wiki/Q64555587
1LG3FS9I,7,2,http://www.wikidata.org/wiki/Q64555587
1LG3FS9I,2,2,http://www.wikidata.org/wiki/Q4339448
1LG3FS9I,7,0,http://www.wikidata.org/wiki/Q20432126
1LG3FS9I,4,2,http://www.wikidata.org/wiki/Q4339448
1LG3FS9I,4,4,http://www.wikidata.org/wiki/Q83172
1LG3FS9I,5,4,http://www.wikidata.org/wiki/Q83172
1LG3FS9I,3,4,http://www.wikidata.org/wiki/Q83172
1LG3FS9I,3,2,http://www.wikidata.org/wiki/Q4339448
4W0OBNEX,4,0,http://www.wikidata.org/wiki/Q27964743
4W0OBNEX,8,0,http://www.wikidata.org/wiki/Q27964740
4W0OBNEX,1,0,http://www.wikidata.org/wiki/Q54802536
4W0OBNEX,1,1,http://www.wikidata.org/wiki/Q17297633
4W0OBNEX,6,0,http://www.wikidata.org/wiki/Q27964741
4W0OBNEX,9,0,http://www.wikidata.org/wiki/Q27964741
4W0OBNEX,5,0,http://www.wikidata.org/wiki/Q27964740
4W0OBNEX,8,1,http://www.wikidata.org/wiki/Q17297633
4W0OBNEX,2,0,http://www.wikidata.org/wiki/Q41793680
4W0OBNEX,3,1,http://www.wikidata.org/wiki/Q17297633
4W0OBNEX,2,1,http://www.wikidata.org/wiki/Q17297633
4W0OBNEX,4,1,http://www.wikidata.org/wiki/Q17297633
4W0OBNEX,5,1,http://www.wikidata.org/wiki/Q17297633
4W0OBNEX,6,1,http://www.wikidata.org/wiki/Q17297633
4W0OBNEX,7,0,http://www.wikidata.org/wiki/Q27964743
4W0OBNEX,9,1,http://www.wikidata.org/wiki/Q1729
4W0OBNEX,3,0,http://www.wikidata.org/wiki/Q41793680
4W0OBNEX,7,1,http://www.wikidata.org/wiki/Q17297633
UQPH9LSY,1,1,http://www.wikidata.org/wiki/Q50020430
UQPH9LSY,2,2,http://www.wikidata.org/wiki/Q3035235
UQPH9LSY,2,1,http://www.wikidata.org/wiki/Q2295655
UQPH9LSY,1,2,http://www.wikidata.org/wiki/Q4227907
UQPH9LSY,2,0,http://www.wikidata.org/wiki/Q3320573
UQPH9LSY,3,1,http://www.wikidata.org/wiki/Q2295655
UQPH9LSY,3,2,http://www.wikidata.org/wiki/Q2295655
UQPH9LSY,1,0,http://www.wikidata.org/wiki/Q332088
UQPH9LSY,3,0,http://www.wikidata.org/wiki/Q63380999
RTHP216U,1,2,http://www.wikidata.org/wiki/Q488682
RTHP216U,5,0,http://www.wikidata.org/wiki/Q314407
RTHP216U,5,1,http://www.wikidata.org/wiki/Q1377491
RTHP216U,3,0,http://www.wikidata.org/wiki/Q314407
RTHP216U,2,2,http://www.wikidata.org/wiki/Q17632608
RTHP216U,1,1,http://www.wikidata.org/wiki/Q7734952
RTHP216U,3,2,http://www.wikidata.org/wiki/Q3223847
RTHP216U,2,1,http://www.wikidata.org/wiki/Q1377491
RTHP216U,6,2,http://www.wikidata.org/wiki/Q3223847
RTHP216U,7,0,http://www.wikidata.org/wiki/Q314407
RTHP216U,6,1,http://www.wikidata.org/wiki/Q1377491
RTHP216U,5,2,http://www.wikidata.org/wiki/Q3223847
RTHP216U,3,1,http://www.wikidata.org/wiki/Q1377491
RTHP216U,6,0,http://www.wikidata.org/wiki/Q314407
RTHP216U,4,0,http://www.wikidata.org/wiki/Q314407
RTHP216U,1,0,http://www.wikidata.org/wiki/Q488681
RTHP216U,7,1,http://www.wikidata.org/wiki/Q1377491
RTHP216U,2,0,http://www.wikidata.org/wiki/Q314407
RTHP216U,4,2,http://www.wikidata.org/wiki/Q3223847
RTHP216U,4,1,http://www.wikidata.org/wiki/Q1377491
WJDZNJ7R,5,1,http://www.wikidata.org/wiki/Q695838
WJDZNJ7R,6,2,http://www.wikidata.org/wiki/Q160226
WJDZNJ7R,4,1,http://www.wikidata.org/wiki/Q3487646
WJDZNJ7R,8,2,http://www.wikidata.org/wiki/Q160226
WJDZNJ7R,4,2,http://www.wikidata.org/wiki/Q160226
WJDZNJ7R,5,2,http://www.wikidata.org/wiki/Q160226
WJDZNJ7R,1,2,http://www.wikidata.org/wiki/Q794691
WJDZNJ7R,2,2,http://www.wikidata.org/wiki/Q160226
WJDZNJ7R,1,0,http://www.wikidata.org/wiki/Q506674
WJDZNJ7R,7,0,http://www.wikidata.org/wiki/Q17014194
WJDZNJ7R,7,1,http://www.wikidata.org/wiki/Q695838
WJDZNJ7R,1,1,http://www.wikidata.org/wiki/Q177266
WJDZNJ7R,8,0,http://www.wikidata.org/wiki/Q542220
WJDZNJ7R,6,0,http://www.wikidata.org/wiki/Q542220
WJDZNJ7R,5,0,http://www.wikidata.org/wiki/Q17014194
WJDZNJ7R,2,1,http://www.wikidata.org/wiki/Q3487646
WJDZNJ7R,8,1,http://www.wikidata.org/wiki/Q695838
WJDZNJ7R,6,1,http://www.wikidata.org/wiki/Q695838
WJDZNJ7R,4,0,http://www.wikidata.org/wiki/Q542220
WJDZNJ7R,3,1,http://www.wikidata.org/wiki/Q3487646
WJDZNJ7R,3,0,http://www.wikidata.org/wiki/Q1337795
WJDZNJ7R,3,2,http://www.wikidata.org/wiki/Q160226
WJDZNJ7R,7,2,http://www.wikidata.org/wiki/Q160226
WJDZNJ7R,2,0,http://www.wikidata.org/wiki/Q1337795
639WTBBX,7,0,http://www.wikidata.org/wiki/Q3457998
639WTBBX,10,0,http://www.wikidata.org/wiki/Q3489955
639WTBBX,17,0,http://www.wikidata.org/wiki/Q3469866
639WTBBX,15,0,http://www.wikidata.org/wiki/Q3489939
639WTBBX,2,0,http://www.wikidata.org/wiki/Q3489200
639WTBBX,5,0,http://www.wikidata.org/wiki/Q3489200
639WTBBX,3,0,http://www.wikidata.org/wiki/Q3489955
639WTBBX,11,0,http://www.wikidata.org/wiki/Q3489939
639WTBBX,1,0,http://www.wikidata.org/wiki/Q3489939
639WTBBX,6,0,http://www.wikidata.org/wiki/Q3469866
639WTBBX,9,0,http://www.wikidata.org/wiki/Q3489939
639WTBBX,12,0,http://www.wikidata.org/wiki/Q3489200
639WTBBX,8,0,http://www.wikidata.org/wiki/Q3457998
639WTBBX,18,0,http://www.wikidata.org/wiki/Q3489200
639WTBBX,14,0,http://www.wikidata.org/wiki/Q3489939
639WTBBX,4,0,http://www.wikidata.org/wiki/Q3489939
639WTBBX,13,0,http://www.wikidata.org/wiki/Q3489939
639WTBBX,16,0,http://www.wikidata.org/wiki/Q3469866
639WTBBX,19,0,http://www.wikidata.org/wiki/Q3489939
RSP4RPJK,8,0,http://www.wikidata.org/wiki/Q55763480
RSP4RPJK,2,1,http://www.wikidata.org/wiki/Q1967556
RSP4RPJK,4,0,http://www.wikidata.org/wiki/Q55763480
RSP4RPJK,5,1,http://www.wikidata.org/wiki/Q285673
RSP4RPJK,3,0,http://www.wikidata.org/wiki/Q6974685
RSP4RPJK,1,1,http://www.wikidata.org/wiki/Q285673
RSP4RPJK,5,0,http://www.wikidata.org/wiki/Q55763481
RSP4RPJK,1,0,http://www.wikidata.org/wiki/Q56702278
RSP4RPJK,3,1,http://www.wikidata.org/wiki/Q1967556
RSP4RPJK,6,1,http://www.wikidata.org/wiki/Q1967556
RSP4RPJK,9,1,http://www.wikidata.org/wiki/Q285673
RSP4RPJK,6,0,http://www.wikidata.org/wiki/Q56702278
RSP4RPJK,7,0,http://www.wikidata.org/wiki/Q56702278
RSP4RPJK,8,1,http://www.wikidata.org/wiki/Q285673
RSP4RPJK,7,1,http://www.wikidata.org/wiki/Q1967556
RSP4RPJK,9,0,http://www.wikidata.org/wiki/Q55763481
RSP4RPJK,4,1,http://www.wikidata.org/wiki/Q285673
RSP4RPJK,2,0,http://www.wikidata.org/wiki/Q6974685
L5LD752I,5,1,http://www.wikidata.org/wiki/Q7476466
L5LD752I,8,0,http://www.wikidata.org/wiki/Q2796967
L5LD752I,1,1,http://www.wikidata.org/wiki/Q2580972
L5LD752I,2,1,http://www.wikidata.org/wiki/Q7476466
L5LD752I,7,0,http://www.wikidata.org/wiki/Q2796967
L5LD752I,7,1,http://www.wikidata.org/wiki/Q2796967
L5LD752I,5,0,http://www.wikidata.org/wiki/Q2796967
L5LD752I,6,1,http://www.wikidata.org/wiki/Q2796967
L5LD752I,3,1,http://www.wikidata.org/wiki/Q7476466
L5LD752I,1,0,http://www.wikidata.org/wiki/Q67199527
L5LD752I,9,1,http://www.wikidata.org/wiki/Q2796967
L5LD752I,10,0,http://www.wikidata.org/wiki/Q27969
L5LD752I,9,0,http://www.wikidata.org/wiki/Q2796967
L5LD752I,4,1,http://www.wikidata.org/wiki/Q7476466
L5LD752I,4,0,http://www.wikidata.org/wiki/Q15917739
L5LD752I,2,0,http://www.wikidata.org/wiki/Q15917739
L5LD752I,8,1,http://www.wikidata.org/wiki/Q2796967
L5LD752I,6,0,http://www.wikidata.org/wiki/Q2796967
L5LD752I,3,0,http://www.wikidata.org/wiki/Q15917739
IYAGHNQ1,3,0,http://www.wikidata.org/wiki/Q16825873
IYAGHNQ1,5,0,http://www.wikidata.org/wiki/Q21866928
IYAGHNQ1,8,0,http://www.wikidata.org/wiki/Q21866928
IYAGHNQ1,6,2,http://www.wikidata.org/wiki/Q1407225
IYAGHNQ1,3,2,http://www.wikidata.org/wiki/Q1407225
IYAGHNQ1,2,2,http://www.wikidata.org/wiki/Q2912398
IYAGHNQ1,7,0,http://www.wikidata.org/wiki/Q2912397
IYAGHNQ1,7,2,http://www.wikidata.org/wiki/Q2912398
IYAGHNQ1,6,0,http://www.wikidata.org/wiki/Q29120357
IYAGHNQ1,1,0,http://www.wikidata.org/wiki/Q16556419
IYAGHNQ1,5,2,http://www.wikidata.org/wiki/Q2912398
IYAGHNQ1,2,0,http://www.wikidata.org/wiki/Q21866927
IYAGHNQ1,4,2,http://www.wikidata.org/wiki/Q1369077
IYAGHNQ1,4,0,http://www.wikidata.org/wiki/Q24034458
IYAGHNQ1,1,2,http://www.wikidata.org/wiki/Q2912398
S4BBSEDC,9,0,http://www.wikidata.org/wiki/Q60521488
S4BBSEDC,17,0,http://www.wikidata.org/wiki/Q1134907
S4BBSEDC,16,0,http://www.wikidata.org/wiki/Q1134907
S4BBSEDC,13,0,http://www.wikidata.org/wiki/Q1134907
S4BBSEDC,12,0,http://www.wikidata.org/wiki/Q1134907
S4BBSEDC,7,0,http://www.wikidata.org/wiki/Q1134907
S4BBSEDC,18,0,http://www.wikidata.org/wiki/Q1134907
S4BBSEDC,11,0,http://www.wikidata.org/wiki/Q657518
S4BBSEDC,3,0,http://www.wikidata.org/wiki/Q60521488
S4BBSEDC,1,0,http://www.wikidata.org/wiki/Q657518
S4BBSEDC,5,0,http://www.wikidata.org/wiki/Q657518
S4BBSEDC,2,0,http://www.wikidata.org/wiki/Q60521488
S4BBSEDC,4,0,http://www.wikidata.org/wiki/Q60521488
S4BBSEDC,15,0,http://www.wikidata.org/wiki/Q657518
S4BBSEDC,6,0,http://www.wikidata.org/wiki/Q60521488
S4BBSEDC,8,0,http://www.wikidata.org/wiki/Q1134907
S4BBSEDC,14,0,http://www.wikidata.org/wiki/Q1134907
S4BBSEDC,10,0,http://www.wikidata.org/wiki/Q1134907
7CWHHFZU,3,0,http://www.wikidata.org/wiki/Q1263531
7CWHHFZU,2,2,http://www.wikidata.org/wiki/Q1344
7CWHHFZU,3,2,http://www.wikidata.org/wiki/Q1358138
7CWHHFZU,1,0,http://www.wikidata.org/wiki/Q6125113
7CWHHFZU,3,1,http://www.wikidata.org/wiki/Q726531
7CWHHFZU,2,0,http://www.wikidata.org/wiki/Q57166722
7CWHHFZU,1,1,http://www.wikidata.org/wiki/Q6124974
7CWHHFZU,1,2,http://www.wikidata.org/wiki/Q1358138
7CWHHFZU,2,1,http://www.wikidata.org/wiki/Q726531
YSKIF9MF,3,1,http://www.wikidata.org/wiki/Q2157155
YSKIF9MF,1,1,http://www.wikidata.org/wiki/Q2157155
YSKIF9MF,3,2,http://www.wikidata.org/wiki/Q1409754
YSKIF9MF,1,3,http://www.wikidata.org/wiki/Q170347
YSKIF9MF,2,2,http://www.wikidata.org/wiki/Q1409754
YSKIF9MF,3,0,http://www.wikidata.org/wiki/Q15735
YSKIF9MF,2,4,http://www.wikidata.org/wiki/Q69995061
YSKIF9MF,3,4,http://www.wikidata.org/wiki/Q69995061
YSKIF9MF,2,0,http://www.wikidata.org/wiki/Q15735
YSKIF9MF,2,3,http://www.wikidata.org/wiki/Q97072677
YSKIF9MF,3,3,http://www.wikidata.org/wiki/Q97072677
YSKIF9MF,1,0,http://www.wikidata.org/wiki/Q15718
YSKIF9MF,2,1,http://www.wikidata.org/wiki/Q2157155
AKVHIMRU,7,0,http://www.wikidata.org/wiki/Q6568782
AKVHIMRU,8,0,http://www.wikidata.org/wiki/Q62776660
AKVHIMRU,3,1,http://www.wikidata.org/wiki/Q184602
AKVHIMRU,4,0,http://www.wikidata.org/wiki/Q6587944
AKVHIMRU,5,1,http://www.wikidata.org/wiki/Q6587944
AKVHIMRU,2,1,http://www.wikidata.org/wiki/Q184602
AKVHIMRU,1,0,http://www.wikidata.org/wiki/Q3911749
AKVHIMRU,6,1,http://www.wikidata.org/wiki/Q219414
AKVHIMRU,8,1,http://www.wikidata.org/wiki/Q219414
AKVHIMRU,9,0,http://www.wikidata.org/wiki/Q6568782
AKVHIMRU,1,1,http://www.wikidata.org/wiki/Q219414
AKVHIMRU,6,0,http://www.wikidata.org/wiki/Q62776660
AKVHIMRU,7,1,http://www.wikidata.org/wiki/Q6587944
AKVHIMRU,3,0,http://www.wikidata.org/wiki/Q15918956
AKVHIMRU,4,1,http://www.wikidata.org/wiki/Q184602
AKVHIMRU,2,0,http://www.wikidata.org/wiki/Q13446741
AKVHIMRU,5,0,http://www.wikidata.org/wiki/Q6568782
S3CKGCLJ,2,0,http://www.wikidata.org/wiki/Q265864
S3CKGCLJ,5,0,http://www.wikidata.org/wiki/Q1184880
S3CKGCLJ,1,0,http://www.wikidata.org/wiki/Q376769
S3CKGCLJ,11,0,http://www.wikidata.org/wiki/Q376769
S3CKGCLJ,6,0,http://www.wikidata.org/wiki/Q110586720
S3CKGCLJ,7,0,http://www.wikidata.org/wiki/Q110586720
S3CKGCLJ,15,0,http://www.wikidata.org/wiki/Q376769
S3CKGCLJ,4,0,http://www.wikidata.org/wiki/Q3067727
S3CKGCLJ,18,0,http://www.wikidata.org/wiki/Q376769
S3CKGCLJ,12,0,http://www.wikidata.org/wiki/Q1184880
S3CKGCLJ,13,0,http://www.wikidata.org/wiki/Q19500209
S3CKGCLJ,8,0,http://www.wikidata.org/wiki/Q110586720
S3CKGCLJ,14,0,http://www.wikidata.org/wiki/Q3067727
S3CKGCLJ,17,0,http://www.wikidata.org/wiki/Q3067727
S3CKGCLJ,10,0,http://www.wikidata.org/wiki/Q1184880
S3CKGCLJ,9,0,http://www.wikidata.org/wiki/Q1184880
S3CKGCLJ,16,0,http://www.wikidata.org/wiki/Q19500209
S3CKGCLJ,3,0,http://www.wikidata.org/wiki/Q3067727
7NCVAPZ6,4,0,http://www.wikidata.org/wiki/Q16820786
7NCVAPZ6,6,0,http://www.wikidata.org/wiki/Q16820786
7NCVAPZ6,9,0,http://www.wikidata.org/wiki/Q4607007
7NCVAPZ6,10,0,http://www.wikidata.org/wiki/Q4607007
7NCVAPZ6,16,0,http://www.wikidata.org/wiki/Q4607007
7NCVAPZ6,14,0,http://www.wikidata.org/wiki/Q4607007
7NCVAPZ6,17,0,http://www.wikidata.org/wiki/Q4607007
7NCVAPZ6,15,0,http://www.wikidata.org/wiki/Q16820786
7NCVAPZ6,5,0,http://www.wikidata.org/wiki/Q16820825
7NCVAPZ6,3,0,http://www.wikidata.org/wiki/Q16820825
7NCVAPZ6,1,0,http://www.wikidata.org/wiki/Q4607007
7NCVAPZ6,12,0,http://www.wikidata.org/wiki/Q4607007
7NCVAPZ6,2,0,http://www.wikidata.org/wiki/Q16820786
7NCVAPZ6,8,0,http://www.wikidata.org/wiki/Q16820786
7NCVAPZ6,11,0,http://www.wikidata.org/wiki/Q2907294
7NCVAPZ6,13,0,http://www.wikidata.org/wiki/Q4607007
7NCVAPZ6,18,0,http://www.wikidata.org/wiki/Q4607007
7NCVAPZ6,7,0,http://www.wikidata.org/wiki/Q16820825
T55TO34J,1,0,http://www.wikidata.org/wiki/Q74181600
T55TO34J,2,0,http://www.wikidata.org/wiki/Q66531003
T55TO34J,3,0,http://www.wikidata.org/wiki/Q66531002
DVL415PS,6,5,http://www.wikidata.org/wiki/Q15180
DVL415PS,2,0,http://www.wikidata.org/wiki/Q2500419
DVL415PS,4,2,http://www.wikidata.org/wiki/Q15180
DVL415PS,1,0,http://www.wikidata.org/wiki/Q28130502
DVL415PS,2,1,http://www.wikidata.org/wiki/Q515
DVL415PS,6,3,http://www.wikidata.org/wiki/Q183
DVL415PS,4,1,http://www.wikidata.org/wiki/Q8059289
DVL415PS,3,1,http://www.wikidata.org/wiki/Q8059289
DVL415PS,6,6,http://www.wikidata.org/wiki/Q183
DVL415PS,2,2,http://www.wikidata.org/wiki/Q183
DVL415PS,6,8,http://www.wikidata.org/wiki/Q183
DVL415PS,3,2,http://www.wikidata.org/wiki/Q15180
DVL415PS,4,0,http://www.wikidata.org/wiki/Q1962112
DVL415PS,6,2,http://www.wikidata.org/wiki/Q15180
DVL415PS,3,0,http://www.wikidata.org/wiki/Q1962112
DVL415PS,1,2,http://www.wikidata.org/wiki/Q1037
DVL415PS,1,1,http://www.wikidata.org/wiki/Q113453
DVL415PS,6,0,http://www.wikidata.org/wiki/Q8059289
DVL415PS,5,2,http://www.wikidata.org/wiki/Q15180
DVL415PS,6,7,http://www.wikidata.org/wiki/Q15180
DVL415PS,5,1,http://www.wikidata.org/wiki/Q8059289
DVL415PS,5,0,http://www.wikidata.org/wiki/Q1962112
DVL415PS,6,4,http://www.wikidata.org/wiki/Q183
DVL415PS,6,1,http://www.wikidata.org/wiki/Q8059289
I35616OY,12,0,http://www.wikidata.org/wiki/Q210907
I35616OY,11,2,http://www.wikidata.org/wiki/Q12886893
I35616OY,10,2,http://www.wikidata.org/wiki/Q12886893
I35616OY,6,2,http://www.wikidata.org/wiki/Q12886893
I35616OY,8,2,http://www.wikidata.org/wiki/Q12886893
I35616OY,4,2,http://www.wikidata.org/wiki/Q12886893
I35616OY,2,0,http://www.wikidata.org/wiki/Q208268
I35616OY,5,2,http://www.wikidata.org/wiki/Q12886893
I35616OY,10,0,http://www.wikidata.org/wiki/Q210907
I35616OY,7,2,http://www.wikidata.org/wiki/Q12886893
I35616OY,9,2,http://www.wikidata.org/wiki/Q12886893
I35616OY,5,0,http://www.wikidata.org/wiki/Q210907
I35616OY,3,0,http://www.wikidata.org/wiki/Q4229211
I35616OY,3,2,http://www.wikidata.org/wiki/Q12886893
I35616OY,6,0,http://www.wikidata.org/wiki/Q210907
I35616OY,4,0,http://www.wikidata.org/wiki/Q208268
I35616OY,13,0,http://www.wikidata.org/wiki/Q210907
I35616OY,7,0,http://www.wikidata.org/wiki/Q210907
I35616OY,8,0,http://www.wikidata.org/wiki/Q210907
I35616OY,12,2,http://www.wikidata.org/wiki/Q12886893
I35616OY,11,0,http://www.wikidata.org/wiki/Q210907
I35616OY,1,0,http://www.wikidata.org/wiki/Q210907
I35616OY,9,0,http://www.wikidata.org/wiki/Q210907
RU92NLFT,2,2,http://www.wikidata.org/wiki/Q3130
RU92NLFT,3,2,http://www.wikidata.org/wiki/Q3130
RU92NLFT,1,1,http://www.wikidata.org/wiki/Q103969202
RU92NLFT,3,0,http://www.wikidata.org/wiki/Q7660129
RU92NLFT,2,1,http://www.wikidata.org/wiki/Q487556
RU92NLFT,1,0,http://www.wikidata.org/wiki/Q1164024
RU92NLFT,3,1,http://www.wikidata.org/wiki/Q487556
RU92NLFT,1,2,http://www.wikidata.org/wiki/Q812
RU92NLFT,2,0,http://www.wikidata.org/wiki/Q7660036
P0P41ODQ,1,0,http://www.wikidata.org/wiki/Q28799994
P0P41ODQ,2,0,http://www.wikidata.org/wiki/Q28105676
P0P41ODQ,3,0,http://www.wikidata.org/wiki/Q28799994
P0P41ODQ,4,0,http://www.wikidata.org/wiki/Q28799994
7UH8BJ87,10,0,http://www.wikidata.org/wiki/Q26594739
7UH8BJ87,6,0,http://www.wikidata.org/wiki/Q2621414
7UH8BJ87,16,0,http://www.wikidata.org/wiki/Q2621412
7UH8BJ87,12,0,http://www.wikidata.org/wiki/Q2621414
7UH8BJ87,9,0,http://www.wikidata.org/wiki/Q26594739
7UH8BJ87,13,0,http://www.wikidata.org/wiki/Q2621413
7UH8BJ87,17,0,http://www.wikidata.org/wiki/Q2621410
7UH8BJ87,14,0,http://www.wikidata.org/wiki/Q2621412
7UH8BJ87,3,0,http://www.wikidata.org/wiki/Q2638456
7UH8BJ87,5,0,http://www.wikidata.org/wiki/Q26594739
7UH8BJ87,8,0,http://www.wikidata.org/wiki/Q2621410
7UH8BJ87,4,0,http://www.wikidata.org/wiki/Q2638456
7UH8BJ87,19,0,http://www.wikidata.org/wiki/Q2621414
7UH8BJ87,11,0,http://www.wikidata.org/wiki/Q2638456
7UH8BJ87,18,0,http://www.wikidata.org/wiki/Q2621413
7UH8BJ87,7,0,http://www.wikidata.org/wiki/Q2621413
7UH8BJ87,2,0,http://www.wikidata.org/wiki/Q2638456
7UH8BJ87,20,0,http://www.wikidata.org/wiki/Q2
7UH8BJ87,15,0,http://www.wikidata.org/wiki/Q2621410
7UH8BJ87,1,0,http://www.wikidata.org/wiki/Q2621412
QNHDL33N,2,0,http://www.wikidata.org/wiki/Q5275178
QNHDL33N,1,0,http://www.wikidata.org/wiki/Q5699813
QNHDL33N,2,1,http://www.wikidata.org/wiki/Q11436
QNHDL33N,2,2,http://www.wikidata.org/wiki/Q21905930
QNHDL33N,3,2,http://www.wikidata.org/wiki/Q21905930
QNHDL33N,3,1,http://www.wikidata.org/wiki/Q11436
QNHDL33N,3,0,http://www.wikidata.org/wiki/Q21905930
QNHDL33N,1,2,http://www.wikidata.org/wiki/Q917953
QNHDL33N,1,1,http://www.wikidata.org/wiki/Q11436
6AAA6KDL,2,1,http://www.wikidata.org/wiki/Q2086911
6AAA6KDL,1,0,http://www.wikidata.org/wiki/Q177373
6AAA6KDL,2,0,http://www.wikidata.org/wiki/Q1888092
6AAA6KDL,2,2,http://www.wikidata.org/wiki/Q490477
6AAA6KDL,3,2,http://www.wikidata.org/wiki/Q490550
6AAA6KDL,6,0,http://www.wikidata.org/wiki/Q15941464
6AAA6KDL,3,1,http://www.wikidata.org/wiki/Q490477
6AAA6KDL,5,2,http://www.wikidata.org/wiki/Q490477
6AAA6KDL,7,0,http://www.wikidata.org/wiki/Q1654568
6AAA6KDL,4,1,http://www.wikidata.org/wiki/Q2086911
6AAA6KDL,3,0,http://www.wikidata.org/wiki/Q49483781
6AAA6KDL,5,0,http://www.wikidata.org/wiki/Q15941464
6AAA6KDL,6,1,http://www.wikidata.org/wiki/Q177373
6AAA6KDL,8,0,http://www.wikidata.org/wiki/Q1654
6AAA6KDL,7,2,http://www.wikidata.org/wiki/Q490477
6AAA6KDL,4,2,http://www.wikidata.org/wiki/Q490477
6AAA6KDL,1,1,http://www.wikidata.org/wiki/Q2086911
6AAA6KDL,5,1,http://www.wikidata.org/wiki/Q177373
6AAA6KDL,6,2,http://www.wikidata.org/wiki/Q490477
6AAA6KDL,4,0,http://www.wikidata.org/wiki/Q26430118
6AAA6KDL,1,2,http://www.wikidata.org/wiki/Q490550
6AAA6KDL,7,1,http://www.wikidata.org/wiki/Q1654590
1JCIV762,3,2,http://www.wikidata.org/wiki/Q21769954
1JCIV762,5,1,http://www.wikidata.org/wiki/Q26971668
1JCIV762,6,2,http://www.wikidata.org/wiki/Q21769954
1JCIV762,8,1,http://www.wikidata.org/wiki/Q26971668
1JCIV762,5,2,http://www.wikidata.org/wiki/Q21769954
1JCIV762,7,0,http://www.wikidata.org/wiki/Q45031794
1JCIV762,2,0,http://www.wikidata.org/wiki/Q21769957
1JCIV762,4,1,http://www.wikidata.org/wiki/Q26971668
1JCIV762,4,2,http://www.wikidata.org/wiki/Q21769954
1JCIV762,7,1,http://www.wikidata.org/wiki/Q26971668
1JCIV762,3,0,http://www.wikidata.org/wiki/Q21769957
1JCIV762,1,1,http://www.wikidata.org/wiki/Q26971668
1JCIV762,3,1,http://www.wikidata.org/wiki/Q21769954
1JCIV762,8,0,http://www.wikidata.org/wiki/Q45031857
1JCIV762,8,2,http://www.wikidata.org/wiki/Q21769954
1JCIV762,5,0,http://www.wikidata.org/wiki/Q45031857
1JCIV762,9,0,http://www.wikidata.org/wiki/Q45031794
1JCIV762,7,2,http://www.wikidata.org/wiki/Q21769954
1JCIV762,4,0,http://www.wikidata.org/wiki/Q45031794
1JCIV762,6,1,http://www.wikidata.org/wiki/Q26971668
1JCIV762,2,1,http://www.wikidata.org/wiki/Q26971668
1JCIV762,6,0,http://www.wikidata.org/wiki/Q45031857
1JCIV762,1,0,http://www.wikidata.org/wiki/Q21769957
BWIXL857,13,0,http://www.wikidata.org/wiki/Q3245449
BWIXL857,4,0,http://www.wikidata.org/wiki/Q22635280
BWIXL857,8,0,http://www.wikidata.org/wiki/Q3245449
BWIXL857,15,0,http://www.wikidata.org/wiki/Q3245449
BWIXL857,11,0,http://www.wikidata.org/wiki/Q3245449
BWIXL857,22,0,http://www.wikidata.org/wiki/Q3245449
BWIXL857,18,0,http://www.wikidata.org/wiki/Q3245449
BWIXL857,20,0,http://www.wikidata.org/wiki/Q3245449
BWIXL857,3,0,http://www.wikidata.org/wiki/Q716619
BWIXL857,6,0,http://www.wikidata.org/wiki/Q3245449
BWIXL857,19,0,http://www.wikidata.org/wiki/Q3245449
BWIXL857,16,0,http://www.wikidata.org/wiki/Q3245449
BWIXL857,10,0,http://www.wikidata.org/wiki/Q3245449
BWIXL857,23,0,http://www.wikidata.org/wiki/Q3245449
BWIXL857,17,0,http://www.wikidata.org/wiki/Q3245449
BWIXL857,5,0,http://www.wikidata.org/wiki/Q29985889
BWIXL857,9,0,http://www.wikidata.org/wiki/Q3245449
BWIXL857,21,0,http://www.wikidata.org/wiki/Q3245449
BWIXL857,12,0,http://www.wikidata.org/wiki/Q3245449
BWIXL857,2,0,http://www.wikidata.org/wiki/Q7691
BWIXL857,1,0,http://www.wikidata.org/wiki/Q1049265
BWIXL857,14,0,http://www.wikidata.org/wiki/Q3245449
BWIXL857,7,0,http://www.wikidata.org/wiki/Q3245449
CC3DZCAD,4,1,http://www.wikidata.org/wiki/Q1010268
CC3DZCAD,7,1,http://www.wikidata.org/wiki/Q1033185
CC3DZCAD,3,2,http://www.wikidata.org/wiki/Q3150
CC3DZCAD,7,2,http://www.wikidata.org/wiki/Q3150
CC3DZCAD,3,0,http://www.wikidata.org/wiki/Q65718210
CC3DZCAD,3,1,http://www.wikidata.org/wiki/Q1033185
CC3DZCAD,1,1,http://www.wikidata.org/wiki/Q1010268
CC3DZCAD,4,0,http://www.wikidata.org/wiki/Q60535582
CC3DZCAD,2,2,http://www.wikidata.org/wiki/Q3150
CC3DZCAD,7,0,http://www.wikidata.org/wiki/Q65718459
CC3DZCAD,1,2,http://www.wikidata.org/wiki/Q7880
CC3DZCAD,6,0,http://www.wikidata.org/wiki/Q60535582
CC3DZCAD,8,0,http://www.wikidata.org/wiki/Q657182
CC3DZCAD,4,2,http://www.wikidata.org/wiki/Q7880
CC3DZCAD,6,1,http://www.wikidata.org/wiki/Q1010268
CC3DZCAD,2,1,http://www.wikidata.org/wiki/Q1033185
CC3DZCAD,1,0,http://www.wikidata.org/wiki/Q60535582
CC3DZCAD,5,2,http://www.wikidata.org/wiki/Q3150
CC3DZCAD,6,2,http://www.wikidata.org/wiki/Q7880
CC3DZCAD,2,0,http://www.wikidata.org/wiki/Q65718459
CC3DZCAD,5,0,http://www.wikidata.org/wiki/Q65718210
CC3DZCAD,5,1,http://www.wikidata.org/wiki/Q1033185
QYX0IBGZ,16,0,http://www.wikidata.org/wiki/Q105429923
QYX0IBGZ,18,0,http://www.wikidata.org/wiki/Q1018862
QYX0IBGZ,22,0,http://www.wikidata.org/wiki/Q1018862
QYX0IBGZ,1,0,http://www.wikidata.org/wiki/Q12117129
QYX0IBGZ,12,0,http://www.wikidata.org/wiki/Q12117131
QYX0IBGZ,3,0,http://www.wikidata.org/wiki/Q12117129
QYX0IBGZ,6,0,http://www.wikidata.org/wiki/Q12117131
QYX0IBGZ,20,0,http://www.wikidata.org/wiki/Q1018862
QYX0IBGZ,15,0,http://www.wikidata.org/wiki/Q12117131
QYX0IBGZ,8,0,http://www.wikidata.org/wiki/Q12117129
QYX0IBGZ,9,0,http://www.wikidata.org/wiki/Q12117131
QYX0IBGZ,4,0,http://www.wikidata.org/wiki/Q12117131
QYX0IBGZ,2,0,http://www.wikidata.org/wiki/Q12117131
QYX0IBGZ,21,0,http://www.wikidata.org/wiki/Q1018862
QYX0IBGZ,10,0,http://www.wikidata.org/wiki/Q12117129
QYX0IBGZ,13,0,http://www.wikidata.org/wiki/Q12117129
QYX0IBGZ,17,0,http://www.wikidata.org/wiki/Q1018862
QYX0IBGZ,11,0,http://www.wikidata.org/wiki/Q12117129
QYX0IBGZ,23,0,http://www.wikidata.org/wiki/Q101
QYX0IBGZ,7,0,http://www.wikidata.org/wiki/Q12117129
QYX0IBGZ,19,0,http://www.wikidata.org/wiki/Q1018862
QYX0IBGZ,5,0,http://www.wikidata.org/wiki/Q12117129
QYX0IBGZ,14,0,http://www.wikidata.org/wiki/Q12117129
YA377MQ3,3,2,http://www.wikidata.org/wiki/Q46
YA377MQ3,2,0,http://www.wikidata.org/wiki/Q334353
YA377MQ3,2,1,http://www.wikidata.org/wiki/Q131132
YA377MQ3,1,0,http://www.wikidata.org/wiki/Q2600592
YA377MQ3,8,1,http://www.wikidata.org/wiki/Q131132
YA377MQ3,9,0,http://www.wikidata.org/wiki/Q2600592
YA377MQ3,6,0,http://www.wikidata.org/wiki/Q2600592
YA377MQ3,4,1,http://www.wikidata.org/wiki/Q131132
YA377MQ3,2,2,http://www.wikidata.org/wiki/Q46
YA377MQ3,6,1,http://www.wikidata.org/wiki/Q131132
YA377MQ3,3,0,http://www.wikidata.org/wiki/Q334124
YA377MQ3,3,1,http://www.wikidata.org/wiki/Q131132
YA377MQ3,7,0,http://www.wikidata.org/wiki/Q2586908
YA377MQ3,9,1,http://www.wikidata.org/wiki/Q131132
YA377MQ3,5,1,http://www.wikidata.org/wiki/Q131132
YA377MQ3,5,2,http://www.wikidata.org/wiki/Q46
YA377MQ3,6,2,http://www.wikidata.org/wiki/Q46
YA377MQ3,1,1,http://www.wikidata.org/wiki/Q131132
YA377MQ3,9,2,http://www.wikidata.org/wiki/Q46
YA377MQ3,7,1,http://www.wikidata.org/wiki/Q131132
YA377MQ3,5,0,http://www.wikidata.org/wiki/Q2586908
YA377MQ3,7,2,http://www.wikidata.org/wiki/Q46
YA377MQ3,1,2,http://www.wikidata.org/wiki/Q46
YA377MQ3,8,0,http://www.wikidata.org/wiki/Q2600592
YA377MQ3,4,2,http://www.wikidata.org/wiki/Q46
YA377MQ3,10,0,http://www.wikidata.org/wiki/Q2586908
YA377MQ3,8,2,http://www.wikidata.org/wiki/Q46
YA377MQ3,4,0,http://www.wikidata.org/wiki/Q2586908
SWICQRV2,4,0,http://www.wikidata.org/wiki/Q1688816
SWICQRV2,1,2,http://www.wikidata.org/wiki/Q319214
SWICQRV2,4,2,http://www.wikidata.org/wiki/Q318781
SWICQRV2,8,2,http://www.wikidata.org/wiki/Q161156
SWICQRV2,1,0,http://www.wikidata.org/wiki/Q772327
SWICQRV2,12,2,http://www.wikidata.org/wiki/Q161156
SWICQRV2,5,0,http://www.wikidata.org/wiki/Q56529313
SWICQRV2,3,2,http://www.wikidata.org/wiki/Q318781
SWICQRV2,7,0,http://www.wikidata.org/wiki/Q161156
SWICQRV2,11,0,http://www.wikidata.org/wiki/Q161156
SWICQRV2,6,2,http://www.wikidata.org/wiki/Q318781
SWICQRV2,8,0,http://www.wikidata.org/wiki/Q1688816
SWICQRV2,10,2,http://www.wikidata.org/wiki/Q161156
SWICQRV2,7,2,http://www.wikidata.org/wiki/Q318781
SWICQRV2,9,0,http://www.wikidata.org/wiki/Q161156
SWICQRV2,9,2,http://www.wikidata.org/wiki/Q318781
SWICQRV2,3,0,http://www.wikidata.org/wiki/Q56529313
SWICQRV2,2,2,http://www.wikidata.org/wiki/Q318781
SWICQRV2,10,0,http://www.wikidata.org/wiki/Q1688816
SWICQRV2,2,0,http://www.wikidata.org/wiki/Q161156
SWICQRV2,12,0,http://www.wikidata.org/wiki/Q1688816
SWICQRV2,11,2,http://www.wikidata.org/wiki/Q318781
SWICQRV2,6,0,http://www.wikidata.org/wiki/Q1688816
SWICQRV2,5,2,http://www.wikidata.org/wiki/Q318781
ELRYKU84,4,0,http://www.wikidata.org/wiki/Q21611281
ELRYKU84,3,1,http://www.wikidata.org/wiki/Q11844100
ELRYKU84,6,2,http://www.wikidata.org/wiki/Q11844100
ELRYKU84,7,0,http://www.wikidata.org/wiki/Q6983553
ELRYKU84,2,0,http://www.wikidata.org/wiki/Q1286354
ELRYKU84,3,2,http://www.wikidata.org/wiki/Q110823036
ELRYKU84,4,2,http://www.wikidata.org/wiki/Q11844100
ELRYKU84,6,0,http://www.wikidata.org/wiki/Q2163496
ELRYKU84,5,0,http://www.wikidata.org/wiki/Q61066458
ELRYKU84,4,1,http://www.wikidata.org/wiki/Q2163496
ELRYKU84,7,1,http://www.wikidata.org/wiki/Q6983553
ELRYKU84,7,2,http://www.wikidata.org/wiki/Q6983553
ELRYKU84,6,1,http://www.wikidata.org/wiki/Q21611281
ELRYKU84,1,0,http://www.wikidata.org/wiki/Q2163496
ELRYKU84,5,1,http://www.wikidata.org/wiki/Q61066521
ELRYKU84,5,2,http://www.wikidata.org/wiki/Q61066521
ELRYKU84,3,0,http://www.wikidata.org/wiki/Q1286354
NAU7I5UN,11,0,http://www.wikidata.org/wiki/Q651853
NAU7I5UN,3,0,http://www.wikidata.org/wiki/Q18888235
NAU7I5UN,5,0,http://www.wikidata.org/wiki/Q17577068
NAU7I5UN,15,0,http://www.wikidata.org/wiki/Q16527311
NAU7I5UN,6,0,http://www.wikidata.org/wiki/Q17577069
NAU7I5UN,14,0,http://www.wikidata.org/wiki/Q651853
NAU7I5UN,2,0,http://www.wikidata.org/wiki/Q18888233
NAU7I5UN,12,0,http://www.wikidata.org/wiki/Q651853
NAU7I5UN,4,0,http://www.wikidata.org/wiki/Q18888233
NAU7I5UN,17,0,http://www.wikidata.org/wiki/Q17577069
NAU7I5UN,18,0,http://www.wikidata.org/wiki/Q17577069
NAU7I5UN,10,0,http://www.wikidata.org/wiki/Q843006
NAU7I5UN,1,0,http://www.wikidata.org/wiki/Q18888235
NAU7I5UN,7,0,http://www.wikidata.org/wiki/Q16527311
NAU7I5UN,9,0,http://www.wikidata.org/wiki/Q18888233
NAU7I5UN,16,0,http://www.wikidata.org/wiki/Q17577069
NAU7I5UN,13,0,http://www.wikidata.org/wiki/Q651853
NAU7I5UN,8,0,http://www.wikidata.org/wiki/Q843006
NMK2GWBS,10,0,http://www.wikidata.org/wiki/Q183002
NMK2GWBS,21,0,http://www.wikidata.org/wiki/Q23733
NMK2GWBS,11,0,http://www.wikidata.org/wiki/Q183002
NMK2GWBS,8,0,http://www.wikidata.org/wiki/Q183002
NMK2GWBS,3,0,http://www.wikidata.org/wiki/Q12735351
NMK2GWBS,13,0,http://www.wikidata.org/wiki/Q183002
NMK2GWBS,22,0,http://www.wikidata.org/wiki/Q23733
NMK2GWBS,2,0,http://www.wikidata.org/wiki/Q12735351
NMK2GWBS,6,0,http://www.wikidata.org/wiki/Q183002
NMK2GWBS,12,0,http://www.wikidata.org/wiki/Q183002
NMK2GWBS,14,0,http://www.wikidata.org/wiki/Q196828
NMK2GWBS,15,0,http://www.wikidata.org/wiki/Q196828
NMK2GWBS,4,0,http://www.wikidata.org/wiki/Q183002
NMK2GWBS,18,0,http://www.wikidata.org/wiki/Q196828
NMK2GWBS,1,0,http://www.wikidata.org/wiki/Q1287969
NMK2GWBS,19,0,http://www.wikidata.org/wiki/Q196828
NMK2GWBS,7,0,http://www.wikidata.org/wiki/Q183002
NMK2GWBS,16,0,http://www.wikidata.org/wiki/Q196828
NMK2GWBS,5,0,http://www.wikidata.org/wiki/Q183002
NMK2GWBS,17,0,http://www.wikidata.org/wiki/Q196828
NMK2GWBS,20,0,http://www.wikidata.org/wiki/Q196828
NMK2GWBS,9,0,http://www.wikidata.org/wiki/Q183002
NZ4LO319,3,6,http://www.wikidata.org/wiki/Q1345399
NZ4LO319,2,2,http://www.wikidata.org/wiki/Q5937752
NZ4LO319,3,11,http://www.wikidata.org/wiki/Q1345399
NZ4LO319,1,2,http://www.wikidata.org/wiki/Q55020201
NZ4LO319,3,7,http://www.wikidata.org/wiki/Q1345399
NZ4LO319,3,8,http://www.wikidata.org/wiki/Q1345399
NZ4LO319,2,1,http://www.wikidata.org/wiki/Q142
NZ4LO319,2,0,http://www.wikidata.org/wiki/Q1311978
NZ4LO319,3,14,http://www.wikidata.org/wiki/Q1345
NZ4LO319,3,4,http://www.wikidata.org/wiki/Q1345399
NZ4LO319,3,1,http://www.wikidata.org/wiki/Q142
NZ4LO319,3,2,http://www.wikidata.org/wiki/Q1345399
NZ4LO319,3,12,http://www.wikidata.org/wiki/Q1345399
NZ4LO319,3,5,http://www.wikidata.org/wiki/Q1345399
NZ4LO319,3,10,http://www.wikidata.org/wiki/Q1345399
NZ4LO319,3,3,http://www.wikidata.org/wiki/Q1345399
NZ4LO319,3,13,http://www.wikidata.org/wiki/Q1345399
NZ4LO319,3,9,http://www.wikidata.org/wiki/Q1345399
NZ4LO319,1,0,http://www.wikidata.org/wiki/Q3173242
NZ4LO319,1,1,http://www.wikidata.org/wiki/Q142
NZ4LO319,3,0,http://www.wikidata.org/wiki/Q1345399
Z618SF1Q,5,2,http://www.wikidata.org/wiki/Q300856
Z618SF1Q,7,2,http://www.wikidata.org/wiki/Q300856
Z618SF1Q,9,2,http://www.wikidata.org/wiki/Q300856
Z618SF1Q,4,2,http://www.wikidata.org/wiki/Q300856
Z618SF1Q,8,0,http://www.wikidata.org/wiki/Q1065801
Z618SF1Q,1,2,http://www.wikidata.org/wiki/Q503232
Z618SF1Q,2,0,http://www.wikidata.org/wiki/Q17782334
Z618SF1Q,3,0,http://www.wikidata.org/wiki/Q17782334
Z618SF1Q,2,2,http://www.wikidata.org/wiki/Q300856
Z618SF1Q,6,0,http://www.wikidata.org/wiki/Q1065801
Z618SF1Q,3,2,http://www.wikidata.org/wiki/Q300857
Z618SF1Q,9,0,http://www.wikidata.org/wiki/Q1065801
Z618SF1Q,7,0,http://www.wikidata.org/wiki/Q1065801
Z618SF1Q,8,2,http://www.wikidata.org/wiki/Q300856
Z618SF1Q,6,2,http://www.wikidata.org/wiki/Q300856
Z618SF1Q,1,0,http://www.wikidata.org/wiki/Q1065801
Z618SF1Q,4,0,http://www.wikidata.org/wiki/Q1065801
Z618SF1Q,5,0,http://www.wikidata.org/wiki/Q1066146
QX840EMW,3,2,http://www.wikidata.org/wiki/Q1776661
QX840EMW,2,1,http://www.wikidata.org/wiki/Q52609380
QX840EMW,2,2,http://www.wikidata.org/wiki/Q3070
QX840EMW,3,1,http://www.wikidata.org/wiki/Q52609380
QX840EMW,1,1,http://www.wikidata.org/wiki/Q36874909
QX840EMW,3,0,http://www.wikidata.org/wiki/Q61933743
QX840EMW,1,0,http://www.wikidata.org/wiki/Q2487297
QX840EMW,2,0,http://www.wikidata.org/wiki/Q255898
QX840EMW,1,2,http://www.wikidata.org/wiki/Q9899
JRRCRO27,2,0,http://www.wikidata.org/wiki/Q3773909
JRRCRO27,3,0,http://www.wikidata.org/wiki/Q3773832
JRRCRO27,8,0,http://www.wikidata.org/wiki/Q3773834
JRRCRO27,10,1,http://www.wikidata.org/wiki/Q2649130
JRRCRO27,2,1,http://www.wikidata.org/wiki/Q2649128
JRRCRO27,12,0,http://www.wikidata.org/wiki/Q3773832
JRRCRO27,5,0,http://www.wikidata.org/wiki/Q3773838
JRRCRO27,11,1,http://www.wikidata.org/wiki/Q2649128
JRRCRO27,6,0,http://www.wikidata.org/wiki/Q3773832
JRRCRO27,7,1,http://www.wikidata.org/wiki/Q3773834
JRRCRO27,10,0,http://www.wikidata.org/wiki/Q3773832
JRRCRO27,6,1,http://www.wikidata.org/wiki/Q3773834
JRRCRO27,9,0,http://www.wikidata.org/wiki/Q3773838
JRRCRO27,1,0,http://www.wikidata.org/wiki/Q3773832
JRRCRO27,3,1,http://www.wikidata.org/wiki/Q2649130
JRRCRO27,7,0,http://www.wikidata.org/wiki/Q3773838
JRRCRO27,4,0,http://www.wikidata.org/wiki/Q3773909
JRRCRO27,11,0,http://www.wikidata.org/wiki/Q3773834
JRRCRO27,5,1,http://www.wikidata.org/wiki/Q2649130
JRRCRO27,4,1,http://www.wikidata.org/wiki/Q2649128
JRRCRO27,9,1,http://www.wikidata.org/wiki/Q3773834
JRRCRO27,1,1,http://www.wikidata.org/wiki/Q3773834
JRRCRO27,8,1,http://www.wikidata.org/wiki/Q2649128
U6IS7IHN,4,3,http://www.wikidata.org/wiki/Q804
U6IS7IHN,1,2,http://www.wikidata.org/wiki/Q842886
U6IS7IHN,2,3,http://www.wikidata.org/wiki/Q804
U6IS7IHN,1,3,http://www.wikidata.org/wiki/Q804
U6IS7IHN,6,1,http://www.wikidata.org/wiki/Q1653860
U6IS7IHN,2,0,http://www.wikidata.org/wiki/Q2217039
U6IS7IHN,1,1,http://www.wikidata.org/wiki/Q1653860
U6IS7IHN,5,3,http://www.wikidata.org/wiki/Q804
U6IS7IHN,3,1,http://www.wikidata.org/wiki/Q2216080
U6IS7IHN,1,0,http://www.wikidata.org/wiki/Q2216080
U6IS7IHN,2,1,http://www.wikidata.org/wiki/Q2215692
U6IS7IHN,3,3,http://www.wikidata.org/wiki/Q804
U6IS7IHN,4,0,http://www.wikidata.org/wiki/Q2216080
U6IS7IHN,6,0,http://www.wikidata.org/wiki/Q61277641
U6IS7IHN,6,2,http://www.wikidata.org/wiki/Q842886
U6IS7IHN,4,1,http://www.wikidata.org/wiki/Q1653860
U6IS7IHN,3,0,http://www.wikidata.org/wiki/Q2215692
U6IS7IHN,5,1,http://www.wikidata.org/wiki/Q65589653
U6IS7IHN,5,2,http://www.wikidata.org/wiki/Q842886
U6IS7IHN,4,2,http://www.wikidata.org/wiki/Q842886
U6IS7IHN,5,0,http://www.wikidata.org/wiki/Q65589661
U6IS7IHN,3,2,http://www.wikidata.org/wiki/Q842886
U6IS7IHN,2,2,http://www.wikidata.org/wiki/Q842886
Z7KN2F7D,19,0,http://www.wikidata.org/wiki/Q28859163
Z7KN2F7D,4,0,http://www.wikidata.org/wiki/Q60776505
Z7KN2F7D,6,0,http://www.wikidata.org/wiki/Q28859164
Z7KN2F7D,14,0,http://www.wikidata.org/wiki/Q28919196
Z7KN2F7D,16,0,http://www.wikidata.org/wiki/Q28859164
Z7KN2F7D,17,0,http://www.wikidata.org/wiki/Q283179
Z7KN2F7D,12,0,http://www.wikidata.org/wiki/Q20199
Z7KN2F7D,15,0,http://www.wikidata.org/wiki/Q28859163
Z7KN2F7D,2,0,http://www.wikidata.org/wiki/Q60776505
Z7KN2F7D,1,0,http://www.wikidata.org/wiki/Q63869441
Z7KN2F7D,18,0,http://www.wikidata.org/wiki/Q283179
Z7KN2F7D,13,0,http://www.wikidata.org/wiki/Q283179
Z7KN2F7D,8,0,http://www.wikidata.org/wiki/Q28919196
Z7KN2F7D,20,0,http://www.wikidata.org/wiki/Q125264216
Z7KN2F7D,11,0,http://www.wikidata.org/wiki/Q28919196
Z7KN2F7D,7,0,http://www.wikidata.org/wiki/Q283179
Z7KN2F7D,10,0,http://www.wikidata.org/wiki/Q20199
Z7KN2F7D,3,0,http://www.wikidata.org/wiki/Q63869441
Z7KN2F7D,9,0,http://www.wikidata.org/wiki/Q28859164
Z7KN2F7D,5,0,http://www.wikidata.org/wiki/Q28859163
ZXF2PWA4,9,0,http://www.wikidata.org/wiki/Q1474955
ZXF2PWA4,10,0,http://www.wikidata.org/wiki/Q1474955
ZXF2PWA4,14,0,http://www.wikidata.org/wiki/Q1474955
ZXF2PWA4,3,0,http://www.wikidata.org/wiki/Q56822789
ZXF2PWA4,7,0,http://www.wikidata.org/wiki/Q163904
ZXF2PWA4,8,0,http://www.wikidata.org/wiki/Q163904
ZXF2PWA4,12,0,http://www.wikidata.org/wiki/Q163904
ZXF2PWA4,19,0,http://www.wikidata.org/wiki/Q163904
ZXF2PWA4,21,0,http://www.wikidata.org/wiki/Q1474955
ZXF2PWA4,4,0,http://www.wikidata.org/wiki/Q1480872
ZXF2PWA4,11,0,http://www.wikidata.org/wiki/Q381143
ZXF2PWA4,5,0,http://www.wikidata.org/wiki/Q163904
ZXF2PWA4,6,0,http://www.wikidata.org/wiki/Q1474955
ZXF2PWA4,16,0,http://www.wikidata.org/wiki/Q381143
ZXF2PWA4,15,0,http://www.wikidata.org/wiki/Q381143
ZXF2PWA4,20,0,http://www.wikidata.org/wiki/Q163904
ZXF2PWA4,18,0,http://www.wikidata.org/wiki/Q163904
ZXF2PWA4,2,0,http://www.wikidata.org/wiki/Q381143
ZXF2PWA4,17,0,http://www.wikidata.org/wiki/Q163904
ZXF2PWA4,1,0,http://www.wikidata.org/wiki/Q2163976
ZXF2PWA4,13,0,http://www.wikidata.org/wiki/Q381143
GPZ72K9R,3,3,http://www.wikidata.org/wiki/Q3609
GPZ72K9R,3,0,http://www.wikidata.org/wiki/Q62072795
GPZ72K9R,2,1,http://www.wikidata.org/wiki/Q62072799
GPZ72K9R,3,1,http://www.wikidata.org/wiki/Q62072799
GPZ72K9R,5,2,http://www.wikidata.org/wiki/Q152
GPZ72K9R,2,3,http://www.wikidata.org/wiki/Q3609
GPZ72K9R,4,2,http://www.wikidata.org/wiki/Q1525059
GPZ72K9R,2,2,http://www.wikidata.org/wiki/Q1525059
GPZ72K9R,5,1,http://www.wikidata.org/wiki/Q62072793
GPZ72K9R,4,3,http://www.wikidata.org/wiki/Q3609
GPZ72K9R,2,0,http://www.wikidata.org/wiki/Q62072798
GPZ72K9R,4,1,http://www.wikidata.org/wiki/Q62072799
GPZ72K9R,4,0,http://www.wikidata.org/wiki/Q62072798
GPZ72K9R,1,0,http://www.wikidata.org/wiki/Q62072792
GPZ72K9R,3,2,http://www.wikidata.org/wiki/Q1525059
GPZ72K9R,5,0,http://www.wikidata.org/wiki/Q62072795
GPZ72K9R,1,3,http://www.wikidata.org/wiki/Q3609
GPZ72K9R,1,2,http://www.wikidata.org/wiki/Q1381218
GPZ72K9R,1,1,http://www.wikidata.org/wiki/Q62072793
MSUWADMV,8,0,http://www.wikidata.org/wiki/Q1160357
MSUWADMV,10,0,http://www.wikidata.org/wiki/Q1160161
MSUWADMV,17,0,http://www.wikidata.org/wiki/Q1160357
MSUWADMV,23,0,http://www.wikidata.org/wiki/Q1160357
MSUWADMV,12,0,http://www.wikidata.org/wiki/Q1160357
MSUWADMV,4,0,http://www.wikidata.org/wiki/Q1160357
MSUWADMV,20,0,http://www.wikidata.org/wiki/Q1160357
MSUWADMV,3,0,http://www.wikidata.org/wiki/Q1160161
MSUWADMV,18,0,http://www.wikidata.org/wiki/Q1160357
MSUWADMV,19,0,http://www.wikidata.org/wiki/Q1160357
MSUWADMV,21,0,http://www.wikidata.org/wiki/Q1160357
MSUWADMV,14,0,http://www.wikidata.org/wiki/Q1160357
MSUWADMV,5,0,http://www.wikidata.org/wiki/Q1160357
MSUWADMV,22,0,http://www.wikidata.org/wiki/Q1160357
MSUWADMV,1,0,http://www.wikidata.org/wiki/Q1160357
MSUWADMV,13,0,http://www.wikidata.org/wiki/Q1160357
MSUWADMV,16,0,http://www.wikidata.org/wiki/Q1160357
MSUWADMV,7,0,http://www.wikidata.org/wiki/Q1160357
MSUWADMV,9,0,http://www.wikidata.org/wiki/Q1160161
MSUWADMV,15,0,http://www.wikidata.org/wiki/Q1160357
MSUWADMV,6,0,http://www.wikidata.org/wiki/Q1160161
MSUWADMV,11,0,http://www.wikidata.org/wiki/Q1160357
MSUWADMV,2,0,http://www.wikidata.org/wiki/Q1160161
Q4PZJLUI,3,1,http://www.wikidata.org/wiki/Q17747099
Q4PZJLUI,3,0,http://www.wikidata.org/wiki/Q17537865
Q4PZJLUI,2,2,http://www.wikidata.org/wiki/Q16707726
Q4PZJLUI,1,2,http://www.wikidata.org/wiki/Q17985385
Q4PZJLUI,1,1,http://www.wikidata.org/wiki/Q16856986
Q4PZJLUI,2,1,http://www.wikidata.org/wiki/Q17747099
Q4PZJLUI,2,0,http://www.wikidata.org/wiki/Q17537865
Q4PZJLUI,3,2,http://www.wikidata.org/wiki/Q1800430
Q4PZJLUI,1,0,http://www.wikidata.org/wiki/Q16707726
ORY1V585,1,0,http://www.wikidata.org/wiki/Q220824
ORY1V585,4,0,http://www.wikidata.org/wiki/Q220824
ORY1V585,5,2,http://www.wikidata.org/wiki/Q68381774
ORY1V585,5,0,http://www.wikidata.org/wiki/Q17678933
ORY1V585,6,0,http://www.wikidata.org/wiki/Q17678933
ORY1V585,3,0,http://www.wikidata.org/wiki/Q1190241
ORY1V585,2,2,http://www.wikidata.org/wiki/Q298376
ORY1V585,4,2,http://www.wikidata.org/wiki/Q298376
ORY1V585,3,2,http://www.wikidata.org/wiki/Q298376
ORY1V585,2,0,http://www.wikidata.org/wiki/Q140730
9E6PUMKB,2,3,http://www.wikidata.org/wiki/Q506250
9E6PUMKB,3,0,http://www.wikidata.org/wiki/Q62068098
9E6PUMKB,2,1,http://www.wikidata.org/wiki/Q4964675
9E6PUMKB,2,2,http://www.wikidata.org/wiki/Q34
9E6PUMKB,1,3,http://www.wikidata.org/wiki/Q506250
9E6PUMKB,2,0,http://www.wikidata.org/wiki/Q62076023
9E6PUMKB,1,0,http://www.wikidata.org/wiki/Q62068101
9E6PUMKB,3,2,http://www.wikidata.org/wiki/Q34
9E6PUMKB,1,1,http://www.wikidata.org/wiki/Q4964675
9E6PUMKB,3,3,http://www.wikidata.org/wiki/Q506250
9E6PUMKB,3,1,http://www.wikidata.org/wiki/Q193808
9E6PUMKB,1,2,http://www.wikidata.org/wiki/Q34
NXVK8K1E,12,0,http://www.wikidata.org/wiki/Q21097897
NXVK8K1E,5,0,http://www.wikidata.org/wiki/Q13048660
NXVK8K1E,9,0,http://www.wikidata.org/wiki/Q13048660
NXVK8K1E,1,0,http://www.wikidata.org/wiki/Q21097897
NXVK8K1E,10,0,http://www.wikidata.org/wiki/Q13048660
NXVK8K1E,11,0,http://www.wikidata.org/wiki/Q21097896
NXVK8K1E,6,0,http://www.wikidata.org/wiki/Q13048660
NXVK8K1E,14,0,http://www.wikidata.org/wiki/Q21097896
NXVK8K1E,8,0,http://www.wikidata.org/wiki/Q13048660
NXVK8K1E,15,0,http://www.wikidata.org/wiki/Q13048660
NXVK8K1E,4,0,http://www.wikidata.org/wiki/Q13048660
NXVK8K1E,2,0,http://www.wikidata.org/wiki/Q21097896
NXVK8K1E,13,0,http://www.wikidata.org/wiki/Q21097896
NXVK8K1E,3,0,http://www.wikidata.org/wiki/Q13048660
NXVK8K1E,7,0,http://www.wikidata.org/wiki/Q13048660
NXVK8K1E,16,0,http://www.wikidata.org/wiki/Q21097897
7JZOS56F,6,0,http://www.wikidata.org/wiki/Q27890670
7JZOS56F,4,0,http://www.wikidata.org/wiki/Q27890669
7JZOS56F,5,0,http://www.wikidata.org/wiki/Q27890668
7JZOS56F,3,0,http://www.wikidata.org/wiki/Q74284773
7JZOS56F,9,0,http://www.wikidata.org/wiki/Q27890668
7JZOS56F,2,0,http://www.wikidata.org/wiki/Q78947857
7JZOS56F,8,0,http://www.wikidata.org/wiki/Q27890670
7JZOS56F,1,0,http://www.wikidata.org/wiki/Q74284773
7JZOS56F,7,0,http://www.wikidata.org/wiki/Q27890669
EHITTI5C,11,0,http://www.wikidata.org/wiki/Q61870731
EHITTI5C,5,0,http://www.wikidata.org/wiki/Q61870747
EHITTI5C,12,0,http://www.wikidata.org/wiki/Q61870731
EHITTI5C,14,0,http://www.wikidata.org/wiki/Q61870747
EHITTI5C,16,0,http://www.wikidata.org/wiki/Q61868576
EHITTI5C,15,0,http://www.wikidata.org/wiki/Q61870731
EHITTI5C,13,0,http://www.wikidata.org/wiki/Q61868576
EHITTI5C,9,0,http://www.wikidata.org/wiki/Q61870747
EHITTI5C,10,0,http://www.wikidata.org/wiki/Q61868564
EHITTI5C,2,0,http://www.wikidata.org/wiki/Q61868564
EHITTI5C,6,0,http://www.wikidata.org/wiki/Q61868564
EHITTI5C,7,0,http://www.wikidata.org/wiki/Q61868576
EHITTI5C,1,0,http://www.wikidata.org/wiki/Q61868576
EHITTI5C,3,0,http://www.wikidata.org/wiki/Q61870747
EHITTI5C,8,0,http://www.wikidata.org/wiki/Q61870747
EHITTI5C,4,0,http://www.wikidata.org/wiki/Q61868576
U5V6QARC,1,0,http://www.wikidata.org/wiki/Q583893
U5V6QARC,2,2,http://www.wikidata.org/wiki/Q33980
U5V6QARC,1,1,http://www.wikidata.org/wiki/Q44211
U5V6QARC,2,1,http://www.wikidata.org/wiki/Q44823
U5V6QARC,1,2,http://www.wikidata.org/wiki/Q2792846
U5V6QARC,2,0,http://www.wikidata.org/wiki/Q1028203
X8VIPJJW,4,1,http://www.wikidata.org/wiki/Q5632800
X8VIPJJW,4,0,http://www.wikidata.org/wiki/Q2289631
X8VIPJJW,6,2,http://www.wikidata.org/wiki/Q5632800
X8VIPJJW,3,1,http://www.wikidata.org/wiki/Q5632800
X8VIPJJW,1,0,http://www.wikidata.org/wiki/Q7119870
X8VIPJJW,6,9,http://www.wikidata.org/wiki/Q5632800
X8VIPJJW,6,7,http://www.wikidata.org/wiki/Q5632800
X8VIPJJW,1,1,http://www.wikidata.org/wiki/Q575727
X8VIPJJW,2,1,http://www.wikidata.org/wiki/Q575727
X8VIPJJW,6,3,http://www.wikidata.org/wiki/Q5632801
X8VIPJJW,5,0,http://www.wikidata.org/wiki/Q110269783
X8VIPJJW,6,4,http://www.wikidata.org/wiki/Q5632801
X8VIPJJW,6,5,http://www.wikidata.org/wiki/Q5632801
X8VIPJJW,2,0,http://www.wikidata.org/wiki/Q2289631
X8VIPJJW,6,0,http://www.wikidata.org/wiki/Q110269783
X8VIPJJW,3,0,http://www.wikidata.org/wiki/Q2289631
X8VIPJJW,6,6,http://www.wikidata.org/wiki/Q5632801
X8VIPJJW,6,1,http://www.wikidata.org/wiki/Q5632801
X8VIPJJW,6,8,http://www.wikidata.org/wiki/Q5632800
X8VIPJJW,6,10,http://www.wikidata.org/wiki/Q5632801
X8VIPJJW,5,1,http://www.wikidata.org/wiki/Q5632801
HWNY9ILA,2,1,http://www.wikidata.org/wiki/Q1579
HWNY9ILA,1,1,http://www.wikidata.org/wiki/Q42891
HWNY9ILA,1,0,http://www.wikidata.org/wiki/Q1061606
HWNY9ILA,2,2,http://www.wikidata.org/wiki/Q602358
HWNY9ILA,2,0,http://www.wikidata.org/wiki/Q380817
HWNY9ILA,1,2,http://www.wikidata.org/wiki/Q602358
NOS8JM8U,9,0,http://www.wikidata.org/wiki/Q43734
NOS8JM8U,3,0,http://www.wikidata.org/wiki/Q1702897
NOS8JM8U,13,0,http://www.wikidata.org/wiki/Q319172
NOS8JM8U,6,0,http://www.wikidata.org/wiki/Q43734
NOS8JM8U,1,0,http://www.wikidata.org/wiki/Q1702897
NOS8JM8U,11,0,http://www.wikidata.org/wiki/Q43734
NOS8JM8U,12,0,http://www.wikidata.org/wiki/Q319172
NOS8JM8U,14,0,http://www.wikidata.org/wiki/Q319172
NOS8JM8U,2,0,http://www.wikidata.org/wiki/Q1628507
NOS8JM8U,4,0,http://www.wikidata.org/wiki/Q19870571
NOS8JM8U,8,0,http://www.wikidata.org/wiki/Q19870571
NOS8JM8U,10,0,http://www.wikidata.org/wiki/Q43734
NOS8JM8U,7,0,http://www.wikidata.org/wiki/Q16010397
NOS8JM8U,5,0,http://www.wikidata.org/wiki/Q43734
REIULX5M,5,2,http://www.wikidata.org/wiki/Q1913965
REIULX5M,9,2,http://www.wikidata.org/wiki/Q1913965
REIULX5M,2,2,http://www.wikidata.org/wiki/Q1930
REIULX5M,4,0,http://www.wikidata.org/wiki/Q26411701
REIULX5M,9,0,http://www.wikidata.org/wiki/Q26564262
REIULX5M,3,2,http://www.wikidata.org/wiki/Q1930
REIULX5M,11,0,http://www.wikidata.org/wiki/Q26411
REIULX5M,7,0,http://www.wikidata.org/wiki/Q26564262
REIULX5M,6,2,http://www.wikidata.org/wiki/Q1913965
REIULX5M,8,0,http://www.wikidata.org/wiki/Q26411701
REIULX5M,1,0,http://www.wikidata.org/wiki/Q17021874
REIULX5M,3,0,http://www.wikidata.org/wiki/Q83644445
REIULX5M,6,0,http://www.wikidata.org/wiki/Q26411701
REIULX5M,8,2,http://www.wikidata.org/wiki/Q1913965
REIULX5M,1,2,http://www.wikidata.org/wiki/Q202088
REIULX5M,10,0,http://www.wikidata.org/wiki/Q26564262
REIULX5M,7,2,http://www.wikidata.org/wiki/Q1913965
REIULX5M,10,2,http://www.wikidata.org/wiki/Q1913965
REIULX5M,2,0,http://www.wikidata.org/wiki/Q7969083
REIULX5M,5,0,http://www.wikidata.org/wiki/Q26564262
REIULX5M,4,2,http://www.wikidata.org/wiki/Q1913965
RPQVB0A5,4,1,http://www.wikidata.org/wiki/Q23309520
RPQVB0A5,5,0,http://www.wikidata.org/wiki/Q650
RPQVB0A5,5,2,http://www.wikidata.org/wiki/Q255872
RPQVB0A5,4,2,http://www.wikidata.org/wiki/Q255872
RPQVB0A5,3,0,http://www.wikidata.org/wiki/Q623
RPQVB0A5,2,1,http://www.wikidata.org/wiki/Q423901
RPQVB0A5,2,0,http://www.wikidata.org/wiki/Q623
RPQVB0A5,8,0,http://www.wikidata.org/wiki/Q650
RPQVB0A5,6,1,http://www.wikidata.org/wiki/Q722568
RPQVB0A5,6,3,http://www.wikidata.org/wiki/Q250475
RPQVB0A5,6,0,http://www.wikidata.org/wiki/Q650
RPQVB0A5,7,0,http://www.wikidata.org/wiki/Q650
RPQVB0A5,8,1,http://www.wikidata.org/wiki/Q722568
RPQVB0A5,1,1,http://www.wikidata.org/wiki/Q722568
RPQVB0A5,3,2,http://www.wikidata.org/wiki/Q255872
RPQVB0A5,1,0,http://www.wikidata.org/wiki/Q650
RPQVB0A5,7,2,http://www.wikidata.org/wiki/Q255872
RPQVB0A5,7,3,http://www.wikidata.org/wiki/Q250475
RPQVB0A5,6,2,http://www.wikidata.org/wiki/Q255872
RPQVB0A5,3,1,http://www.wikidata.org/wiki/Q423901
RPQVB0A5,4,3,http://www.wikidata.org/wiki/Q250475
RPQVB0A5,5,3,http://www.wikidata.org/wiki/Q250475
RPQVB0A5,7,1,http://www.wikidata.org/wiki/Q722568
RPQVB0A5,4,0,http://www.wikidata.org/wiki/Q650
RPQVB0A5,5,1,http://www.wikidata.org/wiki/Q23309520
RPQVB0A5,3,3,http://www.wikidata.org/wiki/Q250475
54TC2JGI,1,1,http://www.wikidata.org/wiki/Q55638429
54TC2JGI,3,0,http://www.wikidata.org/wiki/Q5152745
54TC2JGI,2,2,http://www.wikidata.org/wiki/Q4716548
54TC2JGI,2,0,http://www.wikidata.org/wiki/Q53582358
54TC2JGI,2,1,http://www.wikidata.org/wiki/Q4546248
54TC2JGI,1,0,http://www.wikidata.org/wiki/Q54165826
54TC2JGI,3,2,http://www.wikidata.org/wiki/Q4716548
54TC2JGI,1,2,http://www.wikidata.org/wiki/Q4855967
54TC2JGI,3,1,http://www.wikidata.org/wiki/Q104035501
WUV0SEY5,2,2,http://www.wikidata.org/wiki/Q142
WUV0SEY5,6,1,http://www.wikidata.org/wiki/Q3117815
WUV0SEY5,5,1,http://www.wikidata.org/wiki/Q7885718
WUV0SEY5,4,2,http://www.wikidata.org/wiki/Q142
WUV0SEY5,5,2,http://www.wikidata.org/wiki/Q142
WUV0SEY5,2,1,http://www.wikidata.org/wiki/Q7885718
WUV0SEY5,6,2,http://www.wikidata.org/wiki/Q1
WUV0SEY5,6,0,http://www.wikidata.org/wiki/Q3109256
WUV0SEY5,1,0,http://www.wikidata.org/wiki/Q6023665
WUV0SEY5,4,1,http://www.wikidata.org/wiki/Q7885718
WUV0SEY5,1,2,http://www.wikidata.org/wiki/Q30
WUV0SEY5,3,1,http://www.wikidata.org/wiki/Q30
WUV0SEY5,3,0,http://www.wikidata.org/wiki/Q142
WUV0SEY5,2,0,http://www.wikidata.org/wiki/Q3109256
WUV0SEY5,5,0,http://www.wikidata.org/wiki/Q3109256
WUV0SEY5,1,1,http://www.wikidata.org/wiki/Q1661301
WUV0SEY5,3,2,http://www.wikidata.org/wiki/Q142
WUV0SEY5,4,0,http://www.wikidata.org/wiki/Q3109256
TQV31RRF,1,2,http://www.wikidata.org/wiki/Q1396482
TQV31RRF,2,2,http://www.wikidata.org/wiki/Q1396482
TQV31RRF,1,0,http://www.wikidata.org/wiki/Q1396482
TQV31RRF,2,0,http://www.wikidata.org/wiki/Q107775
TQV31RRF,2,1,http://www.wikidata.org/wiki/Q83353
TQV31RRF,1,1,http://www.wikidata.org/wiki/Q1520130
SY0DPKDK,1,2,http://www.wikidata.org/wiki/Q9078436
SY0DPKDK,7,2,http://www.wikidata.org/wiki/Q5975415
SY0DPKDK,7,0,http://www.wikidata.org/wiki/Q33438
SY0DPKDK,5,1,http://www.wikidata.org/wiki/Q1492
SY0DPKDK,5,0,http://www.wikidata.org/wiki/Q17015702
SY0DPKDK,3,1,http://www.wikidata.org/wiki/Q72
SY0DPKDK,6,1,http://www.wikidata.org/wiki/Q1492
SY0DPKDK,7,1,http://www.wikidata.org/wiki/Q72
SY0DPKDK,2,2,http://www.wikidata.org/wiki/Q5975415
SY0DPKDK,8,0,http://www.wikidata.org/wiki/Q7
SY0DPKDK,3,2,http://www.wikidata.org/wiki/Q5975415
SY0DPKDK,3,0,http://www.wikidata.org/wiki/Q33438
SY0DPKDK,1,1,http://www.wikidata.org/wiki/Q1492
SY0DPKDK,2,1,http://www.wikidata.org/wiki/Q72
SY0DPKDK,1,0,http://www.wikidata.org/wiki/Q756890
SY0DPKDK,4,0,http://www.wikidata.org/wiki/Q17015702
SY0DPKDK,6,2,http://www.wikidata.org/wiki/Q5975415
SY0DPKDK,4,1,http://www.wikidata.org/wiki/Q1492
SY0DPKDK,5,2,http://www.wikidata.org/wiki/Q18614794
SY0DPKDK,4,2,http://www.wikidata.org/wiki/Q18614794
SY0DPKDK,6,0,http://www.wikidata.org/wiki/Q17015702
SY0DPKDK,2,0,http://www.wikidata.org/wiki/Q33438
I5VXHAFU,2,1,http://www.wikidata.org/wiki/Q77468620
I5VXHAFU,3,1,http://www.wikidata.org/wiki/Q77706786
I5VXHAFU,1,2,http://www.wikidata.org/wiki/Q9438
I5VXHAFU,2,0,http://www.wikidata.org/wiki/Q1778073
I5VXHAFU,3,2,http://www.wikidata.org/wiki/Q3326306
I5VXHAFU,2,2,http://www.wikidata.org/wiki/Q42767
I5VXHAFU,3,0,http://www.wikidata.org/wiki/Q25052100
I5VXHAFU,1,0,http://www.wikidata.org/wiki/Q85329238
I5VXHAFU,1,1,http://www.wikidata.org/wiki/Q186556
X98MVBH8,3,0,http://www.wikidata.org/wiki/Q17814978
X98MVBH8,3,1,http://www.wikidata.org/wiki/Q23273
X98MVBH8,2,2,http://www.wikidata.org/wiki/Q15817
X98MVBH8,2,0,http://www.wikidata.org/wiki/Q15825919
X98MVBH8,2,1,http://www.wikidata.org/wiki/Q23273
X98MVBH8,1,1,http://www.wikidata.org/wiki/Q171661
X98MVBH8,1,0,http://www.wikidata.org/wiki/Q17572283
X98MVBH8,3,2,http://www.wikidata.org/wiki/Q15817
X98MVBH8,1,2,http://www.wikidata.org/wiki/Q3
09WNG86U,2,2,http://www.wikidata.org/wiki/Q1217729
09WNG86U,6,3,http://www.wikidata.org/wiki/Q2359825
09WNG86U,5,0,http://www.wikidata.org/wiki/Q34151
09WNG86U,5,3,http://www.wikidata.org/wiki/Q2359825
09WNG86U,5,2,http://www.wikidata.org/wiki/Q2359825
09WNG86U,1,1,http://www.wikidata.org/wiki/Q7407270
09WNG86U,5,1,http://www.wikidata.org/wiki/Q187165
09WNG86U,2,1,http://www.wikidata.org/wiki/Q187165
09WNG86U,4,2,http://www.wikidata.org/wiki/Q20547842
09WNG86U,2,0,http://www.wikidata.org/wiki/Q30874
09WNG86U,4,3,http://www.wikidata.org/wiki/Q2359825
09WNG86U,4,0,http://www.wikidata.org/wiki/Q61070444
09WNG86U,3,2,http://www.wikidata.org/wiki/Q34151
09WNG86U,4,1,http://www.wikidata.org/wiki/Q49799
09WNG86U,6,1,http://www.wikidata.org/wiki/Q61070444
09WNG86U,3,1,http://www.wikidata.org/wiki/Q187165
09WNG86U,6,2,http://www.wikidata.org/wiki/Q20547842
09WNG86U,7,0,http://www.wikidata.org/wiki/Q61070444
09WNG86U,6,0,http://www.wikidata.org/wiki/Q61070444
09WNG86U,3,0,http://www.wikidata.org/wiki/Q34151
09WNG86U,1,0,http://www.wikidata.org/wiki/Q7092577
09WNG86U,1,2,http://www.wikidata.org/wiki/Q49794
SHHM5MQ9,4,0,http://www.wikidata.org/wiki/Q32749678
SHHM5MQ9,7,3,http://www.wikidata.org/wiki/Q1022
SHHM5MQ9,8,3,http://www.wikidata.org/wiki/Q1
SHHM5MQ9,3,0,http://www.wikidata.org/wiki/Q2523808
SHHM5MQ9,4,3,http://www.wikidata.org/wiki/Q1022
SHHM5MQ9,1,0,http://www.wikidata.org/wiki/Q66537943
SHHM5MQ9,5,3,http://www.wikidata.org/wiki/Q1022
SHHM5MQ9,6,1,http://www.wikidata.org/wiki/Q259056
SHHM5MQ9,1,1,http://www.wikidata.org/wiki/Q321722
SHHM5MQ9,4,1,http://www.wikidata.org/wiki/Q321722
SHHM5MQ9,7,0,http://www.wikidata.org/wiki/Q259056
SHHM5MQ9,5,1,http://www.wikidata.org/wiki/Q321722
SHHM5MQ9,8,1,http://www.wikidata.org/wiki/Q259056
SHHM5MQ9,2,0,http://www.wikidata.org/wiki/Q67501804
SHHM5MQ9,2,1,http://www.wikidata.org/wiki/Q801490
SHHM5MQ9,3,3,http://www.wikidata.org/wiki/Q1022
SHHM5MQ9,1,3,http://www.wikidata.org/wiki/Q7032
SHHM5MQ9,6,3,http://www.wikidata.org/wiki/Q1022
SHHM5MQ9,6,0,http://www.wikidata.org/wiki/Q2523808
SHHM5MQ9,8,0,http://www.wikidata.org/wiki/Q321722
SHHM5MQ9,2,3,http://www.wikidata.org/wiki/Q1022
SHHM5MQ9,7,1,http://www.wikidata.org/wiki/Q259056
SHHM5MQ9,3,1,http://www.wikidata.org/wiki/Q801491
SHHM5MQ9,5,0,http://www.wikidata.org/wiki/Q32749678
C4VHNN8T,1,2,http://www.wikidata.org/wiki/Q66766
C4VHNN8T,4,2,http://www.wikidata.org/wiki/Q459719
C4VHNN8T,4,1,http://www.wikidata.org/wiki/Q1128609
C4VHNN8T,2,2,http://www.wikidata.org/wiki/Q459719
C4VHNN8T,1,1,http://www.wikidata.org/wiki/Q1128609
C4VHNN8T,6,0,http://www.wikidata.org/wiki/Q2320851
C4VHNN8T,6,2,http://www.wikidata.org/wiki/Q459719
C4VHNN8T,4,0,http://www.wikidata.org/wiki/Q2320851
C4VHNN8T,5,2,http://www.wikidata.org/wiki/Q459719
C4VHNN8T,7,0,http://www.wikidata.org/wiki/Q391631
C4VHNN8T,5,1,http://www.wikidata.org/wiki/Q1494645
C4VHNN8T,6,1,http://www.wikidata.org/wiki/Q1128609
C4VHNN8T,1,0,http://www.wikidata.org/wiki/Q2320851
C4VHNN8T,3,0,http://www.wikidata.org/wiki/Q391631
C4VHNN8T,8,0,http://www.wikidata.org/wiki/Q2320851
C4VHNN8T,8,1,http://www.wikidata.org/wiki/Q1128609
C4VHNN8T,2,0,http://www.wikidata.org/wiki/Q391631
C4VHNN8T,3,1,http://www.wikidata.org/wiki/Q1494645
C4VHNN8T,5,0,http://www.wikidata.org/wiki/Q391631
C4VHNN8T,7,1,http://www.wikidata.org/wiki/Q1494645
C4VHNN8T,7,2,http://www.wikidata.org/wiki/Q459719
C4VHNN8T,3,2,http://www.wikidata.org/wiki/Q459719
C4VHNN8T,2,1,http://www.wikidata.org/wiki/Q1494645
N1AKWQIT,3,2,http://www.wikidata.org/wiki/Q161872
N1AKWQIT,5,2,http://www.wikidata.org/wiki/Q161872
N1AKWQIT,6,0,http://www.wikidata.org/wiki/Q1364674
N1AKWQIT,5,0,http://www.wikidata.org/wiki/Q1364674
N1AKWQIT,3,1,http://www.wikidata.org/wiki/Q161872
N1AKWQIT,4,0,http://www.wikidata.org/wiki/Q1364674
N1AKWQIT,2,3,http://www.wikidata.org/wiki/Q161872
N1AKWQIT,2,0,http://www.wikidata.org/wiki/Q1495884
N1AKWQIT,1,0,http://www.wikidata.org/wiki/Q2385988
N1AKWQIT,3,0,http://www.wikidata.org/wiki/Q1364674
N1AKWQIT,4,2,http://www.wikidata.org/wiki/Q161872
N1AKWQIT,6,1,http://www.wikidata.org/wiki/Q161872
N1AKWQIT,5,1,http://www.wikidata.org/wiki/Q161872
N1AKWQIT,4,1,http://www.wikidata.org/wiki/Q161872
U25DQHSA,9,0,http://www.wikidata.org/wiki/Q44761
U25DQHSA,8,0,http://www.wikidata.org/wiki/Q44762
U25DQHSA,22,0,http://www.wikidata.org/wiki/Q396116
U25DQHSA,1,0,http://www.wikidata.org/wiki/Q44762
U25DQHSA,16,0,http://www.wikidata.org/wiki/Q114210279
U25DQHSA,5,0,http://www.wikidata.org/wiki/Q44761
U25DQHSA,17,0,http://www.wikidata.org/wiki/Q114210279
U25DQHSA,20,0,http://www.wikidata.org/wiki/Q396116
U25DQHSA,18,0,http://www.wikidata.org/wiki/Q114210279
U25DQHSA,15,0,http://www.wikidata.org/wiki/Q114210279
U25DQHSA,14,0,http://www.wikidata.org/wiki/Q13394
U25DQHSA,11,0,http://www.wikidata.org/wiki/Q13394
U25DQHSA,10,0,http://www.wikidata.org/wiki/Q1360226
U25DQHSA,7,0,http://www.wikidata.org/wiki/Q44761
U25DQHSA,12,0,http://www.wikidata.org/wiki/Q13394
U25DQHSA,13,0,http://www.wikidata.org/wiki/Q13394
U25DQHSA,6,0,http://www.wikidata.org/wiki/Q44762
U25DQHSA,4,0,http://www.wikidata.org/wiki/Q44761
U25DQHSA,19,0,http://www.wikidata.org/wiki/Q1360226
U25DQHSA,21,0,http://www.wikidata.org/wiki/Q396116
U25DQHSA,3,0,http://www.wikidata.org/wiki/Q44762
U25DQHSA,2,0,http://www.wikidata.org/wiki/Q44761
ALEPMKFI,9,0,http://www.wikidata.org/wiki/Q2342188
ALEPMKFI,15,0,http://www.wikidata.org/wiki/Q2402760
ALEPMKFI,2,0,http://www.wikidata.org/wiki/Q24182
ALEPMKFI,4,0,http://www.wikidata.org/wiki/Q2402760
ALEPMKFI,19,0,http://www.wikidata.org/wiki/Q2402760
ALEPMKFI,14,0,http://www.wikidata.org/wiki/Q24226
ALEPMKFI,6,0,http://www.wikidata.org/wiki/Q2342188
ALEPMKFI,5,0,http://www.wikidata.org/wiki/Q25535852
ALEPMKFI,16,0,http://www.wikidata.org/wiki/Q2402760
ALEPMKFI,7,0,http://www.wikidata.org/wiki/Q24182
ALEPMKFI,12,0,http://www.wikidata.org/wiki/Q2342188
ALEPMKFI,1,0,http://www.wikidata.org/wiki/Q24226
ALEPMKFI,17,0,http://www.wikidata.org/wiki/Q2402760
ALEPMKFI,11,0,http://www.wikidata.org/wiki/Q2402760
ALEPMKFI,8,0,http://www.wikidata.org/wiki/Q2402760
ALEPMKFI,3,0,http://www.wikidata.org/wiki/Q24226
ALEPMKFI,20,0,http://www.wikidata.org/wiki/Q24226
ALEPMKFI,18,0,http://www.wikidata.org/wiki/Q24226
ALEPMKFI,13,0,http://www.wikidata.org/wiki/Q2402760
ALEPMKFI,21,0,http://www.wikidata.org/wiki/Q2402760
ALEPMKFI,10,0,http://www.wikidata.org/wiki/Q24226
XH4O45WH,1,0,http://www.wikidata.org/wiki/Q86519058
XH4O45WH,3,3,http://www.wikidata.org/wiki/Q86519053
XH4O45WH,3,2,http://www.wikidata.org/wiki/Q14542
XH4O45WH,2,2,http://www.wikidata.org/wiki/Q14542
XH4O45WH,3,0,http://www.wikidata.org/wiki/Q1454942
XH4O45WH,2,3,http://www.wikidata.org/wiki/Q86519057
XH4O45WH,2,0,http://www.wikidata.org/wiki/Q86072447
XH4O45WH,3,1,http://www.wikidata.org/wiki/Q86519058
XH4O45WH,2,1,http://www.wikidata.org/wiki/Q86072447
DKRNW9W0,3,0,http://www.wikidata.org/wiki/Q203742
DKRNW9W0,3,2,http://www.wikidata.org/wiki/Q20374
DKRNW9W0,1,0,http://www.wikidata.org/wiki/Q3810375
DKRNW9W0,1,1,http://www.wikidata.org/wiki/Q1748955
DKRNW9W0,2,0,http://www.wikidata.org/wiki/Q2345156
DKRNW9W0,2,1,http://www.wikidata.org/wiki/Q1141239
DKRNW9W0,3,1,http://www.wikidata.org/wiki/Q1141239
DKRNW9W0,2,2,http://www.wikidata.org/wiki/Q203742
DKRNW9W0,1,2,http://www.wikidata.org/wiki/Q1144930
RPPC4F48,10,0,http://www.wikidata.org/wiki/Q18085513
RPPC4F48,8,0,http://www.wikidata.org/wiki/Q110835791
RPPC4F48,1,0,http://www.wikidata.org/wiki/Q18085513
RPPC4F48,13,0,http://www.wikidata.org/wiki/Q2836023
RPPC4F48,6,0,http://www.wikidata.org/wiki/Q56558958
RPPC4F48,12,0,http://www.wikidata.org/wiki/Q2836018
RPPC4F48,4,0,http://www.wikidata.org/wiki/Q2836017
RPPC4F48,14,0,http://www.wikidata.org/wiki/Q2836016
RPPC4F48,16,0,http://www.wikidata.org/wiki/Q56558958
RPPC4F48,5,0,http://www.wikidata.org/wiki/Q56558958
RPPC4F48,15,0,http://www.wikidata.org/wiki/Q56558958
RPPC4F48,2,0,http://www.wikidata.org/wiki/Q2836023
RPPC4F48,11,0,http://www.wikidata.org/wiki/Q2836017
RPPC4F48,7,0,http://www.wikidata.org/wiki/Q110835838
RPPC4F48,9,0,http://www.wikidata.org/wiki/Q110835790
RPPC4F48,3,0,http://www.wikidata.org/wiki/Q2836018
5QOL31U1,17,0,http://www.wikidata.org/wiki/Q6489772
5QOL31U1,5,0,http://www.wikidata.org/wiki/Q41241
5QOL31U1,2,0,http://www.wikidata.org/wiki/Q6489772
5QOL31U1,9,0,http://www.wikidata.org/wiki/Q38471178
5QOL31U1,6,0,http://www.wikidata.org/wiki/Q41241
5QOL31U1,10,0,http://www.wikidata.org/wiki/Q41241
5QOL31U1,15,0,http://www.wikidata.org/wiki/Q6468693
5QOL31U1,11,0,http://www.wikidata.org/wiki/Q41241
5QOL31U1,3,0,http://www.wikidata.org/wiki/Q803168
5QOL31U1,18,0,http://www.wikidata.org/wiki/Q6468693
5QOL31U1,12,0,http://www.wikidata.org/wiki/Q41241
5QOL31U1,16,0,http://www.wikidata.org/wiki/Q6468691
5QOL31U1,8,0,http://www.wikidata.org/wiki/Q41241
5QOL31U1,1,0,http://www.wikidata.org/wiki/Q6468691
5QOL31U1,14,0,http://www.wikidata.org/wiki/Q6468693
5QOL31U1,7,0,http://www.wikidata.org/wiki/Q41241
5QOL31U1,13,0,http://www.wikidata.org/wiki/Q41241
5QOL31U1,4,0,http://www.wikidata.org/wiki/Q803168
O8RYYNIA,6,0,http://www.wikidata.org/wiki/Q182017
O8RYYNIA,8,1,http://www.wikidata.org/wiki/Q25221
O8RYYNIA,3,0,http://www.wikidata.org/wiki/Q182017
O8RYYNIA,2,0,http://www.wikidata.org/wiki/Q182007
O8RYYNIA,2,1,http://www.wikidata.org/wiki/Q25221
O8RYYNIA,9,0,http://www.wikidata.org/wiki/Q182007
O8RYYNIA,4,1,http://www.wikidata.org/wiki/Q25221
O8RYYNIA,7,1,http://www.wikidata.org/wiki/Q25221
O8RYYNIA,7,0,http://www.wikidata.org/wiki/Q182007
O8RYYNIA,5,1,http://www.wikidata.org/wiki/Q25221
O8RYYNIA,4,0,http://www.wikidata.org/wiki/Q182007
O8RYYNIA,9,1,http://www.wikidata.org/wiki/Q25221
O8RYYNIA,10,0,http://www.wikidata.org/wiki/Q182007
O8RYYNIA,3,1,http://www.wikidata.org/wiki/Q25221
O8RYYNIA,5,0,http://www.wikidata.org/wiki/Q182007
O8RYYNIA,1,1,http://www.wikidata.org/wiki/Q500125
O8RYYNIA,1,0,http://www.wikidata.org/wiki/Q182017
O8RYYNIA,6,1,http://www.wikidata.org/wiki/Q25221
O8RYYNIA,8,0,http://www.wikidata.org/wiki/Q182017
OVLT0ACT,8,0,http://www.wikidata.org/wiki/Q1130079
OVLT0ACT,7,0,http://www.wikidata.org/wiki/Q3487403
OVLT0ACT,3,0,http://www.wikidata.org/wiki/Q5174921
OVLT0ACT,15,0,http://www.wikidata.org/wiki/Q1130079
OVLT0ACT,17,0,http://www.wikidata.org/wiki/Q1130079
OVLT0ACT,14,0,http://www.wikidata.org/wiki/Q3487403
OVLT0ACT,18,0,http://www.wikidata.org/wiki/Q51292543
OVLT0ACT,4,0,http://www.wikidata.org/wiki/Q5173390
OVLT0ACT,5,0,http://www.wikidata.org/wiki/Q3490570
OVLT0ACT,6,0,http://www.wikidata.org/wiki/Q3487403
OVLT0ACT,16,0,http://www.wikidata.org/wiki/Q3490570
OVLT0ACT,19,0,http://www.wikidata.org/wiki/Q3490570
OVLT0ACT,2,0,http://www.wikidata.org/wiki/Q5173390
OVLT0ACT,13,0,http://www.wikidata.org/wiki/Q3487403
OVLT0ACT,12,0,http://www.wikidata.org/wiki/Q3487403
OVLT0ACT,1,0,http://www.wikidata.org/wiki/Q5174921
OVLT0ACT,9,0,http://www.wikidata.org/wiki/Q3490570
OVLT0ACT,10,0,http://www.wikidata.org/wiki/Q3490570
OVLT0ACT,11,0,http://www.wikidata.org/wiki/Q3487403
OVLT0ACT,20,0,http://www.wikidata.org/wiki/Q51
2GBLG3HN,1,0,http://www.wikidata.org/wiki/Q62021747
2GBLG3HN,8,0,http://www.wikidata.org/wiki/Q62021439
2GBLG3HN,8,1,http://www.wikidata.org/wiki/Q131
2GBLG3HN,5,2,http://www.wikidata.org/wiki/Q655446
2GBLG3HN,2,1,http://www.wikidata.org/wiki/Q131
2GBLG3HN,3,0,http://www.wikidata.org/wiki/Q62021439
2GBLG3HN,5,0,http://www.wikidata.org/wiki/Q62021439
2GBLG3HN,6,1,http://www.wikidata.org/wiki/Q131
2GBLG3HN,1,1,http://www.wikidata.org/wiki/Q131
2GBLG3HN,7,1,http://www.wikidata.org/wiki/Q131
2GBLG3HN,1,2,http://www.wikidata.org/wiki/Q685595
2GBLG3HN,7,0,http://www.wikidata.org/wiki/Q62021439
2GBLG3HN,7,2,http://www.wikidata.org/wiki/Q655446
2GBLG3HN,3,2,http://www.wikidata.org/wiki/Q655446
2GBLG3HN,4,1,http://www.wikidata.org/wiki/Q131
2GBLG3HN,8,2,http://www.wikidata.org/wiki/Q655446
2GBLG3HN,5,1,http://www.wikidata.org/wiki/Q131
2GBLG3HN,2,2,http://www.wikidata.org/wiki/Q655446
2GBLG3HN,3,1,http://www.wikidata.org/wiki/Q131
2GBLG3HN,4,0,http://www.wikidata.org/wiki/Q62021439
2GBLG3HN,2,0,http://www.wikidata.org/wiki/Q60992060
2GBLG3HN,4,2,http://www.wikidata.org/wiki/Q655446
2GBLG3HN,6,0,http://www.wikidata.org/wiki/Q62021439
2GBLG3HN,6,2,http://www.wikidata.org/wiki/Q655446
PCSQC02A,1,2,http://www.wikidata.org/wiki/Q60679241
PCSQC02A,4,2,http://www.wikidata.org/wiki/Q60679241
PCSQC02A,4,3,http://www.wikidata.org/wiki/Q452011
PCSQC02A,5,1,http://www.wikidata.org/wiki/Q16562829
PCSQC02A,2,2,http://www.wikidata.org/wiki/Q60679241
PCSQC02A,3,2,http://www.wikidata.org/wiki/Q60679241
PCSQC02A,1,3,http://www.wikidata.org/wiki/Q452011
PCSQC02A,5,3,http://www.wikidata.org/wiki/Q4
PCSQC02A,4,1,http://www.wikidata.org/wiki/Q16562829
PCSQC02A,1,1,http://www.wikidata.org/wiki/Q16562829
PCSQC02A,2,1,http://www.wikidata.org/wiki/Q16562829
PCSQC02A,5,2,http://www.wikidata.org/wiki/Q60679241
PCSQC02A,2,3,http://www.wikidata.org/wiki/Q452011
PCSQC02A,2,0,http://www.wikidata.org/wiki/Q11905046
PCSQC02A,3,1,http://www.wikidata.org/wiki/Q16562829
PCSQC02A,5,0,http://www.wikidata.org/wiki/Q11905046
PCSQC02A,3,0,http://www.wikidata.org/wiki/Q11905046
PCSQC02A,3,3,http://www.wikidata.org/wiki/Q452011
PCSQC02A,1,0,http://www.wikidata.org/wiki/Q11905047
PCSQC02A,4,0,http://www.wikidata.org/wiki/Q11905047
DI30VI4G,3,3,http://www.wikidata.org/wiki/Q72004694
DI30VI4G,2,0,http://www.wikidata.org/wiki/Q617449
DI30VI4G,3,1,http://www.wikidata.org/wiki/Q645104
DI30VI4G,3,2,http://www.wikidata.org/wiki/Q7875240
DI30VI4G,1,0,http://www.wikidata.org/wiki/Q645104
DI30VI4G,2,2,http://www.wikidata.org/wiki/Q617449
DI30VI4G,2,1,http://www.wikidata.org/wiki/Q645104
DI30VI4G,3,0,http://www.wikidata.org/wiki/Q617449
DI30VI4G,2,3,http://www.wikidata.org/wiki/Q72004694
WOL0EDZ9,7,0,http://www.wikidata.org/wiki/Q6936115
WOL0EDZ9,5,1,http://www.wikidata.org/wiki/Q35798
WOL0EDZ9,6,2,http://www.wikidata.org/wiki/Q223857
WOL0EDZ9,8,0,http://www.wikidata.org/wiki/Q60797740
WOL0EDZ9,7,2,http://www.wikidata.org/wiki/Q223857
WOL0EDZ9,1,2,http://www.wikidata.org/wiki/Q16858659
WOL0EDZ9,1,0,http://www.wikidata.org/wiki/Q28942281
WOL0EDZ9,7,1,http://www.wikidata.org/wiki/Q35798
WOL0EDZ9,4,1,http://www.wikidata.org/wiki/Q35798
WOL0EDZ9,1,1,http://www.wikidata.org/wiki/Q55552644
WOL0EDZ9,5,0,http://www.wikidata.org/wiki/Q6936115
WOL0EDZ9,3,2,http://www.wikidata.org/wiki/Q179831
WOL0EDZ9,6,0,http://www.wikidata.org/wiki/Q60797740
WOL0EDZ9,5,2,http://www.wikidata.org/wiki/Q223857
WOL0EDZ9,4,0,http://www.wikidata.org/wiki/Q6936115
WOL0EDZ9,3,0,http://www.wikidata.org/wiki/Q60797740
WOL0EDZ9,2,0,http://www.wikidata.org/wiki/Q3640798
WOL0EDZ9,3,1,http://www.wikidata.org/wiki/Q35798
WOL0EDZ9,6,1,http://www.wikidata.org/wiki/Q35798
WOL0EDZ9,2,2,http://www.wikidata.org/wiki/Q179831
WOL0EDZ9,4,2,http://www.wikidata.org/wiki/Q223857
WOL0EDZ9,2,1,http://www.wikidata.org/wiki/Q35798
0UMSK1IA,1,1,http://www.wikidata.org/wiki/Q853475
0UMSK1IA,1,0,http://www.wikidata.org/wiki/Q2115187
0UMSK1IA,2,0,http://www.wikidata.org/wiki/Q18164528
0UMSK1IA,2,1,http://www.wikidata.org/wiki/Q205602
0UMSK1IA,1,3,http://www.wikidata.org/wiki/Q207
0UMSK1IA,1,2,http://www.wikidata.org/wiki/Q199821
96QM3IA7,3,7,http://www.wikidata.org/wiki/Q267639
96QM3IA7,3,12,http://www.wikidata.org/wiki/Q267639
96QM3IA7,3,17,http://www.wikidata.org/wiki/Q267639
96QM3IA7,3,15,http://www.wikidata.org/wiki/Q267639
96QM3IA7,3,14,http://www.wikidata.org/wiki/Q267639
96QM3IA7,3,5,http://www.wikidata.org/wiki/Q267639
96QM3IA7,3,1,http://www.wikidata.org/wiki/Q23020385
96QM3IA7,3,4,http://www.wikidata.org/wiki/Q2296147
96QM3IA7,1,0,http://www.wikidata.org/wiki/Q1107653
96QM3IA7,3,9,http://www.wikidata.org/wiki/Q26452178
96QM3IA7,3,6,http://www.wikidata.org/wiki/Q26452178
96QM3IA7,3,2,http://www.wikidata.org/wiki/Q267639
96QM3IA7,3,3,http://www.wikidata.org/wiki/Q26452178
96QM3IA7,3,11,http://www.wikidata.org/wiki/Q267639
96QM3IA7,3,10,http://www.wikidata.org/wiki/Q267639
96QM3IA7,3,13,http://www.wikidata.org/wiki/Q267639
96QM3IA7,3,0,http://www.wikidata.org/wiki/Q242617
96QM3IA7,3,8,http://www.wikidata.org/wiki/Q267639
96QM3IA7,2,0,http://www.wikidata.org/wiki/Q955526
96QM3IA7,3,18,http://www.wikidata.org/wiki/Q267639
96QM3IA7,3,16,http://www.wikidata.org/wiki/Q267639
8MWJ61CJ,5,1,http://www.wikidata.org/wiki/Q15700834
8MWJ61CJ,2,1,http://www.wikidata.org/wiki/Q15700834
8MWJ61CJ,6,0,http://www.wikidata.org/wiki/Q1172945
8MWJ61CJ,2,2,http://www.wikidata.org/wiki/Q7373696
8MWJ61CJ,7,1,http://www.wikidata.org/wiki/Q15700834
8MWJ61CJ,4,1,http://www.wikidata.org/wiki/Q15700834
8MWJ61CJ,1,2,http://www.wikidata.org/wiki/Q9212
8MWJ61CJ,4,2,http://www.wikidata.org/wiki/Q7373740
8MWJ61CJ,8,0,http://www.wikidata.org/wiki/Q1172945
8MWJ61CJ,4,0,http://www.wikidata.org/wiki/Q19874179
8MWJ61CJ,3,0,http://www.wikidata.org/wiki/Q19874179
8MWJ61CJ,6,1,http://www.wikidata.org/wiki/Q624232
8MWJ61CJ,8,1,http://www.wikidata.org/wiki/Q6242
8MWJ61CJ,2,0,http://www.wikidata.org/wiki/Q19874179
8MWJ61CJ,7,0,http://www.wikidata.org/wiki/Q19874179
8MWJ61CJ,6,2,http://www.wikidata.org/wiki/Q9212
8MWJ61CJ,1,1,http://www.wikidata.org/wiki/Q624232
8MWJ61CJ,3,2,http://www.wikidata.org/wiki/Q7373740
8MWJ61CJ,5,2,http://www.wikidata.org/wiki/Q7373740
8MWJ61CJ,7,2,http://www.wikidata.org/wiki/Q7373740
8MWJ61CJ,1,0,http://www.wikidata.org/wiki/Q1172945
8MWJ61CJ,3,1,http://www.wikidata.org/wiki/Q15700834
8MWJ61CJ,5,0,http://www.wikidata.org/wiki/Q19874179
N70GU7P2,20,0,http://www.wikidata.org/wiki/Q261404
N70GU7P2,8,0,http://www.wikidata.org/wiki/Q4504994
N70GU7P2,16,0,http://www.wikidata.org/wiki/Q261404
N70GU7P2,15,0,http://www.wikidata.org/wiki/Q261404
N70GU7P2,5,0,http://www.wikidata.org/wiki/Q1892389
N70GU7P2,9,0,http://www.wikidata.org/wiki/Q1892389
N70GU7P2,14,0,http://www.wikidata.org/wiki/Q1892389
N70GU7P2,3,0,http://www.wikidata.org/wiki/Q4504994
N70GU7P2,17,0,http://www.wikidata.org/wiki/Q261404
N70GU7P2,1,0,http://www.wikidata.org/wiki/Q1892389
N70GU7P2,12,0,http://www.wikidata.org/wiki/Q1892389
N70GU7P2,2,0,http://www.wikidata.org/wiki/Q4504994
N70GU7P2,4,0,http://www.wikidata.org/wiki/Q18845186
N70GU7P2,7,0,http://www.wikidata.org/wiki/Q18845186
N70GU7P2,13,0,http://www.wikidata.org/wiki/Q1892389
N70GU7P2,19,0,http://www.wikidata.org/wiki/Q261404
N70GU7P2,6,0,http://www.wikidata.org/wiki/Q4504994
N70GU7P2,18,0,http://www.wikidata.org/wiki/Q261404
N70GU7P2,10,0,http://www.wikidata.org/wiki/Q18845186
N70GU7P2,11,0,http://www.wikidata.org/wiki/Q1892389
KM56BT66,21,0,http://www.wikidata.org/wiki/Q81859
KM56BT66,19,0,http://www.wikidata.org/wiki/Q81859
KM56BT66,4,0,http://www.wikidata.org/wiki/Q81863
KM56BT66,13,0,http://www.wikidata.org/wiki/Q81859
KM56BT66,10,0,http://www.wikidata.org/wiki/Q81863
KM56BT66,7,0,http://www.wikidata.org/wiki/Q81859
KM56BT66,14,0,http://www.wikidata.org/wiki/Q81859
KM56BT66,2,0,http://www.wikidata.org/wiki/Q81863
KM56BT66,18,0,http://www.wikidata.org/wiki/Q81859
KM56BT66,5,0,http://www.wikidata.org/wiki/Q81859
KM56BT66,17,0,http://www.wikidata.org/wiki/Q81863
KM56BT66,20,0,http://www.wikidata.org/wiki/Q81859
KM56BT66,15,0,http://www.wikidata.org/wiki/Q81859
KM56BT66,12,0,http://www.wikidata.org/wiki/Q81859
KM56BT66,6,0,http://www.wikidata.org/wiki/Q81863
KM56BT66,1,0,http://www.wikidata.org/wiki/Q81859
KM56BT66,16,0,http://www.wikidata.org/wiki/Q81863
KM56BT66,9,0,http://www.wikidata.org/wiki/Q81859
KM56BT66,8,0,http://www.wikidata.org/wiki/Q81859
KM56BT66,3,0,http://www.wikidata.org/wiki/Q81859
KM56BT66,11,0,http://www.wikidata.org/wiki/Q81859
5WROC2TJ,4,0,http://www.wikidata.org/wiki/Q459939
5WROC2TJ,5,0,http://www.wikidata.org/wiki/Q19661776
5WROC2TJ,7,0,http://www.wikidata.org/wiki/Q1938947
5WROC2TJ,1,0,http://www.wikidata.org/wiki/Q14630529
5WROC2TJ,8,0,http://www.wikidata.org/wiki/Q459939
5WROC2TJ,3,0,http://www.wikidata.org/wiki/Q14630529
5WROC2TJ,11,0,http://www.wikidata.org/wiki/Q459939
5WROC2TJ,2,0,http://www.wikidata.org/wiki/Q7885290
5WROC2TJ,9,0,http://www.wikidata.org/wiki/Q1938947
5WROC2TJ,14,0,http://www.wikidata.org/wiki/Q459939
5WROC2TJ,12,0,http://www.wikidata.org/wiki/Q1938947
5WROC2TJ,13,0,http://www.wikidata.org/wiki/Q19661776
5WROC2TJ,10,0,http://www.wikidata.org/wiki/Q19661776
5WROC2TJ,6,0,http://www.wikidata.org/wiki/Q459939
5WROC2TJ,15,0,http://www.wikidata.org/wiki/Q1938947
CCB3LNNJ,2,0,http://www.wikidata.org/wiki/Q4382268
CCB3LNNJ,3,1,http://www.wikidata.org/wiki/Q1764019
CCB3LNNJ,2,1,http://www.wikidata.org/wiki/Q1336200
CCB3LNNJ,8,0,http://www.wikidata.org/wiki/Q15253784
CCB3LNNJ,4,0,http://www.wikidata.org/wiki/Q2094098
CCB3LNNJ,3,0,http://www.wikidata.org/wiki/Q19074763
CCB3LNNJ,8,1,http://www.wikidata.org/wiki/Q1764019
CCB3LNNJ,6,0,http://www.wikidata.org/wiki/Q21509431
CCB3LNNJ,4,1,http://www.wikidata.org/wiki/Q201913
CCB3LNNJ,5,1,http://www.wikidata.org/wiki/Q1764019
CCB3LNNJ,9,1,http://www.wikidata.org/wiki/Q1764019
CCB3LNNJ,1,1,http://www.wikidata.org/wiki/Q2094098
CCB3LNNJ,1,0,http://www.wikidata.org/wiki/Q2153831
CCB3LNNJ,7,0,http://www.wikidata.org/wiki/Q15253784
CCB3LNNJ,5,0,http://www.wikidata.org/wiki/Q21509431
CCB3LNNJ,9,0,http://www.wikidata.org/wiki/Q15253784
CCB3LNNJ,6,1,http://www.wikidata.org/wiki/Q201913
CCB3LNNJ,10,0,http://www.wikidata.org/wiki/Q1
CCB3LNNJ,7,1,http://www.wikidata.org/wiki/Q1336200
Q9Y1IIJA,1,0,http://www.wikidata.org/wiki/Q2003809
Q9Y1IIJA,4,2,http://www.wikidata.org/wiki/Q2628731
Q9Y1IIJA,3,2,http://www.wikidata.org/wiki/Q2628731
Q9Y1IIJA,2,0,http://www.wikidata.org/wiki/Q2003809
Q9Y1IIJA,3,0,http://www.wikidata.org/wiki/Q2003809
Q9Y1IIJA,4,0,http://www.wikidata.org/wiki/Q2030287
SV7SNLAZ,2,0,http://www.wikidata.org/wiki/Q1589947
SV7SNLAZ,10,0,http://www.wikidata.org/wiki/Q10462
SV7SNLAZ,4,0,http://www.wikidata.org/wiki/Q2498944
SV7SNLAZ,8,1,http://www.wikidata.org/wiki/Q2048477
SV7SNLAZ,6,1,http://www.wikidata.org/wiki/Q460501
SV7SNLAZ,3,0,http://www.wikidata.org/wiki/Q154364
SV7SNLAZ,5,0,http://www.wikidata.org/wiki/Q2048477
SV7SNLAZ,4,1,http://www.wikidata.org/wiki/Q2048477
SV7SNLAZ,9,1,http://www.wikidata.org/wiki/Q664952
SV7SNLAZ,1,0,http://www.wikidata.org/wiki/Q1046218
SV7SNLAZ,8,0,http://www.wikidata.org/wiki/Q2498944
SV7SNLAZ,2,1,http://www.wikidata.org/wiki/Q277466
SV7SNLAZ,5,1,http://www.wikidata.org/wiki/Q664952
SV7SNLAZ,1,1,http://www.wikidata.org/wiki/Q502163
SV7SNLAZ,6,0,http://www.wikidata.org/wiki/Q1046223
SV7SNLAZ,7,0,http://www.wikidata.org/wiki/Q1046223
SV7SNLAZ,9,0,http://www.wikidata.org/wiki/Q2498944
SV7SNLAZ,3,1,http://www.wikidata.org/wiki/Q460501
SV7SNLAZ,7,1,http://www.wikidata.org/wiki/Q460501
TYJDORHC,7,0,http://www.wikidata.org/wiki/Q223079
TYJDORHC,5,1,http://www.wikidata.org/wiki/Q26971668
TYJDORHC,8,0,http://www.wikidata.org/wiki/Q223079
TYJDORHC,8,1,http://www.wikidata.org/wiki/Q26971668
TYJDORHC,8,2,http://www.wikidata.org/wiki/Q2091947
TYJDORHC,4,1,http://www.wikidata.org/wiki/Q26971668
TYJDORHC,1,2,http://www.wikidata.org/wiki/Q2998064
TYJDORHC,7,1,http://www.wikidata.org/wiki/Q26971668
TYJDORHC,2,0,http://www.wikidata.org/wiki/Q223079
TYJDORHC,1,0,http://www.wikidata.org/wiki/Q1521924
TYJDORHC,1,1,http://www.wikidata.org/wiki/Q26971668
TYJDORHC,3,1,http://www.wikidata.org/wiki/Q26971668
TYJDORHC,3,0,http://www.wikidata.org/wiki/Q223079
TYJDORHC,5,0,http://www.wikidata.org/wiki/Q223079
TYJDORHC,5,2,http://www.wikidata.org/wiki/Q2091947
TYJDORHC,9,0,http://www.wikidata.org/wiki/Q22307
TYJDORHC,4,2,http://www.wikidata.org/wiki/Q2091947
TYJDORHC,6,2,http://www.wikidata.org/wiki/Q2091947
TYJDORHC,6,0,http://www.wikidata.org/wiki/Q223079
TYJDORHC,6,1,http://www.wikidata.org/wiki/Q26971668
TYJDORHC,2,2,http://www.wikidata.org/wiki/Q207896
TYJDORHC,2,1,http://www.wikidata.org/wiki/Q26971668
TYJDORHC,3,2,http://www.wikidata.org/wiki/Q2091947
TYJDORHC,4,0,http://www.wikidata.org/wiki/Q223079
TYJDORHC,7,2,http://www.wikidata.org/wiki/Q2091947
1A740RFR,5,0,http://www.wikidata.org/wiki/Q1438922
1A740RFR,1,2,http://www.wikidata.org/wiki/Q1702354
1A740RFR,2,0,http://www.wikidata.org/wiki/Q1069177
1A740RFR,7,0,http://www.wikidata.org/wiki/Q1438922
1A740RFR,7,2,http://www.wikidata.org/wiki/Q23047469
1A740RFR,4,0,http://www.wikidata.org/wiki/Q1438922
1A740RFR,1,0,http://www.wikidata.org/wiki/Q1438922
1A740RFR,8,2,http://www.wikidata.org/wiki/Q2945942
1A740RFR,3,2,http://www.wikidata.org/wiki/Q23047469
1A740RFR,6,2,http://www.wikidata.org/wiki/Q2945942
1A740RFR,4,2,http://www.wikidata.org/wiki/Q23047469
1A740RFR,2,2,http://www.wikidata.org/wiki/Q23047469
1A740RFR,6,0,http://www.wikidata.org/wiki/Q1302945
1A740RFR,3,0,http://www.wikidata.org/wiki/Q1302945
1A740RFR,5,2,http://www.wikidata.org/wiki/Q2945942
1A740RFR,8,0,http://www.wikidata.org/wiki/Q1438922
VPVOC1V2,10,0,http://www.wikidata.org/wiki/Q294
VPVOC1V2,2,0,http://www.wikidata.org/wiki/Q2066970
VPVOC1V2,9,1,http://www.wikidata.org/wiki/Q2942638
VPVOC1V2,8,2,http://www.wikidata.org/wiki/Q19244275
VPVOC1V2,6,1,http://www.wikidata.org/wiki/Q2942638
VPVOC1V2,8,1,http://www.wikidata.org/wiki/Q2942638
VPVOC1V2,6,2,http://www.wikidata.org/wiki/Q19244275
VPVOC1V2,4,0,http://www.wikidata.org/wiki/Q2066970
VPVOC1V2,8,0,http://www.wikidata.org/wiki/Q3605978
VPVOC1V2,4,1,http://www.wikidata.org/wiki/Q19244275
VPVOC1V2,6,0,http://www.wikidata.org/wiki/Q2942638
VPVOC1V2,7,0,http://www.wikidata.org/wiki/Q2942638
VPVOC1V2,3,2,http://www.wikidata.org/wiki/Q19244275
VPVOC1V2,5,1,http://www.wikidata.org/wiki/Q1468786
VPVOC1V2,3,1,http://www.wikidata.org/wiki/Q1468786
VPVOC1V2,7,1,http://www.wikidata.org/wiki/Q2942638
VPVOC1V2,7,2,http://www.wikidata.org/wiki/Q19244275
VPVOC1V2,9,2,http://www.wikidata.org/wiki/Q19244275
VPVOC1V2,5,2,http://www.wikidata.org/wiki/Q19244275
VPVOC1V2,9,0,http://www.wikidata.org/wiki/Q3605978
VPVOC1V2,5,0,http://www.wikidata.org/wiki/Q20475393
VPVOC1V2,1,0,http://www.wikidata.org/wiki/Q3605978
VPVOC1V2,3,0,http://www.wikidata.org/wiki/Q20475393
E2JDF28U,8,0,http://www.wikidata.org/wiki/Q6182123
E2JDF28U,4,0,http://www.wikidata.org/wiki/Q6182123
E2JDF28U,15,0,http://www.wikidata.org/wiki/Q7697543
E2JDF28U,9,0,http://www.wikidata.org/wiki/Q7697543
E2JDF28U,13,0,http://www.wikidata.org/wiki/Q7697543
E2JDF28U,5,0,http://www.wikidata.org/wiki/Q6182123
E2JDF28U,11,0,http://www.wikidata.org/wiki/Q7697543
E2JDF28U,18,0,http://www.wikidata.org/wiki/Q6182123
E2JDF28U,17,0,http://www.wikidata.org/wiki/Q6182123
E2JDF28U,2,0,http://www.wikidata.org/wiki/Q7697543
E2JDF28U,3,0,http://www.wikidata.org/wiki/Q7697543
E2JDF28U,1,0,http://www.wikidata.org/wiki/Q6182123
E2JDF28U,19,0,http://www.wikidata.org/wiki/Q6182123
E2JDF28U,10,0,http://www.wikidata.org/wiki/Q6182123
E2JDF28U,12,0,http://www.wikidata.org/wiki/Q6182123
E2JDF28U,14,0,http://www.wikidata.org/wiki/Q6182123
E2JDF28U,7,0,http://www.wikidata.org/wiki/Q7697543
E2JDF28U,6,0,http://www.wikidata.org/wiki/Q6182123
E2JDF28U,16,0,http://www.wikidata.org/wiki/Q6182123
PEPNFIHJ,2,1,http://www.wikidata.org/wiki/Q388310
PEPNFIHJ,2,0,http://www.wikidata.org/wiki/Q17117398
PEPNFIHJ,5,0,http://www.wikidata.org/wiki/Q17117398
PEPNFIHJ,4,0,http://www.wikidata.org/wiki/Q17117398
PEPNFIHJ,3,2,http://www.wikidata.org/wiki/Q220979
PEPNFIHJ,1,2,http://www.wikidata.org/wiki/Q220979
PEPNFIHJ,3,0,http://www.wikidata.org/wiki/Q17117398
PEPNFIHJ,1,1,http://www.wikidata.org/wiki/Q18469458
PEPNFIHJ,5,2,http://www.wikidata.org/wiki/Q220979
PEPNFIHJ,6,0,http://www.wikidata.org/wiki/Q17117398
PEPNFIHJ,6,2,http://www.wikidata.org/wiki/Q220979
PEPNFIHJ,5,1,http://www.wikidata.org/wiki/Q11871287
PEPNFIHJ,3,1,http://www.wikidata.org/wiki/Q388310
PEPNFIHJ,1,0,http://www.wikidata.org/wiki/Q17117440
PEPNFIHJ,2,2,http://www.wikidata.org/wiki/Q220979
PEPNFIHJ,6,1,http://www.wikidata.org/wiki/Q11871287
PEPNFIHJ,4,1,http://www.wikidata.org/wiki/Q11871287
PEPNFIHJ,4,2,http://www.wikidata.org/wiki/Q220979
RF7F3XM2,1,0,http://www.wikidata.org/wiki/Q221259
RF7F3XM2,7,0,http://www.wikidata.org/wiki/Q221
RF7F3XM2,2,0,http://www.wikidata.org/wiki/Q1080427
RF7F3XM2,6,1,http://www.wikidata.org/wiki/Q5367
RF7F3XM2,4,0,http://www.wikidata.org/wiki/Q221259
RF7F3XM2,5,1,http://www.wikidata.org/wiki/Q5367
RF7F3XM2,1,2,http://www.wikidata.org/wiki/Q3774883
RF7F3XM2,3,2,http://www.wikidata.org/wiki/Q3114330
RF7F3XM2,2,2,http://www.wikidata.org/wiki/Q3114329
RF7F3XM2,6,2,http://www.wikidata.org/wiki/Q3114327
RF7F3XM2,4,1,http://www.wikidata.org/wiki/Q5367
RF7F3XM2,6,0,http://www.wikidata.org/wiki/Q221259
RF7F3XM2,2,1,http://www.wikidata.org/wiki/Q5367
RF7F3XM2,5,2,http://www.wikidata.org/wiki/Q3114330
RF7F3XM2,3,0,http://www.wikidata.org/wiki/Q1080427
RF7F3XM2,1,1,http://www.wikidata.org/wiki/Q5367
RF7F3XM2,4,2,http://www.wikidata.org/wiki/Q3114328
RF7F3XM2,5,0,http://www.wikidata.org/wiki/Q1080427
RF7F3XM2,3,1,http://www.wikidata.org/wiki/Q5367
4Y1LFSC0,1,0,http://www.wikidata.org/wiki/Q29377828
4Y1LFSC0,1,1,http://www.wikidata.org/wiki/Q10387684
4Y1LFSC0,1,4,http://www.wikidata.org/wiki/Q142
4Y1LFSC0,2,2,http://www.wikidata.org/wiki/Q188780
4Y1LFSC0,3,2,http://www.wikidata.org/wiki/Q287
4Y1LFSC0,1,3,http://www.wikidata.org/wiki/Q677
4Y1LFSC0,2,0,http://www.wikidata.org/wiki/Q29262921
4Y1LFSC0,3,1,http://www.wikidata.org/wiki/Q188780
4Y1LFSC0,4,1,http://www.wikidata.org/wiki/Q188780
4Y1LFSC0,3,4,http://www.wikidata.org/wiki/Q142
4Y1LFSC0,1,2,http://www.wikidata.org/wiki/Q202560
4Y1LFSC0,2,1,http://www.wikidata.org/wiki/Q10387684
4Y1LFSC0,3,0,http://www.wikidata.org/wiki/Q292231
4Y1LFSC0,4,0,http://www.wikidata.org/wiki/Q292231
4Y1LFSC0,2,4,http://www.wikidata.org/wiki/Q142
4Y1LFSC0,2,3,http://www.wikidata.org/wiki/Q287
4Y1LFSC0,4,4,http://www.wikidata.org/wiki/Q142
4Y1LFSC0,4,2,http://www.wikidata.org/wiki/Q287
HLF409VQ,6,2,http://www.wikidata.org/wiki/Q61779237
HLF409VQ,4,2,http://www.wikidata.org/wiki/Q61779237
HLF409VQ,8,0,http://www.wikidata.org/wiki/Q18882054
HLF409VQ,3,2,http://www.wikidata.org/wiki/Q61779257
HLF409VQ,6,0,http://www.wikidata.org/wiki/Q18882054
HLF409VQ,7,2,http://www.wikidata.org/wiki/Q61779257
HLF409VQ,9,0,http://www.wikidata.org/wiki/Q18882053
HLF409VQ,5,0,http://www.wikidata.org/wiki/Q18882053
HLF409VQ,7,0,http://www.wikidata.org/wiki/Q18882053
HLF409VQ,8,2,http://www.wikidata.org/wiki/Q61779257
HLF409VQ,2,2,http://www.wikidata.org/wiki/Q61779257
HLF409VQ,9,2,http://www.wikidata.org/wiki/Q6
HLF409VQ,1,2,http://www.wikidata.org/wiki/Q61779237
HLF409VQ,2,0,http://www.wikidata.org/wiki/Q18882053
HLF409VQ,5,2,http://www.wikidata.org/wiki/Q61779237
HLF409VQ,1,0,http://www.wikidata.org/wiki/Q18882054
HLF409VQ,4,0,http://www.wikidata.org/wiki/Q18882054
HLF409VQ,3,0,http://www.wikidata.org/wiki/Q18882053
L6NP2KV8,13,0,http://www.wikidata.org/wiki/Q109000212
L6NP2KV8,11,0,http://www.wikidata.org/wiki/Q109063087
L6NP2KV8,18,0,http://www.wikidata.org/wiki/Q109063087
L6NP2KV8,15,0,http://www.wikidata.org/wiki/Q109063087
L6NP2KV8,2,0,http://www.wikidata.org/wiki/Q935545
L6NP2KV8,16,0,http://www.wikidata.org/wiki/Q109063087
L6NP2KV8,9,0,http://www.wikidata.org/wiki/Q2600701
L6NP2KV8,5,0,http://www.wikidata.org/wiki/Q2048477
L6NP2KV8,3,0,http://www.wikidata.org/wiki/Q109063087
L6NP2KV8,12,0,http://www.wikidata.org/wiki/Q109000212
L6NP2KV8,17,0,http://www.wikidata.org/wiki/Q109063087
L6NP2KV8,10,0,http://www.wikidata.org/wiki/Q109063087
L6NP2KV8,8,0,http://www.wikidata.org/wiki/Q109000212
L6NP2KV8,6,0,http://www.wikidata.org/wiki/Q109063087
L6NP2KV8,14,0,http://www.wikidata.org/wiki/Q109000212
L6NP2KV8,4,0,http://www.wikidata.org/wiki/Q109000212
L6NP2KV8,7,0,http://www.wikidata.org/wiki/Q109000212
L6NP2KV8,19,0,http://www.wikidata.org/wiki/Q10900
L6NP2KV8,1,0,http://www.wikidata.org/wiki/Q1018882
DIIND9UF,9,0,http://www.wikidata.org/wiki/Q3768819
DIIND9UF,8,0,http://www.wikidata.org/wiki/Q65952767
DIIND9UF,7,0,http://www.wikidata.org/wiki/Q1629235
DIIND9UF,1,0,http://www.wikidata.org/wiki/Q3768819
DIIND9UF,14,0,http://www.wikidata.org/wiki/Q3768819
DIIND9UF,15,0,http://www.wikidata.org/wiki/Q65952767
DIIND9UF,3,0,http://www.wikidata.org/wiki/Q1629235
DIIND9UF,11,0,http://www.wikidata.org/wiki/Q65952767
DIIND9UF,2,0,http://www.wikidata.org/wiki/Q65952767
DIIND9UF,6,0,http://www.wikidata.org/wiki/Q65952767
DIIND9UF,10,0,http://www.wikidata.org/wiki/Q65952767
DIIND9UF,13,0,http://www.wikidata.org/wiki/Q65952767
DIIND9UF,16,0,http://www.wikidata.org/wiki/Q3768819
DIIND9UF,5,0,http://www.wikidata.org/wiki/Q3768819
DIIND9UF,12,0,http://www.wikidata.org/wiki/Q3768819
DIIND9UF,4,0,http://www.wikidata.org/wiki/Q3768819
F6C0TD7P,3,0,http://www.wikidata.org/wiki/Q1513999
F6C0TD7P,3,2,http://www.wikidata.org/wiki/Q7298
F6C0TD7P,4,2,http://www.wikidata.org/wiki/Q7298
F6C0TD7P,2,0,http://www.wikidata.org/wiki/Q1513999
F6C0TD7P,1,0,http://www.wikidata.org/wiki/Q1513996
F6C0TD7P,3,1,http://www.wikidata.org/wiki/Q1514002
F6C0TD7P,4,0,http://www.wikidata.org/wiki/Q1514027
F6C0TD7P,2,1,http://www.wikidata.org/wiki/Q1513996
F6C0TD7P,5,0,http://www.wikidata.org/wiki/Q1514001
F6C0TD7P,1,2,http://www.wikidata.org/wiki/Q7298
F6C0TD7P,4,1,http://www.wikidata.org/wiki/Q1513999
F6C0TD7P,5,2,http://www.wikidata.org/wiki/Q7298
F6C0TD7P,6,0,http://www.wikidata.org/wiki/Q1514027
F6C0TD7P,1,1,http://www.wikidata.org/wiki/Q1514002
F6C0TD7P,6,1,http://www.wikidata.org/wiki/Q1514001
F6C0TD7P,5,1,http://www.wikidata.org/wiki/Q1514002
F6C0TD7P,6,2,http://www.wikidata.org/wiki/Q7298
F6C0TD7P,2,2,http://www.wikidata.org/wiki/Q7298
0PHI00BL,5,1,http://www.wikidata.org/wiki/Q2706277
0PHI00BL,4,1,http://www.wikidata.org/wiki/Q76864441
0PHI00BL,3,0,http://www.wikidata.org/wiki/Q76861928
0PHI00BL,2,0,http://www.wikidata.org/wiki/Q76864441
0PHI00BL,3,2,http://www.wikidata.org/wiki/Q27484692
0PHI00BL,5,2,http://www.wikidata.org/wiki/Q27484692
0PHI00BL,3,1,http://www.wikidata.org/wiki/Q2706277
0PHI00BL,4,0,http://www.wikidata.org/wiki/Q76861928
0PHI00BL,5,0,http://www.wikidata.org/wiki/Q76868017
0PHI00BL,1,0,http://www.wikidata.org/wiki/Q76868017
DNZUL6SR,2,0,http://www.wikidata.org/wiki/Q30525498
DNZUL6SR,2,3,http://www.wikidata.org/wiki/Q113
DNZUL6SR,3,3,http://www.wikidata.org/wiki/Q113
DNZUL6SR,1,2,http://www.wikidata.org/wiki/Q3028971
DNZUL6SR,1,0,http://www.wikidata.org/wiki/Q30525498
DNZUL6SR,1,3,http://www.wikidata.org/wiki/Q113
DNZUL6SR,3,0,http://www.wikidata.org/wiki/Q3028971
DNZUL6SR,3,2,http://www.wikidata.org/wiki/Q30950
DNZUL6SR,2,2,http://www.wikidata.org/wiki/Q30950
SY06ND0O,4,0,http://www.wikidata.org/wiki/Q65697995
SY06ND0O,5,2,http://www.wikidata.org/wiki/Q65697995
SY06ND0O,6,0,http://www.wikidata.org/wiki/Q65697993
SY06ND0O,2,2,http://www.wikidata.org/wiki/Q6314180
SY06ND0O,3,2,http://www.wikidata.org/wiki/Q6314180
SY06ND0O,4,2,http://www.wikidata.org/wiki/Q6314180
SY06ND0O,1,0,http://www.wikidata.org/wiki/Q19879408
SY06ND0O,6,2,http://www.wikidata.org/wiki/Q6314180
SY06ND0O,1,2,http://www.wikidata.org/wiki/Q24191504
SY06ND0O,3,0,http://www.wikidata.org/wiki/Q16851824
SY06ND0O,7,0,http://www.wikidata.org/wiki/Q65697995
SY06ND0O,5,0,http://www.wikidata.org/wiki/Q65697993
SY06ND0O,2,0,http://www.wikidata.org/wiki/Q16851824
MB3AZLUT,4,0,http://www.wikidata.org/wiki/Q4597954
MB3AZLUT,7,0,http://www.wikidata.org/wiki/Q4597954
MB3AZLUT,4,2,http://www.wikidata.org/wiki/Q4599216
MB3AZLUT,7,2,http://www.wikidata.org/wiki/Q4599216
MB3AZLUT,6,2,http://www.wikidata.org/wiki/Q4599216
MB3AZLUT,5,2,http://www.wikidata.org/wiki/Q4599216
MB3AZLUT,1,0,http://www.wikidata.org/wiki/Q4599216
MB3AZLUT,3,0,http://www.wikidata.org/wiki/Q4597954
MB3AZLUT,3,2,http://www.wikidata.org/wiki/Q4599216
MB3AZLUT,2,0,http://www.wikidata.org/wiki/Q4597955
MB3AZLUT,6,0,http://www.wikidata.org/wiki/Q4597955
MB3AZLUT,8,2,http://www.wikidata.org/wiki/Q4599216
MB3AZLUT,8,0,http://www.wikidata.org/wiki/Q4597954
MB3AZLUT,2,2,http://www.wikidata.org/wiki/Q4599216
MB3AZLUT,1,2,http://www.wikidata.org/wiki/Q4600621
MB3AZLUT,5,0,http://www.wikidata.org/wiki/Q4597954
D1551SQW,3,2,http://www.wikidata.org/wiki/Q175
D1551SQW,7,2,http://www.wikidata.org/wiki/Q175
D1551SQW,1,0,http://www.wikidata.org/wiki/Q27876720
D1551SQW,9,0,http://www.wikidata.org/wiki/Q27876720
D1551SQW,6,2,http://www.wikidata.org/wiki/Q175
D1551SQW,2,0,http://www.wikidata.org/wiki/Q27876724
D1551SQW,4,0,http://www.wikidata.org/wiki/Q27876724
D1551SQW,12,0,http://www.wikidata.org/wiki/Q27876724
D1551SQW,1,2,http://www.wikidata.org/wiki/Q175
D1551SQW,5,0,http://www.wikidata.org/wiki/Q27876720
D1551SQW,4,2,http://www.wikidata.org/wiki/Q175
D1551SQW,8,2,http://www.wikidata.org/wiki/Q175
D1551SQW,2,2,http://www.wikidata.org/wiki/Q175
D1551SQW,6,0,http://www.wikidata.org/wiki/Q27876724
D1551SQW,11,2,http://www.wikidata.org/wiki/Q175
D1551SQW,11,0,http://www.wikidata.org/wiki/Q27876720
D1551SQW,3,0,http://www.wikidata.org/wiki/Q27876720
D1551SQW,10,0,http://www.wikidata.org/wiki/Q27876724
D1551SQW,7,0,http://www.wikidata.org/wiki/Q27876720
D1551SQW,8,0,http://www.wikidata.org/wiki/Q27876724
D1551SQW,5,2,http://www.wikidata.org/wiki/Q175
D1551SQW,9,2,http://www.wikidata.org/wiki/Q175
D1551SQW,10,2,http://www.wikidata.org/wiki/Q175
OJP797TQ,3,3,http://www.wikidata.org/wiki/Q3079126
OJP797TQ,6,0,http://www.wikidata.org/wiki/Q2563840
OJP797TQ,7,0,http://www.wikidata.org/wiki/Q2667851
OJP797TQ,1,0,http://www.wikidata.org/wiki/Q2667851
OJP797TQ,8,0,http://www.wikidata.org/wiki/Q2563840
OJP797TQ,9,0,http://www.wikidata.org/wiki/Q2563840
OJP797TQ,2,0,http://www.wikidata.org/wiki/Q2563840
OJP797TQ,5,3,http://www.wikidata.org/wiki/Q3079126
OJP797TQ,4,3,http://www.wikidata.org/wiki/Q3079126
OJP797TQ,5,2,http://www.wikidata.org/wiki/Q3079126
OJP797TQ,7,2,http://www.wikidata.org/wiki/Q3079126
OJP797TQ,3,0,http://www.wikidata.org/wiki/Q2318208
OJP797TQ,8,2,http://www.wikidata.org/wiki/Q3079126
OJP797TQ,4,0,http://www.wikidata.org/wiki/Q2318208
OJP797TQ,8,3,http://www.wikidata.org/wiki/Q3079126
OJP797TQ,3,2,http://www.wikidata.org/wiki/Q3079126
OJP797TQ,5,0,http://www.wikidata.org/wiki/Q2667851
OJP797TQ,7,3,http://www.wikidata.org/wiki/Q3079126
OJP797TQ,9,3,http://www.wikidata.org/wiki/Q3079126
OJP797TQ,10,0,http://www.wikidata.org/wiki/Q2563840
OJP797TQ,6,2,http://www.wikidata.org/wiki/Q3079126
OJP797TQ,6,3,http://www.wikidata.org/wiki/Q3079126
OJP797TQ,10,2,http://www.wikidata.org/wiki/Q3079126
OJP797TQ,4,2,http://www.wikidata.org/wiki/Q3079126
OJP797TQ,9,2,http://www.wikidata.org/wiki/Q3079126
EF44WE57,9,0,http://www.wikidata.org/wiki/Q2296272
EF44WE57,17,0,http://www.wikidata.org/wiki/Q5676680
EF44WE57,25,0,http://www.wikidata.org/wiki/Q2210473
EF44WE57,3,0,http://www.wikidata.org/wiki/Q2296272
EF44WE57,5,0,http://www.wikidata.org/wiki/Q2210473
EF44WE57,19,0,http://www.wikidata.org/wiki/Q2210473
EF44WE57,4,0,http://www.wikidata.org/wiki/Q2296272
EF44WE57,12,0,http://www.wikidata.org/wiki/Q5676680
EF44WE57,7,0,http://www.wikidata.org/wiki/Q2210473
EF44WE57,11,0,http://www.wikidata.org/wiki/Q5676680
EF44WE57,13,0,http://www.wikidata.org/wiki/Q5676680
EF44WE57,18,0,http://www.wikidata.org/wiki/Q5676680
EF44WE57,16,0,http://www.wikidata.org/wiki/Q5676680
EF44WE57,4,1,http://www.wikidata.org/wiki/Q2210473
EF44WE57,24,0,http://www.wikidata.org/wiki/Q2210473
EF44WE57,22,0,http://www.wikidata.org/wiki/Q5676680
EF44WE57,6,0,http://www.wikidata.org/wiki/Q2210473
EF44WE57,8,0,http://www.wikidata.org/wiki/Q2296272
EF44WE57,23,0,http://www.wikidata.org/wiki/Q5676680
EF44WE57,15,0,http://www.wikidata.org/wiki/Q5676680
EF44WE57,10,0,http://www.wikidata.org/wiki/Q5676680
EF44WE57,20,0,http://www.wikidata.org/wiki/Q5676680
EF44WE57,2,0,http://www.wikidata.org/wiki/Q2296272
EF44WE57,14,0,http://www.wikidata.org/wiki/Q5676680
EF44WE57,21,0,http://www.wikidata.org/wiki/Q5676680
EF44WE57,1,0,http://www.wikidata.org/wiki/Q8077755
QUVE25Y9,10,2,http://www.wikidata.org/wiki/Q122
QUVE25Y9,4,2,http://www.wikidata.org/wiki/Q122
QUVE25Y9,9,0,http://www.wikidata.org/wiki/Q1346908
QUVE25Y9,3,0,http://www.wikidata.org/wiki/Q1346908
QUVE25Y9,5,2,http://www.wikidata.org/wiki/Q122
QUVE25Y9,2,2,http://www.wikidata.org/wiki/Q122
QUVE25Y9,14,0,http://www.wikidata.org/wiki/Q1
QUVE25Y9,2,0,http://www.wikidata.org/wiki/Q1346908
QUVE25Y9,11,0,http://www.wikidata.org/wiki/Q1354368
QUVE25Y9,13,0,http://www.wikidata.org/wiki/Q1354368
QUVE25Y9,4,0,http://www.wikidata.org/wiki/Q1354368
QUVE25Y9,12,2,http://www.wikidata.org/wiki/Q122
QUVE25Y9,7,2,http://www.wikidata.org/wiki/Q122
QUVE25Y9,6,0,http://www.wikidata.org/wiki/Q1354368
QUVE25Y9,8,2,http://www.wikidata.org/wiki/Q122
QUVE25Y9,1,2,http://www.wikidata.org/wiki/Q122
QUVE25Y9,12,0,http://www.wikidata.org/wiki/Q1354368
QUVE25Y9,1,0,http://www.wikidata.org/wiki/Q1354368
QUVE25Y9,5,0,http://www.wikidata.org/wiki/Q1346908
QUVE25Y9,6,2,http://www.wikidata.org/wiki/Q122
QUVE25Y9,13,2,http://www.wikidata.org/wiki/Q122
QUVE25Y9,10,0,http://www.wikidata.org/wiki/Q1346908
QUVE25Y9,7,0,http://www.wikidata.org/wiki/Q1354368
QUVE25Y9,9,2,http://www.wikidata.org/wiki/Q122
QUVE25Y9,3,2,http://www.wikidata.org/wiki/Q122
QUVE25Y9,11,2,http://www.wikidata.org/wiki/Q122
QUVE25Y9,8,0,http://www.wikidata.org/wiki/Q1354368
0R6SPHNH,2,1,http://www.wikidata.org/wiki/Q11785
0R6SPHNH,1,1,http://www.wikidata.org/wiki/Q173099
0R6SPHNH,2,3,http://www.wikidata.org/wiki/Q3128
0R6SPHNH,4,5,http://www.wikidata.org/wiki/Q11571
0R6SPHNH,4,1,http://www.wikidata.org/wiki/Q11785
0R6SPHNH,3,6,http://www.wikidata.org/wiki/Q3137
0R6SPHNH,3,3,http://www.wikidata.org/wiki/Q3128
0R6SPHNH,2,0,http://www.wikidata.org/wiki/Q171778
0R6SPHNH,4,0,http://www.wikidata.org/wiki/Q171668
0R6SPHNH,4,6,http://www.wikidata.org/wiki/Q3
0R6SPHNH,1,0,http://www.wikidata.org/wiki/Q171660
0R6SPHNH,1,3,http://www.wikidata.org/wiki/Q3137
0R6SPHNH,4,3,http://www.wikidata.org/wiki/Q3128
0R6SPHNH,3,4,http://www.wikidata.org/wiki/Q11572
0R6SPHNH,3,0,http://www.wikidata.org/wiki/Q171778
0R6SPHNH,4,4,http://www.wikidata.org/wiki/Q11572
0R6SPHNH,3,5,http://www.wikidata.org/wiki/Q11571
0R6SPHNH,3,1,http://www.wikidata.org/wiki/Q11785
54A5TUES,3,1,http://www.wikidata.org/wiki/Q1513975
54A5TUES,3,0,http://www.wikidata.org/wiki/Q1513974
54A5TUES,1,0,http://www.wikidata.org/wiki/Q1337228
54A5TUES,5,2,http://www.wikidata.org/wiki/Q7291
54A5TUES,4,1,http://www.wikidata.org/wiki/Q1513974
54A5TUES,2,2,http://www.wikidata.org/wiki/Q7291
54A5TUES,1,2,http://www.wikidata.org/wiki/Q7291
54A5TUES,4,0,http://www.wikidata.org/wiki/Q1513971
54A5TUES,6,1,http://www.wikidata.org/wiki/Q1513974
54A5TUES,5,1,http://www.wikidata.org/wiki/Q1513975
54A5TUES,1,1,http://www.wikidata.org/wiki/Q1513975
54A5TUES,7,0,http://www.wikidata.org/wiki/Q1337228
54A5TUES,3,2,http://www.wikidata.org/wiki/Q7291
54A5TUES,2,1,http://www.wikidata.org/wiki/Q1513971
54A5TUES,5,0,http://www.wikidata.org/wiki/Q1337228
54A5TUES,2,0,http://www.wikidata.org/wiki/Q2965
54A5TUES,6,2,http://www.wikidata.org/wiki/Q7291
54A5TUES,6,0,http://www.wikidata.org/wiki/Q1513971
54A5TUES,4,2,http://www.wikidata.org/wiki/Q7291
ZS1R32BT,2,0,http://www.wikidata.org/wiki/Q11950520
ZS1R32BT,5,0,http://www.wikidata.org/wiki/Q18008283
ZS1R32BT,6,0,http://www.wikidata.org/wiki/Q18768112
ZS1R32BT,4,0,http://www.wikidata.org/wiki/Q18768112
ZS1R32BT,3,0,http://www.wikidata.org/wiki/Q11950520
ZS1R32BT,9,0,http://www.wikidata.org/wiki/Q18008283
ZS1R32BT,11,0,http://www.wikidata.org/wiki/Q18008283
ZS1R32BT,10,0,http://www.wikidata.org/wiki/Q18768112
ZS1R32BT,12,0,http://www.wikidata.org/wiki/Q18008284
ZS1R32BT,7,0,http://www.wikidata.org/wiki/Q18008283
ZS1R32BT,8,0,http://www.wikidata.org/wiki/Q18008284
ZS1R32BT,1,0,http://www.wikidata.org/wiki/Q18008284
I6B9E39Z,1,2,http://www.wikidata.org/wiki/Q1543757
I6B9E39Z,6,0,http://www.wikidata.org/wiki/Q52183133
I6B9E39Z,2,1,http://www.wikidata.org/wiki/Q1490
I6B9E39Z,8,1,http://www.wikidata.org/wiki/Q149
I6B9E39Z,2,2,http://www.wikidata.org/wiki/Q41726
I6B9E39Z,5,2,http://www.wikidata.org/wiki/Q41726
I6B9E39Z,4,1,http://www.wikidata.org/wiki/Q1490
I6B9E39Z,5,0,http://www.wikidata.org/wiki/Q52183132
I6B9E39Z,7,2,http://www.wikidata.org/wiki/Q41726
I6B9E39Z,3,2,http://www.wikidata.org/wiki/Q41726
I6B9E39Z,1,0,http://www.wikidata.org/wiki/Q52183132
I6B9E39Z,6,2,http://www.wikidata.org/wiki/Q41726
I6B9E39Z,7,0,http://www.wikidata.org/wiki/Q52183132
I6B9E39Z,1,1,http://www.wikidata.org/wiki/Q48320
I6B9E39Z,3,1,http://www.wikidata.org/wiki/Q1490
I6B9E39Z,3,0,http://www.wikidata.org/wiki/Q52183132
I6B9E39Z,4,2,http://www.wikidata.org/wiki/Q41726
I6B9E39Z,4,0,http://www.wikidata.org/wiki/Q52183133
I6B9E39Z,7,1,http://www.wikidata.org/wiki/Q1490
I6B9E39Z,2,0,http://www.wikidata.org/wiki/Q52183133
I6B9E39Z,5,1,http://www.wikidata.org/wiki/Q1490
I6B9E39Z,8,0,http://www.wikidata.org/wiki/Q52183133
I6B9E39Z,6,1,http://www.wikidata.org/wiki/Q1490
QKBN04TG,2,0,http://www.wikidata.org/wiki/Q18709800
QKBN04TG,1,0,http://www.wikidata.org/wiki/Q63430433
QKBN04TG,14,0,http://www.wikidata.org/wiki/Q62131047
QKBN04TG,15,0,http://www.wikidata.org/wiki/Q62131047
QKBN04TG,9,0,http://www.wikidata.org/wiki/Q954670
QKBN04TG,7,0,http://www.wikidata.org/wiki/Q62131047
QKBN04TG,19,0,http://www.wikidata.org/wiki/Q62131047
QKBN04TG,8,0,http://www.wikidata.org/wiki/Q63430433
QKBN04TG,11,0,http://www.wikidata.org/wiki/Q62131047
QKBN04TG,10,0,http://www.wikidata.org/wiki/Q954670
QKBN04TG,4,0,http://www.wikidata.org/wiki/Q63430433
QKBN04TG,6,0,http://www.wikidata.org/wiki/Q954670
QKBN04TG,16,0,http://www.wikidata.org/wiki/Q62131047
QKBN04TG,20,0,http://www.wikidata.org/wiki/Q62131047
QKBN04TG,13,0,http://www.wikidata.org/wiki/Q63430433
QKBN04TG,21,0,http://www.wikidata.org/wiki/Q62131047
QKBN04TG,17,0,http://www.wikidata.org/wiki/Q63430433
QKBN04TG,22,0,http://www.wikidata.org/wiki/Q63430433
QKBN04TG,5,0,http://www.wikidata.org/wiki/Q954670
QKBN04TG,12,0,http://www.wikidata.org/wiki/Q62131047
QKBN04TG,18,0,http://www.wikidata.org/wiki/Q62131047
QKBN04TG,3,0,http://www.wikidata.org/wiki/Q62131047
KV3LAMRM,7,1,http://www.wikidata.org/wiki/Q6655
KV3LAMRM,10,1,http://www.wikidata.org/wiki/Q6655
KV3LAMRM,11,1,http://www.wikidata.org/wiki/Q6655
KV3LAMRM,5,0,http://www.wikidata.org/wiki/Q59524356
KV3LAMRM,2,0,http://www.wikidata.org/wiki/Q5947099
KV3LAMRM,5,1,http://www.wikidata.org/wiki/Q6655
KV3LAMRM,3,0,http://www.wikidata.org/wiki/Q1232094
KV3LAMRM,3,1,http://www.wikidata.org/wiki/Q6655
KV3LAMRM,9,0,http://www.wikidata.org/wiki/Q3593518
KV3LAMRM,7,0,http://www.wikidata.org/wiki/Q59524356
KV3LAMRM,6,0,http://www.wikidata.org/wiki/Q5947099
KV3LAMRM,1,1,http://www.wikidata.org/wiki/Q6655
KV3LAMRM,2,1,http://www.wikidata.org/wiki/Q6655
KV3LAMRM,10,0,http://www.wikidata.org/wiki/Q3593518
KV3LAMRM,6,1,http://www.wikidata.org/wiki/Q6655
KV3LAMRM,12,0,http://www.wikidata.org/wiki/Q5947099
KV3LAMRM,11,0,http://www.wikidata.org/wiki/Q3593518
KV3LAMRM,4,1,http://www.wikidata.org/wiki/Q6655
KV3LAMRM,1,0,http://www.wikidata.org/wiki/Q3593518
KV3LAMRM,13,0,http://www.wikidata.org/wiki/Q5947099
KV3LAMRM,12,1,http://www.wikidata.org/wiki/Q6655
KV3LAMRM,9,1,http://www.wikidata.org/wiki/Q6655
KV3LAMRM,4,0,http://www.wikidata.org/wiki/Q59524356
KV3LAMRM,8,1,http://www.wikidata.org/wiki/Q6655
KV3LAMRM,8,0,http://www.wikidata.org/wiki/Q3593518
OF2C2SBB,2,3,http://www.wikidata.org/wiki/Q60246021
OF2C2SBB,3,0,http://www.wikidata.org/wiki/Q60246021
OF2C2SBB,1,1,http://www.wikidata.org/wiki/Q60246021
OF2C2SBB,3,1,http://www.wikidata.org/wiki/Q60246021
OF2C2SBB,1,0,http://www.wikidata.org/wiki/Q60246021
OF2C2SBB,2,0,http://www.wikidata.org/wiki/Q81809429
OF2C2SBB,2,1,http://www.wikidata.org/wiki/Q60246021
OF2C2SBB,3,2,http://www.wikidata.org/wiki/Q60246021
OF2C2SBB,2,2,http://www.wikidata.org/wiki/Q60246021
OF2C2SBB,3,3,http://www.wikidata.org/wiki/Q60246021
ZF8FU0NY,1,2,http://www.wikidata.org/wiki/Q28182722
ZF8FU0NY,4,2,http://www.wikidata.org/wiki/Q219538
ZF8FU0NY,5,1,http://www.wikidata.org/wiki/Q1020951
ZF8FU0NY,2,2,http://www.wikidata.org/wiki/Q219538
ZF8FU0NY,3,2,http://www.wikidata.org/wiki/Q219538
ZF8FU0NY,4,1,http://www.wikidata.org/wiki/Q1020951
ZF8FU0NY,4,0,http://www.wikidata.org/wiki/Q17661936
ZF8FU0NY,2,1,http://www.wikidata.org/wiki/Q1020951
ZF8FU0NY,5,2,http://www.wikidata.org/wiki/Q219538
ZF8FU0NY,6,1,http://www.wikidata.org/wiki/Q1020951
ZF8FU0NY,6,0,http://www.wikidata.org/wiki/Q17661948
ZF8FU0NY,1,1,http://www.wikidata.org/wiki/Q2802002
ZF8FU0NY,3,0,http://www.wikidata.org/wiki/Q17661936
ZF8FU0NY,3,1,http://www.wikidata.org/wiki/Q1020951
ZF8FU0NY,5,0,http://www.wikidata.org/wiki/Q17661942
ZF8FU0NY,1,0,http://www.wikidata.org/wiki/Q7418298
ZF8FU0NY,2,0,http://www.wikidata.org/wiki/Q17661948
UWTN9EPP,1,2,http://www.wikidata.org/wiki/Q2409784
UWTN9EPP,6,2,http://www.wikidata.org/wiki/Q2365252
UWTN9EPP,1,0,http://www.wikidata.org/wiki/Q2639060
UWTN9EPP,3,2,http://www.wikidata.org/wiki/Q2365252
UWTN9EPP,5,2,http://www.wikidata.org/wiki/Q2365254
UWTN9EPP,2,2,http://www.wikidata.org/wiki/Q2365252
UWTN9EPP,4,2,http://www.wikidata.org/wiki/Q2365252
UWTN9EPP,2,0,http://www.wikidata.org/wiki/Q2402433
UWTN9EPP,3,0,http://www.wikidata.org/wiki/Q2639061
UWTN9EPP,7,2,http://www.wikidata.org/wiki/Q2365254
UWTN9EPP,4,0,http://www.wikidata.org/wiki/Q2639061
UWTN9EPP,7,0,http://www.wikidata.org/wiki/Q2639061
UWTN9EPP,6,0,http://www.wikidata.org/wiki/Q2639061
UWTN9EPP,5,0,http://www.wikidata.org/wiki/Q2639061
YW6LFYUE,8,0,http://www.wikidata.org/wiki/Q235250
YW6LFYUE,6,1,http://www.wikidata.org/wiki/Q312671
YW6LFYUE,1,2,http://www.wikidata.org/wiki/Q35722
YW6LFYUE,6,0,http://www.wikidata.org/wiki/Q235250
YW6LFYUE,5,0,http://www.wikidata.org/wiki/Q28576
YW6LFYUE,4,2,http://www.wikidata.org/wiki/Q36155
YW6LFYUE,5,2,http://www.wikidata.org/wiki/Q36155
YW6LFYUE,3,2,http://www.wikidata.org/wiki/Q36155
YW6LFYUE,7,2,http://www.wikidata.org/wiki/Q36155
YW6LFYUE,1,0,http://www.wikidata.org/wiki/Q235250
YW6LFYUE,2,2,http://www.wikidata.org/wiki/Q41642
YW6LFYUE,4,1,http://www.wikidata.org/wiki/Q312671
YW6LFYUE,7,1,http://www.wikidata.org/wiki/Q15033
YW6LFYUE,4,0,http://www.wikidata.org/wiki/Q235250
YW6LFYUE,3,1,http://www.wikidata.org/wiki/Q87498878
YW6LFYUE,1,1,http://www.wikidata.org/wiki/Q312671
YW6LFYUE,8,1,http://www.wikidata.org/wiki/Q3
YW6LFYUE,5,1,http://www.wikidata.org/wiki/Q15033
YW6LFYUE,6,2,http://www.wikidata.org/wiki/Q36155
YW6LFYUE,2,0,http://www.wikidata.org/wiki/Q28576
YW6LFYUE,7,0,http://www.wikidata.org/wiki/Q28576
YW6LFYUE,3,0,http://www.wikidata.org/wiki/Q321083
YW6LFYUE,2,1,http://www.wikidata.org/wiki/Q15033
D2TM9RIM,8,0,http://www.wikidata.org/wiki/Q1286366
D2TM9RIM,11,0,http://www.wikidata.org/wiki/Q1266964
D2TM9RIM,18,0,http://www.wikidata.org/wiki/Q1266964
D2TM9RIM,13,0,http://www.wikidata.org/wiki/Q1286366
D2TM9RIM,15,0,http://www.wikidata.org/wiki/Q61004748
D2TM9RIM,16,0,http://www.wikidata.org/wiki/Q61004748
D2TM9RIM,10,0,http://www.wikidata.org/wiki/Q1266964
D2TM9RIM,12,0,http://www.wikidata.org/wiki/Q1286366
D2TM9RIM,4,0,http://www.wikidata.org/wiki/Q1286366
D2TM9RIM,3,0,http://www.wikidata.org/wiki/Q1286366
D2TM9RIM,5,0,http://www.wikidata.org/wiki/Q129967
D2TM9RIM,6,0,http://www.wikidata.org/wiki/Q1266964
D2TM9RIM,17,0,http://www.wikidata.org/wiki/Q1266964
D2TM9RIM,14,0,http://www.wikidata.org/wiki/Q129967
D2TM9RIM,2,0,http://www.wikidata.org/wiki/Q1266964
D2TM9RIM,19,0,http://www.wikidata.org/wiki/Q1266964
D2TM9RIM,9,0,http://www.wikidata.org/wiki/Q129967
D2TM9RIM,1,0,http://www.wikidata.org/wiki/Q1266964
D2TM9RIM,7,0,http://www.wikidata.org/wiki/Q129967
R9UJ523W,4,0,http://www.wikidata.org/wiki/Q15261177
R9UJ523W,3,1,http://www.wikidata.org/wiki/Q6060
R9UJ523W,2,1,http://www.wikidata.org/wiki/Q6060
R9UJ523W,1,2,http://www.wikidata.org/wiki/Q698746
R9UJ523W,3,0,http://www.wikidata.org/wiki/Q1191263
R9UJ523W,7,2,http://www.wikidata.org/wiki/Q1914
R9UJ523W,3,2,http://www.wikidata.org/wiki/Q1647
R9UJ523W,6,2,http://www.wikidata.org/wiki/Q1647
R9UJ523W,5,0,http://www.wikidata.org/wiki/Q1914
R9UJ523W,7,0,http://www.wikidata.org/wiki/Q1914
R9UJ523W,4,1,http://www.wikidata.org/wiki/Q1647
R9UJ523W,7,1,http://www.wikidata.org/wiki/Q1647
R9UJ523W,1,1,http://www.wikidata.org/wiki/Q6060
R9UJ523W,6,0,http://www.wikidata.org/wiki/Q1647
R9UJ523W,1,0,http://www.wikidata.org/wiki/Q2891278
R9UJ523W,5,1,http://www.wikidata.org/wiki/Q1914
R9UJ523W,5,2,http://www.wikidata.org/wiki/Q1647
R9UJ523W,8,0,http://www.wikidata.org/wiki/Q1914
R9UJ523W,6,1,http://www.wikidata.org/wiki/Q1914
R9UJ523W,4,2,http://www.wikidata.org/wiki/Q1914
R9UJ523W,2,2,http://www.wikidata.org/wiki/Q1647
R9UJ523W,2,0,http://www.wikidata.org/wiki/Q1167617
XJ9DW8I6,18,0,http://www.wikidata.org/wiki/Q18883122
XJ9DW8I6,16,0,http://www.wikidata.org/wiki/Q18883126
XJ9DW8I6,5,0,http://www.wikidata.org/wiki/Q18883121
XJ9DW8I6,2,0,http://www.wikidata.org/wiki/Q18883123
XJ9DW8I6,9,0,http://www.wikidata.org/wiki/Q18883123
XJ9DW8I6,4,0,http://www.wikidata.org/wiki/Q18883122
XJ9DW8I6,10,0,http://www.wikidata.org/wiki/Q18883122
XJ9DW8I6,12,0,http://www.wikidata.org/wiki/Q18883126
XJ9DW8I6,17,0,http://www.wikidata.org/wiki/Q18883123
XJ9DW8I6,3,0,http://www.wikidata.org/wiki/Q18883121
XJ9DW8I6,11,0,http://www.wikidata.org/wiki/Q18883123
XJ9DW8I6,14,0,http://www.wikidata.org/wiki/Q18883122
XJ9DW8I6,7,0,http://www.wikidata.org/wiki/Q18883121
XJ9DW8I6,13,0,http://www.wikidata.org/wiki/Q18883123
XJ9DW8I6,15,0,http://www.wikidata.org/wiki/Q18883122
XJ9DW8I6,6,0,http://www.wikidata.org/wiki/Q18883122
XJ9DW8I6,1,0,http://www.wikidata.org/wiki/Q18883126
XJ9DW8I6,8,0,http://www.wikidata.org/wiki/Q18883126
33GN0EOJ,10,2,http://www.wikidata.org/wiki/Q286
33GN0EOJ,9,2,http://www.wikidata.org/wiki/Q286
33GN0EOJ,4,0,http://www.wikidata.org/wiki/Q1204312
33GN0EOJ,11,1,http://www.wikidata.org/wiki/Q262
33GN0EOJ,5,1,http://www.wikidata.org/wiki/Q168639
33GN0EOJ,1,0,http://www.wikidata.org/wiki/Q168639
33GN0EOJ,10,0,http://www.wikidata.org/wiki/Q2624735
33GN0EOJ,2,0,http://www.wikidata.org/wiki/Q5931
33GN0EOJ,9,0,http://www.wikidata.org/wiki/Q2624735
33GN0EOJ,8,1,http://www.wikidata.org/wiki/Q2624735
33GN0EOJ,11,0,http://www.wikidata.org/wiki/Q2624735
33GN0EOJ,4,1,http://www.wikidata.org/wiki/Q2624735
33GN0EOJ,8,2,http://www.wikidata.org/wiki/Q113686426
33GN0EOJ,6,1,http://www.wikidata.org/wiki/Q286
33GN0EOJ,10,1,http://www.wikidata.org/wiki/Q2624735
33GN0EOJ,7,1,http://www.wikidata.org/wiki/Q1204312
33GN0EOJ,5,2,http://www.wikidata.org/wiki/Q113686426
33GN0EOJ,3,1,http://www.wikidata.org/wiki/Q168639
33GN0EOJ,6,2,http://www.wikidata.org/wiki/Q6158014
33GN0EOJ,3,0,http://www.wikidata.org/wiki/Q6158014
33GN0EOJ,3,2,http://www.wikidata.org/wiki/Q6158014
33GN0EOJ,7,0,http://www.wikidata.org/wiki/Q2624735
33GN0EOJ,7,2,http://www.wikidata.org/wiki/Q286
33GN0EOJ,6,0,http://www.wikidata.org/wiki/Q61563054
33GN0EOJ,5,0,http://www.wikidata.org/wiki/Q6158014
33GN0EOJ,8,0,http://www.wikidata.org/wiki/Q286
33GN0EOJ,9,1,http://www.wikidata.org/wiki/Q286
567HTRSM,1,3,http://www.wikidata.org/wiki/Q1142489
567HTRSM,4,3,http://www.wikidata.org/wiki/Q1142489
567HTRSM,2,0,http://www.wikidata.org/wiki/Q978610
567HTRSM,5,3,http://www.wikidata.org/wiki/Q1142489
567HTRSM,1,0,http://www.wikidata.org/wiki/Q2470511
567HTRSM,5,0,http://www.wikidata.org/wiki/Q2470511
567HTRSM,2,2,http://www.wikidata.org/wiki/Q11220
567HTRSM,4,1,http://www.wikidata.org/wiki/Q110700
567HTRSM,5,2,http://www.wikidata.org/wiki/Q11220
567HTRSM,3,0,http://www.wikidata.org/wiki/Q2470471
567HTRSM,4,2,http://www.wikidata.org/wiki/Q11220
567HTRSM,6,1,http://www.wikidata.org/wiki/Q110700
567HTRSM,2,1,http://www.wikidata.org/wiki/Q110700
567HTRSM,6,0,http://www.wikidata.org/wiki/Q2470471
567HTRSM,1,2,http://www.wikidata.org/wiki/Q11220
567HTRSM,6,2,http://www.wikidata.org/wiki/Q11220
567HTRSM,3,3,http://www.wikidata.org/wiki/Q1142489
567HTRSM,5,1,http://www.wikidata.org/wiki/Q110700
567HTRSM,1,1,http://www.wikidata.org/wiki/Q110700
567HTRSM,3,1,http://www.wikidata.org/wiki/Q110700
567HTRSM,4,0,http://www.wikidata.org/wiki/Q2470471
567HTRSM,3,2,http://www.wikidata.org/wiki/Q11220
567HTRSM,2,3,http://www.wikidata.org/wiki/Q1142489
91C2MGLK,1,0,http://www.wikidata.org/wiki/Q66630696
91C2MGLK,8,0,http://www.wikidata.org/wiki/Q7793123
91C2MGLK,8,4,http://www.wikidata.org/wiki/Q22044655
91C2MGLK,6,0,http://www.wikidata.org/wiki/Q7793127
91C2MGLK,10,4,http://www.wikidata.org/wiki/Q22044656
91C2MGLK,9,0,http://www.wikidata.org/wiki/Q1184621
91C2MGLK,7,4,http://www.wikidata.org/wiki/Q22044656
91C2MGLK,5,4,http://www.wikidata.org/wiki/Q22044656
91C2MGLK,3,0,http://www.wikidata.org/wiki/Q1184621
91C2MGLK,5,0,http://www.wikidata.org/wiki/Q7793124
91C2MGLK,10,0,http://www.wikidata.org/wiki/Q7793124
91C2MGLK,4,0,http://www.wikidata.org/wiki/Q1184621
91C2MGLK,7,0,http://www.wikidata.org/wiki/Q7793126
91C2MGLK,6,4,http://www.wikidata.org/wiki/Q22044655
91C2MGLK,9,4,http://www.wikidata.org/wiki/Q22044656
91C2MGLK,3,4,http://www.wikidata.org/wiki/Q22044655
91C2MGLK,4,4,http://www.wikidata.org/wiki/Q22044656
91C2MGLK,2,0,http://www.wikidata.org/wiki/Q1184622
5Y9AKBK1,1,0,http://www.wikidata.org/wiki/Q43122091
5Y9AKBK1,3,0,http://www.wikidata.org/wiki/Q172398
5Y9AKBK1,10,0,http://www.wikidata.org/wiki/Q17139
5Y9AKBK1,5,0,http://www.wikidata.org/wiki/Q17139
5Y9AKBK1,9,0,http://www.wikidata.org/wiki/Q17139
5Y9AKBK1,12,0,http://www.wikidata.org/wiki/Q17139
5Y9AKBK1,7,0,http://www.wikidata.org/wiki/Q17139
5Y9AKBK1,4,0,http://www.wikidata.org/wiki/Q2210473
5Y9AKBK1,6,0,http://www.wikidata.org/wiki/Q17139
5Y9AKBK1,8,0,http://www.wikidata.org/wiki/Q17139
5Y9AKBK1,11,0,http://www.wikidata.org/wiki/Q17139
5Y9AKBK1,2,0,http://www.wikidata.org/wiki/Q42944467
DGXDLKW9,2,3,http://www.wikidata.org/wiki/Q2736
DGXDLKW9,1,1,http://www.wikidata.org/wiki/Q10854648
DGXDLKW9,2,4,http://www.wikidata.org/wiki/Q2736
DGXDLKW9,3,2,http://www.wikidata.org/wiki/Q1781672
DGXDLKW9,3,3,http://www.wikidata.org/wiki/Q213116
DGXDLKW9,2,1,http://www.wikidata.org/wiki/Q122
DGXDLKW9,3,0,http://www.wikidata.org/wiki/Q63927
DGXDLKW9,2,0,http://www.wikidata.org/wiki/Q5676680
DGXDLKW9,3,4,http://www.wikidata.org/wiki/Q2736
DGXDLKW9,4,1,http://www.wikidata.org/wiki/Q20144
DGXDLKW9,4,0,http://www.wikidata.org/wiki/Q2736
DGXDLKW9,2,2,http://www.wikidata.org/wiki/Q213116
DGXDLKW9,1,0,http://www.wikidata.org/wiki/Q643660
DGXDLKW9,1,2,http://www.wikidata.org/wiki/Q268628
DGXDLKW9,3,1,http://www.wikidata.org/wiki/Q122
DGXDLKW9,1,4,http://www.wikidata.org/wiki/Q2736
DGXDLKW9,1,3,http://www.wikidata.org/wiki/Q2736
1XSMBEOD,3,0,http://www.wikidata.org/wiki/Q3070180
1XSMBEOD,1,2,http://www.wikidata.org/wiki/Q3070180
1XSMBEOD,4,0,http://www.wikidata.org/wiki/Q3070182
1XSMBEOD,1,0,http://www.wikidata.org/wiki/Q3070185
1XSMBEOD,4,1,http://www.wikidata.org/wiki/Q3070180
1XSMBEOD,5,0,http://www.wikidata.org/wiki/Q3070180
1XSMBEOD,2,0,http://www.wikidata.org/wiki/Q3070182
1XSMBEOD,3,2,http://www.wikidata.org/wiki/Q3070183
1XSMBEOD,2,1,http://www.wikidata.org/wiki/Q3070183
1XSMBEOD,5,1,http://www.wikidata.org/wiki/Q3
1XSMBEOD,1,1,http://www.wikidata.org/wiki/Q3070183
1XSMBEOD,2,2,http://www.wikidata.org/wiki/Q3070180
1XSMBEOD,3,1,http://www.wikidata.org/wiki/Q3070182
1XSMBEOD,4,2,http://www.wikidata.org/wiki/Q3070183
UFAA7QQC,6,0,http://www.wikidata.org/wiki/Q2663120
UFAA7QQC,19,0,http://www.wikidata.org/wiki/Q246986
UFAA7QQC,3,0,http://www.wikidata.org/wiki/Q20648324
UFAA7QQC,1,0,http://www.wikidata.org/wiki/Q1073527
UFAA7QQC,14,0,http://www.wikidata.org/wiki/Q2663120
UFAA7QQC,18,0,http://www.wikidata.org/wiki/Q246986
UFAA7QQC,13,0,http://www.wikidata.org/wiki/Q246986
UFAA7QQC,15,0,http://www.wikidata.org/wiki/Q2663120
UFAA7QQC,5,0,http://www.wikidata.org/wiki/Q20648324
UFAA7QQC,7,0,http://www.wikidata.org/wiki/Q246986
UFAA7QQC,17,0,http://www.wikidata.org/wiki/Q246986
UFAA7QQC,10,0,http://www.wikidata.org/wiki/Q2663120
UFAA7QQC,16,0,http://www.wikidata.org/wiki/Q2663120
UFAA7QQC,8,0,http://www.wikidata.org/wiki/Q246986
UFAA7QQC,2,0,http://www.wikidata.org/wiki/Q246986
UFAA7QQC,11,0,http://www.wikidata.org/wiki/Q2663120
UFAA7QQC,4,0,http://www.wikidata.org/wiki/Q20968100
UFAA7QQC,12,0,http://www.wikidata.org/wiki/Q246986
UFAA7QQC,9,0,http://www.wikidata.org/wiki/Q2663120
95WCTZX3,3,0,http://www.wikidata.org/wiki/Q1147196
95WCTZX3,3,1,http://www.wikidata.org/wiki/Q1637789
95WCTZX3,4,2,http://www.wikidata.org/wiki/Q274245
95WCTZX3,2,0,http://www.wikidata.org/wiki/Q1147196
95WCTZX3,4,0,http://www.wikidata.org/wiki/Q1280666
95WCTZX3,1,1,http://www.wikidata.org/wiki/Q23986556
95WCTZX3,5,0,http://www.wikidata.org/wiki/Q1147196
95WCTZX3,2,1,http://www.wikidata.org/wiki/Q1637789
95WCTZX3,2,2,http://www.wikidata.org/wiki/Q274245
95WCTZX3,3,2,http://www.wikidata.org/wiki/Q274245
95WCTZX3,4,1,http://www.wikidata.org/wiki/Q23986555
95WCTZX3,1,0,http://www.wikidata.org/wiki/Q1280666
YMZZJ120,14,0,http://www.wikidata.org/wiki/Q2312907
YMZZJ120,5,0,http://www.wikidata.org/wiki/Q56218817
YMZZJ120,6,0,http://www.wikidata.org/wiki/Q56218407
YMZZJ120,11,0,http://www.wikidata.org/wiki/Q229
YMZZJ120,12,0,http://www.wikidata.org/wiki/Q229
YMZZJ120,17,0,http://www.wikidata.org/wiki/Q2312907
YMZZJ120,7,0,http://www.wikidata.org/wiki/Q56193774
YMZZJ120,15,0,http://www.wikidata.org/wiki/Q2312907
YMZZJ120,1,0,http://www.wikidata.org/wiki/Q56218407
YMZZJ120,9,0,http://www.wikidata.org/wiki/Q948442
YMZZJ120,3,0,http://www.wikidata.org/wiki/Q56218817
YMZZJ120,10,0,http://www.wikidata.org/wiki/Q2312907
YMZZJ120,4,0,http://www.wikidata.org/wiki/Q56193774
YMZZJ120,13,0,http://www.wikidata.org/wiki/Q229
YMZZJ120,2,0,http://www.wikidata.org/wiki/Q60018927
YMZZJ120,8,0,http://www.wikidata.org/wiki/Q56218817
YMZZJ120,16,0,http://www.wikidata.org/wiki/Q2312907
D7QT8XNX,2,0,http://www.wikidata.org/wiki/Q21908690
D7QT8XNX,3,0,http://www.wikidata.org/wiki/Q163481
D7QT8XNX,1,0,http://www.wikidata.org/wiki/Q28375271
5SFOBVJG,3,2,http://www.wikidata.org/wiki/Q17788
5SFOBVJG,2,0,http://www.wikidata.org/wiki/Q156684
5SFOBVJG,2,2,http://www.wikidata.org/wiki/Q1502747
5SFOBVJG,3,0,http://www.wikidata.org/wiki/Q1502747
5SFOBVJG,1,0,http://www.wikidata.org/wiki/Q97248785
5SFOBVJG,1,2,http://www.wikidata.org/wiki/Q1778838
PW147B34,4,1,http://www.wikidata.org/wiki/Q336
PW147B34,3,1,http://www.wikidata.org/wiki/Q336
PW147B34,1,3,http://www.wikidata.org/wiki/Q193828
PW147B34,3,2,http://www.wikidata.org/wiki/Q113859
PW147B34,5,2,http://www.wikidata.org/wiki/Q113859
PW147B34,3,3,http://www.wikidata.org/wiki/Q182933
PW147B34,4,2,http://www.wikidata.org/wiki/Q388
PW147B34,6,2,http://www.wikidata.org/wiki/Q388
PW147B34,5,3,http://www.wikidata.org/wiki/Q182933
PW147B34,7,0,http://www.wikidata.org/wiki/Q7470834
PW147B34,1,2,http://www.wikidata.org/wiki/Q1406
PW147B34,1,1,http://www.wikidata.org/wiki/Q1061635
PW147B34,1,0,http://www.wikidata.org/wiki/Q7607505
PW147B34,2,1,http://www.wikidata.org/wiki/Q336
PW147B34,2,2,http://www.wikidata.org/wiki/Q388
PW147B34,6,0,http://www.wikidata.org/wiki/Q7452449
PW147B34,5,0,http://www.wikidata.org/wiki/Q7607505
PW147B34,4,0,http://www.wikidata.org/wiki/Q492513
PW147B34,6,3,http://www.wikidata.org/wiki/Q182933
PW147B34,5,1,http://www.wikidata.org/wiki/Q492513
PW147B34,2,0,http://www.wikidata.org/wiki/Q7452449
PW147B34,3,0,http://www.wikidata.org/wiki/Q7470834
PW147B34,6,1,http://www.wikidata.org/wiki/Q336
PW147B34,2,3,http://www.wikidata.org/wiki/Q182933
PW147B34,4,3,http://www.wikidata.org/wiki/Q182933
OPCT5R6F,7,0,http://www.wikidata.org/wiki/Q1135992
OPCT5R6F,9,2,http://www.wikidata.org/wiki/Q44148
OPCT5R6F,2,0,http://www.wikidata.org/wiki/Q1206881
OPCT5R6F,2,2,http://www.wikidata.org/wiki/Q1491836
OPCT5R6F,10,0,http://www.wikidata.org/wiki/Q1135992
OPCT5R6F,5,2,http://www.wikidata.org/wiki/Q1491836
OPCT5R6F,4,2,http://www.wikidata.org/wiki/Q1491836
OPCT5R6F,4,0,http://www.wikidata.org/wiki/Q2353889
OPCT5R6F,9,0,http://www.wikidata.org/wiki/Q1135992
OPCT5R6F,5,0,http://www.wikidata.org/wiki/Q1135992
OPCT5R6F,6,0,http://www.wikidata.org/wiki/Q1135992
OPCT5R6F,7,2,http://www.wikidata.org/wiki/Q44148
OPCT5R6F,8,2,http://www.wikidata.org/wiki/Q44148
OPCT5R6F,1,0,http://www.wikidata.org/wiki/Q118122228
OPCT5R6F,3,2,http://www.wikidata.org/wiki/Q1491836
OPCT5R6F,1,2,http://www.wikidata.org/wiki/Q1585668
OPCT5R6F,8,0,http://www.wikidata.org/wiki/Q1135992
OPCT5R6F,3,0,http://www.wikidata.org/wiki/Q1135992
OPCT5R6F,6,2,http://www.wikidata.org/wiki/Q44148
CG2BC1ON,11,0,http://www.wikidata.org/wiki/Q26413798
CG2BC1ON,13,0,http://www.wikidata.org/wiki/Q36636
CG2BC1ON,20,0,http://www.wikidata.org/wiki/Q2204787
CG2BC1ON,6,0,http://www.wikidata.org/wiki/Q26413798
CG2BC1ON,4,0,http://www.wikidata.org/wiki/Q12912998
CG2BC1ON,10,0,http://www.wikidata.org/wiki/Q26413798
CG2BC1ON,2,0,http://www.wikidata.org/wiki/Q12208
CG2BC1ON,16,0,http://www.wikidata.org/wiki/Q36636
CG2BC1ON,12,0,http://www.wikidata.org/wiki/Q36636
CG2BC1ON,5,0,http://www.wikidata.org/wiki/Q26413798
CG2BC1ON,19,0,http://www.wikidata.org/wiki/Q2204787
CG2BC1ON,15,0,http://www.wikidata.org/wiki/Q36636
CG2BC1ON,21,0,http://www.wikidata.org/wiki/Q2204787
CG2BC1ON,18,0,http://www.wikidata.org/wiki/Q2204787
CG2BC1ON,3,0,http://www.wikidata.org/wiki/Q12208
CG2BC1ON,17,0,http://www.wikidata.org/wiki/Q2204787
CG2BC1ON,22,0,http://www.wikidata.org/wiki/Q2204787
CG2BC1ON,9,0,http://www.wikidata.org/wiki/Q26413798
CG2BC1ON,8,0,http://www.wikidata.org/wiki/Q2204787
CG2BC1ON,1,0,http://www.wikidata.org/wiki/Q471969
CG2BC1ON,7,0,http://www.wikidata.org/wiki/Q2204787
CG2BC1ON,14,0,http://www.wikidata.org/wiki/Q36636
77P70LTJ,1,0,http://www.wikidata.org/wiki/Q3199255
77P70LTJ,3,0,http://www.wikidata.org/wiki/Q317801
77P70LTJ,2,2,http://www.wikidata.org/wiki/Q317801
77P70LTJ,3,1,http://www.wikidata.org/wiki/Q280413
77P70LTJ,1,2,http://www.wikidata.org/wiki/Q29033372
77P70LTJ,2,0,http://www.wikidata.org/wiki/Q3214403
77P70LTJ,2,1,http://www.wikidata.org/wiki/Q280413
77P70LTJ,1,1,http://www.wikidata.org/wiki/Q280413
H8R87M2V,5,0,http://www.wikidata.org/wiki/Q179351
H8R87M2V,9,0,http://www.wikidata.org/wiki/Q179351
H8R87M2V,1,1,http://www.wikidata.org/wiki/Q178662
H8R87M2V,13,0,http://www.wikidata.org/wiki/Q17
H8R87M2V,1,0,http://www.wikidata.org/wiki/Q178662
H8R87M2V,4,1,http://www.wikidata.org/wiki/Q178662
H8R87M2V,5,1,http://www.wikidata.org/wiki/Q178662
H8R87M2V,2,1,http://www.wikidata.org/wiki/Q178662
H8R87M2V,7,0,http://www.wikidata.org/wiki/Q179351
H8R87M2V,6,0,http://www.wikidata.org/wiki/Q179351
H8R87M2V,8,0,http://www.wikidata.org/wiki/Q179351
H8R87M2V,12,1,http://www.wikidata.org/wiki/Q178662
H8R87M2V,8,1,http://www.wikidata.org/wiki/Q178662
H8R87M2V,3,0,http://www.wikidata.org/wiki/Q179351
H8R87M2V,10,1,http://www.wikidata.org/wiki/Q178662
H8R87M2V,6,1,http://www.wikidata.org/wiki/Q178662
H8R87M2V,3,1,http://www.wikidata.org/wiki/Q178662
H8R87M2V,11,0,http://www.wikidata.org/wiki/Q179351
H8R87M2V,4,0,http://www.wikidata.org/wiki/Q179351
H8R87M2V,12,0,http://www.wikidata.org/wiki/Q179351
H8R87M2V,11,1,http://www.wikidata.org/wiki/Q178662
H8R87M2V,10,0,http://www.wikidata.org/wiki/Q179351
H8R87M2V,7,1,http://www.wikidata.org/wiki/Q178662
H8R87M2V,9,1,http://www.wikidata.org/wiki/Q178662
H8R87M2V,2,0,http://www.wikidata.org/wiki/Q179351
3TD4PM94,6,0,http://www.wikidata.org/wiki/Q20530617
3TD4PM94,7,0,http://www.wikidata.org/wiki/Q20528614
3TD4PM94,16,0,http://www.wikidata.org/wiki/Q1203263
3TD4PM94,5,0,http://www.wikidata.org/wiki/Q20528614
3TD4PM94,3,0,http://www.wikidata.org/wiki/Q937592
3TD4PM94,18,0,http://www.wikidata.org/wiki/Q120326
3TD4PM94,12,0,http://www.wikidata.org/wiki/Q20528614
3TD4PM94,9,0,http://www.wikidata.org/wiki/Q20528614
3TD4PM94,8,0,http://www.wikidata.org/wiki/Q20528614
3TD4PM94,17,0,http://www.wikidata.org/wiki/Q1203263
3TD4PM94,4,0,http://www.wikidata.org/wiki/Q21493340
3TD4PM94,13,0,http://www.wikidata.org/wiki/Q20528614
3TD4PM94,3,1,http://www.wikidata.org/wiki/Q32113
3TD4PM94,14,0,http://www.wikidata.org/wiki/Q21493340
3TD4PM94,11,0,http://www.wikidata.org/wiki/Q20528614
3TD4PM94,10,0,http://www.wikidata.org/wiki/Q20528614
3TD4PM94,2,0,http://www.wikidata.org/wiki/Q937592
3TD4PM94,15,0,http://www.wikidata.org/wiki/Q21493340
3TD4PM94,1,0,http://www.wikidata.org/wiki/Q1203263
R15RKIHP,2,1,http://www.wikidata.org/wiki/Q14545628
R15RKIHP,2,0,http://www.wikidata.org/wiki/Q774464
R15RKIHP,1,0,http://www.wikidata.org/wiki/Q1013353
R15RKIHP,1,1,http://www.wikidata.org/wiki/Q14545628
ZV5I1XYL,6,2,http://www.wikidata.org/wiki/Q109
ZV5I1XYL,1,1,http://www.wikidata.org/wiki/Q69122
ZV5I1XYL,2,1,http://www.wikidata.org/wiki/Q62608
ZV5I1XYL,4,1,http://www.wikidata.org/wiki/Q69122
ZV5I1XYL,4,0,http://www.wikidata.org/wiki/Q1959
ZV5I1XYL,3,0,http://www.wikidata.org/wiki/Q171867
ZV5I1XYL,6,1,http://www.wikidata.org/wiki/Q69122
ZV5I1XYL,5,1,http://www.wikidata.org/wiki/Q62608
ZV5I1XYL,5,0,http://www.wikidata.org/wiki/Q171867
ZV5I1XYL,3,1,http://www.wikidata.org/wiki/Q62608
ZV5I1XYL,3,2,http://www.wikidata.org/wiki/Q109164160
ZV5I1XYL,4,2,http://www.wikidata.org/wiki/Q109164160
ZV5I1XYL,6,0,http://www.wikidata.org/wiki/Q1959
ZV5I1XYL,2,0,http://www.wikidata.org/wiki/Q171867
ZV5I1XYL,1,0,http://www.wikidata.org/wiki/Q1959
ZV5I1XYL,5,2,http://www.wikidata.org/wiki/Q109164160
4LQCMJGL,8,0,http://www.wikidata.org/wiki/Q2672941
4LQCMJGL,17,0,http://www.wikidata.org/wiki/Q2672941
4LQCMJGL,5,0,http://www.wikidata.org/wiki/Q2102488
4LQCMJGL,10,0,http://www.wikidata.org/wiki/Q2102488
4LQCMJGL,3,0,http://www.wikidata.org/wiki/Q2672941
4LQCMJGL,14,0,http://www.wikidata.org/wiki/Q2672941
4LQCMJGL,11,0,http://www.wikidata.org/wiki/Q2102488
4LQCMJGL,15,0,http://www.wikidata.org/wiki/Q2672941
4LQCMJGL,19,0,http://www.wikidata.org/wiki/Q2672941
4LQCMJGL,7,0,http://www.wikidata.org/wiki/Q2672941
4LQCMJGL,9,0,http://www.wikidata.org/wiki/Q2102488
4LQCMJGL,6,0,http://www.wikidata.org/wiki/Q2672941
4LQCMJGL,1,0,http://www.wikidata.org/wiki/Q2786871
4LQCMJGL,20,0,http://www.wikidata.org/wiki/Q26
4LQCMJGL,16,0,http://www.wikidata.org/wiki/Q2672941
4LQCMJGL,2,0,http://www.wikidata.org/wiki/Q2102488
4LQCMJGL,18,0,http://www.wikidata.org/wiki/Q2672941
4LQCMJGL,4,0,http://www.wikidata.org/wiki/Q66075405
4LQCMJGL,13,0,http://www.wikidata.org/wiki/Q2672941
4LQCMJGL,12,0,http://www.wikidata.org/wiki/Q2672941
86GABVZ4,3,2,http://www.wikidata.org/wiki/Q43113623
86GABVZ4,2,0,http://www.wikidata.org/wiki/Q66089900
86GABVZ4,5,0,http://www.wikidata.org/wiki/Q66089900
86GABVZ4,4,2,http://www.wikidata.org/wiki/Q43113623
86GABVZ4,3,0,http://www.wikidata.org/wiki/Q66089899
86GABVZ4,4,0,http://www.wikidata.org/wiki/Q66089902
86GABVZ4,6,1,http://www.wikidata.org/wiki/Q11072216
86GABVZ4,1,0,http://www.wikidata.org/wiki/Q66089902
86GABVZ4,1,2,http://www.wikidata.org/wiki/Q43113623
86GABVZ4,5,1,http://www.wikidata.org/wiki/Q11072216
86GABVZ4,4,1,http://www.wikidata.org/wiki/Q11072216
86GABVZ4,5,2,http://www.wikidata.org/wiki/Q43113623
86GABVZ4,2,2,http://www.wikidata.org/wiki/Q43113623
86GABVZ4,1,1,http://www.wikidata.org/wiki/Q11072216
86GABVZ4,6,0,http://www.wikidata.org/wiki/Q66089899
86GABVZ4,3,1,http://www.wikidata.org/wiki/Q11072216
86GABVZ4,6,2,http://www.wikidata.org/wiki/Q43113623
86GABVZ4,7,0,http://www.wikidata.org/wiki/Q66089
86GABVZ4,2,1,http://www.wikidata.org/wiki/Q11072216
VTS904PS,2,0,http://www.wikidata.org/wiki/Q1191599
VTS904PS,4,1,http://www.wikidata.org/wiki/Q34
VTS904PS,1,2,http://www.wikidata.org/wiki/Q29
VTS904PS,2,1,http://www.wikidata.org/wiki/Q351891
VTS904PS,5,4,http://www.wikidata.org/wiki/Q276173
VTS904PS,5,0,http://www.wikidata.org/wiki/Q653726
VTS904PS,4,0,http://www.wikidata.org/wiki/Q653726
VTS904PS,5,5,http://www.wikidata.org/wiki/Q276173
VTS904PS,3,3,http://www.wikidata.org/wiki/Q653726
VTS904PS,4,3,http://www.wikidata.org/wiki/Q653726
VTS904PS,5,3,http://www.wikidata.org/wiki/Q27985021
VTS904PS,1,1,http://www.wikidata.org/wiki/Q41508
VTS904PS,1,0,http://www.wikidata.org/wiki/Q4859865
VTS904PS,1,3,http://www.wikidata.org/wiki/Q753075
VTS904PS,2,3,http://www.wikidata.org/wiki/Q653726
VTS904PS,3,2,http://www.wikidata.org/wiki/Q34
VTS904PS,4,2,http://www.wikidata.org/wiki/Q29
VTS904PS,5,1,http://www.wikidata.org/wiki/Q34
VTS904PS,3,1,http://www.wikidata.org/wiki/Q351891
VTS904PS,2,2,http://www.wikidata.org/wiki/Q34
VTS904PS,3,0,http://www.wikidata.org/wiki/Q1191599
VTS904PS,5,2,http://www.wikidata.org/wiki/Q29
VC79HSHP,3,1,http://www.wikidata.org/wiki/Q236419
VC79HSHP,4,2,http://www.wikidata.org/wiki/Q239844
VC79HSHP,6,2,http://www.wikidata.org/wiki/Q236781
VC79HSHP,8,2,http://www.wikidata.org/wiki/Q236419
VC79HSHP,4,1,http://www.wikidata.org/wiki/Q236419
VC79HSHP,8,1,http://www.wikidata.org/wiki/Q236781
VC79HSHP,6,1,http://www.wikidata.org/wiki/Q236419
VC79HSHP,2,1,http://www.wikidata.org/wiki/Q236781
VC79HSHP,7,1,http://www.wikidata.org/wiki/Q236781
VC79HSHP,8,3,http://www.wikidata.org/wiki/Q239844
VC79HSHP,1,1,http://www.wikidata.org/wiki/Q239844
VC79HSHP,4,0,http://www.wikidata.org/wiki/Q244618
VC79HSHP,5,1,http://www.wikidata.org/wiki/Q236419
VC79HSHP,1,0,http://www.wikidata.org/wiki/Q1365823
VC79HSHP,6,0,http://www.wikidata.org/wiki/Q239844
VC79HSHP,9,0,http://www.wikidata.org/wiki/Q239844
VC79HSHP,8,0,http://www.wikidata.org/wiki/Q242977
VC79HSHP,3,2,http://www.wikidata.org/wiki/Q239844
VC79HSHP,5,0,http://www.wikidata.org/wiki/Q244618
VC79HSHP,2,0,http://www.wikidata.org/wiki/Q242977
VC79HSHP,7,2,http://www.wikidata.org/wiki/Q239844
VC79HSHP,3,0,http://www.wikidata.org/wiki/Q244618
VC79HSHP,5,2,http://www.wikidata.org/wiki/Q239844
VC79HSHP,7,0,http://www.wikidata.org/wiki/Q242977
X1DT4EJC,7,0,http://www.wikidata.org/wiki/Q18845710
X1DT4EJC,4,0,http://www.wikidata.org/wiki/Q18845700
X1DT4EJC,9,0,http://www.wikidata.org/wiki/Q18845710
X1DT4EJC,2,0,http://www.wikidata.org/wiki/Q18845700
X1DT4EJC,3,0,http://www.wikidata.org/wiki/Q18845710
X1DT4EJC,11,0,http://www.wikidata.org/wiki/Q23772
X1DT4EJC,13,0,http://www.wikidata.org/wiki/Q23772
X1DT4EJC,12,0,http://www.wikidata.org/wiki/Q23772
X1DT4EJC,18,0,http://www.wikidata.org/wiki/Q18845700
X1DT4EJC,15,0,http://www.wikidata.org/wiki/Q18845700
X1DT4EJC,14,0,http://www.wikidata.org/wiki/Q23772
X1DT4EJC,17,0,http://www.wikidata.org/wiki/Q18845710
X1DT4EJC,19,0,http://www.wikidata.org/wiki/Q1
X1DT4EJC,8,0,http://www.wikidata.org/wiki/Q18845700
X1DT4EJC,5,0,http://www.wikidata.org/wiki/Q18845710
X1DT4EJC,1,0,http://www.wikidata.org/wiki/Q18845710
X1DT4EJC,10,0,http://www.wikidata.org/wiki/Q18845700
X1DT4EJC,16,0,http://www.wikidata.org/wiki/Q18845710
X1DT4EJC,6,0,http://www.wikidata.org/wiki/Q18845700
NL30AKMU,3,7,http://www.wikidata.org/wiki/Q67920141
NL30AKMU,1,0,http://www.wikidata.org/wiki/Q3488737
NL30AKMU,3,12,http://www.wikidata.org/wiki/Q192866
NL30AKMU,3,0,http://www.wikidata.org/wiki/Q1354823
NL30AKMU,3,10,http://www.wikidata.org/wiki/Q192866
NL30AKMU,1,1,http://www.wikidata.org/wiki/Q59168077
NL30AKMU,3,5,http://www.wikidata.org/wiki/Q67920139
NL30AKMU,3,6,http://www.wikidata.org/wiki/Q67920140
NL30AKMU,3,2,http://www.wikidata.org/wiki/Q64153681
NL30AKMU,1,2,http://www.wikidata.org/wiki/Q7373223
NL30AKMU,3,8,http://www.wikidata.org/wiki/Q192866
NL30AKMU,2,2,http://www.wikidata.org/wiki/Q64153681
NL30AKMU,2,0,http://www.wikidata.org/wiki/Q2538518
NL30AKMU,3,4,http://www.wikidata.org/wiki/Q64153662
NL30AKMU,3,1,http://www.wikidata.org/wiki/Q24885177
NL30AKMU,3,9,http://www.wikidata.org/wiki/Q192866
NL30AKMU,3,11,http://www.wikidata.org/wiki/Q192866
NL30AKMU,2,1,http://www.wikidata.org/wiki/Q24885177
NL30AKMU,3,3,http://www.wikidata.org/wiki/Q64153658
YJ8PK9BC,4,2,http://www.wikidata.org/wiki/Q22890
YJ8PK9BC,5,0,http://www.wikidata.org/wiki/Q61766215
YJ8PK9BC,1,2,http://www.wikidata.org/wiki/Q155
YJ8PK9BC,2,1,http://www.wikidata.org/wiki/Q1288250
YJ8PK9BC,4,0,http://www.wikidata.org/wiki/Q86358573
YJ8PK9BC,4,5,http://www.wikidata.org/wiki/Q155
YJ8PK9BC,4,4,http://www.wikidata.org/wiki/Q155
YJ8PK9BC,6,2,http://www.wikidata.org/wiki/Q2
YJ8PK9BC,1,1,http://www.wikidata.org/wiki/Q14659
YJ8PK9BC,6,1,http://www.wikidata.org/wiki/Q1288250
YJ8PK9BC,3,0,http://www.wikidata.org/wiki/Q22890
YJ8PK9BC,3,5,http://www.wikidata.org/wiki/Q155
YJ8PK9BC,3,4,http://www.wikidata.org/wiki/Q155
YJ8PK9BC,5,2,http://www.wikidata.org/wiki/Q1288250
YJ8PK9BC,5,4,http://www.wikidata.org/wiki/Q155
YJ8PK9BC,3,2,http://www.wikidata.org/wiki/Q27
YJ8PK9BC,3,1,http://www.wikidata.org/wiki/Q22890
YJ8PK9BC,5,3,http://www.wikidata.org/wiki/Q27
YJ8PK9BC,4,1,http://www.wikidata.org/wiki/Q1288250
YJ8PK9BC,5,1,http://www.wikidata.org/wiki/Q14659
YJ8PK9BC,2,0,http://www.wikidata.org/wiki/Q86358573
YJ8PK9BC,3,3,http://www.wikidata.org/wiki/Q27
YJ8PK9BC,5,5,http://www.wikidata.org/wiki/Q155
YJ8PK9BC,6,0,http://www.wikidata.org/wiki/Q86358573
YJ8PK9BC,1,0,http://www.wikidata.org/wiki/Q61766215
YJ8PK9BC,4,3,http://www.wikidata.org/wiki/Q22890
YJ8PK9BC,2,2,http://www.wikidata.org/wiki/Q27
ATRP32AY,1,3,http://www.wikidata.org/wiki/Q171424
ATRP32AY,1,2,http://www.wikidata.org/wiki/Q142
ATRP32AY,2,2,http://www.wikidata.org/wiki/Q142
ATRP32AY,2,1,http://www.wikidata.org/wiki/Q69375
ATRP32AY,2,0,http://www.wikidata.org/wiki/Q171864
ATRP32AY,1,1,http://www.wikidata.org/wiki/Q69387
ATRP32AY,2,3,http://www.wikidata.org/wiki/Q171424
ATRP32AY,1,0,http://www.wikidata.org/wiki/Q171904
X9NL2EXZ,6,0,http://www.wikidata.org/wiki/Q169490
X9NL2EXZ,9,0,http://www.wikidata.org/wiki/Q1204638
X9NL2EXZ,20,0,http://www.wikidata.org/wiki/Q1204638
X9NL2EXZ,17,0,http://www.wikidata.org/wiki/Q169490
X9NL2EXZ,21,0,http://www.wikidata.org/wiki/Q169490
X9NL2EXZ,15,0,http://www.wikidata.org/wiki/Q1204638
X9NL2EXZ,4,0,http://www.wikidata.org/wiki/Q2511176
X9NL2EXZ,2,0,http://www.wikidata.org/wiki/Q2499088
X9NL2EXZ,1,0,http://www.wikidata.org/wiki/Q2511176
X9NL2EXZ,19,0,http://www.wikidata.org/wiki/Q1204638
X9NL2EXZ,3,0,http://www.wikidata.org/wiki/Q2499088
X9NL2EXZ,22,0,http://www.wikidata.org/wiki/Q169490
X9NL2EXZ,7,0,http://www.wikidata.org/wiki/Q1204638
X9NL2EXZ,16,0,http://www.wikidata.org/wiki/Q169490
X9NL2EXZ,13,0,http://www.wikidata.org/wiki/Q169490
X9NL2EXZ,14,0,http://www.wikidata.org/wiki/Q169490
X9NL2EXZ,12,0,http://www.wikidata.org/wiki/Q169490
X9NL2EXZ,18,0,http://www.wikidata.org/wiki/Q169490
X9NL2EXZ,5,0,http://www.wikidata.org/wiki/Q16688979
X9NL2EXZ,11,0,http://www.wikidata.org/wiki/Q1204638
X9NL2EXZ,8,0,http://www.wikidata.org/wiki/Q1204638
X9NL2EXZ,10,0,http://www.wikidata.org/wiki/Q1204638
O34UUFJA,5,2,http://www.wikidata.org/wiki/Q2080336
O34UUFJA,7,0,http://www.wikidata.org/wiki/Q377882
O34UUFJA,3,2,http://www.wikidata.org/wiki/Q10387684
O34UUFJA,3,0,http://www.wikidata.org/wiki/Q377882
O34UUFJA,5,0,http://www.wikidata.org/wiki/Q377882
O34UUFJA,4,2,http://www.wikidata.org/wiki/Q103891008
O34UUFJA,1,1,http://www.wikidata.org/wiki/Q34636
O34UUFJA,2,1,http://www.wikidata.org/wiki/Q176483
O34UUFJA,2,2,http://www.wikidata.org/wiki/Q10387684
O34UUFJA,2,0,http://www.wikidata.org/wiki/Q377882
O34UUFJA,3,1,http://www.wikidata.org/wiki/Q176483
O34UUFJA,5,1,http://www.wikidata.org/wiki/Q176483
O34UUFJA,1,0,http://www.wikidata.org/wiki/Q1183156
O34UUFJA,6,0,http://www.wikidata.org/wiki/Q377882
O34UUFJA,4,1,http://www.wikidata.org/wiki/Q176483
O34UUFJA,6,1,http://www.wikidata.org/wiki/Q176483
O34UUFJA,1,2,http://www.wikidata.org/wiki/Q11691318
O34UUFJA,4,0,http://www.wikidata.org/wiki/Q377882
O34UUFJA,6,2,http://www.wikidata.org/wiki/Q11691318
DN7S8E8U,4,0,http://www.wikidata.org/wiki/Q3860285
DN7S8E8U,6,1,http://www.wikidata.org/wiki/Q2878357
DN7S8E8U,5,0,http://www.wikidata.org/wiki/Q7332357
DN7S8E8U,5,2,http://www.wikidata.org/wiki/Q217527
DN7S8E8U,3,1,http://www.wikidata.org/wiki/Q2878357
DN7S8E8U,1,1,http://www.wikidata.org/wiki/Q1479784
DN7S8E8U,6,0,http://www.wikidata.org/wiki/Q7332357
DN7S8E8U,6,2,http://www.wikidata.org/wiki/Q217527
DN7S8E8U,3,2,http://www.wikidata.org/wiki/Q217527
DN7S8E8U,2,0,http://www.wikidata.org/wiki/Q3860285
DN7S8E8U,3,0,http://www.wikidata.org/wiki/Q3860285
DN7S8E8U,7,0,http://www.wikidata.org/wiki/Q7332357
DN7S8E8U,2,1,http://www.wikidata.org/wiki/Q2878357
DN7S8E8U,2,2,http://www.wikidata.org/wiki/Q217527
DN7S8E8U,5,1,http://www.wikidata.org/wiki/Q2878357
DN7S8E8U,4,1,http://www.wikidata.org/wiki/Q2878357
DN7S8E8U,7,1,http://www.wikidata.org/wiki/Q28783
DN7S8E8U,1,0,http://www.wikidata.org/wiki/Q7332357
DN7S8E8U,4,2,http://www.wikidata.org/wiki/Q217527
DN7S8E8U,1,2,http://www.wikidata.org/wiki/Q15180
AP0SWW5I,1,2,http://www.wikidata.org/wiki/Q1999572
AP0SWW5I,4,0,http://www.wikidata.org/wiki/Q106136553
AP0SWW5I,2,0,http://www.wikidata.org/wiki/Q1425645
AP0SWW5I,6,1,http://www.wikidata.org/wiki/Q26426
AP0SWW5I,3,1,http://www.wikidata.org/wiki/Q3488204
AP0SWW5I,1,1,http://www.wikidata.org/wiki/Q3537922
AP0SWW5I,3,2,http://www.wikidata.org/wiki/Q1999572
AP0SWW5I,5,1,http://www.wikidata.org/wiki/Q26426
AP0SWW5I,5,0,http://www.wikidata.org/wiki/Q109046039
AP0SWW5I,5,2,http://www.wikidata.org/wiki/Q1999572
AP0SWW5I,6,0,http://www.wikidata.org/wiki/Q109046034
AP0SWW5I,3,0,http://www.wikidata.org/wiki/Q1425645
AP0SWW5I,6,2,http://www.wikidata.org/wiki/Q199957
AP0SWW5I,2,2,http://www.wikidata.org/wiki/Q1999572
AP0SWW5I,2,1,http://www.wikidata.org/wiki/Q3488204
AP0SWW5I,4,1,http://www.wikidata.org/wiki/Q26426
AP0SWW5I,1,0,http://www.wikidata.org/wiki/Q1753254
AP0SWW5I,4,2,http://www.wikidata.org/wiki/Q1999572
VTRN1JGS,3,0,http://www.wikidata.org/wiki/Q27997208
VTRN1JGS,6,2,http://www.wikidata.org/wiki/Q122366
VTRN1JGS,3,2,http://www.wikidata.org/wiki/Q122367
VTRN1JGS,8,0,http://www.wikidata.org/wiki/Q22454780
VTRN1JGS,2,2,http://www.wikidata.org/wiki/Q122366
VTRN1JGS,1,0,http://www.wikidata.org/wiki/Q7618549
VTRN1JGS,6,1,http://www.wikidata.org/wiki/Q29539
VTRN1JGS,1,1,http://www.wikidata.org/wiki/Q167
VTRN1JGS,5,1,http://www.wikidata.org/wiki/Q29539
VTRN1JGS,9,1,http://www.wikidata.org/wiki/Q29539
VTRN1JGS,3,1,http://www.wikidata.org/wiki/Q29539
VTRN1JGS,2,0,http://www.wikidata.org/wiki/Q1762759
VTRN1JGS,6,0,http://www.wikidata.org/wiki/Q274397
VTRN1JGS,4,1,http://www.wikidata.org/wiki/Q29539
VTRN1JGS,4,0,http://www.wikidata.org/wiki/Q22454780
VTRN1JGS,1,2,http://www.wikidata.org/wiki/Q155907
VTRN1JGS,5,2,http://www.wikidata.org/wiki/Q122367
VTRN1JGS,5,0,http://www.wikidata.org/wiki/Q122366
VTRN1JGS,4,2,http://www.wikidata.org/wiki/Q122366
VTRN1JGS,9,0,http://www.wikidata.org/wiki/Q22454780
VTRN1JGS,7,0,http://www.wikidata.org/wiki/Q274397
VTRN1JGS,8,2,http://www.wikidata.org/wiki/Q122366
VTRN1JGS,7,1,http://www.wikidata.org/wiki/Q29539
VTRN1JGS,7,2,http://www.wikidata.org/wiki/Q122366
VTRN1JGS,8,1,http://www.wikidata.org/wiki/Q29539
VTRN1JGS,2,1,http://www.wikidata.org/wiki/Q29539
4VLRTY20,14,0,http://www.wikidata.org/wiki/Q2557191
4VLRTY20,8,0,http://www.wikidata.org/wiki/Q2610874
4VLRTY20,11,0,http://www.wikidata.org/wiki/Q2610874
4VLRTY20,12,0,http://www.wikidata.org/wiki/Q2557191
4VLRTY20,4,0,http://www.wikidata.org/wiki/Q26573195
4VLRTY20,6,0,http://www.wikidata.org/wiki/Q2557191
4VLRTY20,7,0,http://www.wikidata.org/wiki/Q26573195
4VLRTY20,15,0,http://www.wikidata.org/wiki/Q26573195
4VLRTY20,18,0,http://www.wikidata.org/wiki/Q2610874
4VLRTY20,17,0,http://www.wikidata.org/wiki/Q2610874
4VLRTY20,3,0,http://www.wikidata.org/wiki/Q2557191
4VLRTY20,23,0,http://www.wikidata.org/wiki/Q2557
4VLRTY20,5,0,http://www.wikidata.org/wiki/Q2610874
4VLRTY20,21,0,http://www.wikidata.org/wiki/Q2610874
4VLRTY20,2,0,http://www.wikidata.org/wiki/Q2610874
4VLRTY20,1,0,http://www.wikidata.org/wiki/Q2557191
4VLRTY20,10,0,http://www.wikidata.org/wiki/Q2610874
4VLRTY20,19,0,http://www.wikidata.org/wiki/Q2610874
4VLRTY20,9,0,http://www.wikidata.org/wiki/Q26573195
4VLRTY20,13,0,http://www.wikidata.org/wiki/Q2610874
4VLRTY20,22,0,http://www.wikidata.org/wiki/Q2557191
4VLRTY20,16,0,http://www.wikidata.org/wiki/Q26573195
4VLRTY20,20,0,http://www.wikidata.org/wiki/Q2610874
J0QQILBE,2,2,http://www.wikidata.org/wiki/Q23057114
J0QQILBE,2,0,http://www.wikidata.org/wiki/Q888749
J0QQILBE,1,0,http://www.wikidata.org/wiki/Q996094
J0QQILBE,2,1,http://www.wikidata.org/wiki/Q23057114
J0QQILBE,1,2,http://www.wikidata.org/wiki/Q996094
J0QQILBE,1,1,http://www.wikidata.org/wiki/Q996094
YUS6N7C4,1,0,http://www.wikidata.org/wiki/Q17267376
YUS6N7C4,1,1,http://www.wikidata.org/wiki/Q17297633
YUS6N7C4,2,1,http://www.wikidata.org/wiki/Q17297633
YUS6N7C4,2,0,http://www.wikidata.org/wiki/Q17300301
YUS6N7C4,3,0,http://www.wikidata.org/wiki/Q17300300
WRBKWP6J,23,0,http://www.wikidata.org/wiki/Q461
WRBKWP6J,12,0,http://www.wikidata.org/wiki/Q461
WRBKWP6J,6,0,http://www.wikidata.org/wiki/Q461
WRBKWP6J,18,0,http://www.wikidata.org/wiki/Q486332
WRBKWP6J,4,0,http://www.wikidata.org/wiki/Q486332
WRBKWP6J,9,0,http://www.wikidata.org/wiki/Q461
WRBKWP6J,15,0,http://www.wikidata.org/wiki/Q461
WRBKWP6J,5,0,http://www.wikidata.org/wiki/Q461
WRBKWP6J,19,0,http://www.wikidata.org/wiki/Q486332
WRBKWP6J,25,0,http://www.wikidata.org/wiki/Q461
WRBKWP6J,2,0,http://www.wikidata.org/wiki/Q486332
WRBKWP6J,11,0,http://www.wikidata.org/wiki/Q461
WRBKWP6J,16,0,http://www.wikidata.org/wiki/Q486332
WRBKWP6J,7,0,http://www.wikidata.org/wiki/Q461
WRBKWP6J,13,0,http://www.wikidata.org/wiki/Q461
WRBKWP6J,1,0,http://www.wikidata.org/wiki/Q181621
WRBKWP6J,24,0,http://www.wikidata.org/wiki/Q461
WRBKWP6J,3,0,http://www.wikidata.org/wiki/Q486332
WRBKWP6J,20,0,http://www.wikidata.org/wiki/Q486332
WRBKWP6J,14,0,http://www.wikidata.org/wiki/Q461
WRBKWP6J,22,0,http://www.wikidata.org/wiki/Q461
WRBKWP6J,27,0,http://www.wikidata.org/wiki/Q461
WRBKWP6J,10,0,http://www.wikidata.org/wiki/Q461
WRBKWP6J,26,0,http://www.wikidata.org/wiki/Q461
WRBKWP6J,8,0,http://www.wikidata.org/wiki/Q461
WRBKWP6J,17,0,http://www.wikidata.org/wiki/Q486332
WRBKWP6J,21,0,http://www.wikidata.org/wiki/Q461
15UPLCSW,3,2,http://www.wikidata.org/wiki/Q5305022
15UPLCSW,5,0,http://www.wikidata.org/wiki/Q2305013
15UPLCSW,8,0,http://www.wikidata.org/wiki/Q5305022
15UPLCSW,4,0,http://www.wikidata.org/wiki/Q2305013
15UPLCSW,5,2,http://www.wikidata.org/wiki/Q111572144
15UPLCSW,6,0,http://www.wikidata.org/wiki/Q2305013
15UPLCSW,4,2,http://www.wikidata.org/wiki/Q111572144
15UPLCSW,3,0,http://www.wikidata.org/wiki/Q556395
15UPLCSW,6,2,http://www.wikidata.org/wiki/Q5305022
15UPLCSW,2,0,http://www.wikidata.org/wiki/Q2305013
15UPLCSW,7,0,http://www.wikidata.org/wiki/Q5305022
15UPLCSW,8,2,http://www.wikidata.org/wiki/Q5305022
15UPLCSW,7,2,http://www.wikidata.org/wiki/Q5305022
15UPLCSW,1,0,http://www.wikidata.org/wiki/Q556395
PV5N9WQ2,18,0,http://www.wikidata.org/wiki/Q774015
PV5N9WQ2,19,0,http://www.wikidata.org/wiki/Q17474007
PV5N9WQ2,20,0,http://www.wikidata.org/wiki/Q774014
PV5N9WQ2,15,0,http://www.wikidata.org/wiki/Q774015
PV5N9WQ2,13,0,http://www.wikidata.org/wiki/Q17474007
PV5N9WQ2,7,0,http://www.wikidata.org/wiki/Q17474007
PV5N9WQ2,8,0,http://www.wikidata.org/wiki/Q17474007
PV5N9WQ2,21,0,http://www.wikidata.org/wiki/Q774015
PV5N9WQ2,12,0,http://www.wikidata.org/wiki/Q17474007
PV5N9WQ2,14,0,http://www.wikidata.org/wiki/Q774014
PV5N9WQ2,9,0,http://www.wikidata.org/wiki/Q17474007
PV5N9WQ2,16,0,http://www.wikidata.org/wiki/Q774015
PV5N9WQ2,2,0,http://www.wikidata.org/wiki/Q18463
PV5N9WQ2,22,0,http://www.wikidata.org/wiki/Q774014
PV5N9WQ2,11,0,http://www.wikidata.org/wiki/Q774014
PV5N9WQ2,6,0,http://www.wikidata.org/wiki/Q774014
PV5N9WQ2,17,0,http://www.wikidata.org/wiki/Q774014
PV5N9WQ2,1,0,http://www.wikidata.org/wiki/Q18463
PV5N9WQ2,3,0,http://www.wikidata.org/wiki/Q17474007
PV5N9WQ2,10,0,http://www.wikidata.org/wiki/Q774015
PV5N9WQ2,4,0,http://www.wikidata.org/wiki/Q774015
PV5N9WQ2,5,0,http://www.wikidata.org/wiki/Q774014
PV5N9WQ2,23,0,http://www.wikidata.org/wiki/Q774015
0TXRVPZA,3,2,http://www.wikidata.org/wiki/Q12549
0TXRVPZA,1,1,http://www.wikidata.org/wiki/Q864897
0TXRVPZA,3,3,http://www.wikidata.org/wiki/Q7695
0TXRVPZA,1,3,http://www.wikidata.org/wiki/Q7695
0TXRVPZA,2,0,http://www.wikidata.org/wiki/Q729477
0TXRVPZA,3,0,http://www.wikidata.org/wiki/Q269892
0TXRVPZA,2,1,http://www.wikidata.org/wiki/Q2912397
0TXRVPZA,2,2,http://www.wikidata.org/wiki/Q12549
0TXRVPZA,2,3,http://www.wikidata.org/wiki/Q7695
0TXRVPZA,3,1,http://www.wikidata.org/wiki/Q2912397
0TXRVPZA,1,2,http://www.wikidata.org/wiki/Q838284
0TXRVPZA,1,0,http://www.wikidata.org/wiki/Q269892
Z7DQMDYA,12,0,http://www.wikidata.org/wiki/Q11186
Z7DQMDYA,18,0,http://www.wikidata.org/wiki/Q1975720
Z7DQMDYA,6,0,http://www.wikidata.org/wiki/Q817605
Z7DQMDYA,15,0,http://www.wikidata.org/wiki/Q11186
Z7DQMDYA,16,0,http://www.wikidata.org/wiki/Q11186
Z7DQMDYA,13,0,http://www.wikidata.org/wiki/Q11186
Z7DQMDYA,17,0,http://www.wikidata.org/wiki/Q1975720
Z7DQMDYA,9,0,http://www.wikidata.org/wiki/Q1975720
Z7DQMDYA,20,0,http://www.wikidata.org/wiki/Q1975720
Z7DQMDYA,4,0,http://www.wikidata.org/wiki/Q817605
Z7DQMDYA,1,0,http://www.wikidata.org/wiki/Q1975720
Z7DQMDYA,10,0,http://www.wikidata.org/wiki/Q1975720
Z7DQMDYA,21,0,http://www.wikidata.org/wiki/Q1975720
Z7DQMDYA,14,0,http://www.wikidata.org/wiki/Q11186
Z7DQMDYA,5,0,http://www.wikidata.org/wiki/Q886485
Z7DQMDYA,24,0,http://www.wikidata.org/wiki/Q1975720
Z7DQMDYA,23,0,http://www.wikidata.org/wiki/Q1975720
Z7DQMDYA,7,0,http://www.wikidata.org/wiki/Q1975720
Z7DQMDYA,8,0,http://www.wikidata.org/wiki/Q886485
Z7DQMDYA,3,0,http://www.wikidata.org/wiki/Q817605
Z7DQMDYA,19,0,http://www.wikidata.org/wiki/Q1975720
Z7DQMDYA,11,0,http://www.wikidata.org/wiki/Q886485
Z7DQMDYA,2,0,http://www.wikidata.org/wiki/Q886485
Z7DQMDYA,22,0,http://www.wikidata.org/wiki/Q1975720
E3V1L7QG,11,0,http://www.wikidata.org/wiki/Q1743521
E3V1L7QG,20,0,http://www.wikidata.org/wiki/Q1884529
E3V1L7QG,1,0,http://www.wikidata.org/wiki/Q18845296
E3V1L7QG,16,0,http://www.wikidata.org/wiki/Q1743521
E3V1L7QG,14,0,http://www.wikidata.org/wiki/Q1743521
E3V1L7QG,7,0,http://www.wikidata.org/wiki/Q1743521
E3V1L7QG,3,0,http://www.wikidata.org/wiki/Q18845296
E3V1L7QG,15,0,http://www.wikidata.org/wiki/Q2210473
E3V1L7QG,9,0,http://www.wikidata.org/wiki/Q2210473
E3V1L7QG,6,0,http://www.wikidata.org/wiki/Q1743521
E3V1L7QG,2,0,http://www.wikidata.org/wiki/Q18845297
E3V1L7QG,5,0,http://www.wikidata.org/wiki/Q1743521
E3V1L7QG,10,0,http://www.wikidata.org/wiki/Q2210473
E3V1L7QG,4,0,http://www.wikidata.org/wiki/Q18845297
E3V1L7QG,13,0,http://www.wikidata.org/wiki/Q22487618
E3V1L7QG,8,0,http://www.wikidata.org/wiki/Q22487618
E3V1L7QG,12,0,http://www.wikidata.org/wiki/Q22487618
E3V1L7QG,19,0,http://www.wikidata.org/wiki/Q18845296
E3V1L7QG,17,0,http://www.wikidata.org/wiki/Q22487618
E3V1L7QG,18,0,http://www.wikidata.org/wiki/Q2210473
W133CO9K,12,0,http://www.wikidata.org/wiki/Q21814482
W133CO9K,8,0,http://www.wikidata.org/wiki/Q21814482
W133CO9K,13,0,http://www.wikidata.org/wiki/Q21814474
W133CO9K,6,0,http://www.wikidata.org/wiki/Q29589299
W133CO9K,3,0,http://www.wikidata.org/wiki/Q1213795
W133CO9K,18,0,http://www.wikidata.org/wiki/Q21814474
W133CO9K,10,0,http://www.wikidata.org/wiki/Q21814482
W133CO9K,4,0,http://www.wikidata.org/wiki/Q21814474
W133CO9K,7,0,http://www.wikidata.org/wiki/Q29589299
W133CO9K,15,0,http://www.wikidata.org/wiki/Q21814482
W133CO9K,19,0,http://www.wikidata.org/wiki/Q21814482
W133CO9K,14,0,http://www.wikidata.org/wiki/Q21814474
W133CO9K,9,0,http://www.wikidata.org/wiki/Q21814474
W133CO9K,1,0,http://www.wikidata.org/wiki/Q1806806
W133CO9K,20,0,http://www.wikidata.org/wiki/Q21814474
W133CO9K,2,0,http://www.wikidata.org/wiki/Q1743674
W133CO9K,11,0,http://www.wikidata.org/wiki/Q21814474
W133CO9K,16,0,http://www.wikidata.org/wiki/Q21814474
W133CO9K,17,0,http://www.wikidata.org/wiki/Q21814482
W133CO9K,5,0,http://www.wikidata.org/wiki/Q29365151
0DYRKX3V,2,0,http://www.wikidata.org/wiki/Q44843
0DYRKX3V,3,2,http://www.wikidata.org/wiki/Q11535363
0DYRKX3V,4,1,http://www.wikidata.org/wiki/Q11453854
0DYRKX3V,3,1,http://www.wikidata.org/wiki/Q11453854
0DYRKX3V,3,0,http://www.wikidata.org/wiki/Q11453825
0DYRKX3V,2,2,http://www.wikidata.org/wiki/Q11535358
0DYRKX3V,5,0,http://www.wikidata.org/wiki/Q11453825
0DYRKX3V,4,0,http://www.wikidata.org/wiki/Q11453825
0DYRKX3V,1,0,http://www.wikidata.org/wiki/Q47896
0DYRKX3V,5,2,http://www.wikidata.org/wiki/Q11535363
0DYRKX3V,5,1,http://www.wikidata.org/wiki/Q11453854
0DYRKX3V,4,2,http://www.wikidata.org/wiki/Q11535358
0DYRKX3V,1,2,http://www.wikidata.org/wiki/Q11453854
0DYRKX3V,2,1,http://www.wikidata.org/wiki/Q10375928
0DYRKX3V,1,1,http://www.wikidata.org/wiki/Q10375927
N74NI5N0,3,2,http://www.wikidata.org/wiki/Q169260
N74NI5N0,8,1,http://www.wikidata.org/wiki/Q239303
N74NI5N0,2,0,http://www.wikidata.org/wiki/Q834991
N74NI5N0,3,0,http://www.wikidata.org/wiki/Q4000101
N74NI5N0,7,2,http://www.wikidata.org/wiki/Q169260
N74NI5N0,4,1,http://www.wikidata.org/wiki/Q632682
N74NI5N0,5,0,http://www.wikidata.org/wiki/Q4947589
N74NI5N0,2,2,http://www.wikidata.org/wiki/Q169260
N74NI5N0,1,1,http://www.wikidata.org/wiki/Q239303
N74NI5N0,8,0,http://www.wikidata.org/wiki/Q250230
N74NI5N0,7,0,http://www.wikidata.org/wiki/Q4947589
N74NI5N0,8,2,http://www.wikidata.org/wiki/Q169260
N74NI5N0,5,1,http://www.wikidata.org/wiki/Q632682
N74NI5N0,6,1,http://www.wikidata.org/wiki/Q632682
N74NI5N0,4,0,http://www.wikidata.org/wiki/Q4947589
N74NI5N0,1,0,http://www.wikidata.org/wiki/Q250230
N74NI5N0,4,2,http://www.wikidata.org/wiki/Q169260
N74NI5N0,9,0,http://www.wikidata.org/wiki/Q4947589
N74NI5N0,3,1,http://www.wikidata.org/wiki/Q632682
N74NI5N0,5,2,http://www.wikidata.org/wiki/Q169260
N74NI5N0,6,0,http://www.wikidata.org/wiki/Q4947589
N74NI5N0,2,1,http://www.wikidata.org/wiki/Q632682
N74NI5N0,6,2,http://www.wikidata.org/wiki/Q169260
N74NI5N0,1,2,http://www.wikidata.org/wiki/Q1042768
N74NI5N0,7,1,http://www.wikidata.org/wiki/Q632682
DRFJK5ZX,4,0,http://www.wikidata.org/wiki/Q4121533
DRFJK5ZX,11,1,http://www.wikidata.org/wiki/Q10491
DRFJK5ZX,5,0,http://www.wikidata.org/wiki/Q4121536
DRFJK5ZX,1,0,http://www.wikidata.org/wiki/Q2080761
DRFJK5ZX,4,1,http://www.wikidata.org/wiki/Q10491
DRFJK5ZX,9,1,http://www.wikidata.org/wiki/Q10491
DRFJK5ZX,7,1,http://www.wikidata.org/wiki/Q10491
DRFJK5ZX,8,1,http://www.wikidata.org/wiki/Q10491
DRFJK5ZX,7,0,http://www.wikidata.org/wiki/Q4121319
DRFJK5ZX,9,0,http://www.wikidata.org/wiki/Q4121749
DRFJK5ZX,8,0,http://www.wikidata.org/wiki/Q4121319
DRFJK5ZX,3,0,http://www.wikidata.org/wiki/Q18844898
DRFJK5ZX,10,0,http://www.wikidata.org/wiki/Q4121536
DRFJK5ZX,3,1,http://www.wikidata.org/wiki/Q753
DRFJK5ZX,2,1,http://www.wikidata.org/wiki/Q753
DRFJK5ZX,6,0,http://www.wikidata.org/wiki/Q4121749
DRFJK5ZX,2,0,http://www.wikidata.org/wiki/Q18844899
DRFJK5ZX,11,0,http://www.wikidata.org/wiki/Q4121319
DRFJK5ZX,10,1,http://www.wikidata.org/wiki/Q10491
DRFJK5ZX,6,1,http://www.wikidata.org/wiki/Q10491
DRFJK5ZX,1,1,http://www.wikidata.org/wiki/Q753
DRFJK5ZX,5,1,http://www.wikidata.org/wiki/Q10491
N3Z9O5BA,2,2,http://www.wikidata.org/wiki/Q1573493
N3Z9O5BA,11,2,http://www.wikidata.org/wiki/Q1036216
N3Z9O5BA,3,2,http://www.wikidata.org/wiki/Q1573493
N3Z9O5BA,5,0,http://www.wikidata.org/wiki/Q1120081
N3Z9O5BA,9,2,http://www.wikidata.org/wiki/Q1036216
N3Z9O5BA,6,0,http://www.wikidata.org/wiki/Q1120081
N3Z9O5BA,1,0,http://www.wikidata.org/wiki/Q584557
N3Z9O5BA,8,2,http://www.wikidata.org/wiki/Q1036216
N3Z9O5BA,9,0,http://www.wikidata.org/wiki/Q1120081
N3Z9O5BA,3,0,http://www.wikidata.org/wiki/Q584557
N3Z9O5BA,7,0,http://www.wikidata.org/wiki/Q1120081
N3Z9O5BA,4,2,http://www.wikidata.org/wiki/Q1573493
N3Z9O5BA,10,0,http://www.wikidata.org/wiki/Q1120081
N3Z9O5BA,2,0,http://www.wikidata.org/wiki/Q34356
N3Z9O5BA,8,0,http://www.wikidata.org/wiki/Q1120081
N3Z9O5BA,5,2,http://www.wikidata.org/wiki/Q1036216
N3Z9O5BA,11,0,http://www.wikidata.org/wiki/Q1120081
N3Z9O5BA,6,2,http://www.wikidata.org/wiki/Q1036216
N3Z9O5BA,10,2,http://www.wikidata.org/wiki/Q1036216
N3Z9O5BA,4,0,http://www.wikidata.org/wiki/Q584557
N3Z9O5BA,7,2,http://www.wikidata.org/wiki/Q1036216
Y7QGWJU8,5,2,http://www.wikidata.org/wiki/Q492159
Y7QGWJU8,7,1,http://www.wikidata.org/wiki/Q203
Y7QGWJU8,4,1,http://www.wikidata.org/wiki/Q203
Y7QGWJU8,9,0,http://www.wikidata.org/wiki/Q2977338
Y7QGWJU8,6,1,http://www.wikidata.org/wiki/Q203
Y7QGWJU8,2,1,http://www.wikidata.org/wiki/Q203
Y7QGWJU8,4,2,http://www.wikidata.org/wiki/Q492159
Y7QGWJU8,7,2,http://www.wikidata.org/wiki/Q492159
Y7QGWJU8,8,1,http://www.wikidata.org/wiki/Q203
Y7QGWJU8,6,0,http://www.wikidata.org/wiki/Q41254518
Y7QGWJU8,3,1,http://www.wikidata.org/wiki/Q203
Y7QGWJU8,5,0,http://www.wikidata.org/wiki/Q41254518
Y7QGWJU8,8,2,http://www.wikidata.org/wiki/Q492159
Y7QGWJU8,9,2,http://www.wikidata.org/wiki/Q492159
Y7QGWJU8,4,0,http://www.wikidata.org/wiki/Q2977338
Y7QGWJU8,1,1,http://www.wikidata.org/wiki/Q46135
Y7QGWJU8,2,0,http://www.wikidata.org/wiki/Q2977338
Y7QGWJU8,7,0,http://www.wikidata.org/wiki/Q41254518
Y7QGWJU8,10,0,http://www.wikidata.org/wiki/Q2977338
Y7QGWJU8,1,0,http://www.wikidata.org/wiki/Q2275355
Y7QGWJU8,3,2,http://www.wikidata.org/wiki/Q492159
Y7QGWJU8,3,0,http://www.wikidata.org/wiki/Q2977339
Y7QGWJU8,5,1,http://www.wikidata.org/wiki/Q203
Y7QGWJU8,6,2,http://www.wikidata.org/wiki/Q492159
Y7QGWJU8,9,1,http://www.wikidata.org/wiki/Q203
Y7QGWJU8,8,0,http://www.wikidata.org/wiki/Q2977339
S7Q4B2J9,6,0,http://www.wikidata.org/wiki/Q1781
S7Q4B2J9,5,0,http://www.wikidata.org/wiki/Q1781
S7Q4B2J9,2,0,http://www.wikidata.org/wiki/Q260063
S7Q4B2J9,9,2,http://www.wikidata.org/wiki/Q1788
S7Q4B2J9,1,2,http://www.wikidata.org/wiki/Q1781
S7Q4B2J9,2,2,http://www.wikidata.org/wiki/Q1788
S7Q4B2J9,6,2,http://www.wikidata.org/wiki/Q1788
S7Q4B2J9,11,0,http://www.wikidata.org/wiki/Q1781
S7Q4B2J9,7,2,http://www.wikidata.org/wiki/Q1788
S7Q4B2J9,10,2,http://www.wikidata.org/wiki/Q1788
S7Q4B2J9,9,0,http://www.wikidata.org/wiki/Q1781
S7Q4B2J9,3,2,http://www.wikidata.org/wiki/Q1781
S7Q4B2J9,7,0,http://www.wikidata.org/wiki/Q1781
S7Q4B2J9,3,0,http://www.wikidata.org/wiki/Q1788
S7Q4B2J9,4,0,http://www.wikidata.org/wiki/Q1781
S7Q4B2J9,5,2,http://www.wikidata.org/wiki/Q1788
S7Q4B2J9,4,2,http://www.wikidata.org/wiki/Q1788
S7Q4B2J9,8,2,http://www.wikidata.org/wiki/Q1788
S7Q4B2J9,10,0,http://www.wikidata.org/wiki/Q1781
S7Q4B2J9,8,0,http://www.wikidata.org/wiki/Q1781
S7Q4B2J9,1,0,http://www.wikidata.org/wiki/Q114742325
RIIJJF2C,2,1,http://www.wikidata.org/wiki/Q29565112
RIIJJF2C,3,2,http://www.wikidata.org/wiki/Q12372121
RIIJJF2C,3,0,http://www.wikidata.org/wiki/Q65687491
RIIJJF2C,4,2,http://www.wikidata.org/wiki/Q12372120
RIIJJF2C,5,0,http://www.wikidata.org/wiki/Q65687491
RIIJJF2C,4,0,http://www.wikidata.org/wiki/Q65687491
RIIJJF2C,4,1,http://www.wikidata.org/wiki/Q63105770
RIIJJF2C,6,0,http://www.wikidata.org/wiki/Q65687491
RIIJJF2C,2,0,http://www.wikidata.org/wiki/Q49275187
RIIJJF2C,1,0,http://www.wikidata.org/wiki/Q63105770
RIIJJF2C,5,2,http://www.wikidata.org/wiki/Q12372121
RIIJJF2C,5,1,http://www.wikidata.org/wiki/Q63105770
RIIJJF2C,1,1,http://www.wikidata.org/wiki/Q49275187
RIIJJF2C,3,1,http://www.wikidata.org/wiki/Q27903871
WKF7IXJ9,1,0,http://www.wikidata.org/wiki/Q58925169
WKF7IXJ9,2,2,http://www.wikidata.org/wiki/Q58925169
WKF7IXJ9,2,0,http://www.wikidata.org/wiki/Q58925167
WKF7IXJ9,1,1,http://www.wikidata.org/wiki/Q29
WKF7IXJ9,1,2,http://www.wikidata.org/wiki/Q58925170
WKF7IXJ9,3,0,http://www.wikidata.org/wiki/Q58925167
WKF7IXJ9,2,1,http://www.wikidata.org/wiki/Q29
0HDAA9LO,5,3,http://www.wikidata.org/wiki/Q30658
0HDAA9LO,2,2,http://www.wikidata.org/wiki/Q197248
0HDAA9LO,2,0,http://www.wikidata.org/wiki/Q18845495
0HDAA9LO,8,2,http://www.wikidata.org/wiki/Q30606488
0HDAA9LO,6,2,http://www.wikidata.org/wiki/Q30606488
0HDAA9LO,1,0,http://www.wikidata.org/wiki/Q18845497
0HDAA9LO,4,3,http://www.wikidata.org/wiki/Q30658
0HDAA9LO,6,3,http://www.wikidata.org/wiki/Q30658
0HDAA9LO,1,2,http://www.wikidata.org/wiki/Q197248
0HDAA9LO,3,3,http://www.wikidata.org/wiki/Q30658
0HDAA9LO,4,2,http://www.wikidata.org/wiki/Q30606488
0HDAA9LO,5,0,http://www.wikidata.org/wiki/Q124712963
0HDAA9LO,6,0,http://www.wikidata.org/wiki/Q11609302
0HDAA9LO,5,2,http://www.wikidata.org/wiki/Q30606488
0HDAA9LO,8,0,http://www.wikidata.org/wiki/Q124712963
0HDAA9LO,2,3,http://www.wikidata.org/wiki/Q30658
0HDAA9LO,4,0,http://www.wikidata.org/wiki/Q18614045
0HDAA9LO,3,2,http://www.wikidata.org/wiki/Q30658
0HDAA9LO,3,0,http://www.wikidata.org/wiki/Q18845495
0HDAA9LO,7,3,http://www.wikidata.org/wiki/Q30658
0HDAA9LO,7,2,http://www.wikidata.org/wiki/Q30606488
0HDAA9LO,7,0,http://www.wikidata.org/wiki/Q110651473
Y5AA8V2Z,18,0,http://www.wikidata.org/wiki/Q16556309
Y5AA8V2Z,4,0,http://www.wikidata.org/wiki/Q1873437
Y5AA8V2Z,6,0,http://www.wikidata.org/wiki/Q1807309
Y5AA8V2Z,2,0,http://www.wikidata.org/wiki/Q16556244
Y5AA8V2Z,1,0,http://www.wikidata.org/wiki/Q16556309
Y5AA8V2Z,7,0,http://www.wikidata.org/wiki/Q16556244
Y5AA8V2Z,8,0,http://www.wikidata.org/wiki/Q16556309
Y5AA8V2Z,19,0,http://www.wikidata.org/wiki/Q16556244
Y5AA8V2Z,14,0,http://www.wikidata.org/wiki/Q16556244
Y5AA8V2Z,13,0,http://www.wikidata.org/wiki/Q1873437
Y5AA8V2Z,11,0,http://www.wikidata.org/wiki/Q1873437
Y5AA8V2Z,9,0,http://www.wikidata.org/wiki/Q16556244
Y5AA8V2Z,17,0,http://www.wikidata.org/wiki/Q16556309
Y5AA8V2Z,15,0,http://www.wikidata.org/wiki/Q16556309
Y5AA8V2Z,3,0,http://www.wikidata.org/wiki/Q1807309
Y5AA8V2Z,16,0,http://www.wikidata.org/wiki/Q16556244
Y5AA8V2Z,10,0,http://www.wikidata.org/wiki/Q4599326
Y5AA8V2Z,12,0,http://www.wikidata.org/wiki/Q1873437
Y5AA8V2Z,5,0,http://www.wikidata.org/wiki/Q1873437
Y5AA8V2Z,20,0,http://www.wikidata.org/wiki/Q16556244
JO0ZQL4H,2,2,http://www.wikidata.org/wiki/Q40056
JO0ZQL4H,10,1,http://www.wikidata.org/wiki/Q190686
JO0ZQL4H,5,1,http://www.wikidata.org/wiki/Q190686
JO0ZQL4H,1,0,http://www.wikidata.org/wiki/Q15810910
JO0ZQL4H,6,0,http://www.wikidata.org/wiki/Q15262084
JO0ZQL4H,7,2,http://www.wikidata.org/wiki/Q40056
JO0ZQL4H,3,1,http://www.wikidata.org/wiki/Q190686
JO0ZQL4H,6,2,http://www.wikidata.org/wiki/Q40056
JO0ZQL4H,8,1,http://www.wikidata.org/wiki/Q190686
JO0ZQL4H,5,0,http://www.wikidata.org/wiki/Q15810910
JO0ZQL4H,7,1,http://www.wikidata.org/wiki/Q190686
JO0ZQL4H,6,1,http://www.wikidata.org/wiki/Q190686
JO0ZQL4H,4,2,http://www.wikidata.org/wiki/Q40056
JO0ZQL4H,3,2,http://www.wikidata.org/wiki/Q40056
JO0ZQL4H,1,1,http://www.wikidata.org/wiki/Q190686
JO0ZQL4H,7,0,http://www.wikidata.org/wiki/Q15810910
JO0ZQL4H,1,2,http://www.wikidata.org/wiki/Q40056
JO0ZQL4H,3,0,http://www.wikidata.org/wiki/Q15810910
JO0ZQL4H,9,1,http://www.wikidata.org/wiki/Q190686
JO0ZQL4H,9,0,http://www.wikidata.org/wiki/Q15810910
JO0ZQL4H,2,0,http://www.wikidata.org/wiki/Q15262084
JO0ZQL4H,10,0,http://www.wikidata.org/wiki/Q15262084
JO0ZQL4H,4,0,http://www.wikidata.org/wiki/Q15262084
JO0ZQL4H,2,1,http://www.wikidata.org/wiki/Q190686
JO0ZQL4H,4,1,http://www.wikidata.org/wiki/Q190686
JO0ZQL4H,9,2,http://www.wikidata.org/wiki/Q40056
JO0ZQL4H,8,0,http://www.wikidata.org/wiki/Q15262084
JO0ZQL4H,8,2,http://www.wikidata.org/wiki/Q40056
JO0ZQL4H,5,2,http://www.wikidata.org/wiki/Q40056
JO0ZQL4H,10,2,http://www.wikidata.org/wiki/Q40056
09Z5ITZZ,15,0,http://www.wikidata.org/wiki/Q111536752
09Z5ITZZ,8,0,http://www.wikidata.org/wiki/Q111536752
09Z5ITZZ,19,0,http://www.wikidata.org/wiki/Q57416750
09Z5ITZZ,1,0,http://www.wikidata.org/wiki/Q1141720
09Z5ITZZ,9,0,http://www.wikidata.org/wiki/Q111536752
09Z5ITZZ,7,0,http://www.wikidata.org/wiki/Q111536752
09Z5ITZZ,11,0,http://www.wikidata.org/wiki/Q61787566
09Z5ITZZ,10,0,http://www.wikidata.org/wiki/Q111536752
09Z5ITZZ,17,0,http://www.wikidata.org/wiki/Q6357457
09Z5ITZZ,5,0,http://www.wikidata.org/wiki/Q111536752
09Z5ITZZ,20,0,http://www.wikidata.org/wiki/Q18357784
09Z5ITZZ,3,0,http://www.wikidata.org/wiki/Q111536752
09Z5ITZZ,6,0,http://www.wikidata.org/wiki/Q111536752
09Z5ITZZ,16,0,http://www.wikidata.org/wiki/Q111536752
09Z5ITZZ,12,0,http://www.wikidata.org/wiki/Q61778265
09Z5ITZZ,4,0,http://www.wikidata.org/wiki/Q574990
09Z5ITZZ,13,0,http://www.wikidata.org/wiki/Q6357457
09Z5ITZZ,18,0,http://www.wikidata.org/wiki/Q111536752
09Z5ITZZ,2,0,http://www.wikidata.org/wiki/Q1009440
09Z5ITZZ,14,0,http://www.wikidata.org/wiki/Q63522470
W3HQJ82T,8,0,http://www.wikidata.org/wiki/Q3775257
W3HQJ82T,17,0,http://www.wikidata.org/wiki/Q3114100
W3HQJ82T,14,0,http://www.wikidata.org/wiki/Q3114100
W3HQJ82T,18,0,http://www.wikidata.org/wiki/Q3775257
W3HQJ82T,4,0,http://www.wikidata.org/wiki/Q3114100
W3HQJ82T,5,0,http://www.wikidata.org/wiki/Q3775257
W3HQJ82T,19,0,http://www.wikidata.org/wiki/Q3775257
W3HQJ82T,13,0,http://www.wikidata.org/wiki/Q3775255
W3HQJ82T,3,0,http://www.wikidata.org/wiki/Q3775255
W3HQJ82T,9,0,http://www.wikidata.org/wiki/Q3114100
W3HQJ82T,1,0,http://www.wikidata.org/wiki/Q3775257
W3HQJ82T,10,0,http://www.wikidata.org/wiki/Q3775255
W3HQJ82T,11,0,http://www.wikidata.org/wiki/Q3775257
W3HQJ82T,16,0,http://www.wikidata.org/wiki/Q3775255
W3HQJ82T,7,0,http://www.wikidata.org/wiki/Q3775255
W3HQJ82T,6,0,http://www.wikidata.org/wiki/Q3114100
W3HQJ82T,12,0,http://www.wikidata.org/wiki/Q3114100
W3HQJ82T,2,0,http://www.wikidata.org/wiki/Q3114100
W3HQJ82T,15,0,http://www.wikidata.org/wiki/Q3775255
R3GVK0V3,5,1,http://www.wikidata.org/wiki/Q129421
R3GVK0V3,3,1,http://www.wikidata.org/wiki/Q129421
R3GVK0V3,4,2,http://www.wikidata.org/wiki/Q1934380
R3GVK0V3,1,2,http://www.wikidata.org/wiki/Q1934380
R3GVK0V3,4,1,http://www.wikidata.org/wiki/Q2700124
R3GVK0V3,2,0,http://www.wikidata.org/wiki/Q5020447
R3GVK0V3,3,2,http://www.wikidata.org/wiki/Q228113
R3GVK0V3,2,2,http://www.wikidata.org/wiki/Q228113
R3GVK0V3,1,1,http://www.wikidata.org/wiki/Q2700124
R3GVK0V3,1,0,http://www.wikidata.org/wiki/Q51955019
R3GVK0V3,2,1,http://www.wikidata.org/wiki/Q174710
R3GVK0V3,5,0,http://www.wikidata.org/wiki/Q5020447
R3GVK0V3,3,0,http://www.wikidata.org/wiki/Q5020447
R3GVK0V3,4,0,http://www.wikidata.org/wiki/Q51955019
6NCYQ3W3,10,0,http://www.wikidata.org/wiki/Q1454122
6NCYQ3W3,19,0,http://www.wikidata.org/wiki/Q65182057
6NCYQ3W3,4,0,http://www.wikidata.org/wiki/Q1454122
6NCYQ3W3,1,0,http://www.wikidata.org/wiki/Q2224915
6NCYQ3W3,6,0,http://www.wikidata.org/wiki/Q1454942
6NCYQ3W3,14,0,http://www.wikidata.org/wiki/Q65182057
6NCYQ3W3,11,0,http://www.wikidata.org/wiki/Q1454942
6NCYQ3W3,18,0,http://www.wikidata.org/wiki/Q65182057
6NCYQ3W3,8,0,http://www.wikidata.org/wiki/Q1454942
6NCYQ3W3,12,0,http://www.wikidata.org/wiki/Q1454942
6NCYQ3W3,9,0,http://www.wikidata.org/wiki/Q1454942
6NCYQ3W3,3,0,http://www.wikidata.org/wiki/Q23986556
6NCYQ3W3,16,0,http://www.wikidata.org/wiki/Q1454942
6NCYQ3W3,15,0,http://www.wikidata.org/wiki/Q1454942
6NCYQ3W3,17,0,http://www.wikidata.org/wiki/Q65182057
6NCYQ3W3,7,0,http://www.wikidata.org/wiki/Q1454122
6NCYQ3W3,13,0,http://www.wikidata.org/wiki/Q65182057
6NCYQ3W3,5,0,http://www.wikidata.org/wiki/Q1454942
6NCYQ3W3,2,0,http://www.wikidata.org/wiki/Q2224914
ETGWPD7G,3,1,http://www.wikidata.org/wiki/Q14286506
ETGWPD7G,2,3,http://www.wikidata.org/wiki/Q454639
ETGWPD7G,5,0,http://www.wikidata.org/wiki/Q2735204
ETGWPD7G,5,3,http://www.wikidata.org/wiki/Q454639
ETGWPD7G,6,0,http://www.wikidata.org/wiki/Q2735204
ETGWPD7G,1,0,http://www.wikidata.org/wiki/Q4540831
ETGWPD7G,4,3,http://www.wikidata.org/wiki/Q454639
ETGWPD7G,4,0,http://www.wikidata.org/wiki/Q2735205
ETGWPD7G,5,1,http://www.wikidata.org/wiki/Q14286506
ETGWPD7G,3,3,http://www.wikidata.org/wiki/Q454639
ETGWPD7G,6,1,http://www.wikidata.org/wiki/Q2532125
ETGWPD7G,7,0,http://www.wikidata.org/wiki/Q2735204
ETGWPD7G,2,0,http://www.wikidata.org/wiki/Q2466685
ETGWPD7G,2,1,http://www.wikidata.org/wiki/Q14286504
ETGWPD7G,1,1,http://www.wikidata.org/wiki/Q2545661
ETGWPD7G,6,3,http://www.wikidata.org/wiki/Q490619
ETGWPD7G,7,1,http://www.wikidata.org/wiki/Q2532125
ETGWPD7G,1,3,http://www.wikidata.org/wiki/Q490619
ETGWPD7G,3,0,http://www.wikidata.org/wiki/Q2466685
ETGWPD7G,4,1,http://www.wikidata.org/wiki/Q2735204
D62P73S0,1,2,http://www.wikidata.org/wiki/Q23436
D62P73S0,6,2,http://www.wikidata.org/wiki/Q4131
D62P73S0,4,2,http://www.wikidata.org/wiki/Q4131
D62P73S0,9,2,http://www.wikidata.org/wiki/Q4131
D62P73S0,15,0,http://www.wikidata.org/wiki/Q209142
D62P73S0,14,0,http://www.wikidata.org/wiki/Q209142
D62P73S0,3,0,http://www.wikidata.org/wiki/Q11120
D62P73S0,5,2,http://www.wikidata.org/wiki/Q4131
D62P73S0,10,0,http://www.wikidata.org/wiki/Q209142
D62P73S0,13,2,http://www.wikidata.org/wiki/Q4131
D62P73S0,6,0,http://www.wikidata.org/wiki/Q207783
D62P73S0,12,2,http://www.wikidata.org/wiki/Q4131
D62P73S0,4,0,http://www.wikidata.org/wiki/Q207783
D62P73S0,13,0,http://www.wikidata.org/wiki/Q209142
D62P73S0,9,0,http://www.wikidata.org/wiki/Q207783
D62P73S0,10,2,http://www.wikidata.org/wiki/Q4131
D62P73S0,2,2,http://www.wikidata.org/wiki/Q4131
D62P73S0,8,2,http://www.wikidata.org/wiki/Q4131
D62P73S0,8,0,http://www.wikidata.org/wiki/Q209142
D62P73S0,5,0,http://www.wikidata.org/wiki/Q11120
D62P73S0,3,2,http://www.wikidata.org/wiki/Q4131
D62P73S0,12,0,http://www.wikidata.org/wiki/Q207783
D62P73S0,7,0,http://www.wikidata.org/wiki/Q209142
D62P73S0,1,0,http://www.wikidata.org/wiki/Q207783
D62P73S0,11,2,http://www.wikidata.org/wiki/Q4131
D62P73S0,7,2,http://www.wikidata.org/wiki/Q4131
D62P73S0,11,0,http://www.wikidata.org/wiki/Q209142
D62P73S0,14,2,http://www.wikidata.org/wiki/Q4131
D62P73S0,2,0,http://www.wikidata.org/wiki/Q11120
KRKRHZW7,3,1,http://www.wikidata.org/wiki/Q30805
KRKRHZW7,5,0,http://www.wikidata.org/wiki/Q116368770
KRKRHZW7,7,0,http://www.wikidata.org/wiki/Q12244698
KRKRHZW7,4,0,http://www.wikidata.org/wiki/Q26805768
KRKRHZW7,8,1,http://www.wikidata.org/wiki/Q30805
KRKRHZW7,6,0,http://www.wikidata.org/wiki/Q111142234
KRKRHZW7,2,1,http://www.wikidata.org/wiki/Q30805
KRKRHZW7,9,1,http://www.wikidata.org/wiki/Q30805
KRKRHZW7,8,0,http://www.wikidata.org/wiki/Q111142234
KRKRHZW7,6,1,http://www.wikidata.org/wiki/Q30805
KRKRHZW7,4,1,http://www.wikidata.org/wiki/Q30805
KRKRHZW7,9,0,http://www.wikidata.org/wiki/Q26805768
KRKRHZW7,2,0,http://www.wikidata.org/wiki/Q6866455
KRKRHZW7,3,0,http://www.wikidata.org/wiki/Q111142225
KRKRHZW7,1,1,http://www.wikidata.org/wiki/Q30805
KRKRHZW7,1,0,http://www.wikidata.org/wiki/Q12244698
KRKRHZW7,7,1,http://www.wikidata.org/wiki/Q30805
KRKRHZW7,5,1,http://www.wikidata.org/wiki/Q30805
64R4KY12,5,1,http://www.wikidata.org/wiki/Q2815225
64R4KY12,6,0,http://www.wikidata.org/wiki/Q28844771
64R4KY12,2,0,http://www.wikidata.org/wiki/Q193176
64R4KY12,1,1,http://www.wikidata.org/wiki/Q5676672
64R4KY12,3,0,http://www.wikidata.org/wiki/Q2815225
64R4KY12,2,1,http://www.wikidata.org/wiki/Q5676672
64R4KY12,7,0,http://www.wikidata.org/wiki/Q2845751
64R4KY12,1,0,http://www.wikidata.org/wiki/Q2845751
64R4KY12,8,1,http://www.wikidata.org/wiki/Q2815225
64R4KY12,3,1,http://www.wikidata.org/wiki/Q11
64R4KY12,4,0,http://www.wikidata.org/wiki/Q2845824
64R4KY12,6,2,http://www.wikidata.org/wiki/Q5676680
64R4KY12,5,0,http://www.wikidata.org/wiki/Q28844771
64R4KY12,3,2,http://www.wikidata.org/wiki/Q5676680
64R4KY12,4,1,http://www.wikidata.org/wiki/Q11
64R4KY12,4,2,http://www.wikidata.org/wiki/Q5676680
64R4KY12,7,1,http://www.wikidata.org/wiki/Q2815225
64R4KY12,8,0,http://www.wikidata.org/wiki/Q28844771
64R4KY12,5,2,http://www.wikidata.org/wiki/Q5676680
64R4KY12,7,2,http://www.wikidata.org/wiki/Q5676680
64R4KY12,6,1,http://www.wikidata.org/wiki/Q2815225
63YYBEJL,4,0,http://www.wikidata.org/wiki/Q85056912
63YYBEJL,5,0,http://www.wikidata.org/wiki/Q87526638
63YYBEJL,3,0,http://www.wikidata.org/wiki/Q85056917
63YYBEJL,2,0,http://www.wikidata.org/wiki/Q85056912
63YYBEJL,7,3,http://www.wikidata.org/wiki/Q26974
63YYBEJL,9,3,http://www.wikidata.org/wiki/Q26976
63YYBEJL,9,0,http://www.wikidata.org/wiki/Q4926
63YYBEJL,10,0,http://www.wikidata.org/wiki/Q4926
63YYBEJL,7,0,http://www.wikidata.org/wiki/Q23999446
63YYBEJL,3,3,http://www.wikidata.org/wiki/Q604397
63YYBEJL,8,0,http://www.wikidata.org/wiki/Q26976
63YYBEJL,6,3,http://www.wikidata.org/wiki/Q26976
63YYBEJL,6,0,http://www.wikidata.org/wiki/Q4926
63YYBEJL,1,0,http://www.wikidata.org/wiki/Q85056917
63YYBEJL,5,3,http://www.wikidata.org/wiki/Q604397
63YYBEJL,8,3,http://www.wikidata.org/wiki/Q26974
8JE962PA,8,0,http://www.wikidata.org/wiki/Q670
8JE962PA,21,0,http://www.wikidata.org/wiki/Q670
8JE962PA,20,0,http://www.wikidata.org/wiki/Q670
8JE962PA,4,0,http://www.wikidata.org/wiki/Q670
8JE962PA,3,0,http://www.wikidata.org/wiki/Q663
8JE962PA,13,0,http://www.wikidata.org/wiki/Q663
8JE962PA,7,0,http://www.wikidata.org/wiki/Q663
8JE962PA,6,0,http://www.wikidata.org/wiki/Q670
8JE962PA,29,0,http://www.wikidata.org/wiki/Q663
8JE962PA,10,0,http://www.wikidata.org/wiki/Q670
8JE962PA,9,0,http://www.wikidata.org/wiki/Q663
8JE962PA,1,0,http://www.wikidata.org/wiki/Q670
8JE962PA,19,0,http://www.wikidata.org/wiki/Q670
8JE962PA,23,0,http://www.wikidata.org/wiki/Q663
8JE962PA,28,0,http://www.wikidata.org/wiki/Q670
8JE962PA,25,0,http://www.wikidata.org/wiki/Q670
8JE962PA,17,0,http://www.wikidata.org/wiki/Q670
8JE962PA,2,0,http://www.wikidata.org/wiki/Q663
8JE962PA,14,0,http://www.wikidata.org/wiki/Q670
8JE962PA,16,0,http://www.wikidata.org/wiki/Q663
8JE962PA,11,0,http://www.wikidata.org/wiki/Q670
8JE962PA,22,0,http://www.wikidata.org/wiki/Q663
8JE962PA,24,0,http://www.wikidata.org/wiki/Q670
8JE962PA,26,0,http://www.wikidata.org/wiki/Q670
8JE962PA,27,0,http://www.wikidata.org/wiki/Q663
8JE962PA,12,0,http://www.wikidata.org/wiki/Q670
8JE962PA,5,0,http://www.wikidata.org/wiki/Q663
8JE962PA,15,0,http://www.wikidata.org/wiki/Q670
8JE962PA,18,0,http://www.wikidata.org/wiki/Q663
2C6UUN8A,1,1,http://www.wikidata.org/wiki/Q1434732
2C6UUN8A,5,0,http://www.wikidata.org/wiki/Q3003985
2C6UUN8A,4,2,http://www.wikidata.org/wiki/Q31
2C6UUN8A,2,2,http://www.wikidata.org/wiki/Q159
2C6UUN8A,3,0,http://www.wikidata.org/wiki/Q64798261
2C6UUN8A,6,2,http://www.wikidata.org/wiki/Q31
2C6UUN8A,1,0,http://www.wikidata.org/wiki/Q3003985
2C6UUN8A,6,1,http://www.wikidata.org/wiki/Q31
2C6UUN8A,1,2,http://www.wikidata.org/wiki/Q31
2C6UUN8A,5,2,http://www.wikidata.org/wiki/Q31
2C6UUN8A,4,1,http://www.wikidata.org/wiki/Q31
2C6UUN8A,4,0,http://www.wikidata.org/wiki/Q31
2C6UUN8A,3,1,http://www.wikidata.org/wiki/Q18869
2C6UUN8A,6,0,http://www.wikidata.org/wiki/Q31
2C6UUN8A,2,0,http://www.wikidata.org/wiki/Q834521
2C6UUN8A,3,2,http://www.wikidata.org/wiki/Q159
2C6UUN8A,5,1,http://www.wikidata.org/wiki/Q1434732
2C6UUN8A,2,1,http://www.wikidata.org/wiki/Q18869
2C6UUN8A,7,0,http://www.wikidata.org/wiki/Q3
TL1K7RTD,12,0,http://www.wikidata.org/wiki/Q338194
TL1K7RTD,13,0,http://www.wikidata.org/wiki/Q338194
TL1K7RTD,10,0,http://www.wikidata.org/wiki/Q338194
TL1K7RTD,17,0,http://www.wikidata.org/wiki/Q338194
TL1K7RTD,18,0,http://www.wikidata.org/wiki/Q338194
TL1K7RTD,8,0,http://www.wikidata.org/wiki/Q338194
TL1K7RTD,3,0,http://www.wikidata.org/wiki/Q311661
TL1K7RTD,2,0,http://www.wikidata.org/wiki/Q311661
TL1K7RTD,9,0,http://www.wikidata.org/wiki/Q311661
TL1K7RTD,7,0,http://www.wikidata.org/wiki/Q311661
TL1K7RTD,15,0,http://www.wikidata.org/wiki/Q338194
TL1K7RTD,11,0,http://www.wikidata.org/wiki/Q338194
TL1K7RTD,4,0,http://www.wikidata.org/wiki/Q311661
TL1K7RTD,16,0,http://www.wikidata.org/wiki/Q338194
TL1K7RTD,1,0,http://www.wikidata.org/wiki/Q338194
TL1K7RTD,6,0,http://www.wikidata.org/wiki/Q338194
TL1K7RTD,5,0,http://www.wikidata.org/wiki/Q338194
TL1K7RTD,14,0,http://www.wikidata.org/wiki/Q338194
8R0WR800,2,0,http://www.wikidata.org/wiki/Q62117815
8R0WR800,3,0,http://www.wikidata.org/wiki/Q62117816
8R0WR800,1,0,http://www.wikidata.org/wiki/Q62117828
GUW364P0,3,2,http://www.wikidata.org/wiki/Q22253967
GUW364P0,1,0,http://www.wikidata.org/wiki/Q58194895
GUW364P0,4,0,http://www.wikidata.org/wiki/Q58175347
GUW364P0,3,1,http://www.wikidata.org/wiki/Q22253967
GUW364P0,3,0,http://www.wikidata.org/wiki/Q58194098
GUW364P0,2,1,http://www.wikidata.org/wiki/Q22253989
GUW364P0,4,2,http://www.wikidata.org/wiki/Q22253943
GUW364P0,2,2,http://www.wikidata.org/wiki/Q22253943
GUW364P0,2,0,http://www.wikidata.org/wiki/Q58194317
GUW364P0,4,1,http://www.wikidata.org/wiki/Q22253943
GUW364P0,1,1,http://www.wikidata.org/wiki/Q22254018
GUW364P0,1,2,http://www.wikidata.org/wiki/Q22253967
SJG7PC2C,12,0,http://www.wikidata.org/wiki/Q1184539
SJG7PC2C,3,1,http://www.wikidata.org/wiki/Q1345
SJG7PC2C,13,1,http://www.wikidata.org/wiki/Q1345
SJG7PC2C,1,1,http://www.wikidata.org/wiki/Q14685447
SJG7PC2C,11,0,http://www.wikidata.org/wiki/Q1184539
SJG7PC2C,5,1,http://www.wikidata.org/wiki/Q1345
SJG7PC2C,7,0,http://www.wikidata.org/wiki/Q1184539
SJG7PC2C,8,1,http://www.wikidata.org/wiki/Q14685447
SJG7PC2C,7,1,http://www.wikidata.org/wiki/Q1345
SJG7PC2C,9,1,http://www.wikidata.org/wiki/Q1345
SJG7PC2C,11,1,http://www.wikidata.org/wiki/Q1345
SJG7PC2C,13,0,http://www.wikidata.org/wiki/Q1184539
SJG7PC2C,10,1,http://www.wikidata.org/wiki/Q1345
SJG7PC2C,6,0,http://www.wikidata.org/wiki/Q1181846
SJG7PC2C,2,1,http://www.wikidata.org/wiki/Q1345
SJG7PC2C,1,0,http://www.wikidata.org/wiki/Q1181846
SJG7PC2C,4,1,http://www.wikidata.org/wiki/Q14685447
SJG7PC2C,2,0,http://www.wikidata.org/wiki/Q1184538
SJG7PC2C,8,0,http://www.wikidata.org/wiki/Q1181846
SJG7PC2C,12,1,http://www.wikidata.org/wiki/Q1345
SJG7PC2C,9,0,http://www.wikidata.org/wiki/Q1184539
SJG7PC2C,4,0,http://www.wikidata.org/wiki/Q1181846
SJG7PC2C,3,0,http://www.wikidata.org/wiki/Q1184539
SJG7PC2C,6,1,http://www.wikidata.org/wiki/Q14685447
SJG7PC2C,5,0,http://www.wikidata.org/wiki/Q1184539
SJG7PC2C,10,0,http://www.wikidata.org/wiki/Q1184539
JQDF4PUM,6,1,http://www.wikidata.org/wiki/Q48204
JQDF4PUM,7,0,http://www.wikidata.org/wiki/Q3591553
JQDF4PUM,2,2,http://www.wikidata.org/wiki/Q103659
JQDF4PUM,1,0,http://www.wikidata.org/wiki/Q10499430
JQDF4PUM,2,1,http://www.wikidata.org/wiki/Q48204
JQDF4PUM,4,1,http://www.wikidata.org/wiki/Q48204
JQDF4PUM,5,1,http://www.wikidata.org/wiki/Q48204
JQDF4PUM,1,2,http://www.wikidata.org/wiki/Q103691
JQDF4PUM,3,1,http://www.wikidata.org/wiki/Q48204
JQDF4PUM,4,2,http://www.wikidata.org/wiki/Q103691
JQDF4PUM,1,1,http://www.wikidata.org/wiki/Q48204
JQDF4PUM,7,1,http://www.wikidata.org/wiki/Q48204
JQDF4PUM,5,2,http://www.wikidata.org/wiki/Q103659
JQDF4PUM,3,0,http://www.wikidata.org/wiki/Q10499432
JQDF4PUM,4,0,http://www.wikidata.org/wiki/Q10516328
JQDF4PUM,2,0,http://www.wikidata.org/wiki/Q10499431
JQDF4PUM,7,2,http://www.wikidata.org/wiki/Q103659
JQDF4PUM,6,0,http://www.wikidata.org/wiki/Q10516328
JQDF4PUM,6,2,http://www.wikidata.org/wiki/Q103659
JQDF4PUM,5,0,http://www.wikidata.org/wiki/Q3591553
JQDF4PUM,3,2,http://www.wikidata.org/wiki/Q103659
IMGXHD8F,4,2,http://www.wikidata.org/wiki/Q204408
IMGXHD8F,4,0,http://www.wikidata.org/wiki/Q58635348
IMGXHD8F,5,2,http://www.wikidata.org/wiki/Q204408
IMGXHD8F,7,1,http://www.wikidata.org/wiki/Q1789476
IMGXHD8F,7,0,http://www.wikidata.org/wiki/Q58635348
IMGXHD8F,5,1,http://www.wikidata.org/wiki/Q58635348
IMGXHD8F,6,1,http://www.wikidata.org/wiki/Q638
IMGXHD8F,7,2,http://www.wikidata.org/wiki/Q204408
IMGXHD8F,4,1,http://www.wikidata.org/wiki/Q1141419
IMGXHD8F,1,2,http://www.wikidata.org/wiki/Q638
IMGXHD8F,2,2,http://www.wikidata.org/wiki/Q204408
IMGXHD8F,2,1,http://www.wikidata.org/wiki/Q2986428
IMGXHD8F,1,1,http://www.wikidata.org/wiki/Q1789476
IMGXHD8F,5,0,http://www.wikidata.org/wiki/Q58527996
IMGXHD8F,6,0,http://www.wikidata.org/wiki/Q1141419
IMGXHD8F,6,2,http://www.wikidata.org/wiki/Q204408
IMGXHD8F,3,2,http://www.wikidata.org/wiki/Q204408
IMGXHD8F,3,1,http://www.wikidata.org/wiki/Q1789476
IMGXHD8F,2,0,http://www.wikidata.org/wiki/Q7781629
IMGXHD8F,1,0,http://www.wikidata.org/wiki/Q251609
IMGXHD8F,3,0,http://www.wikidata.org/wiki/Q58527996
K3YNUI4G,9,0,http://www.wikidata.org/wiki/Q2695585
K3YNUI4G,3,0,http://www.wikidata.org/wiki/Q11887931
K3YNUI4G,7,0,http://www.wikidata.org/wiki/Q116951737
K3YNUI4G,6,0,http://www.wikidata.org/wiki/Q26662284
K3YNUI4G,4,0,http://www.wikidata.org/wiki/Q26617334
K3YNUI4G,3,2,http://www.wikidata.org/wiki/Q104326444
K3YNUI4G,2,0,http://www.wikidata.org/wiki/Q11888451
K3YNUI4G,1,0,http://www.wikidata.org/wiki/Q11887856
K3YNUI4G,5,2,http://www.wikidata.org/wiki/Q26617334
K3YNUI4G,5,0,http://www.wikidata.org/wiki/Q26662284
K3YNUI4G,2,2,http://www.wikidata.org/wiki/Q104326444
K3YNUI4G,8,0,http://www.wikidata.org/wiki/Q2695585
K3YNUI4G,4,2,http://www.wikidata.org/wiki/Q104326442
K3YNUI4G,7,2,http://www.wikidata.org/wiki/Q26662284
K3YNUI4G,8,2,http://www.wikidata.org/wiki/Q2695585
K3YNUI4G,6,2,http://www.wikidata.org/wiki/Q26617334
XUZPEV3Q,3,2,http://www.wikidata.org/wiki/Q20664530
XUZPEV3Q,1,2,http://www.wikidata.org/wiki/Q20664530
XUZPEV3Q,3,1,http://www.wikidata.org/wiki/Q1902766
XUZPEV3Q,1,1,http://www.wikidata.org/wiki/Q1813722
XUZPEV3Q,1,0,http://www.wikidata.org/wiki/Q1902768
XUZPEV3Q,2,0,http://www.wikidata.org/wiki/Q918598
XUZPEV3Q,3,0,http://www.wikidata.org/wiki/Q19819759
XUZPEV3Q,2,1,http://www.wikidata.org/wiki/Q1902766
XUZPEV3Q,2,2,http://www.wikidata.org/wiki/Q208505
3DSMSKHF,2,1,http://www.wikidata.org/wiki/Q1568567
3DSMSKHF,3,2,http://www.wikidata.org/wiki/Q23091463
3DSMSKHF,1,1,http://www.wikidata.org/wiki/Q19558910
3DSMSKHF,2,2,http://www.wikidata.org/wiki/Q23164049
3DSMSKHF,3,1,http://www.wikidata.org/wiki/Q1568567
3DSMSKHF,2,0,http://www.wikidata.org/wiki/Q18345376
3DSMSKHF,1,0,http://www.wikidata.org/wiki/Q23091469
3DSMSKHF,1,2,http://www.wikidata.org/wiki/Q23091470
3DSMSKHF,3,0,http://www.wikidata.org/wiki/Q18882380
JWGLPTPB,6,0,http://www.wikidata.org/wiki/Q4818823
JWGLPTPB,5,0,http://www.wikidata.org/wiki/Q486071
JWGLPTPB,19,0,http://www.wikidata.org/wiki/Q486067
JWGLPTPB,1,0,http://www.wikidata.org/wiki/Q486071
JWGLPTPB,12,0,http://www.wikidata.org/wiki/Q486071
JWGLPTPB,18,0,http://www.wikidata.org/wiki/Q4818823
JWGLPTPB,21,0,http://www.wikidata.org/wiki/Q486067
JWGLPTPB,11,0,http://www.wikidata.org/wiki/Q4818823
JWGLPTPB,14,0,http://www.wikidata.org/wiki/Q486071
JWGLPTPB,9,0,http://www.wikidata.org/wiki/Q4818823
JWGLPTPB,4,0,http://www.wikidata.org/wiki/Q486067
JWGLPTPB,17,0,http://www.wikidata.org/wiki/Q4818823
JWGLPTPB,22,0,http://www.wikidata.org/wiki/Q486071
JWGLPTPB,10,0,http://www.wikidata.org/wiki/Q486067
JWGLPTPB,23,0,http://www.wikidata.org/wiki/Q4860
JWGLPTPB,7,0,http://www.wikidata.org/wiki/Q4818823
JWGLPTPB,16,0,http://www.wikidata.org/wiki/Q4818823
JWGLPTPB,8,0,http://www.wikidata.org/wiki/Q486071
JWGLPTPB,15,0,http://www.wikidata.org/wiki/Q486067
JWGLPTPB,3,0,http://www.wikidata.org/wiki/Q486071
JWGLPTPB,20,0,http://www.wikidata.org/wiki/Q486071
JWGLPTPB,2,0,http://www.wikidata.org/wiki/Q486067
JWGLPTPB,13,0,http://www.wikidata.org/wiki/Q486067
TFJEPREG,1,2,http://www.wikidata.org/wiki/Q2954740
TFJEPREG,1,1,http://www.wikidata.org/wiki/Q2100
TFJEPREG,3,0,http://www.wikidata.org/wiki/Q2954761
TFJEPREG,2,1,http://www.wikidata.org/wiki/Q40840
TFJEPREG,3,2,http://www.wikidata.org/wiki/Q2748256
TFJEPREG,2,2,http://www.wikidata.org/wiki/Q2748256
TFJEPREG,3,1,http://www.wikidata.org/wiki/Q40840
TFJEPREG,2,0,http://www.wikidata.org/wiki/Q2954761
TFJEPREG,1,0,http://www.wikidata.org/wiki/Q2954738
BWLCR5QP,3,2,http://www.wikidata.org/wiki/Q131566
BWLCR5QP,3,3,http://www.wikidata.org/wiki/Q1586184
BWLCR5QP,3,9,http://www.wikidata.org/wiki/Q1586184
BWLCR5QP,1,0,http://www.wikidata.org/wiki/Q1124149
BWLCR5QP,3,11,http://www.wikidata.org/wiki/Q1124149
BWLCR5QP,3,17,http://www.wikidata.org/wiki/Q1124149
BWLCR5QP,3,16,http://www.wikidata.org/wiki/Q1124149
BWLCR5QP,3,6,http://www.wikidata.org/wiki/Q1586184
BWLCR5QP,3,12,http://www.wikidata.org/wiki/Q1586184
BWLCR5QP,3,10,http://www.wikidata.org/wiki/Q1124149
BWLCR5QP,1,2,http://www.wikidata.org/wiki/Q1586184
BWLCR5QP,3,4,http://www.wikidata.org/wiki/Q131566
BWLCR5QP,3,14,http://www.wikidata.org/wiki/Q1124149
BWLCR5QP,2,2,http://www.wikidata.org/wiki/Q30265609
BWLCR5QP,3,0,http://www.wikidata.org/wiki/Q30338149
BWLCR5QP,3,5,http://www.wikidata.org/wiki/Q1124149
BWLCR5QP,3,13,http://www.wikidata.org/wiki/Q1124149
BWLCR5QP,3,7,http://www.wikidata.org/wiki/Q30265594
BWLCR5QP,3,15,http://www.wikidata.org/wiki/Q1586184
BWLCR5QP,2,0,http://www.wikidata.org/wiki/Q131566
BWLCR5QP,3,8,http://www.wikidata.org/wiki/Q1124149
0W570SQO,2,2,http://www.wikidata.org/wiki/Q142
0W570SQO,7,1,http://www.wikidata.org/wiki/Q142
0W570SQO,4,2,http://www.wikidata.org/wiki/Q142
0W570SQO,5,2,http://www.wikidata.org/wiki/Q142
0W570SQO,8,2,http://www.wikidata.org/wiki/Q142
0W570SQO,2,1,http://www.wikidata.org/wiki/Q142
0W570SQO,2,0,http://www.wikidata.org/wiki/Q756887
0W570SQO,4,1,http://www.wikidata.org/wiki/Q724
0W570SQO,8,1,http://www.wikidata.org/wiki/Q142
0W570SQO,3,1,http://www.wikidata.org/wiki/Q142
0W570SQO,4,0,http://www.wikidata.org/wiki/Q724
0W570SQO,7,2,http://www.wikidata.org/wiki/Q142
0W570SQO,5,1,http://www.wikidata.org/wiki/Q142
0W570SQO,8,0,http://www.wikidata.org/wiki/Q724
0W570SQO,5,0,http://www.wikidata.org/wiki/Q724
0W570SQO,1,2,http://www.wikidata.org/wiki/Q142
0W570SQO,9,2,http://www.wikidata.org/wiki/Q142
0W570SQO,6,1,http://www.wikidata.org/wiki/Q142
0W570SQO,9,1,http://www.wikidata.org/wiki/Q142
0W570SQO,9,0,http://www.wikidata.org/wiki/Q724
0W570SQO,3,0,http://www.wikidata.org/wiki/Q756886
0W570SQO,1,0,http://www.wikidata.org/wiki/Q846312
0W570SQO,6,2,http://www.wikidata.org/wiki/Q142
0W570SQO,7,0,http://www.wikidata.org/wiki/Q724
0W570SQO,3,2,http://www.wikidata.org/wiki/Q142
0W570SQO,6,0,http://www.wikidata.org/wiki/Q724
0W570SQO,1,1,http://www.wikidata.org/wiki/Q21604923
TINKN8VH,15,0,http://www.wikidata.org/wiki/Q1759827
TINKN8VH,18,0,http://www.wikidata.org/wiki/Q2558750
TINKN8VH,13,0,http://www.wikidata.org/wiki/Q5645952
TINKN8VH,16,0,http://www.wikidata.org/wiki/Q2558750
TINKN8VH,9,0,http://www.wikidata.org/wiki/Q3939371
TINKN8VH,6,0,http://www.wikidata.org/wiki/Q315820
TINKN8VH,7,0,http://www.wikidata.org/wiki/Q315820
TINKN8VH,10,0,http://www.wikidata.org/wiki/Q3939371
TINKN8VH,3,0,http://www.wikidata.org/wiki/Q722241
TINKN8VH,17,0,http://www.wikidata.org/wiki/Q2558752
TINKN8VH,12,0,http://www.wikidata.org/wiki/Q5645952
TINKN8VH,14,0,http://www.wikidata.org/wiki/Q1759827
TINKN8VH,20,0,http://www.wikidata.org/wiki/Q491873
TINKN8VH,2,0,http://www.wikidata.org/wiki/Q315820
TINKN8VH,4,0,http://www.wikidata.org/wiki/Q315820
TINKN8VH,11,0,http://www.wikidata.org/wiki/Q3939371
TINKN8VH,19,0,http://www.wikidata.org/wiki/Q315820
TINKN8VH,1,0,http://www.wikidata.org/wiki/Q722241
TINKN8VH,5,0,http://www.wikidata.org/wiki/Q722241
TINKN8VH,8,0,http://www.wikidata.org/wiki/Q3939371
1C9VGS8U,3,3,http://www.wikidata.org/wiki/Q31
1C9VGS8U,1,0,http://www.wikidata.org/wiki/Q15874695
1C9VGS8U,1,2,http://www.wikidata.org/wiki/Q2675417
1C9VGS8U,3,0,http://www.wikidata.org/wiki/Q66739334
1C9VGS8U,2,2,http://www.wikidata.org/wiki/Q78075294
1C9VGS8U,2,3,http://www.wikidata.org/wiki/Q31
1C9VGS8U,3,2,http://www.wikidata.org/wiki/Q78075294
1C9VGS8U,1,3,http://www.wikidata.org/wiki/Q31
1C9VGS8U,2,0,http://www.wikidata.org/wiki/Q81921743
CL4RRCZM,3,1,http://www.wikidata.org/wiki/Q414651
CL4RRCZM,1,1,http://www.wikidata.org/wiki/Q22571
CL4RRCZM,3,2,http://www.wikidata.org/wiki/Q49944000
CL4RRCZM,3,10,http://www.wikidata.org/wiki/Q414651
CL4RRCZM,3,7,http://www.wikidata.org/wiki/Q414651
CL4RRCZM,3,17,http://www.wikidata.org/wiki/Q41
CL4RRCZM,3,15,http://www.wikidata.org/wiki/Q414651
CL4RRCZM,3,13,http://www.wikidata.org/wiki/Q414651
CL4RRCZM,3,9,http://www.wikidata.org/wiki/Q414651
CL4RRCZM,3,0,http://www.wikidata.org/wiki/Q26321998
CL4RRCZM,3,11,http://www.wikidata.org/wiki/Q49944000
CL4RRCZM,3,4,http://www.wikidata.org/wiki/Q49944000
CL4RRCZM,3,3,http://www.wikidata.org/wiki/Q414651
CL4RRCZM,3,6,http://www.wikidata.org/wiki/Q22571
CL4RRCZM,2,0,http://www.wikidata.org/wiki/Q4537469
CL4RRCZM,3,16,http://www.wikidata.org/wiki/Q26321998
CL4RRCZM,3,8,http://www.wikidata.org/wiki/Q49944000
CL4RRCZM,2,1,http://www.wikidata.org/wiki/Q414651
CL4RRCZM,3,12,http://www.wikidata.org/wiki/Q22571
CL4RRCZM,3,14,http://www.wikidata.org/wiki/Q22571
CL4RRCZM,3,5,http://www.wikidata.org/wiki/Q414651
CL4RRCZM,1,0,http://www.wikidata.org/wiki/Q15503298
M15FLK65,4,0,http://www.wikidata.org/wiki/Q760224
M15FLK65,11,3,http://www.wikidata.org/wiki/Q200
M15FLK65,2,3,http://www.wikidata.org/wiki/Q172533
M15FLK65,7,3,http://www.wikidata.org/wiki/Q200891
M15FLK65,10,3,http://www.wikidata.org/wiki/Q216363
M15FLK65,11,0,http://www.wikidata.org/wiki/Q997421
M15FLK65,6,0,http://www.wikidata.org/wiki/Q997421
M15FLK65,1,3,http://www.wikidata.org/wiki/Q216363
M15FLK65,8,3,http://www.wikidata.org/wiki/Q216363
M15FLK65,7,0,http://www.wikidata.org/wiki/Q997421
M15FLK65,8,0,http://www.wikidata.org/wiki/Q760224
M15FLK65,3,0,http://www.wikidata.org/wiki/Q172533
M15FLK65,9,0,http://www.wikidata.org/wiki/Q760224
M15FLK65,5,3,http://www.wikidata.org/wiki/Q200891
M15FLK65,4,3,http://www.wikidata.org/wiki/Q216363
M15FLK65,2,0,http://www.wikidata.org/wiki/Q997421
M15FLK65,10,0,http://www.wikidata.org/wiki/Q760224
M15FLK65,6,3,http://www.wikidata.org/wiki/Q200891
M15FLK65,3,3,http://www.wikidata.org/wiki/Q200891
M15FLK65,9,3,http://www.wikidata.org/wiki/Q200891
M15FLK65,1,0,http://www.wikidata.org/wiki/Q760224
M15FLK65,5,0,http://www.wikidata.org/wiki/Q997421
LDVOUD4V,2,1,http://www.wikidata.org/wiki/Q29457570
LDVOUD4V,2,0,http://www.wikidata.org/wiki/Q1241568
LDVOUD4V,1,1,http://www.wikidata.org/wiki/Q16177603
LDVOUD4V,1,0,http://www.wikidata.org/wiki/Q50390
K3KALO5Q,7,0,http://www.wikidata.org/wiki/Q4820850
K3KALO5Q,1,3,http://www.wikidata.org/wiki/Q11331506
K3KALO5Q,7,3,http://www.wikidata.org/wiki/Q11331506
K3KALO5Q,1,1,http://www.wikidata.org/wiki/Q764812
K3KALO5Q,2,0,http://www.wikidata.org/wiki/Q6194458
K3KALO5Q,7,1,http://www.wikidata.org/wiki/Q764812
K3KALO5Q,3,3,http://www.wikidata.org/wiki/Q2472136
K3KALO5Q,8,1,http://www.wikidata.org/wiki/Q764812
K3KALO5Q,6,3,http://www.wikidata.org/wiki/Q112531866
K3KALO5Q,8,0,http://www.wikidata.org/wiki/Q4820850
K3KALO5Q,1,0,http://www.wikidata.org/wiki/Q4820851
K3KALO5Q,6,0,http://www.wikidata.org/wiki/Q2472136
K3KALO5Q,8,3,http://www.wikidata.org/wiki/Q11331506
K3KALO5Q,4,3,http://www.wikidata.org/wiki/Q2472136
K3KALO5Q,2,3,http://www.wikidata.org/wiki/Q2472136
K3KALO5Q,2,1,http://www.wikidata.org/wiki/Q865365
K3KALO5Q,3,1,http://www.wikidata.org/wiki/Q22017476
K3KALO5Q,6,1,http://www.wikidata.org/wiki/Q22017476
K3KALO5Q,3,0,http://www.wikidata.org/wiki/Q23726353
K3KALO5Q,4,1,http://www.wikidata.org/wiki/Q22017476
K3KALO5Q,5,1,http://www.wikidata.org/wiki/Q22017476
K3KALO5Q,9,0,http://www.wikidata.org/wiki/Q4820851
K3KALO5Q,9,1,http://www.wikidata.org/wiki/Q764812
K3KALO5Q,5,0,http://www.wikidata.org/wiki/Q23726353
K3KALO5Q,5,3,http://www.wikidata.org/wiki/Q112531866
K3KALO5Q,4,0,http://www.wikidata.org/wiki/Q23726353
YPEEQ7HG,1,2,http://www.wikidata.org/wiki/Q117320655
YPEEQ7HG,3,0,http://www.wikidata.org/wiki/Q1342013
YPEEQ7HG,1,3,http://www.wikidata.org/wiki/Q117320655
YPEEQ7HG,2,0,http://www.wikidata.org/wiki/Q1342013
YPEEQ7HG,2,3,http://www.wikidata.org/wiki/Q117320655
YPEEQ7HG,1,0,http://www.wikidata.org/wiki/Q865528
YPEEQ7HG,2,4,http://www.wikidata.org/wiki/Q1342013
YPEEQ7HG,3,3,http://www.wikidata.org/wiki/Q117320655
YPEEQ7HG,3,2,http://www.wikidata.org/wiki/Q117320655
YPEEQ7HG,3,4,http://www.wikidata.org/wiki/Q1342013
YPEEQ7HG,2,2,http://www.wikidata.org/wiki/Q117320655
YPEEQ7HG,1,4,http://www.wikidata.org/wiki/Q1342013
3YEC2FAR,2,0,http://www.wikidata.org/wiki/Q22921870
3YEC2FAR,2,2,http://www.wikidata.org/wiki/Q238723
3YEC2FAR,4,2,http://www.wikidata.org/wiki/Q238723
3YEC2FAR,5,2,http://www.wikidata.org/wiki/Q238723
3YEC2FAR,3,0,http://www.wikidata.org/wiki/Q22924436
3YEC2FAR,1,1,http://www.wikidata.org/wiki/Q1496833
3YEC2FAR,1,2,http://www.wikidata.org/wiki/Q230127
3YEC2FAR,6,0,http://www.wikidata.org/wiki/Q22924436
3YEC2FAR,2,1,http://www.wikidata.org/wiki/Q3451594
3YEC2FAR,6,1,http://www.wikidata.org/wiki/Q116271128
3YEC2FAR,4,1,http://www.wikidata.org/wiki/Q3451594
3YEC2FAR,4,0,http://www.wikidata.org/wiki/Q22924438
3YEC2FAR,6,2,http://www.wikidata.org/wiki/Q238723
3YEC2FAR,3,2,http://www.wikidata.org/wiki/Q238723
3YEC2FAR,1,0,http://www.wikidata.org/wiki/Q22924437
3YEC2FAR,3,1,http://www.wikidata.org/wiki/Q3451594
3YEC2FAR,5,0,http://www.wikidata.org/wiki/Q22921800
3YEC2FAR,5,1,http://www.wikidata.org/wiki/Q116271128
DUGQ4GMB,2,2,http://www.wikidata.org/wiki/Q31
DUGQ4GMB,1,2,http://www.wikidata.org/wiki/Q31
DUGQ4GMB,1,0,http://www.wikidata.org/wiki/Q2660216
DUGQ4GMB,1,1,http://www.wikidata.org/wiki/Q13512176
DUGQ4GMB,3,0,http://www.wikidata.org/wiki/Q2791310
DUGQ4GMB,2,0,http://www.wikidata.org/wiki/Q27913105
DUGQ4GMB,2,1,http://www.wikidata.org/wiki/Q27913104
9PR3YGUV,3,2,http://www.wikidata.org/wiki/Q22214115
9PR3YGUV,1,2,http://www.wikidata.org/wiki/Q218109
9PR3YGUV,2,0,http://www.wikidata.org/wiki/Q18286791
9PR3YGUV,2,2,http://www.wikidata.org/wiki/Q22214125
9PR3YGUV,1,0,http://www.wikidata.org/wiki/Q16497003
9PR3YGUV,3,0,http://www.wikidata.org/wiki/Q17305694
9PR3YGUV,1,1,http://www.wikidata.org/wiki/Q27569
9PR3YGUV,3,1,http://www.wikidata.org/wiki/Q228685
9PR3YGUV,2,1,http://www.wikidata.org/wiki/Q228685
P6E3X5U7,1,0,http://www.wikidata.org/wiki/Q1798085
P6E3X5U7,1,2,http://www.wikidata.org/wiki/Q181792
P6E3X5U7,6,1,http://www.wikidata.org/wiki/Q36
P6E3X5U7,3,0,http://www.wikidata.org/wiki/Q107740958
P6E3X5U7,5,1,http://www.wikidata.org/wiki/Q36
P6E3X5U7,3,2,http://www.wikidata.org/wiki/Q57577
P6E3X5U7,5,2,http://www.wikidata.org/wiki/Q57577
P6E3X5U7,3,1,http://www.wikidata.org/wiki/Q36
P6E3X5U7,2,1,http://www.wikidata.org/wiki/Q36
P6E3X5U7,4,1,http://www.wikidata.org/wiki/Q36
P6E3X5U7,2,2,http://www.wikidata.org/wiki/Q57577
P6E3X5U7,4,2,http://www.wikidata.org/wiki/Q57577
P6E3X5U7,5,0,http://www.wikidata.org/wiki/Q26658
P6E3X5U7,6,0,http://www.wikidata.org/wiki/Q26668561
P6E3X5U7,4,0,http://www.wikidata.org/wiki/Q26668561
P6E3X5U7,2,0,http://www.wikidata.org/wiki/Q26658
P6E3X5U7,1,1,http://www.wikidata.org/wiki/Q28
P6E3X5U7,6,2,http://www.wikidata.org/wiki/Q57577
P2Z7CWK3,3,1,http://www.wikidata.org/wiki/Q5676680
P2Z7CWK3,1,2,http://www.wikidata.org/wiki/Q18002338
P2Z7CWK3,3,0,http://www.wikidata.org/wiki/Q1510144
P2Z7CWK3,1,1,http://www.wikidata.org/wiki/Q5676680
P2Z7CWK3,3,3,http://www.wikidata.org/wiki/Q20075
P2Z7CWK3,1,0,http://www.wikidata.org/wiki/Q13435464
P2Z7CWK3,3,2,http://www.wikidata.org/wiki/Q18002338
P2Z7CWK3,2,3,http://www.wikidata.org/wiki/Q20075
P2Z7CWK3,2,2,http://www.wikidata.org/wiki/Q18002338
P2Z7CWK3,2,0,http://www.wikidata.org/wiki/Q1510144
P2Z7CWK3,2,1,http://www.wikidata.org/wiki/Q5676680
WA4B6GJJ,2,1,http://www.wikidata.org/wiki/Q11256067
WA4B6GJJ,3,2,http://www.wikidata.org/wiki/Q11765106
WA4B6GJJ,1,2,http://www.wikidata.org/wiki/Q16573683
WA4B6GJJ,1,0,http://www.wikidata.org/wiki/Q16573683
WA4B6GJJ,5,0,http://www.wikidata.org/wiki/Q131272
WA4B6GJJ,3,1,http://www.wikidata.org/wiki/Q11256067
WA4B6GJJ,5,2,http://www.wikidata.org/wiki/Q131
WA4B6GJJ,2,2,http://www.wikidata.org/wiki/Q16573684
WA4B6GJJ,3,0,http://www.wikidata.org/wiki/Q11256067
WA4B6GJJ,4,2,http://www.wikidata.org/wiki/Q131272
WA4B6GJJ,2,0,http://www.wikidata.org/wiki/Q11765106
WA4B6GJJ,4,0,http://www.wikidata.org/wiki/Q131272
4LYBRNO2,2,0,http://www.wikidata.org/wiki/Q10300106
4LYBRNO2,3,0,http://www.wikidata.org/wiki/Q664952
4LYBRNO2,1,0,http://www.wikidata.org/wiki/Q66315876
6CHB7KNG,4,2,http://www.wikidata.org/wiki/Q2197
6CHB7KNG,6,2,http://www.wikidata.org/wiki/Q184053
6CHB7KNG,5,0,http://www.wikidata.org/wiki/Q3813
6CHB7KNG,9,2,http://www.wikidata.org/wiki/Q2197
6CHB7KNG,1,0,http://www.wikidata.org/wiki/Q4083354
6CHB7KNG,3,2,http://www.wikidata.org/wiki/Q2380457
6CHB7KNG,2,2,http://www.wikidata.org/wiki/Q2197
6CHB7KNG,6,0,http://www.wikidata.org/wiki/Q180194
6CHB7KNG,8,2,http://www.wikidata.org/wiki/Q2197
6CHB7KNG,5,2,http://www.wikidata.org/wiki/Q2380457
6CHB7KNG,10,2,http://www.wikidata.org/wiki/Q2197
6CHB7KNG,3,0,http://www.wikidata.org/wiki/Q3813
6CHB7KNG,9,0,http://www.wikidata.org/wiki/Q180194
6CHB7KNG,1,2,http://www.wikidata.org/wiki/Q37801
6CHB7KNG,2,0,http://www.wikidata.org/wiki/Q3552594
6CHB7KNG,12,2,http://www.wikidata.org/wiki/Q2
6CHB7KNG,12,0,http://www.wikidata.org/wiki/Q180194
6CHB7KNG,8,0,http://www.wikidata.org/wiki/Q180194
6CHB7KNG,11,2,http://www.wikidata.org/wiki/Q2380457
6CHB7KNG,11,0,http://www.wikidata.org/wiki/Q3813
6CHB7KNG,7,0,http://www.wikidata.org/wiki/Q184053
6CHB7KNG,4,0,http://www.wikidata.org/wiki/Q3552594
6CHB7KNG,7,2,http://www.wikidata.org/wiki/Q2197
6CHB7KNG,10,0,http://www.wikidata.org/wiki/Q184053
FMOD7W6Z,3,0,http://www.wikidata.org/wiki/Q406850
FMOD7W6Z,4,0,http://www.wikidata.org/wiki/Q450812
FMOD7W6Z,5,2,http://www.wikidata.org/wiki/Q22657
FMOD7W6Z,7,1,http://www.wikidata.org/wiki/Q314049
FMOD7W6Z,1,1,http://www.wikidata.org/wiki/Q1019545
FMOD7W6Z,5,1,http://www.wikidata.org/wiki/Q314049
FMOD7W6Z,6,2,http://www.wikidata.org/wiki/Q22657
FMOD7W6Z,8,1,http://www.wikidata.org/wiki/Q314049
FMOD7W6Z,2,2,http://www.wikidata.org/wiki/Q22657
FMOD7W6Z,2,0,http://www.wikidata.org/wiki/Q450812
FMOD7W6Z,7,0,http://www.wikidata.org/wiki/Q29876740
FMOD7W6Z,5,0,http://www.wikidata.org/wiki/Q29876740
FMOD7W6Z,7,2,http://www.wikidata.org/wiki/Q22657
FMOD7W6Z,1,2,http://www.wikidata.org/wiki/Q41177
FMOD7W6Z,1,0,http://www.wikidata.org/wiki/Q28872214
FMOD7W6Z,4,2,http://www.wikidata.org/wiki/Q22657
FMOD7W6Z,8,2,http://www.wikidata.org/wiki/Q22657
FMOD7W6Z,6,1,http://www.wikidata.org/wiki/Q314049
FMOD7W6Z,3,2,http://www.wikidata.org/wiki/Q22657
FMOD7W6Z,6,0,http://www.wikidata.org/wiki/Q41177
FMOD7W6Z,8,0,http://www.wikidata.org/wiki/Q41177
FMOD7W6Z,3,1,http://www.wikidata.org/wiki/Q314049
FMOD7W6Z,2,1,http://www.wikidata.org/wiki/Q314049
FMOD7W6Z,4,1,http://www.wikidata.org/wiki/Q314049
318QG7T5,8,0,http://www.wikidata.org/wiki/Q3892927
318QG7T5,6,2,http://www.wikidata.org/wiki/Q3895673
318QG7T5,9,0,http://www.wikidata.org/wiki/Q3892927
318QG7T5,5,0,http://www.wikidata.org/wiki/Q773807
318QG7T5,3,0,http://www.wikidata.org/wiki/Q14790983
318QG7T5,7,0,http://www.wikidata.org/wiki/Q773807
318QG7T5,11,0,http://www.wikidata.org/wiki/Q773807
318QG7T5,11,2,http://www.wikidata.org/wiki/Q20148963
318QG7T5,5,2,http://www.wikidata.org/wiki/Q20148963
318QG7T5,10,0,http://www.wikidata.org/wiki/Q3892927
318QG7T5,9,2,http://www.wikidata.org/wiki/Q3895673
318QG7T5,1,0,http://www.wikidata.org/wiki/Q773807
318QG7T5,2,0,http://www.wikidata.org/wiki/Q765172
318QG7T5,10,2,http://www.wikidata.org/wiki/Q3895673
318QG7T5,8,2,http://www.wikidata.org/wiki/Q3895673
318QG7T5,4,0,http://www.wikidata.org/wiki/Q14790983
318QG7T5,6,0,http://www.wikidata.org/wiki/Q3892927
318QG7T5,3,2,http://www.wikidata.org/wiki/Q201037
318QG7T5,4,2,http://www.wikidata.org/wiki/Q20148963
318QG7T5,12,0,http://www.wikidata.org/wiki/Q7
318QG7T5,7,2,http://www.wikidata.org/wiki/Q3892927
6SUBCSC3,3,1,http://www.wikidata.org/wiki/Q666063
6SUBCSC3,1,0,http://www.wikidata.org/wiki/Q23831985
6SUBCSC3,1,1,http://www.wikidata.org/wiki/Q666063
6SUBCSC3,2,1,http://www.wikidata.org/wiki/Q666063
6SUBCSC3,1,3,http://www.wikidata.org/wiki/Q2142404
6SUBCSC3,2,0,http://www.wikidata.org/wiki/Q23831
6SUBCSC3,3,2,http://www.wikidata.org/wiki/Q23826614
6SUBCSC3,2,2,http://www.wikidata.org/wiki/Q666063
6SUBCSC3,3,3,http://www.wikidata.org/wiki/Q2142404
6SUBCSC3,2,3,http://www.wikidata.org/wiki/Q2142404
6SUBCSC3,3,0,http://www.wikidata.org/wiki/Q23831973
6SUBCSC3,1,2,http://www.wikidata.org/wiki/Q666063
4XX2QGMF,1,1,http://www.wikidata.org/wiki/Q10858152
4XX2QGMF,5,1,http://www.wikidata.org/wiki/Q2222845
4XX2QGMF,4,1,http://www.wikidata.org/wiki/Q10858152
4XX2QGMF,4,0,http://www.wikidata.org/wiki/Q2222845
4XX2QGMF,3,1,http://www.wikidata.org/wiki/Q10858152
4XX2QGMF,1,2,http://www.wikidata.org/wiki/Q167199
4XX2QGMF,2,0,http://www.wikidata.org/wiki/Q2222845
4XX2QGMF,3,0,http://www.wikidata.org/wiki/Q2222842
4XX2QGMF,5,2,http://www.wikidata.org/wiki/Q167199
4XX2QGMF,1,0,http://www.wikidata.org/wiki/Q2222842
4XX2QGMF,1,3,http://www.wikidata.org/wiki/Q14565199
4XX2QGMF,2,2,http://www.wikidata.org/wiki/Q167199
4XX2QGMF,3,2,http://www.wikidata.org/wiki/Q167199
4XX2QGMF,4,3,http://www.wikidata.org/wiki/Q14565199
4XX2QGMF,2,1,http://www.wikidata.org/wiki/Q10858152
4XX2QGMF,5,3,http://www.wikidata.org/wiki/Q14565199
4XX2QGMF,4,2,http://www.wikidata.org/wiki/Q167199
4XX2QGMF,3,3,http://www.wikidata.org/wiki/Q14565199
4XX2QGMF,2,3,http://www.wikidata.org/wiki/Q14565199
4XX2QGMF,5,0,http://www.wikidata.org/wiki/Q2222842
IKS3CSHP,7,0,http://www.wikidata.org/wiki/Q4165334
IKS3CSHP,6,1,http://www.wikidata.org/wiki/Q3459108
IKS3CSHP,3,0,http://www.wikidata.org/wiki/Q4165334
IKS3CSHP,4,1,http://www.wikidata.org/wiki/Q4240729
IKS3CSHP,6,0,http://www.wikidata.org/wiki/Q4165335
IKS3CSHP,2,2,http://www.wikidata.org/wiki/Q2959845
IKS3CSHP,5,2,http://www.wikidata.org/wiki/Q2959847
IKS3CSHP,8,0,http://www.wikidata.org/wiki/Q4165335
IKS3CSHP,3,1,http://www.wikidata.org/wiki/Q3459108
IKS3CSHP,1,1,http://www.wikidata.org/wiki/Q4240729
IKS3CSHP,4,2,http://www.wikidata.org/wiki/Q3459108
IKS3CSHP,3,2,http://www.wikidata.org/wiki/Q2959847
IKS3CSHP,4,0,http://www.wikidata.org/wiki/Q4165335
IKS3CSHP,1,2,http://www.wikidata.org/wiki/Q930
IKS3CSHP,7,1,http://www.wikidata.org/wiki/Q3459108
IKS3CSHP,5,1,http://www.wikidata.org/wiki/Q3459108
IKS3CSHP,7,2,http://www.wikidata.org/wiki/Q2959845
IKS3CSHP,2,0,http://www.wikidata.org/wiki/Q5159315
IKS3CSHP,2,1,http://www.wikidata.org/wiki/Q3459108
IKS3CSHP,1,0,http://www.wikidata.org/wiki/Q4165335
IKS3CSHP,6,2,http://www.wikidata.org/wiki/Q2959847
IKS3CSHP,5,0,http://www.wikidata.org/wiki/Q4165334
1KARO1J6,7,0,http://www.wikidata.org/wiki/Q117500813
1KARO1J6,3,0,http://www.wikidata.org/wiki/Q61755681
1KARO1J6,9,1,http://www.wikidata.org/wiki/Q287
1KARO1J6,10,1,http://www.wikidata.org/wiki/Q287
1KARO1J6,2,0,http://www.wikidata.org/wiki/Q61755682
1KARO1J6,11,0,http://www.wikidata.org/wiki/Q61755680
1KARO1J6,5,1,http://www.wikidata.org/wiki/Q287
1KARO1J6,7,1,http://www.wikidata.org/wiki/Q230071
1KARO1J6,5,0,http://www.wikidata.org/wiki/Q61755680
1KARO1J6,6,1,http://www.wikidata.org/wiki/Q287
1KARO1J6,8,1,http://www.wikidata.org/wiki/Q287
1KARO1J6,1,1,http://www.wikidata.org/wiki/Q287
1KARO1J6,1,0,http://www.wikidata.org/wiki/Q61755680
1KARO1J6,8,0,http://www.wikidata.org/wiki/Q61755679
1KARO1J6,3,1,http://www.wikidata.org/wiki/Q287
1KARO1J6,4,1,http://www.wikidata.org/wiki/Q287
1KARO1J6,2,1,http://www.wikidata.org/wiki/Q287
1KARO1J6,9,0,http://www.wikidata.org/wiki/Q61755679
1KARO1J6,6,0,http://www.wikidata.org/wiki/Q61755679
1KARO1J6,4,0,http://www.wikidata.org/wiki/Q61755682
1KARO1J6,10,0,http://www.wikidata.org/wiki/Q61755679
1KARO1J6,11,1,http://www.wikidata.org/wiki/Q287
ER6EF975,6,1,http://www.wikidata.org/wiki/Q332564
ER6EF975,4,2,http://www.wikidata.org/wiki/Q184781
ER6EF975,8,1,http://www.wikidata.org/wiki/Q332564
ER6EF975,2,2,http://www.wikidata.org/wiki/Q184781
ER6EF975,5,2,http://www.wikidata.org/wiki/Q184781
ER6EF975,3,0,http://www.wikidata.org/wiki/Q72092380
ER6EF975,6,2,http://www.wikidata.org/wiki/Q184781
ER6EF975,1,2,http://www.wikidata.org/wiki/Q184781
ER6EF975,7,1,http://www.wikidata.org/wiki/Q332564
ER6EF975,6,0,http://www.wikidata.org/wiki/Q72092381
ER6EF975,7,0,http://www.wikidata.org/wiki/Q72106665
ER6EF975,5,1,http://www.wikidata.org/wiki/Q332564
ER6EF975,8,0,http://www.wikidata.org/wiki/Q72092380
ER6EF975,2,0,http://www.wikidata.org/wiki/Q72092381
ER6EF975,5,0,http://www.wikidata.org/wiki/Q72092380
ER6EF975,4,0,http://www.wikidata.org/wiki/Q72092381
ER6EF975,3,1,http://www.wikidata.org/wiki/Q332564
ER6EF975,2,1,http://www.wikidata.org/wiki/Q332564
ER6EF975,1,1,http://www.wikidata.org/wiki/Q332564
ER6EF975,1,0,http://www.wikidata.org/wiki/Q72106665
ER6EF975,3,2,http://www.wikidata.org/wiki/Q184781
ER6EF975,4,1,http://www.wikidata.org/wiki/Q332564
ER6EF975,7,2,http://www.wikidata.org/wiki/Q184781
J943VHWU,4,2,http://www.wikidata.org/wiki/Q159810
J943VHWU,7,0,http://www.wikidata.org/wiki/Q192520
J943VHWU,7,1,http://www.wikidata.org/wiki/Q1024175
J943VHWU,5,2,http://www.wikidata.org/wiki/Q159810
J943VHWU,9,1,http://www.wikidata.org/wiki/Q1024
J943VHWU,2,2,http://www.wikidata.org/wiki/Q159810
J943VHWU,4,0,http://www.wikidata.org/wiki/Q192520
J943VHWU,9,0,http://www.wikidata.org/wiki/Q192520
J943VHWU,3,2,http://www.wikidata.org/wiki/Q159810
J943VHWU,1,0,http://www.wikidata.org/wiki/Q332201
J943VHWU,7,2,http://www.wikidata.org/wiki/Q159810
J943VHWU,4,1,http://www.wikidata.org/wiki/Q1024175
J943VHWU,3,1,http://www.wikidata.org/wiki/Q2383321
J943VHWU,5,1,http://www.wikidata.org/wiki/Q1024175
J943VHWU,5,0,http://www.wikidata.org/wiki/Q14085739
J943VHWU,8,1,http://www.wikidata.org/wiki/Q1024175
J943VHWU,3,0,http://www.wikidata.org/wiki/Q240673
J943VHWU,8,2,http://www.wikidata.org/wiki/Q159810
J943VHWU,6,2,http://www.wikidata.org/wiki/Q159810
J943VHWU,1,1,http://www.wikidata.org/wiki/Q569473
J943VHWU,8,0,http://www.wikidata.org/wiki/Q14085739
J943VHWU,2,0,http://www.wikidata.org/wiki/Q242690
J943VHWU,6,1,http://www.wikidata.org/wiki/Q1024175
J943VHWU,6,0,http://www.wikidata.org/wiki/Q14085739
J943VHWU,1,2,http://www.wikidata.org/wiki/Q192520
J943VHWU,2,1,http://www.wikidata.org/wiki/Q2383321
SEG1KVPX,13,0,http://www.wikidata.org/wiki/Q17252
SEG1KVPX,14,0,http://www.wikidata.org/wiki/Q26303390
SEG1KVPX,10,0,http://www.wikidata.org/wiki/Q17252
SEG1KVPX,8,0,http://www.wikidata.org/wiki/Q17252
SEG1KVPX,15,0,http://www.wikidata.org/wiki/Q26573195
SEG1KVPX,4,0,http://www.wikidata.org/wiki/Q4688941
SEG1KVPX,3,0,http://www.wikidata.org/wiki/Q1170773
SEG1KVPX,9,0,http://www.wikidata.org/wiki/Q17252
SEG1KVPX,11,0,http://www.wikidata.org/wiki/Q17252
SEG1KVPX,12,0,http://www.wikidata.org/wiki/Q17252
SEG1KVPX,2,0,http://www.wikidata.org/wiki/Q217798
SEG1KVPX,6,0,http://www.wikidata.org/wiki/Q4688939
SEG1KVPX,1,0,http://www.wikidata.org/wiki/Q17899619
SEG1KVPX,16,0,http://www.wikidata.org/wiki/Q26573195
SEG1KVPX,5,0,http://www.wikidata.org/wiki/Q4688940
SEG1KVPX,7,0,http://www.wikidata.org/wiki/Q17252
AS0KOTAB,3,1,http://www.wikidata.org/wiki/Q236419
AS0KOTAB,11,1,http://www.wikidata.org/wiki/Q24049
AS0KOTAB,9,0,http://www.wikidata.org/wiki/Q240495
AS0KOTAB,4,1,http://www.wikidata.org/wiki/Q236419
AS0KOTAB,2,0,http://www.wikidata.org/wiki/Q487000
AS0KOTAB,8,1,http://www.wikidata.org/wiki/Q240495
AS0KOTAB,4,0,http://www.wikidata.org/wiki/Q487024
AS0KOTAB,7,1,http://www.wikidata.org/wiki/Q240495
AS0KOTAB,6,1,http://www.wikidata.org/wiki/Q236419
AS0KOTAB,6,0,http://www.wikidata.org/wiki/Q487024
AS0KOTAB,8,0,http://www.wikidata.org/wiki/Q240495
AS0KOTAB,5,1,http://www.wikidata.org/wiki/Q236419
AS0KOTAB,3,0,http://www.wikidata.org/wiki/Q487024
AS0KOTAB,5,0,http://www.wikidata.org/wiki/Q487000
AS0KOTAB,7,0,http://www.wikidata.org/wiki/Q240495
AS0KOTAB,1,1,http://www.wikidata.org/wiki/Q236419
AS0KOTAB,10,1,http://www.wikidata.org/wiki/Q240495
AS0KOTAB,9,1,http://www.wikidata.org/wiki/Q240495
AS0KOTAB,10,0,http://www.wikidata.org/wiki/Q240495
AS0KOTAB,11,0,http://www.wikidata.org/wiki/Q240495
AS0KOTAB,1,0,http://www.wikidata.org/wiki/Q487024
AS0KOTAB,2,1,http://www.wikidata.org/wiki/Q236419
MSAUL13G,2,1,http://www.wikidata.org/wiki/Q103011
MSAUL13G,6,2,http://www.wikidata.org/wiki/Q1633145
MSAUL13G,1,1,http://www.wikidata.org/wiki/Q17151
MSAUL13G,4,0,http://www.wikidata.org/wiki/Q1633145
MSAUL13G,5,1,http://www.wikidata.org/wiki/Q169159
MSAUL13G,1,0,http://www.wikidata.org/wiki/Q6627746
MSAUL13G,5,0,http://www.wikidata.org/wiki/Q1319316
MSAUL13G,3,1,http://www.wikidata.org/wiki/Q169159
MSAUL13G,2,2,http://www.wikidata.org/wiki/Q1364069
MSAUL13G,4,1,http://www.wikidata.org/wiki/Q210176
MSAUL13G,2,0,http://www.wikidata.org/wiki/Q3042287
MSAUL13G,4,2,http://www.wikidata.org/wiki/Q1319316
MSAUL13G,3,2,http://www.wikidata.org/wiki/Q1364069
MSAUL13G,6,0,http://www.wikidata.org/wiki/Q169159
MSAUL13G,3,0,http://www.wikidata.org/wiki/Q1363688
MSAUL13G,1,2,http://www.wikidata.org/wiki/Q1973095
MSAUL13G,6,1,http://www.wikidata.org/wiki/Q169159
MSAUL13G,5,2,http://www.wikidata.org/wiki/Q1363688
MSAUL13G,7,0,http://www.wikidata.org/wiki/Q1633145
MSAUL13G,5,3,http://www.wikidata.org/wiki/Q1633145
1ML3O2HW,11,0,http://www.wikidata.org/wiki/Q5676680
1ML3O2HW,5,0,http://www.wikidata.org/wiki/Q26405419
1ML3O2HW,9,0,http://www.wikidata.org/wiki/Q2646578
1ML3O2HW,2,0,http://www.wikidata.org/wiki/Q2639061
1ML3O2HW,10,0,http://www.wikidata.org/wiki/Q5676680
1ML3O2HW,7,0,http://www.wikidata.org/wiki/Q2646578
1ML3O2HW,12,0,http://www.wikidata.org/wiki/Q1
1ML3O2HW,4,0,http://www.wikidata.org/wiki/Q2639061
1ML3O2HW,1,0,http://www.wikidata.org/wiki/Q2646578
1ML3O2HW,8,0,http://www.wikidata.org/wiki/Q2639061
1ML3O2HW,6,0,http://www.wikidata.org/wiki/Q2639061
1ML3O2HW,3,0,http://www.wikidata.org/wiki/Q2646578
DTWXFF5G,1,0,http://www.wikidata.org/wiki/Q647462
DTWXFF5G,2,2,http://www.wikidata.org/wiki/Q638
DTWXFF5G,2,1,http://www.wikidata.org/wiki/Q1825483
DTWXFF5G,4,1,http://www.wikidata.org/wiki/Q1825483
DTWXFF5G,5,0,http://www.wikidata.org/wiki/Q2746361
DTWXFF5G,1,2,http://www.wikidata.org/wiki/Q1139061
DTWXFF5G,7,2,http://www.wikidata.org/wiki/Q638
DTWXFF5G,7,1,http://www.wikidata.org/wiki/Q20658380
DTWXFF5G,7,0,http://www.wikidata.org/wiki/Q1064450
DTWXFF5G,3,2,http://www.wikidata.org/wiki/Q638
DTWXFF5G,6,0,http://www.wikidata.org/wiki/Q1139061
DTWXFF5G,1,1,http://www.wikidata.org/wiki/Q1198033
DTWXFF5G,2,0,http://www.wikidata.org/wiki/Q274768
DTWXFF5G,5,1,http://www.wikidata.org/wiki/Q1825483
DTWXFF5G,5,2,http://www.wikidata.org/wiki/Q638
DTWXFF5G,3,0,http://www.wikidata.org/wiki/Q1064450
DTWXFF5G,4,0,http://www.wikidata.org/wiki/Q2746361
DTWXFF5G,4,2,http://www.wikidata.org/wiki/Q638
DTWXFF5G,8,1,http://www.wikidata.org/wiki/Q1139061
DTWXFF5G,3,1,http://www.wikidata.org/wiki/Q20658380
DTWXFF5G,6,2,http://www.wikidata.org/wiki/Q638
DTWXFF5G,8,0,http://www.wikidata.org/wiki/Q1139061
DTWXFF5G,6,1,http://www.wikidata.org/wiki/Q1139061
E1KCVXI2,2,2,http://www.wikidata.org/wiki/Q743
E1KCVXI2,2,0,http://www.wikidata.org/wiki/Q47457235
E1KCVXI2,1,1,http://www.wikidata.org/wiki/Q743
E1KCVXI2,3,1,http://www.wikidata.org/wiki/Q418962
E1KCVXI2,3,2,http://www.wikidata.org/wiki/Q743
E1KCVXI2,1,0,http://www.wikidata.org/wiki/Q1066802
E1KCVXI2,3,0,http://www.wikidata.org/wiki/Q1066802
E1KCVXI2,2,1,http://www.wikidata.org/wiki/Q743
KJ6TN53Y,11,0,http://www.wikidata.org/wiki/Q3568
KJ6TN53Y,3,1,http://www.wikidata.org/wiki/Q191
KJ6TN53Y,3,0,http://www.wikidata.org/wiki/Q15092085
KJ6TN53Y,8,1,http://www.wikidata.org/wiki/Q191
KJ6TN53Y,4,0,http://www.wikidata.org/wiki/Q3568
KJ6TN53Y,10,1,http://www.wikidata.org/wiki/Q191
KJ6TN53Y,5,0,http://www.wikidata.org/wiki/Q15092136
KJ6TN53Y,8,0,http://www.wikidata.org/wiki/Q3568
KJ6TN53Y,12,0,http://www.wikidata.org/wiki/Q3
KJ6TN53Y,5,1,http://www.wikidata.org/wiki/Q191
KJ6TN53Y,6,0,http://www.wikidata.org/wiki/Q321774
KJ6TN53Y,4,1,http://www.wikidata.org/wiki/Q191
KJ6TN53Y,1,1,http://www.wikidata.org/wiki/Q191
KJ6TN53Y,7,0,http://www.wikidata.org/wiki/Q3568
KJ6TN53Y,2,1,http://www.wikidata.org/wiki/Q191
KJ6TN53Y,1,0,http://www.wikidata.org/wiki/Q321774
KJ6TN53Y,11,1,http://www.wikidata.org/wiki/Q191
KJ6TN53Y,7,1,http://www.wikidata.org/wiki/Q191
KJ6TN53Y,9,0,http://www.wikidata.org/wiki/Q3568
KJ6TN53Y,6,1,http://www.wikidata.org/wiki/Q191
KJ6TN53Y,2,0,http://www.wikidata.org/wiki/Q15092136
KJ6TN53Y,9,1,http://www.wikidata.org/wiki/Q191
KJ6TN53Y,10,0,http://www.wikidata.org/wiki/Q3568
MMUFSDOE,3,2,http://www.wikidata.org/wiki/Q60775897
MMUFSDOE,2,1,http://www.wikidata.org/wiki/Q2453601
MMUFSDOE,1,2,http://www.wikidata.org/wiki/Q764924
MMUFSDOE,2,0,http://www.wikidata.org/wiki/Q511316
MMUFSDOE,3,3,http://www.wikidata.org/wiki/Q1764158
MMUFSDOE,2,3,http://www.wikidata.org/wiki/Q1764158
MMUFSDOE,3,1,http://www.wikidata.org/wiki/Q2453601
MMUFSDOE,1,0,http://www.wikidata.org/wiki/Q15731038
MMUFSDOE,2,2,http://www.wikidata.org/wiki/Q60775897
MMUFSDOE,3,0,http://www.wikidata.org/wiki/Q1155989
MMUFSDOE,1,3,http://www.wikidata.org/wiki/Q15731038
MMUFSDOE,1,1,http://www.wikidata.org/wiki/Q15731043
4AN49FNZ,8,0,http://www.wikidata.org/wiki/Q858016
4AN49FNZ,4,0,http://www.wikidata.org/wiki/Q858008
4AN49FNZ,13,0,http://www.wikidata.org/wiki/Q858008
4AN49FNZ,6,1,http://www.wikidata.org/wiki/Q858008
4AN49FNZ,11,1,http://www.wikidata.org/wiki/Q858016
4AN49FNZ,7,1,http://www.wikidata.org/wiki/Q858016
4AN49FNZ,9,1,http://www.wikidata.org/wiki/Q858008
4AN49FNZ,2,0,http://www.wikidata.org/wiki/Q1053159
4AN49FNZ,9,0,http://www.wikidata.org/wiki/Q858016
4AN49FNZ,1,0,http://www.wikidata.org/wiki/Q858016
4AN49FNZ,6,0,http://www.wikidata.org/wiki/Q858016
4AN49FNZ,7,0,http://www.wikidata.org/wiki/Q858008
4AN49FNZ,3,0,http://www.wikidata.org/wiki/Q1053166
4AN49FNZ,10,0,http://www.wikidata.org/wiki/Q858008
4AN49FNZ,4,1,http://www.wikidata.org/wiki/Q858016
4AN49FNZ,12,0,http://www.wikidata.org/wiki/Q858008
4AN49FNZ,10,1,http://www.wikidata.org/wiki/Q858016
4AN49FNZ,5,1,http://www.wikidata.org/wiki/Q858008
4AN49FNZ,8,1,http://www.wikidata.org/wiki/Q858008
4AN49FNZ,5,0,http://www.wikidata.org/wiki/Q1053159
4AN49FNZ,3,1,http://www.wikidata.org/wiki/Q858008
4AN49FNZ,12,1,http://www.wikidata.org/wiki/Q858016
4AN49FNZ,11,0,http://www.wikidata.org/wiki/Q858008
4AN49FNZ,13,1,http://www.wikidata.org/wiki/Q858016
4AN49FNZ,14,0,http://www.wikidata.org/wiki/Q858008
156A1QVJ,3,2,http://www.wikidata.org/wiki/Q16
156A1QVJ,5,0,http://www.wikidata.org/wiki/Q1172581
156A1QVJ,7,0,http://www.wikidata.org/wiki/Q3125978
156A1QVJ,3,0,http://www.wikidata.org/wiki/Q3125978
156A1QVJ,2,2,http://www.wikidata.org/wiki/Q16
156A1QVJ,1,2,http://www.wikidata.org/wiki/Q30727274
156A1QVJ,6,0,http://www.wikidata.org/wiki/Q3125978
156A1QVJ,6,2,http://www.wikidata.org/wiki/Q16
156A1QVJ,4,2,http://www.wikidata.org/wiki/Q16
156A1QVJ,8,0,http://www.wikidata.org/wiki/Q3125978
156A1QVJ,7,2,http://www.wikidata.org/wiki/Q16
156A1QVJ,8,2,http://www.wikidata.org/wiki/Q16
156A1QVJ,4,0,http://www.wikidata.org/wiki/Q3125978
156A1QVJ,9,0,http://www.wikidata.org/wiki/Q3125
156A1QVJ,1,0,http://www.wikidata.org/wiki/Q3125978
156A1QVJ,5,2,http://www.wikidata.org/wiki/Q16
156A1QVJ,2,0,http://www.wikidata.org/wiki/Q1172581
QKFFK7N3,2,2,http://www.wikidata.org/wiki/Q1600
QKFFK7N3,1,2,http://www.wikidata.org/wiki/Q1600
QKFFK7N3,3,0,http://www.wikidata.org/wiki/Q17591256
QKFFK7N3,1,0,http://www.wikidata.org/wiki/Q17591259
QKFFK7N3,2,0,http://www.wikidata.org/wiki/Q1272235
QKFFK7N3,3,2,http://www.wikidata.org/wiki/Q1600
IRQ8C5CZ,12,0,http://www.wikidata.org/wiki/Q2768248
IRQ8C5CZ,8,0,http://www.wikidata.org/wiki/Q266747
IRQ8C5CZ,9,0,http://www.wikidata.org/wiki/Q2768248
IRQ8C5CZ,13,0,http://www.wikidata.org/wiki/Q2736042
IRQ8C5CZ,2,0,http://www.wikidata.org/wiki/Q1018561
IRQ8C5CZ,16,0,http://www.wikidata.org/wiki/Q2116805
IRQ8C5CZ,4,0,http://www.wikidata.org/wiki/Q266747
IRQ8C5CZ,6,0,http://www.wikidata.org/wiki/Q2768248
IRQ8C5CZ,3,0,http://www.wikidata.org/wiki/Q2736042
IRQ8C5CZ,17,0,http://www.wikidata.org/wiki/Q266747
IRQ8C5CZ,5,0,http://www.wikidata.org/wiki/Q2768248
IRQ8C5CZ,21,0,http://www.wikidata.org/wiki/Q2116805
IRQ8C5CZ,10,0,http://www.wikidata.org/wiki/Q2736042
IRQ8C5CZ,22,0,http://www.wikidata.org/wiki/Q2116805
IRQ8C5CZ,18,0,http://www.wikidata.org/wiki/Q2116805
IRQ8C5CZ,1,0,http://www.wikidata.org/wiki/Q2116805
IRQ8C5CZ,20,0,http://www.wikidata.org/wiki/Q2116805
IRQ8C5CZ,14,0,http://www.wikidata.org/wiki/Q266747
IRQ8C5CZ,23,0,http://www.wikidata.org/wiki/Q21168
IRQ8C5CZ,11,0,http://www.wikidata.org/wiki/Q2736042
IRQ8C5CZ,19,0,http://www.wikidata.org/wiki/Q2116805
IRQ8C5CZ,15,0,http://www.wikidata.org/wiki/Q2116805
IRQ8C5CZ,7,0,http://www.wikidata.org/wiki/Q266747
5N2U0EIL,3,1,http://www.wikidata.org/wiki/Q29
5N2U0EIL,2,2,http://www.wikidata.org/wiki/Q615
5N2U0EIL,3,2,http://www.wikidata.org/wiki/Q615
5N2U0EIL,1,0,http://www.wikidata.org/wiki/Q31391
5N2U0EIL,3,0,http://www.wikidata.org/wiki/Q71237
5N2U0EIL,2,0,http://www.wikidata.org/wiki/Q71237
5N2U0EIL,1,1,http://www.wikidata.org/wiki/Q30
5N2U0EIL,1,2,http://www.wikidata.org/wiki/Q17718
5N2U0EIL,2,1,http://www.wikidata.org/wiki/Q29
4KBCVMZS,6,0,http://www.wikidata.org/wiki/Q2742610
4KBCVMZS,10,0,http://www.wikidata.org/wiki/Q2742610
4KBCVMZS,4,0,http://www.wikidata.org/wiki/Q2742610
4KBCVMZS,3,0,http://www.wikidata.org/wiki/Q2742597
4KBCVMZS,1,0,http://www.wikidata.org/wiki/Q4546523
4KBCVMZS,12,0,http://www.wikidata.org/wiki/Q2742610
4KBCVMZS,7,0,http://www.wikidata.org/wiki/Q2742597
4KBCVMZS,19,0,http://www.wikidata.org/wiki/Q2742610
4KBCVMZS,9,0,http://www.wikidata.org/wiki/Q2742597
4KBCVMZS,8,0,http://www.wikidata.org/wiki/Q2742610
4KBCVMZS,15,0,http://www.wikidata.org/wiki/Q2742597
4KBCVMZS,16,0,http://www.wikidata.org/wiki/Q2742610
4KBCVMZS,18,0,http://www.wikidata.org/wiki/Q2742610
4KBCVMZS,13,0,http://www.wikidata.org/wiki/Q2742597
4KBCVMZS,5,0,http://www.wikidata.org/wiki/Q2980984
4KBCVMZS,17,0,http://www.wikidata.org/wiki/Q2742597
4KBCVMZS,14,0,http://www.wikidata.org/wiki/Q2742597
4KBCVMZS,2,0,http://www.wikidata.org/wiki/Q2980984
4KBCVMZS,11,0,http://www.wikidata.org/wiki/Q2742610
CY1UXB09,3,4,http://www.wikidata.org/wiki/Q1483294
CY1UXB09,4,4,http://www.wikidata.org/wiki/Q1483294
CY1UXB09,6,3,http://www.wikidata.org/wiki/Q12356197
CY1UXB09,5,0,http://www.wikidata.org/wiki/Q1095146
CY1UXB09,7,3,http://www.wikidata.org/wiki/Q12356197
CY1UXB09,3,0,http://www.wikidata.org/wiki/Q711613
CY1UXB09,1,0,http://www.wikidata.org/wiki/Q711613
CY1UXB09,5,4,http://www.wikidata.org/wiki/Q1483294
CY1UXB09,7,4,http://www.wikidata.org/wiki/Q12356197
CY1UXB09,6,4,http://www.wikidata.org/wiki/Q12356197
CY1UXB09,7,0,http://www.wikidata.org/wiki/Q12356197
CY1UXB09,4,3,http://www.wikidata.org/wiki/Q1483294
CY1UXB09,5,3,http://www.wikidata.org/wiki/Q1483294
CY1UXB09,3,3,http://www.wikidata.org/wiki/Q1483294
CY1UXB09,6,0,http://www.wikidata.org/wiki/Q12356197
CY1UXB09,2,0,http://www.wikidata.org/wiki/Q711574
CY1UXB09,4,0,http://www.wikidata.org/wiki/Q1095146
RC6B0WMT,3,2,http://www.wikidata.org/wiki/Q1192203
RC6B0WMT,5,0,http://www.wikidata.org/wiki/Q1769256
RC6B0WMT,2,2,http://www.wikidata.org/wiki/Q1192203
RC6B0WMT,1,2,http://www.wikidata.org/wiki/Q104319
RC6B0WMT,1,0,http://www.wikidata.org/wiki/Q20035274
RC6B0WMT,3,4,http://www.wikidata.org/wiki/Q1192203
RC6B0WMT,4,2,http://www.wikidata.org/wiki/Q1192203
RC6B0WMT,4,3,http://www.wikidata.org/wiki/Q178169
RC6B0WMT,2,3,http://www.wikidata.org/wiki/Q178169
RC6B0WMT,5,2,http://www.wikidata.org/wiki/Q1192203
RC6B0WMT,3,0,http://www.wikidata.org/wiki/Q1769256
RC6B0WMT,3,3,http://www.wikidata.org/wiki/Q178169
RC6B0WMT,5,3,http://www.wikidata.org/wiki/Q178169
RC6B0WMT,6,0,http://www.wikidata.org/wiki/Q1769256
RC6B0WMT,4,0,http://www.wikidata.org/wiki/Q16920759
RC6B0WMT,2,0,http://www.wikidata.org/wiki/Q17015253
WNP2HXU0,1,3,http://www.wikidata.org/wiki/Q20588841
WNP2HXU0,2,0,http://www.wikidata.org/wiki/Q21656257
WNP2HXU0,1,0,http://www.wikidata.org/wiki/Q21667412
WNP2HXU0,4,2,http://www.wikidata.org/wiki/Q6974178
WNP2HXU0,2,3,http://www.wikidata.org/wiki/Q20588841
WNP2HXU0,2,4,http://www.wikidata.org/wiki/Q21651637
WNP2HXU0,3,0,http://www.wikidata.org/wiki/Q21656257
WNP2HXU0,3,2,http://www.wikidata.org/wiki/Q6974177
WNP2HXU0,4,0,http://www.wikidata.org/wiki/Q21667413
WNP2HXU0,3,3,http://www.wikidata.org/wiki/Q23835556
WNP2HXU0,2,1,http://www.wikidata.org/wiki/Q355516
WNP2HXU0,4,1,http://www.wikidata.org/wiki/Q355516
WNP2HXU0,1,2,http://www.wikidata.org/wiki/Q6974178
WNP2HXU0,3,1,http://www.wikidata.org/wiki/Q355516
WNP2HXU0,3,4,http://www.wikidata.org/wiki/Q21651637
WNP2HXU0,2,2,http://www.wikidata.org/wiki/Q6974178
WNP2HXU0,1,1,http://www.wikidata.org/wiki/Q355516
WNP2HXU0,1,4,http://www.wikidata.org/wiki/Q6974178
A7AFUXWG,6,0,http://www.wikidata.org/wiki/Q110162999
A7AFUXWG,3,0,http://www.wikidata.org/wiki/Q110732
A7AFUXWG,1,0,http://www.wikidata.org/wiki/Q5879759
A7AFUXWG,10,2,http://www.wikidata.org/wiki/Q173387
A7AFUXWG,4,0,http://www.wikidata.org/wiki/Q110163107
A7AFUXWG,3,2,http://www.wikidata.org/wiki/Q173387
A7AFUXWG,5,0,http://www.wikidata.org/wiki/Q110163055
A7AFUXWG,8,0,http://www.wikidata.org/wiki/Q110162973
A7AFUXWG,1,2,http://www.wikidata.org/wiki/Q162875
A7AFUXWG,2,0,http://www.wikidata.org/wiki/Q1146714
A7AFUXWG,8,2,http://www.wikidata.org/wiki/Q173387
A7AFUXWG,6,2,http://www.wikidata.org/wiki/Q173387
A7AFUXWG,2,2,http://www.wikidata.org/wiki/Q173387
A7AFUXWG,9,0,http://www.wikidata.org/wiki/Q110162969
A7AFUXWG,5,2,http://www.wikidata.org/wiki/Q173387
A7AFUXWG,11,0,http://www.wikidata.org/wiki/Q110162967
A7AFUXWG,7,2,http://www.wikidata.org/wiki/Q173387
A7AFUXWG,4,2,http://www.wikidata.org/wiki/Q173387
A7AFUXWG,7,0,http://www.wikidata.org/wiki/Q110732
A7AFUXWG,9,2,http://www.wikidata.org/wiki/Q173387
A7AFUXWG,10,0,http://www.wikidata.org/wiki/Q110162968
AQHXJRE5,3,0,http://www.wikidata.org/wiki/Q19859305
AQHXJRE5,10,0,http://www.wikidata.org/wiki/Q19863669
AQHXJRE5,12,0,http://www.wikidata.org/wiki/Q19859305
AQHXJRE5,4,0,http://www.wikidata.org/wiki/Q19859305
AQHXJRE5,15,0,http://www.wikidata.org/wiki/Q19863669
AQHXJRE5,9,0,http://www.wikidata.org/wiki/Q19859305
AQHXJRE5,5,0,http://www.wikidata.org/wiki/Q19863669
AQHXJRE5,6,0,http://www.wikidata.org/wiki/Q19863669
AQHXJRE5,2,0,http://www.wikidata.org/wiki/Q19859305
AQHXJRE5,14,0,http://www.wikidata.org/wiki/Q19859305
AQHXJRE5,16,0,http://www.wikidata.org/wiki/Q19
AQHXJRE5,8,0,http://www.wikidata.org/wiki/Q19863669
AQHXJRE5,1,0,http://www.wikidata.org/wiki/Q19861645
AQHXJRE5,11,0,http://www.wikidata.org/wiki/Q19863669
AQHXJRE5,7,0,http://www.wikidata.org/wiki/Q19861645
AQHXJRE5,13,0,http://www.wikidata.org/wiki/Q19859305
WA7FR9D5,2,2,http://www.wikidata.org/wiki/Q3480080
WA7FR9D5,3,0,http://www.wikidata.org/wiki/Q3423154
WA7FR9D5,2,0,http://www.wikidata.org/wiki/Q3423156
WA7FR9D5,3,2,http://www.wikidata.org/wiki/Q3480080
WA7FR9D5,1,0,http://www.wikidata.org/wiki/Q3423157
WA7FR9D5,1,2,http://www.wikidata.org/wiki/Q3480080
WA7FR9D5,3,1,http://www.wikidata.org/wiki/Q2755565
WA7FR9D5,1,1,http://www.wikidata.org/wiki/Q14545608
WA7FR9D5,2,1,http://www.wikidata.org/wiki/Q2755565
89UT53IO,1,0,http://www.wikidata.org/wiki/Q3596262
89UT53IO,3,2,http://www.wikidata.org/wiki/Q1548122
89UT53IO,4,2,http://www.wikidata.org/wiki/Q1548122
89UT53IO,2,1,http://www.wikidata.org/wiki/Q25194832
89UT53IO,6,2,http://www.wikidata.org/wiki/Q1548122
89UT53IO,5,0,http://www.wikidata.org/wiki/Q3596263
89UT53IO,2,0,http://www.wikidata.org/wiki/Q3596263
89UT53IO,5,1,http://www.wikidata.org/wiki/Q25194832
89UT53IO,2,2,http://www.wikidata.org/wiki/Q1548122
89UT53IO,4,1,http://www.wikidata.org/wiki/Q25194832
89UT53IO,3,1,http://www.wikidata.org/wiki/Q19782322
89UT53IO,6,1,http://www.wikidata.org/wiki/Q19782322
89UT53IO,4,0,http://www.wikidata.org/wiki/Q25194832
89UT53IO,3,0,http://www.wikidata.org/wiki/Q3124687
89UT53IO,1,1,http://www.wikidata.org/wiki/Q19782322
89UT53IO,7,0,http://www.wikidata.org/wiki/Q3
89UT53IO,1,2,http://www.wikidata.org/wiki/Q3124686
89UT53IO,5,2,http://www.wikidata.org/wiki/Q1548122
89UT53IO,6,0,http://www.wikidata.org/wiki/Q3124686
0JPSM028,6,1,http://www.wikidata.org/wiki/Q26878196
0JPSM028,2,2,http://www.wikidata.org/wiki/Q39614
0JPSM028,1,0,http://www.wikidata.org/wiki/Q1340177
0JPSM028,5,2,http://www.wikidata.org/wiki/Q39614
0JPSM028,7,0,http://www.wikidata.org/wiki/Q1340177
0JPSM028,1,2,http://www.wikidata.org/wiki/Q778806
0JPSM028,6,0,http://www.wikidata.org/wiki/Q63056
0JPSM028,2,1,http://www.wikidata.org/wiki/Q26878196
0JPSM028,2,0,http://www.wikidata.org/wiki/Q63056
0JPSM028,6,2,http://www.wikidata.org/wiki/Q39614
0JPSM028,3,1,http://www.wikidata.org/wiki/Q26878196
0JPSM028,4,2,http://www.wikidata.org/wiki/Q39614
0JPSM028,3,2,http://www.wikidata.org/wiki/Q39614
0JPSM028,5,0,http://www.wikidata.org/wiki/Q1340177
0JPSM028,4,1,http://www.wikidata.org/wiki/Q26878196
0JPSM028,5,1,http://www.wikidata.org/wiki/Q2975655
0JPSM028,1,1,http://www.wikidata.org/wiki/Q2975655
0JPSM028,3,0,http://www.wikidata.org/wiki/Q123299060
0JPSM028,4,0,http://www.wikidata.org/wiki/Q63056
UY3YZLOJ,1,1,http://www.wikidata.org/wiki/Q18287543
UY3YZLOJ,1,3,http://www.wikidata.org/wiki/Q60411016
UY3YZLOJ,1,2,http://www.wikidata.org/wiki/Q217102
UY3YZLOJ,2,0,http://www.wikidata.org/wiki/Q1144335
UY3YZLOJ,3,6,http://www.wikidata.org/wiki/Q25063080
UY3YZLOJ,3,7,http://www.wikidata.org/wiki/Q25063080
UY3YZLOJ,3,10,http://www.wikidata.org/wiki/Q23808424
UY3YZLOJ,3,0,http://www.wikidata.org/wiki/Q1144335
UY3YZLOJ,3,4,http://www.wikidata.org/wiki/Q25063080
UY3YZLOJ,2,3,http://www.wikidata.org/wiki/Q12760
UY3YZLOJ,3,1,http://www.wikidata.org/wiki/Q104640032
UY3YZLOJ,3,2,http://www.wikidata.org/wiki/Q596643
UY3YZLOJ,3,8,http://www.wikidata.org/wiki/Q23808424
UY3YZLOJ,3,5,http://www.wikidata.org/wiki/Q25063080
UY3YZLOJ,2,2,http://www.wikidata.org/wiki/Q596643
UY3YZLOJ,3,9,http://www.wikidata.org/wiki/Q12760
UY3YZLOJ,2,1,http://www.wikidata.org/wiki/Q1808863
UY3YZLOJ,1,0,http://www.wikidata.org/wiki/Q18762861
UY3YZLOJ,3,3,http://www.wikidata.org/wiki/Q12760
8YADUB52,7,2,http://www.wikidata.org/wiki/Q2477732
8YADUB52,2,2,http://www.wikidata.org/wiki/Q142
8YADUB52,5,2,http://www.wikidata.org/wiki/Q142
8YADUB52,9,0,http://www.wikidata.org/wiki/Q2477732
8YADUB52,2,0,http://www.wikidata.org/wiki/Q15853639
8YADUB52,8,2,http://www.wikidata.org/wiki/Q142
8YADUB52,4,2,http://www.wikidata.org/wiki/Q159
8YADUB52,1,2,http://www.wikidata.org/wiki/Q1552859
8YADUB52,5,0,http://www.wikidata.org/wiki/Q2477732
8YADUB52,8,0,http://www.wikidata.org/wiki/Q2401302
8YADUB52,12,0,http://www.wikidata.org/wiki/Q2401302
8YADUB52,1,0,http://www.wikidata.org/wiki/Q2400282
8YADUB52,9,2,http://www.wikidata.org/wiki/Q142
8YADUB52,10,0,http://www.wikidata.org/wiki/Q2401302
8YADUB52,10,2,http://www.wikidata.org/wiki/Q142
8YADUB52,7,0,http://www.wikidata.org/wiki/Q2400282
8YADUB52,4,0,http://www.wikidata.org/wiki/Q2401302
8YADUB52,11,2,http://www.wikidata.org/wiki/Q142
8YADUB52,11,0,http://www.wikidata.org/wiki/Q2401302
8YADUB52,6,2,http://www.wikidata.org/wiki/Q142
8YADUB52,3,2,http://www.wikidata.org/wiki/Q142
8YADUB52,3,0,http://www.wikidata.org/wiki/Q15853639
8YADUB52,6,0,http://www.wikidata.org/wiki/Q2477732
