1LG3FS9I,5,4,http://www.wikidata.org/wiki/Q549728
1LG3FS9I,3,1,http://www.wikidata.org/wiki/Q4339448
1LG3FS9I,1,0,http://www.wikidata.org/wiki/Q4201789
1LG3FS9I,4,1,http://www.wikidata.org/wiki/Q4339448
1LG3FS9I,6,0,http://www.wikidata.org/wiki/Q420178
1LG3FS9I,1,3,http://www.wikidata.org/wiki/Q83172
1LG3FS9I,5,1,http://www.wikidata.org/wiki/Q105429923
1LG3FS9I,4,3,http://www.wikidata.org/wiki/Q83172
1LG3FS9I,5,3,http://www.wikidata.org/wiki/Q83172
1LG3FS9I,2,3,http://www.wikidata.org/wiki/Q83172
1LG3FS9I,2,0,http://www.wikidata.org/wiki/Q4201666
1LG3FS9I,3,3,http://www.wikidata.org/wiki/Q131252
4W0OBNEX,5,1,http://www.wikidata.org/wiki/Q17297633
4W0OBNEX,2,1,http://www.wikidata.org/wiki/Q17297633
4W0OBNEX,1,0,http://www.wikidata.org/wiki/Q54802536
4W0OBNEX,4,1,http://www.wikidata.org/wiki/Q17297633
4W0OBNEX,5,0,http://www.wikidata.org/wiki/Q41793386
4W0OBNEX,4,0,http://www.wikidata.org/wiki/Q41793385
4W0OBNEX,2,0,http://www.wikidata.org/wiki/Q41793383
4W0OBNEX,3,0,http://www.wikidata.org/wiki/Q41793384
4W0OBNEX,3,1,http://www.wikidata.org/wiki/Q17297633
4W0OBNEX,1,1,http://www.wikidata.org/wiki/Q17297633
UQPH9LSY,2,0,http://www.wikidata.org/wiki/Q3320573
UQPH9LSY,1,1,http://www.wikidata.org/wiki/Q50020430
UQPH9LSY,1,0,http://www.wikidata.org/wiki/Q332088
UQPH9LSY,3,2,http://www.wikidata.org/wiki/Q41497388
UQPH9LSY,3,1,http://www.wikidata.org/wiki/Q3479230
UQPH9LSY,3,0,http://www.wikidata.org/wiki/Q55596460
UQPH9LSY,2,2,http://www.wikidata.org/wiki/Q3035235
UQPH9LSY,2,1,http://www.wikidata.org/wiki/Q2295655
UQPH9LSY,1,2,http://www.wikidata.org/wiki/Q4227907
RTHP216U,2,0,http://www.wikidata.org/wiki/Q314407
RTHP216U,3,2,http://www.wikidata.org/wiki/Q314407
RTHP216U,1,0,http://www.wikidata.org/wiki/Q482607
RTHP216U,3,0,http://www.wikidata.org/wiki/Q3223847
RTHP216U,2,1,http://www.wikidata.org/wiki/Q1377491
RTHP216U,1,1,http://www.wikidata.org/wiki/Q7734952
RTHP216U,3,1,http://www.wikidata.org/wiki/Q20660452
RTHP216U,1,2,http://www.wikidata.org/wiki/Q488682
RTHP216U,2,2,http://www.wikidata.org/wiki/Q3060725
66V1UPF1,1,0,http://www.wikidata.org/wiki/Q1813849
66V1UPF1,2,4,http://www.wikidata.org/wiki/Q188061
66V1UPF1,1,3,http://www.wikidata.org/wiki/Q37
66V1UPF1,2,0,http://www.wikidata.org/wiki/Q118903
66V1UPF1,2,1,http://www.wikidata.org/wiki/Q118903
66V1UPF1,1,2,http://www.wikidata.org/wiki/Q137863
66V1UPF1,1,4,http://www.wikidata.org/wiki/Q188061
66V1UPF1,2,3,http://www.wikidata.org/wiki/Q37
66V1UPF1,2,2,http://www.wikidata.org/wiki/Q118910
WJDZNJ7R,2,0,http://www.wikidata.org/wiki/Q1337795
WJDZNJ7R,4,2,http://www.wikidata.org/wiki/Q695838
WJDZNJ7R,2,2,http://www.wikidata.org/wiki/Q7264
WJDZNJ7R,1,0,http://www.wikidata.org/wiki/Q506674
WJDZNJ7R,3,1,http://www.wikidata.org/wiki/Q30649500
WJDZNJ7R,3,2,http://www.wikidata.org/wiki/Q7264
WJDZNJ7R,1,1,http://www.wikidata.org/wiki/Q177266
WJDZNJ7R,3,0,http://www.wikidata.org/wiki/Q60270773
WJDZNJ7R,4,0,http://www.wikidata.org/wiki/Q6070493
WJDZNJ7R,5,0,http://www.wikidata.org/wiki/Q177266
WJDZNJ7R,4,1,http://www.wikidata.org/wiki/Q58157513
WJDZNJ7R,1,2,http://www.wikidata.org/wiki/Q794691
WJDZNJ7R,2,1,http://www.wikidata.org/wiki/Q3487646
KVHVZV3L,1,2,http://www.wikidata.org/wiki/Q8731
KVHVZV3L,2,1,http://www.wikidata.org/wiki/Q1223865
KVHVZV3L,3,1,http://www.wikidata.org/wiki/Q1720
KVHVZV3L,3,2,http://www.wikidata.org/wiki/Q24763248
KVHVZV3L,4,2,http://www.wikidata.org/wiki/Q37276728
KVHVZV3L,4,1,http://www.wikidata.org/wiki/Q65952979
KVHVZV3L,1,1,http://www.wikidata.org/wiki/Q65953199
KVHVZV3L,3,0,http://www.wikidata.org/wiki/Q1140952
KVHVZV3L,1,0,http://www.wikidata.org/wiki/Q64163877
KVHVZV3L,4,0,http://www.wikidata.org/wiki/Q64154173
KVHVZV3L,2,0,http://www.wikidata.org/wiki/Q1720
KVHVZV3L,2,2,http://www.wikidata.org/wiki/Q392494
639WTBBX,3,1,http://www.wikidata.org/wiki/Q7544339
639WTBBX,3,2,http://www.wikidata.org/wiki/Q97031008
639WTBBX,1,0,http://www.wikidata.org/wiki/Q3489939
639WTBBX,2,0,http://www.wikidata.org/wiki/Q3489200
639WTBBX,3,0,http://www.wikidata.org/wiki/Q2588696
639WTBBX,1,2,http://www.wikidata.org/wiki/Q20427325
639WTBBX,2,2,http://www.wikidata.org/wiki/Q118696383
639WTBBX,2,1,http://www.wikidata.org/wiki/Q1095840
RSP4RPJK,3,1,http://www.wikidata.org/wiki/Q105095571
RSP4RPJK,2,1,http://www.wikidata.org/wiki/Q1967556
RSP4RPJK,2,0,http://www.wikidata.org/wiki/Q6974685
RSP4RPJK,1,1,http://www.wikidata.org/wiki/Q2601386
RSP4RPJK,1,0,http://www.wikidata.org/wiki/Q97272714
RSP4RPJK,3,0,http://www.wikidata.org/wiki/Q108399979
L5LD752I,4,0,http://www.wikidata.org/wiki/Q67199593
L5LD752I,6,0,http://www.wikidata.org/wiki/Q103915481
L5LD752I,1,1,http://www.wikidata.org/wiki/Q2580972
L5LD752I,3,1,http://www.wikidata.org/wiki/Q7476466
L5LD752I,2,1,http://www.wikidata.org/wiki/Q2796967
L5LD752I,3,0,http://www.wikidata.org/wiki/Q103915481
L5LD752I,5,0,http://www.wikidata.org/wiki/Q67199527
L5LD752I,1,0,http://www.wikidata.org/wiki/Q67199527
L5LD752I,5,1,http://www.wikidata.org/wiki/Q2796967
L5LD752I,4,1,http://www.wikidata.org/wiki/Q2580972
L5LD752I,2,0,http://www.wikidata.org/wiki/Q15917739
IYAGHNQ1,6,0,http://www.wikidata.org/wiki/Q85730381
IYAGHNQ1,4,0,http://www.wikidata.org/wiki/Q21866927
IYAGHNQ1,7,0,http://www.wikidata.org/wiki/Q1407225
IYAGHNQ1,5,0,http://www.wikidata.org/wiki/Q1658185
IYAGHNQ1,1,0,http://www.wikidata.org/wiki/Q16556419
IYAGHNQ1,8,0,http://www.wikidata.org/wiki/Q1369077
IYAGHNQ1,11,0,http://www.wikidata.org/wiki/Q2216928
IYAGHNQ1,9,0,http://www.wikidata.org/wiki/Q1099088
IYAGHNQ1,3,0,http://www.wikidata.org/wiki/Q16825873
IYAGHNQ1,2,0,http://www.wikidata.org/wiki/Q15943603
IYAGHNQ1,10,0,http://www.wikidata.org/wiki/Q2350295
S4BBSEDC,2,0,http://www.wikidata.org/wiki/Q60521488
S4BBSEDC,3,0,http://www.wikidata.org/wiki/Q634418
S4BBSEDC,6,1,http://www.wikidata.org/wiki/Q138775
S4BBSEDC,2,1,http://www.wikidata.org/wiki/Q60521488
S4BBSEDC,1,1,http://www.wikidata.org/wiki/Q657518
S4BBSEDC,5,1,http://www.wikidata.org/wiki/Q106344958
S4BBSEDC,4,0,http://www.wikidata.org/wiki/Q1413939
S4BBSEDC,1,0,http://www.wikidata.org/wiki/Q657518
S4BBSEDC,6,0,http://www.wikidata.org/wiki/Q138775
S4BBSEDC,3,1,http://www.wikidata.org/wiki/Q634418
S4BBSEDC,5,0,http://www.wikidata.org/wiki/Q106344958
S4BBSEDC,4,1,http://www.wikidata.org/wiki/Q1413939
7CWHHFZU,3,2,http://www.wikidata.org/wiki/Q1344
7CWHHFZU,1,1,http://www.wikidata.org/wiki/Q6124976
7CWHHFZU,2,1,http://www.wikidata.org/wiki/Q726531
7CWHHFZU,2,0,http://www.wikidata.org/wiki/Q57166722
7CWHHFZU,3,1,http://www.wikidata.org/wiki/Q153562
7CWHHFZU,1,2,http://www.wikidata.org/wiki/Q1358138
7CWHHFZU,1,0,http://www.wikidata.org/wiki/Q6125113
7CWHHFZU,3,0,http://www.wikidata.org/wiki/Q19799210
7CWHHFZU,2,2,http://www.wikidata.org/wiki/Q1344
SHQ8Y1NF,3,0,http://www.wikidata.org/wiki/Q109217482
SHQ8Y1NF,1,3,http://www.wikidata.org/wiki/Q2052054
SHQ8Y1NF,2,3,http://www.wikidata.org/wiki/Q738435
SHQ8Y1NF,2,0,http://www.wikidata.org/wiki/Q11904369
SHQ8Y1NF,3,3,http://www.wikidata.org/wiki/Q3363943
SHQ8Y1NF,4,0,http://www.wikidata.org/wiki/Q2138364
SHQ8Y1NF,4,3,http://www.wikidata.org/wiki/Q3861904
SHQ8Y1NF,1,0,http://www.wikidata.org/wiki/Q3861904
YSKIF9MF,2,0,http://www.wikidata.org/wiki/Q68828125
YSKIF9MF,1,0,http://www.wikidata.org/wiki/Q15718
YSKIF9MF,1,3,http://www.wikidata.org/wiki/Q170347
YSKIF9MF,2,3,http://www.wikidata.org/wiki/Q69995061
AKVHIMRU,1,0,http://www.wikidata.org/wiki/Q3911749
AKVHIMRU,1,1,http://www.wikidata.org/wiki/Q219414
AKVHIMRU,3,1,http://www.wikidata.org/wiki/Q56887639
AKVHIMRU,3,0,http://www.wikidata.org/wiki/Q7567701
AKVHIMRU,2,0,http://www.wikidata.org/wiki/Q13446741
AKVHIMRU,2,1,http://www.wikidata.org/wiki/Q184602
S3CKGCLJ,8,0,http://www.wikidata.org/wiki/Q111542140
S3CKGCLJ,2,0,http://www.wikidata.org/wiki/Q265864
S3CKGCLJ,5,0,http://www.wikidata.org/wiki/Q2391
S3CKGCLJ,4,0,http://www.wikidata.org/wiki/Q123446215
S3CKGCLJ,7,0,http://www.wikidata.org/wiki/Q110586720
S3CKGCLJ,6,0,http://www.wikidata.org/wiki/Q26271337
S3CKGCLJ,10,0,http://www.wikidata.org/wiki/Q110586720
S3CKGCLJ,9,0,http://www.wikidata.org/wiki/Q19632658
S3CKGCLJ,3,0,http://www.wikidata.org/wiki/Q1184880
S3CKGCLJ,1,0,http://www.wikidata.org/wiki/Q376769
MXQ1SKLG,1,0,http://www.wikidata.org/wiki/Q3261346
MXQ1SKLG,4,0,http://www.wikidata.org/wiki/Q65232960
MXQ1SKLG,6,0,http://www.wikidata.org/wiki/Q6931912
MXQ1SKLG,7,0,http://www.wikidata.org/wiki/Q6931912
MXQ1SKLG,2,0,http://www.wikidata.org/wiki/Q216344
MXQ1SKLG,5,0,http://www.wikidata.org/wiki/Q216344
MXQ1SKLG,3,0,http://www.wikidata.org/wiki/Q2134109
7NCVAPZ6,5,0,http://www.wikidata.org/wiki/Q2907294
7NCVAPZ6,2,0,http://www.wikidata.org/wiki/Q16820786
7NCVAPZ6,6,0,http://www.wikidata.org/wiki/Q4607007
7NCVAPZ6,7,0,http://www.wikidata.org/wiki/Q4690854
7NCVAPZ6,1,0,http://www.wikidata.org/wiki/Q18438915
7NCVAPZ6,4,0,http://www.wikidata.org/wiki/Q4690854
7NCVAPZ6,10,0,http://www.wikidata.org/wiki/Q2907294
7NCVAPZ6,8,0,http://www.wikidata.org/wiki/Q2359
7NCVAPZ6,11,0,http://www.wikidata.org/wiki/Q69793
7NCVAPZ6,3,0,http://www.wikidata.org/wiki/Q4607007
7NCVAPZ6,9,0,http://www.wikidata.org/wiki/Q2359
T55TO34J,1,0,http://www.wikidata.org/wiki/Q74181600
T55TO34J,2,0,http://www.wikidata.org/wiki/Q66531003
T55TO34J,5,1,http://www.wikidata.org/wiki/Q7156340
T55TO34J,4,1,http://www.wikidata.org/wiki/Q87138957
T55TO34J,6,0,http://www.wikidata.org/wiki/Q2075314
T55TO34J,2,1,http://www.wikidata.org/wiki/Q66531003
T55TO34J,3,1,http://www.wikidata.org/wiki/Q91185347
T55TO34J,5,0,http://www.wikidata.org/wiki/Q7156340
T55TO34J,3,0,http://www.wikidata.org/wiki/Q91185347
T55TO34J,6,1,http://www.wikidata.org/wiki/Q2075314
T55TO34J,4,0,http://www.wikidata.org/wiki/Q87138957
DVL415PS,1,2,http://www.wikidata.org/wiki/Q1037
DVL415PS,3,1,http://www.wikidata.org/wiki/Q8059289
DVL415PS,2,0,http://www.wikidata.org/wiki/Q2138558
DVL415PS,1,1,http://www.wikidata.org/wiki/Q113453
DVL415PS,1,0,http://www.wikidata.org/wiki/Q28130502
DVL415PS,2,1,http://www.wikidata.org/wiki/Q515
DVL415PS,2,2,http://www.wikidata.org/wiki/Q183
DVL415PS,3,0,http://www.wikidata.org/wiki/Q1962112
DVL415PS,3,2,http://www.wikidata.org/wiki/Q15180
KXSQH8PJ,4,0,http://www.wikidata.org/wiki/Q13467
KXSQH8PJ,2,0,http://www.wikidata.org/wiki/Q23979
KXSQH8PJ,3,0,http://www.wikidata.org/wiki/Q28119220
KXSQH8PJ,3,2,http://www.wikidata.org/wiki/Q182432
KXSQH8PJ,1,0,http://www.wikidata.org/wiki/Q28115878
KXSQH8PJ,4,2,http://www.wikidata.org/wiki/Q1784474
KXSQH8PJ,1,2,http://www.wikidata.org/wiki/Q192534
KXSQH8PJ,2,2,http://www.wikidata.org/wiki/Q192534
I35616OY,1,0,http://www.wikidata.org/wiki/Q210907
I35616OY,7,0,http://www.wikidata.org/wiki/Q15875736
I35616OY,13,0,http://www.wikidata.org/wiki/Q110
I35616OY,2,0,http://www.wikidata.org/wiki/Q208268
I35616OY,10,0,http://www.wikidata.org/wiki/Q981499
I35616OY,4,0,http://www.wikidata.org/wiki/Q7144378
I35616OY,5,0,http://www.wikidata.org/wiki/Q7640
I35616OY,9,0,http://www.wikidata.org/wiki/Q16813584
I35616OY,12,0,http://www.wikidata.org/wiki/Q74877
I35616OY,11,0,http://www.wikidata.org/wiki/Q51457667
I35616OY,6,0,http://www.wikidata.org/wiki/Q19241474
I35616OY,8,0,http://www.wikidata.org/wiki/Q540684
I35616OY,3,0,http://www.wikidata.org/wiki/Q4229211
RU92NLFT,3,1,http://www.wikidata.org/wiki/Q67671729
RU92NLFT,3,0,http://www.wikidata.org/wiki/Q7660129
RU92NLFT,1,1,http://www.wikidata.org/wiki/Q1065809
RU92NLFT,3,2,http://www.wikidata.org/wiki/Q3130
RU92NLFT,4,1,http://www.wikidata.org/wiki/Q487556
RU92NLFT,4,0,http://www.wikidata.org/wiki/Q7660129
RU92NLFT,2,2,http://www.wikidata.org/wiki/Q3130
RU92NLFT,1,0,http://www.wikidata.org/wiki/Q5425982
RU92NLFT,5,0,http://www.wikidata.org/wiki/Q7660036
RU92NLFT,2,0,http://www.wikidata.org/wiki/Q7660036
RU92NLFT,4,2,http://www.wikidata.org/wiki/Q3130
RU92NLFT,1,2,http://www.wikidata.org/wiki/Q812
RU92NLFT,2,1,http://www.wikidata.org/wiki/Q487556
P0P41ODQ,1,0,http://www.wikidata.org/wiki/Q28799994
P0P41ODQ,3,0,http://www.wikidata.org/wiki/Q29877552
P0P41ODQ,8,0,http://www.wikidata.org/wiki/Q28799994
P0P41ODQ,9,0,http://www.wikidata.org/wiki/Q5041862
P0P41ODQ,7,0,http://www.wikidata.org/wiki/Q28105676
P0P41ODQ,5,0,http://www.wikidata.org/wiki/Q29788137
P0P41ODQ,2,0,http://www.wikidata.org/wiki/Q28105676
P0P41ODQ,6,0,http://www.wikidata.org/wiki/Q50418620
P0P41ODQ,4,0,http://www.wikidata.org/wiki/Q28105676
7UH8BJ87,2,0,http://www.wikidata.org/wiki/Q2621410
7UH8BJ87,3,0,http://www.wikidata.org/wiki/Q2565342
7UH8BJ87,5,1,http://www.wikidata.org/wiki/Q2657799
7UH8BJ87,4,1,http://www.wikidata.org/wiki/Q26594739
7UH8BJ87,1,0,http://www.wikidata.org/wiki/Q2697088
7UH8BJ87,5,2,http://www.wikidata.org/wiki/Q26287310
7UH8BJ87,6,2,http://www.wikidata.org/wiki/Q87935572
7UH8BJ87,5,0,http://www.wikidata.org/wiki/Q26287310
7UH8BJ87,6,0,http://www.wikidata.org/wiki/Q2895096
7UH8BJ87,6,1,http://www.wikidata.org/wiki/Q78605266
7UH8BJ87,4,2,http://www.wikidata.org/wiki/Q26303830
7UH8BJ87,4,0,http://www.wikidata.org/wiki/Q2657799
10Q6EESN,1,0,http://www.wikidata.org/wiki/Q21999654
10Q6EESN,2,1,http://www.wikidata.org/wiki/Q19652
10Q6EESN,3,0,http://www.wikidata.org/wiki/Q2915517
10Q6EESN,1,1,http://www.wikidata.org/wiki/Q19652
10Q6EESN,1,2,http://www.wikidata.org/wiki/Q357824
10Q6EESN,3,1,http://www.wikidata.org/wiki/Q31698693
10Q6EESN,2,0,http://www.wikidata.org/wiki/Q29029690
10Q6EESN,3,2,http://www.wikidata.org/wiki/Q313922
10Q6EESN,2,2,http://www.wikidata.org/wiki/Q313922
QNHDL33N,3,1,http://www.wikidata.org/wiki/Q11436
QNHDL33N,4,0,http://www.wikidata.org/wiki/Q27568885
QNHDL33N,5,0,http://www.wikidata.org/wiki/Q21354236
QNHDL33N,2,0,http://www.wikidata.org/wiki/Q21905930
QNHDL33N,2,1,http://www.wikidata.org/wiki/Q11436
QNHDL33N,3,0,http://www.wikidata.org/wiki/Q5275178
QNHDL33N,4,2,http://www.wikidata.org/wiki/Q3960204
QNHDL33N,4,1,http://www.wikidata.org/wiki/Q11436
QNHDL33N,1,2,http://www.wikidata.org/wiki/Q917953
QNHDL33N,3,2,http://www.wikidata.org/wiki/Q917172
QNHDL33N,1,1,http://www.wikidata.org/wiki/Q11436
QNHDL33N,2,2,http://www.wikidata.org/wiki/Q917172
QNHDL33N,1,0,http://www.wikidata.org/wiki/Q5699813
KSNGOI8Z,1,1,http://www.wikidata.org/wiki/Q236122
KSNGOI8Z,2,0,http://www.wikidata.org/wiki/Q1348719
KSNGOI8Z,4,0,http://www.wikidata.org/wiki/Q5117852
KSNGOI8Z,4,1,http://www.wikidata.org/wiki/Q2245347
KSNGOI8Z,4,2,http://www.wikidata.org/wiki/Q1841
KSNGOI8Z,2,2,http://www.wikidata.org/wiki/Q1841
KSNGOI8Z,1,2,http://www.wikidata.org/wiki/Q1841
KSNGOI8Z,3,2,http://www.wikidata.org/wiki/Q1841
KSNGOI8Z,3,0,http://www.wikidata.org/wiki/Q63167656
KSNGOI8Z,1,0,http://www.wikidata.org/wiki/Q719794
KSNGOI8Z,2,1,http://www.wikidata.org/wiki/Q176483
KSNGOI8Z,3,1,http://www.wikidata.org/wiki/Q176483
6AAA6KDL,3,0,http://www.wikidata.org/wiki/Q1886959
6AAA6KDL,2,0,http://www.wikidata.org/wiki/Q1888092
6AAA6KDL,1,0,http://www.wikidata.org/wiki/Q177373
6AAA6KDL,4,0,http://www.wikidata.org/wiki/Q16692754
6AAA6KDL,4,2,http://www.wikidata.org/wiki/Q490477
6AAA6KDL,3,1,http://www.wikidata.org/wiki/Q2086913
6AAA6KDL,4,1,http://www.wikidata.org/wiki/Q2086913
6AAA6KDL,2,1,http://www.wikidata.org/wiki/Q2086913
6AAA6KDL,5,0,http://www.wikidata.org/wiki/Q1888092
6AAA6KDL,2,2,http://www.wikidata.org/wiki/Q490477
6AAA6KDL,1,2,http://www.wikidata.org/wiki/Q490550
6AAA6KDL,1,1,http://www.wikidata.org/wiki/Q2086913
6AAA6KDL,3,2,http://www.wikidata.org/wiki/Q490477
P8CRFNEP,7,0,http://www.wikidata.org/wiki/Q55108868
P8CRFNEP,6,0,http://www.wikidata.org/wiki/Q5681466
P8CRFNEP,3,0,http://www.wikidata.org/wiki/Q13134933
P8CRFNEP,8,0,http://www.wikidata.org/wiki/Q3444148
P8CRFNEP,1,0,http://www.wikidata.org/wiki/Q22697609
P8CRFNEP,4,0,http://www.wikidata.org/wiki/Q13426794
P8CRFNEP,12,0,http://www.wikidata.org/wiki/Q13
P8CRFNEP,9,0,http://www.wikidata.org/wiki/Q3444150
P8CRFNEP,2,0,http://www.wikidata.org/wiki/Q22590143
P8CRFNEP,11,0,http://www.wikidata.org/wiki/Q13134933
P8CRFNEP,5,0,http://www.wikidata.org/wiki/Q13134933
P8CRFNEP,10,0,http://www.wikidata.org/wiki/Q117472619
RT326E2G,2,1,http://www.wikidata.org/wiki/Q19652
RT326E2G,1,0,http://www.wikidata.org/wiki/Q5383621
RT326E2G,1,1,http://www.wikidata.org/wiki/Q19652
RT326E2G,3,0,http://www.wikidata.org/wiki/Q19528669
RT326E2G,3,2,http://www.wikidata.org/wiki/Q34
RT326E2G,4,1,http://www.wikidata.org/wiki/Q19652
RT326E2G,4,0,http://www.wikidata.org/wiki/Q2557109
RT326E2G,3,1,http://www.wikidata.org/wiki/Q19652
RT326E2G,1,2,http://www.wikidata.org/wiki/Q34
RT326E2G,2,2,http://www.wikidata.org/wiki/Q34
RT326E2G,2,0,http://www.wikidata.org/wiki/Q2557109
1JCIV762,3,0,http://www.wikidata.org/wiki/Q45113838
1JCIV762,1,0,http://www.wikidata.org/wiki/Q45031857
1JCIV762,2,1,http://www.wikidata.org/wiki/Q21769957
1JCIV762,4,0,http://www.wikidata.org/wiki/Q44796387
1JCIV762,4,1,http://www.wikidata.org/wiki/Q21769957
1JCIV762,1,1,http://www.wikidata.org/wiki/Q21769957
1JCIV762,2,2,http://www.wikidata.org/wiki/Q21769954
1JCIV762,3,2,http://www.wikidata.org/wiki/Q21769954
1JCIV762,1,2,http://www.wikidata.org/wiki/Q21769954
1JCIV762,2,0,http://www.wikidata.org/wiki/Q45031794
1JCIV762,4,2,http://www.wikidata.org/wiki/Q21769954
1JCIV762,3,1,http://www.wikidata.org/wiki/Q21769957
BWIXL857,6,0,http://www.wikidata.org/wiki/Q9351
BWIXL857,1,0,http://www.wikidata.org/wiki/Q1049265
BWIXL857,8,0,http://www.wikidata.org/wiki/Q30918515
BWIXL857,14,0,http://www.wikidata.org/wiki/Q93
BWIXL857,9,0,http://www.wikidata.org/wiki/Q30918515
BWIXL857,13,0,http://www.wikidata.org/wiki/Q3245449
BWIXL857,11,0,http://www.wikidata.org/wiki/Q3245449
BWIXL857,5,0,http://www.wikidata.org/wiki/Q30918515
BWIXL857,12,0,http://www.wikidata.org/wiki/Q9351
BWIXL857,2,0,http://www.wikidata.org/wiki/Q9351
BWIXL857,3,0,http://www.wikidata.org/wiki/Q3245449
BWIXL857,10,0,http://www.wikidata.org/wiki/Q9351
BWIXL857,4,0,http://www.wikidata.org/wiki/Q30918515
BWIXL857,7,0,http://www.wikidata.org/wiki/Q3245449
CC3DZCAD,3,2,http://www.wikidata.org/wiki/Q3150
CC3DZCAD,2,2,http://www.wikidata.org/wiki/Q3150
CC3DZCAD,1,2,http://www.wikidata.org/wiki/Q19518
CC3DZCAD,3,0,http://www.wikidata.org/wiki/Q1257221
CC3DZCAD,2,0,http://www.wikidata.org/wiki/Q65718459
CC3DZCAD,3,1,http://www.wikidata.org/wiki/Q1033185
CC3DZCAD,1,0,http://www.wikidata.org/wiki/Q60535582
CC3DZCAD,1,1,http://www.wikidata.org/wiki/Q1010268
CC3DZCAD,2,1,http://www.wikidata.org/wiki/Q65718210
Y3JPLR2A,3,1,http://www.wikidata.org/wiki/Q5370873
Y3JPLR2A,2,0,http://www.wikidata.org/wiki/Q5370873
Y3JPLR2A,4,0,http://www.wikidata.org/wiki/Q5368284
Y3JPLR2A,4,1,http://www.wikidata.org/wiki/Q5370873
Y3JPLR2A,4,2,http://www.wikidata.org/wiki/Q199
Y3JPLR2A,3,2,http://www.wikidata.org/wiki/Q1999572
Y3JPLR2A,3,0,http://www.wikidata.org/wiki/Q5368284
Y3JPLR2A,1,0,http://www.wikidata.org/wiki/Q5370293
Y3JPLR2A,2,2,http://www.wikidata.org/wiki/Q1999572
Y3JPLR2A,1,1,http://www.wikidata.org/wiki/Q5370873
Y3JPLR2A,1,2,http://www.wikidata.org/wiki/Q1999572
Y3JPLR2A,2,1,http://www.wikidata.org/wiki/Q5370293
QYX0IBGZ,5,0,http://www.wikidata.org/wiki/Q119425
QYX0IBGZ,7,0,http://www.wikidata.org/wiki/Q2091557
QYX0IBGZ,13,0,http://www.wikidata.org/wiki/Q59931399
QYX0IBGZ,12,0,http://www.wikidata.org/wiki/Q28380548
QYX0IBGZ,3,0,http://www.wikidata.org/wiki/Q255021
QYX0IBGZ,6,0,http://www.wikidata.org/wiki/Q1018862
QYX0IBGZ,10,0,http://www.wikidata.org/wiki/Q20858769
QYX0IBGZ,2,0,http://www.wikidata.org/wiki/Q20858719
QYX0IBGZ,4,0,http://www.wikidata.org/wiki/Q200937
QYX0IBGZ,8,0,http://www.wikidata.org/wiki/Q200937
QYX0IBGZ,11,0,http://www.wikidata.org/wiki/Q2091557
QYX0IBGZ,9,0,http://www.wikidata.org/wiki/Q20858719
QYX0IBGZ,1,0,http://www.wikidata.org/wiki/Q20858769
2WWMLL1O,1,0,http://www.wikidata.org/wiki/Q18845107
2WWMLL1O,3,0,http://www.wikidata.org/wiki/Q18882510
2WWMLL1O,6,0,http://www.wikidata.org/wiki/Q6466900
2WWMLL1O,5,0,http://www.wikidata.org/wiki/Q65775308
2WWMLL1O,4,0,http://www.wikidata.org/wiki/Q1899429
2WWMLL1O,7,0,http://www.wikidata.org/wiki/Q105429923
2WWMLL1O,2,0,http://www.wikidata.org/wiki/Q18845105
YA377MQ3,2,1,http://www.wikidata.org/wiki/Q131132
YA377MQ3,2,0,http://www.wikidata.org/wiki/Q334124
YA377MQ3,1,0,http://www.wikidata.org/wiki/Q334353
YA377MQ3,3,0,http://www.wikidata.org/wiki/Q2863983
YA377MQ3,5,1,http://www.wikidata.org/wiki/Q131132
YA377MQ3,2,2,http://www.wikidata.org/wiki/Q46
YA377MQ3,3,2,http://www.wikidata.org/wiki/Q46
YA377MQ3,4,0,http://www.wikidata.org/wiki/Q355545
YA377MQ3,1,1,http://www.wikidata.org/wiki/Q131132
YA377MQ3,1,2,http://www.wikidata.org/wiki/Q46
YA377MQ3,4,1,http://www.wikidata.org/wiki/Q131132
YA377MQ3,4,2,http://www.wikidata.org/wiki/Q46
YA377MQ3,5,0,http://www.wikidata.org/wiki/Q334124
YA377MQ3,3,1,http://www.wikidata.org/wiki/Q131132
SWICQRV2,3,2,http://www.wikidata.org/wiki/Q318781
SWICQRV2,4,2,http://www.wikidata.org/wiki/Q1462086
SWICQRV2,2,2,http://www.wikidata.org/wiki/Q318781
SWICQRV2,3,0,http://www.wikidata.org/wiki/Q1964947
SWICQRV2,1,0,http://www.wikidata.org/wiki/Q650248
SWICQRV2,4,0,http://www.wikidata.org/wiki/Q1688816
SWICQRV2,1,2,http://www.wikidata.org/wiki/Q319214
SWICQRV2,2,0,http://www.wikidata.org/wiki/Q161156
ELRYKU84,5,0,http://www.wikidata.org/wiki/Q61066521
ELRYKU84,6,0,http://www.wikidata.org/wiki/Q61066458
ELRYKU84,7,0,http://www.wikidata.org/wiki/Q61066458
ELRYKU84,1,0,http://www.wikidata.org/wiki/Q2163496
ELRYKU84,4,0,http://www.wikidata.org/wiki/Q6940859
ELRYKU84,2,0,http://www.wikidata.org/wiki/Q1286354
ELRYKU84,3,0,http://www.wikidata.org/wiki/Q58769639
NAU7I5UN,5,0,http://www.wikidata.org/wiki/Q63614629
NAU7I5UN,7,0,http://www.wikidata.org/wiki/Q694064
NAU7I5UN,4,0,http://www.wikidata.org/wiki/Q63616344
NAU7I5UN,1,0,http://www.wikidata.org/wiki/Q18888235
NAU7I5UN,3,0,http://www.wikidata.org/wiki/Q63614629
NAU7I5UN,11,0,http://www.wikidata.org/wiki/Q16305812
NAU7I5UN,8,0,http://www.wikidata.org/wiki/Q651853
NAU7I5UN,10,0,http://www.wikidata.org/wiki/Q50413497
NAU7I5UN,9,0,http://www.wikidata.org/wiki/Q5676680
NAU7I5UN,2,0,http://www.wikidata.org/wiki/Q18888233
NAU7I5UN,6,0,http://www.wikidata.org/wiki/Q651853
NMK2GWBS,3,1,http://www.wikidata.org/wiki/Q23596
NMK2GWBS,4,0,http://www.wikidata.org/wiki/Q56389633
NMK2GWBS,1,2,http://www.wikidata.org/wiki/Q6060
NMK2GWBS,5,0,http://www.wikidata.org/wiki/Q64359416
NMK2GWBS,1,0,http://www.wikidata.org/wiki/Q1287969
NMK2GWBS,3,0,http://www.wikidata.org/wiki/Q51272642
NMK2GWBS,2,1,http://www.wikidata.org/wiki/Q23733
NMK2GWBS,2,2,http://www.wikidata.org/wiki/Q1422239
NMK2GWBS,2,0,http://www.wikidata.org/wiki/Q598755
NMK2GWBS,4,2,http://www.wikidata.org/wiki/Q28722977
NMK2GWBS,4,1,http://www.wikidata.org/wiki/Q65028968
NZ4LO319,3,0,http://www.wikidata.org/wiki/Q747541
NZ4LO319,1,1,http://www.wikidata.org/wiki/Q142
NZ4LO319,1,2,http://www.wikidata.org/wiki/Q55020199
NZ4LO319,2,1,http://www.wikidata.org/wiki/Q142
NZ4LO319,3,1,http://www.wikidata.org/wiki/Q142
NZ4LO319,2,0,http://www.wikidata.org/wiki/Q1311978
NZ4LO319,3,2,http://www.wikidata.org/wiki/Q5937752
NZ4LO319,2,2,http://www.wikidata.org/wiki/Q5937752
NZ4LO319,1,0,http://www.wikidata.org/wiki/Q653187
Z618SF1Q,1,2,http://www.wikidata.org/wiki/Q503232
Z618SF1Q,2,2,http://www.wikidata.org/wiki/Q30085
Z618SF1Q,2,0,http://www.wikidata.org/wiki/Q42589483
Z618SF1Q,3,0,http://www.wikidata.org/wiki/Q3198692
Z618SF1Q,3,2,http://www.wikidata.org/wiki/Q300857
Z618SF1Q,3,1,http://www.wikidata.org/wiki/Q154335
Z618SF1Q,1,0,http://www.wikidata.org/wiki/Q21787548
QX840EMW,3,0,http://www.wikidata.org/wiki/Q2487297
QX840EMW,1,1,http://www.wikidata.org/wiki/Q36874909
QX840EMW,2,2,http://www.wikidata.org/wiki/Q3070
QX840EMW,3,2,http://www.wikidata.org/wiki/Q3070
QX840EMW,1,0,http://www.wikidata.org/wiki/Q2487297
QX840EMW,2,1,http://www.wikidata.org/wiki/Q52609380
QX840EMW,2,0,http://www.wikidata.org/wiki/Q255898
QX840EMW,3,1,http://www.wikidata.org/wiki/Q106574509
QX840EMW,1,2,http://www.wikidata.org/wiki/Q9899
JRRCRO27,5,0,http://www.wikidata.org/wiki/Q3773834
JRRCRO27,4,1,http://www.wikidata.org/wiki/Q3773838
JRRCRO27,2,1,http://www.wikidata.org/wiki/Q2649128
JRRCRO27,6,0,http://www.wikidata.org/wiki/Q3773834
JRRCRO27,4,0,http://www.wikidata.org/wiki/Q3773841
JRRCRO27,5,1,http://www.wikidata.org/wiki/Q3773832
JRRCRO27,3,0,http://www.wikidata.org/wiki/Q1058671
JRRCRO27,3,1,http://www.wikidata.org/wiki/Q2649128
JRRCRO27,6,1,http://www.wikidata.org/wiki/Q377
JRRCRO27,1,0,http://www.wikidata.org/wiki/Q3773832
JRRCRO27,1,1,http://www.wikidata.org/wiki/Q3773834
JRRCRO27,2,0,http://www.wikidata.org/wiki/Q3773909
U6IS7IHN,3,1,http://www.wikidata.org/wiki/Q5970594
U6IS7IHN,4,1,http://www.wikidata.org/wiki/Q68185
U6IS7IHN,2,2,http://www.wikidata.org/wiki/Q842886
U6IS7IHN,1,1,http://www.wikidata.org/wiki/Q1653860
U6IS7IHN,1,2,http://www.wikidata.org/wiki/Q842886
U6IS7IHN,3,3,http://www.wikidata.org/wiki/Q804
U6IS7IHN,1,0,http://www.wikidata.org/wiki/Q2216080
U6IS7IHN,2,1,http://www.wikidata.org/wiki/Q2064060
U6IS7IHN,4,0,http://www.wikidata.org/wiki/Q425631
U6IS7IHN,2,3,http://www.wikidata.org/wiki/Q804
U6IS7IHN,3,2,http://www.wikidata.org/wiki/Q842886
U6IS7IHN,2,0,http://www.wikidata.org/wiki/Q2217039
U6IS7IHN,3,0,http://www.wikidata.org/wiki/Q41516330
U6IS7IHN,1,3,http://www.wikidata.org/wiki/Q804
Z7KN2F7D,3,0,http://www.wikidata.org/wiki/Q283179
Z7KN2F7D,7,0,http://www.wikidata.org/wiki/Q28551664
Z7KN2F7D,1,0,http://www.wikidata.org/wiki/Q63869441
Z7KN2F7D,2,0,http://www.wikidata.org/wiki/Q51280932
Z7KN2F7D,4,0,http://www.wikidata.org/wiki/Q2831
Z7KN2F7D,8,0,http://www.wikidata.org/wiki/Q13458118
Z7KN2F7D,6,0,http://www.wikidata.org/wiki/Q283179
Z7KN2F7D,5,0,http://www.wikidata.org/wiki/Q28859163
HC95KLK7,3,3,http://www.wikidata.org/wiki/Q52502
HC95KLK7,3,1,http://www.wikidata.org/wiki/Q25287
HC95KLK7,1,1,http://www.wikidata.org/wiki/Q3857
HC95KLK7,5,0,http://www.wikidata.org/wiki/Q10562553
HC95KLK7,2,3,http://www.wikidata.org/wiki/Q52502
HC95KLK7,1,3,http://www.wikidata.org/wiki/Q2576230
HC95KLK7,3,0,http://www.wikidata.org/wiki/Q10562558
HC95KLK7,4,0,http://www.wikidata.org/wiki/Q52502
HC95KLK7,2,0,http://www.wikidata.org/wiki/Q56850068
HC95KLK7,1,0,http://www.wikidata.org/wiki/Q2776902
HC95KLK7,2,1,http://www.wikidata.org/wiki/Q25287
HC95KLK7,4,1,http://www.wikidata.org/wiki/Q25287
HC95KLK7,4,3,http://www.wikidata.org/wiki/Q52502
BR44OMLT,4,0,http://www.wikidata.org/wiki/Q62562206
BR44OMLT,1,0,http://www.wikidata.org/wiki/Q80903492
BR44OMLT,1,1,http://www.wikidata.org/wiki/Q287
BR44OMLT,2,1,http://www.wikidata.org/wiki/Q287
BR44OMLT,2,2,http://www.wikidata.org/wiki/Q1471
BR44OMLT,4,2,http://www.wikidata.org/wiki/Q1471
BR44OMLT,3,2,http://www.wikidata.org/wiki/Q130912
BR44OMLT,3,1,http://www.wikidata.org/wiki/Q287
BR44OMLT,2,0,http://www.wikidata.org/wiki/Q23307797
BR44OMLT,1,2,http://www.wikidata.org/wiki/Q170321
BR44OMLT,3,0,http://www.wikidata.org/wiki/Q65101182
BR44OMLT,4,1,http://www.wikidata.org/wiki/Q287
ZXF2PWA4,5,0,http://www.wikidata.org/wiki/Q10871457
ZXF2PWA4,2,0,http://www.wikidata.org/wiki/Q381143
ZXF2PWA4,12,0,http://www.wikidata.org/wiki/Q1075
ZXF2PWA4,4,0,http://www.wikidata.org/wiki/Q12777276
ZXF2PWA4,11,0,http://www.wikidata.org/wiki/Q10871457
ZXF2PWA4,1,0,http://www.wikidata.org/wiki/Q544661
ZXF2PWA4,3,0,http://www.wikidata.org/wiki/Q107582
ZXF2PWA4,7,0,http://www.wikidata.org/wiki/Q1200916
ZXF2PWA4,6,0,http://www.wikidata.org/wiki/Q104739142
ZXF2PWA4,9,0,http://www.wikidata.org/wiki/Q107582
ZXF2PWA4,10,0,http://www.wikidata.org/wiki/Q12777276
ZXF2PWA4,8,0,http://www.wikidata.org/wiki/Q104739142
GPZ72K9R,4,0,http://www.wikidata.org/wiki/Q324
GPZ72K9R,3,3,http://www.wikidata.org/wiki/Q3609
GPZ72K9R,2,1,http://www.wikidata.org/wiki/Q62072799
GPZ72K9R,3,2,http://www.wikidata.org/wiki/Q1381218
GPZ72K9R,1,0,http://www.wikidata.org/wiki/Q62072792
GPZ72K9R,1,1,http://www.wikidata.org/wiki/Q62072793
GPZ72K9R,2,2,http://www.wikidata.org/wiki/Q1764994
GPZ72K9R,2,3,http://www.wikidata.org/wiki/Q3609
GPZ72K9R,2,0,http://www.wikidata.org/wiki/Q62072798
GPZ72K9R,3,0,http://www.wikidata.org/wiki/Q3775223
GPZ72K9R,1,3,http://www.wikidata.org/wiki/Q3609
GPZ72K9R,1,2,http://www.wikidata.org/wiki/Q156707
Y6YD5MVX,5,0,http://www.wikidata.org/wiki/Q78187876
Y6YD5MVX,3,0,http://www.wikidata.org/wiki/Q6991
Y6YD5MVX,2,0,http://www.wikidata.org/wiki/Q54933585
Y6YD5MVX,1,0,http://www.wikidata.org/wiki/Q55093493
Y6YD5MVX,4,0,http://www.wikidata.org/wiki/Q88381841
Y6YD5MVX,6,0,http://www.wikidata.org/wiki/Q74865621
Y6YD5MVX,7,0,http://www.wikidata.org/wiki/Q8575343
MSUWADMV,6,0,http://www.wikidata.org/wiki/Q1449648
MSUWADMV,4,0,http://www.wikidata.org/wiki/Q63883
MSUWADMV,12,0,http://www.wikidata.org/wiki/Q101641
MSUWADMV,7,0,http://www.wikidata.org/wiki/Q1416251
MSUWADMV,11,0,http://www.wikidata.org/wiki/Q63883
MSUWADMV,1,0,http://www.wikidata.org/wiki/Q1216
MSUWADMV,3,0,http://www.wikidata.org/wiki/Q101641
MSUWADMV,9,0,http://www.wikidata.org/wiki/Q1210
MSUWADMV,5,0,http://www.wikidata.org/wiki/Q39852
MSUWADMV,13,0,http://www.wikidata.org/wiki/Q1210
MSUWADMV,10,0,http://www.wikidata.org/wiki/Q1216
MSUWADMV,2,0,http://www.wikidata.org/wiki/Q1210
MSUWADMV,8,0,http://www.wikidata.org/wiki/Q101641
Q4PZJLUI,1,0,http://www.wikidata.org/wiki/Q16707726
Q4PZJLUI,2,1,http://www.wikidata.org/wiki/Q17747099
Q4PZJLUI,2,2,http://www.wikidata.org/wiki/Q150214
Q4PZJLUI,3,1,http://www.wikidata.org/wiki/Q17747099
Q4PZJLUI,2,0,http://www.wikidata.org/wiki/Q17537865
Q4PZJLUI,3,0,http://www.wikidata.org/wiki/Q17553562
Q4PZJLUI,1,2,http://www.wikidata.org/wiki/Q17985385
Q4PZJLUI,1,1,http://www.wikidata.org/wiki/Q16856986
Q4PZJLUI,3,2,http://www.wikidata.org/wiki/Q150214
ORY1V585,6,0,http://www.wikidata.org/wiki/Q68176085
ORY1V585,7,0,http://www.wikidata.org/wiki/Q68381774
ORY1V585,3,0,http://www.wikidata.org/wiki/Q644419
ORY1V585,1,0,http://www.wikidata.org/wiki/Q221223
ORY1V585,8,0,http://www.wikidata.org/wiki/Q67506484
ORY1V585,4,0,http://www.wikidata.org/wiki/Q649242
ORY1V585,2,0,http://www.wikidata.org/wiki/Q140730
ORY1V585,5,0,http://www.wikidata.org/wiki/Q101025890
ZSN12XTG,4,1,http://www.wikidata.org/wiki/Q966105
ZSN12XTG,2,2,http://www.wikidata.org/wiki/Q23336065
ZSN12XTG,1,2,http://www.wikidata.org/wiki/Q23335394
ZSN12XTG,3,0,http://www.wikidata.org/wiki/Q1217349
ZSN12XTG,2,1,http://www.wikidata.org/wiki/Q99
ZSN12XTG,1,0,http://www.wikidata.org/wiki/Q1700617
ZSN12XTG,2,0,http://www.wikidata.org/wiki/Q3360203
ZSN12XTG,4,2,http://www.wikidata.org/wiki/Q23335549
ZSN12XTG,1,1,http://www.wikidata.org/wiki/Q11299
ZSN12XTG,3,2,http://www.wikidata.org/wiki/Q23335494
ZSN12XTG,3,1,http://www.wikidata.org/wiki/Q99
ZSN12XTG,4,0,http://www.wikidata.org/wiki/Q7885568
9E6PUMKB,3,0,http://www.wikidata.org/wiki/Q62076043
9E6PUMKB,2,3,http://www.wikidata.org/wiki/Q506250
9E6PUMKB,1,1,http://www.wikidata.org/wiki/Q4964675
9E6PUMKB,1,3,http://www.wikidata.org/wiki/Q506250
9E6PUMKB,3,1,http://www.wikidata.org/wiki/Q462827
9E6PUMKB,3,2,http://www.wikidata.org/wiki/Q34
9E6PUMKB,2,1,http://www.wikidata.org/wiki/Q462827
9E6PUMKB,1,2,http://www.wikidata.org/wiki/Q34
9E6PUMKB,4,0,http://www.wikidata.org/wiki/Q6206810
9E6PUMKB,2,2,http://www.wikidata.org/wiki/Q34
9E6PUMKB,3,3,http://www.wikidata.org/wiki/Q506250
9E6PUMKB,1,0,http://www.wikidata.org/wiki/Q62068101
9E6PUMKB,2,0,http://www.wikidata.org/wiki/Q62076023
NXVK8K1E,9,0,http://www.wikidata.org/wiki/Q101050720
NXVK8K1E,8,0,http://www.wikidata.org/wiki/Q101050720
NXVK8K1E,6,0,http://www.wikidata.org/wiki/Q101050720
NXVK8K1E,7,0,http://www.wikidata.org/wiki/Q105673013
NXVK8K1E,5,0,http://www.wikidata.org/wiki/Q21097896
NXVK8K1E,3,0,http://www.wikidata.org/wiki/Q21098174
NXVK8K1E,10,0,http://www.wikidata.org/wiki/Q101050720
NXVK8K1E,11,0,http://www.wikidata.org/wiki/Q1010
NXVK8K1E,4,0,http://www.wikidata.org/wiki/Q105673013
NXVK8K1E,1,0,http://www.wikidata.org/wiki/Q21097896
NXVK8K1E,2,0,http://www.wikidata.org/wiki/Q21097897
C7JV7SIA,7,0,http://www.wikidata.org/wiki/Q51954398
C7JV7SIA,10,0,http://www.wikidata.org/wiki/Q269576
C7JV7SIA,11,0,http://www.wikidata.org/wiki/Q2993306
C7JV7SIA,5,0,http://www.wikidata.org/wiki/Q3972970
C7JV7SIA,6,0,http://www.wikidata.org/wiki/Q49439547
C7JV7SIA,3,0,http://www.wikidata.org/wiki/Q43196041
C7JV7SIA,4,0,http://www.wikidata.org/wiki/Q5175016
C7JV7SIA,8,0,http://www.wikidata.org/wiki/Q51954394
C7JV7SIA,9,0,http://www.wikidata.org/wiki/Q51954395
C7JV7SIA,1,0,http://www.wikidata.org/wiki/Q943340
C7JV7SIA,2,0,http://www.wikidata.org/wiki/Q926610
7JZOS56F,1,0,http://www.wikidata.org/wiki/Q74284773
7JZOS56F,6,0,http://www.wikidata.org/wiki/Q2182050
7JZOS56F,5,0,http://www.wikidata.org/wiki/Q220136
7JZOS56F,4,0,http://www.wikidata.org/wiki/Q67844754
7JZOS56F,2,0,http://www.wikidata.org/wiki/Q84925284
7JZOS56F,3,0,http://www.wikidata.org/wiki/Q6537024
EHITTI5C,5,0,http://www.wikidata.org/wiki/Q61870747
EHITTI5C,1,0,http://www.wikidata.org/wiki/Q61868576
EHITTI5C,3,0,http://www.wikidata.org/wiki/Q61870731
EHITTI5C,2,0,http://www.wikidata.org/wiki/Q61868564
EHITTI5C,4,0,http://www.wikidata.org/wiki/Q61868617
U5V6QARC,4,2,http://www.wikidata.org/wiki/Q15803911
U5V6QARC,4,0,http://www.wikidata.org/wiki/Q44759
U5V6QARC,1,0,http://www.wikidata.org/wiki/Q583893
U5V6QARC,3,1,http://www.wikidata.org/wiki/Q44759
U5V6QARC,2,0,http://www.wikidata.org/wiki/Q645679
U5V6QARC,2,1,http://www.wikidata.org/wiki/Q44823
U5V6QARC,3,2,http://www.wikidata.org/wiki/Q15329
U5V6QARC,4,1,http://www.wikidata.org/wiki/Q52535
U5V6QARC,1,1,http://www.wikidata.org/wiki/Q44758
U5V6QARC,1,2,http://www.wikidata.org/wiki/Q2792846
U5V6QARC,3,0,http://www.wikidata.org/wiki/Q665082
U5V6QARC,5,0,http://www.wikidata.org/wiki/Q665082
U5V6QARC,2,2,http://www.wikidata.org/wiki/Q33980
X8VIPJJW,4,1,http://www.wikidata.org/wiki/Q575727
X8VIPJJW,5,0,http://www.wikidata.org/wiki/Q5576507
X8VIPJJW,1,0,http://www.wikidata.org/wiki/Q7119870
X8VIPJJW,2,0,http://www.wikidata.org/wiki/Q2289631
X8VIPJJW,6,1,http://www.wikidata.org/wiki/Q961220
X8VIPJJW,1,1,http://www.wikidata.org/wiki/Q1863818
X8VIPJJW,6,0,http://www.wikidata.org/wiki/Q5576507
X8VIPJJW,3,1,http://www.wikidata.org/wiki/Q575727
X8VIPJJW,4,0,http://www.wikidata.org/wiki/Q5632800
X8VIPJJW,5,1,http://www.wikidata.org/wiki/Q961220
X8VIPJJW,3,0,http://www.wikidata.org/wiki/Q5632801
X8VIPJJW,2,1,http://www.wikidata.org/wiki/Q575727
HWNY9ILA,1,2,http://www.wikidata.org/wiki/Q602358
HWNY9ILA,3,2,http://www.wikidata.org/wiki/Q24508524
HWNY9ILA,1,1,http://www.wikidata.org/wiki/Q193499
HWNY9ILA,2,0,http://www.wikidata.org/wiki/Q380817
HWNY9ILA,3,0,http://www.wikidata.org/wiki/Q10313917
HWNY9ILA,4,0,http://www.wikidata.org/wiki/Q102393946
HWNY9ILA,4,1,http://www.wikidata.org/wiki/Q15724754
HWNY9ILA,2,1,http://www.wikidata.org/wiki/Q1579
HWNY9ILA,1,0,http://www.wikidata.org/wiki/Q1061606
HWNY9ILA,2,2,http://www.wikidata.org/wiki/Q602358
HWNY9ILA,3,1,http://www.wikidata.org/wiki/Q19180675
GICSXOZ8,2,2,http://www.wikidata.org/wiki/Q179736
GICSXOZ8,1,1,http://www.wikidata.org/wiki/Q467791
GICSXOZ8,2,1,http://www.wikidata.org/wiki/Q105429923
GICSXOZ8,2,0,http://www.wikidata.org/wiki/Q2324121
GICSXOZ8,1,2,http://www.wikidata.org/wiki/Q113503245
GICSXOZ8,1,0,http://www.wikidata.org/wiki/Q2567844
NOS8JM8U,4,0,http://www.wikidata.org/wiki/Q3539403
NOS8JM8U,6,0,http://www.wikidata.org/wiki/Q20883321
NOS8JM8U,2,0,http://www.wikidata.org/wiki/Q1628507
NOS8JM8U,5,0,http://www.wikidata.org/wiki/Q319172
NOS8JM8U,6,1,http://www.wikidata.org/wiki/Q60690284
NOS8JM8U,1,0,http://www.wikidata.org/wiki/Q1702897
NOS8JM8U,3,0,http://www.wikidata.org/wiki/Q62395573
REIULX5M,1,2,http://www.wikidata.org/wiki/Q202088
REIULX5M,3,0,http://www.wikidata.org/wiki/Q26411701
REIULX5M,6,2,http://www.wikidata.org/wiki/Q1930
REIULX5M,5,2,http://www.wikidata.org/wiki/Q1930
REIULX5M,3,2,http://www.wikidata.org/wiki/Q1913965
REIULX5M,6,0,http://www.wikidata.org/wiki/Q26411701
REIULX5M,7,0,http://www.wikidata.org/wiki/Q26564262
REIULX5M,4,2,http://www.wikidata.org/wiki/Q1930
REIULX5M,4,0,http://www.wikidata.org/wiki/Q7969083
REIULX5M,2,0,http://www.wikidata.org/wiki/Q7981531
REIULX5M,2,2,http://www.wikidata.org/wiki/Q1930
REIULX5M,5,0,http://www.wikidata.org/wiki/Q26628085
REIULX5M,1,0,http://www.wikidata.org/wiki/Q26564262
RPQVB0A5,2,0,http://www.wikidata.org/wiki/Q62
RPQVB0A5,1,0,http://www.wikidata.org/wiki/Q650
RPQVB0A5,3,1,http://www.wikidata.org/wiki/Q4300540
RPQVB0A5,1,1,http://www.wikidata.org/wiki/Q722568
RPQVB0A5,4,1,http://www.wikidata.org/wiki/Q648037
RPQVB0A5,4,0,http://www.wikidata.org/wiki/Q109952241
RPQVB0A5,3,0,http://www.wikidata.org/wiki/Q117244983
RPQVB0A5,2,1,http://www.wikidata.org/wiki/Q423901
54TC2JGI,2,2,http://www.wikidata.org/wiki/Q4716548
54TC2JGI,3,0,http://www.wikidata.org/wiki/Q4855967
54TC2JGI,1,0,http://www.wikidata.org/wiki/Q54165826
54TC2JGI,6,0,http://www.wikidata.org/wiki/Q105429923
54TC2JGI,3,1,http://www.wikidata.org/wiki/Q4546248
54TC2JGI,1,2,http://www.wikidata.org/wiki/Q4855967
54TC2JGI,1,1,http://www.wikidata.org/wiki/Q4645770
54TC2JGI,2,0,http://www.wikidata.org/wiki/Q53582358
54TC2JGI,3,2,http://www.wikidata.org/wiki/Q4716548
54TC2JGI,2,1,http://www.wikidata.org/wiki/Q4546248
WUV0SEY5,4,0,http://www.wikidata.org/wiki/Q35267501
WUV0SEY5,1,0,http://www.wikidata.org/wiki/Q6023665
WUV0SEY5,2,0,http://www.wikidata.org/wiki/Q3577934
WUV0SEY5,2,3,http://www.wikidata.org/wiki/Q142
WUV0SEY5,3,2,http://www.wikidata.org/wiki/Q1079140
WUV0SEY5,3,3,http://www.wikidata.org/wiki/Q30
WUV0SEY5,3,1,http://www.wikidata.org/wiki/Q1079140
WUV0SEY5,1,1,http://www.wikidata.org/wiki/Q1661301
WUV0SEY5,1,2,http://www.wikidata.org/wiki/Q1079140
WUV0SEY5,2,2,http://www.wikidata.org/wiki/Q3299074
WUV0SEY5,1,3,http://www.wikidata.org/wiki/Q30
WUV0SEY5,3,0,http://www.wikidata.org/wiki/Q35267501
WUV0SEY5,2,1,http://www.wikidata.org/wiki/Q3117815
6RSSK6K9,2,0,http://www.wikidata.org/wiki/Q3375894
6RSSK6K9,4,0,http://www.wikidata.org/wiki/Q107737834
6RSSK6K9,6,0,http://www.wikidata.org/wiki/Q115929622
6RSSK6K9,9,0,http://www.wikidata.org/wiki/Q8052191
6RSSK6K9,7,0,http://www.wikidata.org/wiki/Q29472401
6RSSK6K9,8,0,http://www.wikidata.org/wiki/Q5279306
6RSSK6K9,1,0,http://www.wikidata.org/wiki/Q12514
6RSSK6K9,5,0,http://www.wikidata.org/wiki/Q10838067
6RSSK6K9,3,0,http://www.wikidata.org/wiki/Q21948385
2QBKPLKN,3,1,http://www.wikidata.org/wiki/Q14641
2QBKPLKN,2,0,http://www.wikidata.org/wiki/Q60453
2QBKPLKN,2,1,http://www.wikidata.org/wiki/Q1061627
2QBKPLKN,1,1,http://www.wikidata.org/wiki/Q34993
2QBKPLKN,3,0,http://www.wikidata.org/wiki/Q2718628
2QBKPLKN,1,2,http://www.wikidata.org/wiki/Q6655
2QBKPLKN,2,2,http://www.wikidata.org/wiki/Q257220
2QBKPLKN,3,2,http://www.wikidata.org/wiki/Q25989
2QBKPLKN,3,3,http://www.wikidata.org/wiki/Q17058425
2QBKPLKN,2,3,http://www.wikidata.org/wiki/Q17058425
2QBKPLKN,1,0,http://www.wikidata.org/wiki/Q83236
2QBKPLKN,1,3,http://www.wikidata.org/wiki/Q64825650
TQV31RRF,2,0,http://www.wikidata.org/wiki/Q107775
TQV31RRF,2,1,http://www.wikidata.org/wiki/Q83353
TQV31RRF,2,2,http://www.wikidata.org/wiki/Q1075
TQV31RRF,1,0,http://www.wikidata.org/wiki/Q1396482
TQV31RRF,1,1,http://www.wikidata.org/wiki/Q1520130
TQV31RRF,1,2,http://www.wikidata.org/wiki/Q107715
SY0DPKDK,2,0,http://www.wikidata.org/wiki/Q33438
SY0DPKDK,1,2,http://www.wikidata.org/wiki/Q9078436
SY0DPKDK,5,2,http://www.wikidata.org/wiki/Q55120524
SY0DPKDK,1,0,http://www.wikidata.org/wiki/Q756890
SY0DPKDK,4,2,http://www.wikidata.org/wiki/Q5975415
SY0DPKDK,2,2,http://www.wikidata.org/wiki/Q5975415
SY0DPKDK,3,0,http://www.wikidata.org/wiki/Q60133012
SY0DPKDK,4,0,http://www.wikidata.org/wiki/Q33438
SY0DPKDK,3,2,http://www.wikidata.org/wiki/Q55120524
SY0DPKDK,5,0,http://www.wikidata.org/wiki/Q60133012
I5VXHAFU,1,1,http://www.wikidata.org/wiki/Q34178
I5VXHAFU,2,2,http://www.wikidata.org/wiki/Q446115
I5VXHAFU,2,1,http://www.wikidata.org/wiki/Q77716235
I5VXHAFU,2,0,http://www.wikidata.org/wiki/Q1778073
I5VXHAFU,1,2,http://www.wikidata.org/wiki/Q9438
I5VXHAFU,1,0,http://www.wikidata.org/wiki/Q85329238
X98MVBH8,2,1,http://www.wikidata.org/wiki/Q19889
X98MVBH8,2,0,http://www.wikidata.org/wiki/Q15825919
X98MVBH8,3,1,http://www.wikidata.org/wiki/Q19889
X98MVBH8,4,0,http://www.wikidata.org/wiki/Q17814978
X98MVBH8,3,0,http://www.wikidata.org/wiki/Q17837649
X98MVBH8,1,0,http://www.wikidata.org/wiki/Q17572283
X98MVBH8,1,1,http://www.wikidata.org/wiki/Q233283
09WNG86U,4,2,http://www.wikidata.org/wiki/Q49799
09WNG86U,4,1,http://www.wikidata.org/wiki/Q7407267
09WNG86U,4,0,http://www.wikidata.org/wiki/Q1038536
09WNG86U,1,2,http://www.wikidata.org/wiki/Q49794
09WNG86U,1,1,http://www.wikidata.org/wiki/Q7407270
09WNG86U,2,2,http://www.wikidata.org/wiki/Q34151
09WNG86U,4,3,http://www.wikidata.org/wiki/Q6107044
09WNG86U,3,1,http://www.wikidata.org/wiki/Q170928
09WNG86U,2,1,http://www.wikidata.org/wiki/Q187165
09WNG86U,3,0,http://www.wikidata.org/wiki/Q1217729
09WNG86U,3,2,http://www.wikidata.org/wiki/Q2059312
09WNG86U,2,0,http://www.wikidata.org/wiki/Q30874
09WNG86U,1,0,http://www.wikidata.org/wiki/Q7092577
SHHM5MQ9,4,1,http://www.wikidata.org/wiki/Q613766
SHHM5MQ9,5,0,http://www.wikidata.org/wiki/Q5748936
SHHM5MQ9,2,3,http://www.wikidata.org/wiki/Q1022
SHHM5MQ9,3,1,http://www.wikidata.org/wiki/Q801491
SHHM5MQ9,1,0,http://www.wikidata.org/wiki/Q183816
SHHM5MQ9,3,0,http://www.wikidata.org/wiki/Q18378129
SHHM5MQ9,4,0,http://www.wikidata.org/wiki/Q183816
SHHM5MQ9,4,3,http://www.wikidata.org/wiki/Q1022
SHHM5MQ9,1,3,http://www.wikidata.org/wiki/Q7032
SHHM5MQ9,2,0,http://www.wikidata.org/wiki/Q5748936
SHHM5MQ9,3,3,http://www.wikidata.org/wiki/Q1022
SHHM5MQ9,1,1,http://www.wikidata.org/wiki/Q321722
SHHM5MQ9,5,1,http://www.wikidata.org/wiki/Q801490
SHHM5MQ9,2,1,http://www.wikidata.org/wiki/Q801490
Y5U7T2BO,3,0,http://www.wikidata.org/wiki/Q94498702
Y5U7T2BO,1,0,http://www.wikidata.org/wiki/Q5098722
Y5U7T2BO,4,0,http://www.wikidata.org/wiki/Q66801003
Y5U7T2BO,5,0,http://www.wikidata.org/wiki/Q57522919
Y5U7T2BO,6,0,http://www.wikidata.org/wiki/Q68666985
Y5U7T2BO,2,0,http://www.wikidata.org/wiki/Q76861109
CPAWD9DP,7,0,http://www.wikidata.org/wiki/Q106547734
CPAWD9DP,8,0,http://www.wikidata.org/wiki/Q10366796
CPAWD9DP,3,0,http://www.wikidata.org/wiki/Q10366796
CPAWD9DP,5,0,http://www.wikidata.org/wiki/Q10366796
CPAWD9DP,4,0,http://www.wikidata.org/wiki/Q10368359
CPAWD9DP,2,0,http://www.wikidata.org/wiki/Q10368359
CPAWD9DP,10,0,http://www.wikidata.org/wiki/Q10375640
CPAWD9DP,12,0,http://www.wikidata.org/wiki/Q10
CPAWD9DP,9,0,http://www.wikidata.org/wiki/Q106547734
CPAWD9DP,11,0,http://www.wikidata.org/wiki/Q10366796
CPAWD9DP,6,0,http://www.wikidata.org/wiki/Q10375640
CPAWD9DP,1,0,http://www.wikidata.org/wiki/Q10375640
C4VHNN8T,2,2,http://www.wikidata.org/wiki/Q7325866
C4VHNN8T,1,2,http://www.wikidata.org/wiki/Q66766
C4VHNN8T,2,1,http://www.wikidata.org/wiki/Q1494645
C4VHNN8T,2,0,http://www.wikidata.org/wiki/Q15264238
C4VHNN8T,1,1,http://www.wikidata.org/wiki/Q1128609
C4VHNN8T,1,0,http://www.wikidata.org/wiki/Q2116135
N1AKWQIT,5,2,http://www.wikidata.org/wiki/Q161872
N1AKWQIT,1,0,http://www.wikidata.org/wiki/Q2385988
N1AKWQIT,5,0,http://www.wikidata.org/wiki/Q664952
N1AKWQIT,5,1,http://www.wikidata.org/wiki/Q12957571
N1AKWQIT,6,0,http://www.wikidata.org/wiki/Q1179
N1AKWQIT,4,1,http://www.wikidata.org/wiki/Q61870734
N1AKWQIT,4,0,http://www.wikidata.org/wiki/Q61868566
N1AKWQIT,4,2,http://www.wikidata.org/wiki/Q61868760
N1AKWQIT,3,0,http://www.wikidata.org/wiki/Q910094
N1AKWQIT,2,0,http://www.wikidata.org/wiki/Q1495884
U25DQHSA,1,0,http://www.wikidata.org/wiki/Q44762
U25DQHSA,10,0,http://www.wikidata.org/wiki/Q92604658
U25DQHSA,4,0,http://www.wikidata.org/wiki/Q7924832
U25DQHSA,11,0,http://www.wikidata.org/wiki/Q13394
U25DQHSA,3,0,http://www.wikidata.org/wiki/Q716621
U25DQHSA,2,0,http://www.wikidata.org/wiki/Q44761
U25DQHSA,5,0,http://www.wikidata.org/wiki/Q735669
U25DQHSA,12,0,http://www.wikidata.org/wiki/Q114
U25DQHSA,6,0,http://www.wikidata.org/wiki/Q7370509
U25DQHSA,7,0,http://www.wikidata.org/wiki/Q6251122
U25DQHSA,8,0,http://www.wikidata.org/wiki/Q537826
U25DQHSA,9,0,http://www.wikidata.org/wiki/Q8374127
ALEPMKFI,4,0,http://www.wikidata.org/wiki/Q3566265
ALEPMKFI,9,0,http://www.wikidata.org/wiki/Q363830
ALEPMKFI,5,0,http://www.wikidata.org/wiki/Q22077580
ALEPMKFI,10,0,http://www.wikidata.org/wiki/Q649395
ALEPMKFI,8,0,http://www.wikidata.org/wiki/Q22077580
ALEPMKFI,11,0,http://www.wikidata.org/wiki/Q9686
ALEPMKFI,1,0,http://www.wikidata.org/wiki/Q17937
ALEPMKFI,3,0,http://www.wikidata.org/wiki/Q2342188
ALEPMKFI,2,0,http://www.wikidata.org/wiki/Q2422
ALEPMKFI,7,0,http://www.wikidata.org/wiki/Q24226
ALEPMKFI,6,0,http://www.wikidata.org/wiki/Q2402760
XH4O45WH,5,0,http://www.wikidata.org/wiki/Q117684140
XH4O45WH,2,0,http://www.wikidata.org/wiki/Q86072447
XH4O45WH,6,0,http://www.wikidata.org/wiki/Q748998
XH4O45WH,4,0,http://www.wikidata.org/wiki/Q51424697
XH4O45WH,3,0,http://www.wikidata.org/wiki/Q102964666
XH4O45WH,1,0,http://www.wikidata.org/wiki/Q86519058
DKRNW9W0,1,1,http://www.wikidata.org/wiki/Q1748955
DKRNW9W0,2,0,http://www.wikidata.org/wiki/Q2345156
DKRNW9W0,2,1,http://www.wikidata.org/wiki/Q2344528
DKRNW9W0,1,0,http://www.wikidata.org/wiki/Q3148132
DKRNW9W0,1,2,http://www.wikidata.org/wiki/Q1058700
DKRNW9W0,2,2,http://www.wikidata.org/wiki/Q2480835
RPPC4F48,9,0,http://www.wikidata.org/wiki/Q1130429
RPPC4F48,1,0,http://www.wikidata.org/wiki/Q18085513
RPPC4F48,7,0,http://www.wikidata.org/wiki/Q110835791
RPPC4F48,6,0,http://www.wikidata.org/wiki/Q71159
RPPC4F48,2,0,http://www.wikidata.org/wiki/Q2836023
RPPC4F48,8,0,http://www.wikidata.org/wiki/Q110835838
RPPC4F48,3,0,http://www.wikidata.org/wiki/Q637921
RPPC4F48,5,0,http://www.wikidata.org/wiki/Q17354
RPPC4F48,4,0,http://www.wikidata.org/wiki/Q655873
5QOL31U1,3,1,http://www.wikidata.org/wiki/Q1031819
5QOL31U1,6,0,http://www.wikidata.org/wiki/Q25868
5QOL31U1,1,0,http://www.wikidata.org/wiki/Q5253344
5QOL31U1,3,0,http://www.wikidata.org/wiki/Q22329621
5QOL31U1,5,0,http://www.wikidata.org/wiki/Q7618877
5QOL31U1,2,0,http://www.wikidata.org/wiki/Q6489772
5QOL31U1,4,0,http://www.wikidata.org/wiki/Q2048477
5QOL31U1,5,1,http://www.wikidata.org/wiki/Q42965986
5QOL31U1,1,1,http://www.wikidata.org/wiki/Q6468691
5QOL31U1,6,1,http://www.wikidata.org/wiki/Q41241
5QOL31U1,7,0,http://www.wikidata.org/wiki/Q249
5QOL31U1,2,1,http://www.wikidata.org/wiki/Q803168
5QOL31U1,4,1,http://www.wikidata.org/wiki/Q2048477
O8RYYNIA,3,1,http://www.wikidata.org/wiki/Q254799
O8RYYNIA,5,0,http://www.wikidata.org/wiki/Q182007
O8RYYNIA,5,1,http://www.wikidata.org/wiki/Q25648887
O8RYYNIA,3,0,http://www.wikidata.org/wiki/Q16448749
O8RYYNIA,2,0,http://www.wikidata.org/wiki/Q182007
O8RYYNIA,6,0,http://www.wikidata.org/wiki/Q503102
O8RYYNIA,1,1,http://www.wikidata.org/wiki/Q500125
O8RYYNIA,2,1,http://www.wikidata.org/wiki/Q254799
O8RYYNIA,4,0,http://www.wikidata.org/wiki/Q500125
O8RYYNIA,6,1,http://www.wikidata.org/wiki/Q25221
O8RYYNIA,4,1,http://www.wikidata.org/wiki/Q25648841
O8RYYNIA,1,0,http://www.wikidata.org/wiki/Q503102
OVLT0ACT,5,0,http://www.wikidata.org/wiki/Q5173390
OVLT0ACT,1,0,http://www.wikidata.org/wiki/Q5173390
OVLT0ACT,9,0,http://www.wikidata.org/wiki/Q5173390
OVLT0ACT,11,0,http://www.wikidata.org/wiki/Q5173390
OVLT0ACT,2,0,http://www.wikidata.org/wiki/Q5174921
OVLT0ACT,7,0,http://www.wikidata.org/wiki/Q5173390
OVLT0ACT,8,0,http://www.wikidata.org/wiki/Q5174921
OVLT0ACT,4,0,http://www.wikidata.org/wiki/Q5174921
OVLT0ACT,12,0,http://www.wikidata.org/wiki/Q5174921
OVLT0ACT,10,0,http://www.wikidata.org/wiki/Q5174921
OVLT0ACT,3,0,http://www.wikidata.org/wiki/Q5173390
OVLT0ACT,6,0,http://www.wikidata.org/wiki/Q5174921
2GBLG3HN,3,2,http://www.wikidata.org/wiki/Q655446
2GBLG3HN,2,1,http://www.wikidata.org/wiki/Q131
2GBLG3HN,2,2,http://www.wikidata.org/wiki/Q655446
2GBLG3HN,4,0,http://www.wikidata.org/wiki/Q60992060
2GBLG3HN,3,0,http://www.wikidata.org/wiki/Q62021747
2GBLG3HN,3,1,http://www.wikidata.org/wiki/Q62021439
2GBLG3HN,4,1,http://www.wikidata.org/wiki/Q131
2GBLG3HN,1,2,http://www.wikidata.org/wiki/Q685595
2GBLG3HN,1,1,http://www.wikidata.org/wiki/Q131
2GBLG3HN,4,2,http://www.wikidata.org/wiki/Q655446
2GBLG3HN,1,0,http://www.wikidata.org/wiki/Q4659250
2GBLG3HN,2,0,http://www.wikidata.org/wiki/Q62021439
2GBLG3HN,5,0,http://www.wikidata.org/wiki/Q62021747
PCSQC02A,2,2,http://www.wikidata.org/wiki/Q60679241
PCSQC02A,3,1,http://www.wikidata.org/wiki/Q16562829
PCSQC02A,1,1,http://www.wikidata.org/wiki/Q16562829
PCSQC02A,1,3,http://www.wikidata.org/wiki/Q452011
PCSQC02A,1,0,http://www.wikidata.org/wiki/Q60689095
PCSQC02A,2,3,http://www.wikidata.org/wiki/Q452011
PCSQC02A,3,0,http://www.wikidata.org/wiki/Q60688478
PCSQC02A,2,0,http://www.wikidata.org/wiki/Q60679165
PCSQC02A,2,1,http://www.wikidata.org/wiki/Q16562829
PCSQC02A,1,2,http://www.wikidata.org/wiki/Q60679241
PCSQC02A,3,3,http://www.wikidata.org/wiki/Q452011
PCSQC02A,3,2,http://www.wikidata.org/wiki/Q60679241
DI30VI4G,5,0,http://www.wikidata.org/wiki/Q123054084
DI30VI4G,4,0,http://www.wikidata.org/wiki/Q61450973
DI30VI4G,8,0,http://www.wikidata.org/wiki/Q12832945
DI30VI4G,3,0,http://www.wikidata.org/wiki/Q5387152
DI30VI4G,7,0,http://www.wikidata.org/wiki/Q1289489
DI30VI4G,10,0,http://www.wikidata.org/wiki/Q21929415
DI30VI4G,1,0,http://www.wikidata.org/wiki/Q645104
DI30VI4G,6,0,http://www.wikidata.org/wiki/Q12305362
DI30VI4G,2,0,http://www.wikidata.org/wiki/Q617449
DI30VI4G,9,0,http://www.wikidata.org/wiki/Q21935355
WOL0EDZ9,2,0,http://www.wikidata.org/wiki/Q3640798
WOL0EDZ9,2,1,http://www.wikidata.org/wiki/Q35798
WOL0EDZ9,1,1,http://www.wikidata.org/wiki/Q55552644
WOL0EDZ9,1,0,http://www.wikidata.org/wiki/Q28942281
WOL0EDZ9,2,2,http://www.wikidata.org/wiki/Q50337
WOL0EDZ9,1,2,http://www.wikidata.org/wiki/Q5060482
0UMSK1IA,1,1,http://www.wikidata.org/wiki/Q853475
0UMSK1IA,3,0,http://www.wikidata.org/wiki/Q4832442
0UMSK1IA,1,3,http://www.wikidata.org/wiki/Q739
0UMSK1IA,3,3,http://www.wikidata.org/wiki/Q20571344
0UMSK1IA,1,0,http://www.wikidata.org/wiki/Q19869711
0UMSK1IA,2,3,http://www.wikidata.org/wiki/Q227
0UMSK1IA,1,2,http://www.wikidata.org/wiki/Q199821
0UMSK1IA,2,1,http://www.wikidata.org/wiki/Q205602
0UMSK1IA,3,2,http://www.wikidata.org/wiki/Q227
0UMSK1IA,3,1,http://www.wikidata.org/wiki/Q205602
0UMSK1IA,2,0,http://www.wikidata.org/wiki/Q18164528
0UMSK1IA,2,2,http://www.wikidata.org/wiki/Q227
96QM3IA7,7,0,http://www.wikidata.org/wiki/Q729191
96QM3IA7,2,0,http://www.wikidata.org/wiki/Q955526
96QM3IA7,4,0,http://www.wikidata.org/wiki/Q99694400
96QM3IA7,1,0,http://www.wikidata.org/wiki/Q1107653
96QM3IA7,5,0,http://www.wikidata.org/wiki/Q5549778
96QM3IA7,3,0,http://www.wikidata.org/wiki/Q712995
96QM3IA7,6,0,http://www.wikidata.org/wiki/Q267639
8MWJ61CJ,2,1,http://www.wikidata.org/wiki/Q15700834
8MWJ61CJ,2,0,http://www.wikidata.org/wiki/Q19874179
8MWJ61CJ,1,2,http://www.wikidata.org/wiki/Q9212
8MWJ61CJ,2,2,http://www.wikidata.org/wiki/Q7373696
8MWJ61CJ,3,1,http://www.wikidata.org/wiki/Q7373740
8MWJ61CJ,3,2,http://www.wikidata.org/wiki/Q7373884
8MWJ61CJ,4,0,http://www.wikidata.org/wiki/Q1262
8MWJ61CJ,3,0,http://www.wikidata.org/wiki/Q17033233
8MWJ61CJ,1,1,http://www.wikidata.org/wiki/Q624232
8MWJ61CJ,1,0,http://www.wikidata.org/wiki/Q1172945
N70GU7P2,2,3,http://www.wikidata.org/wiki/Q40406
N70GU7P2,1,2,http://www.wikidata.org/wiki/Q3353
N70GU7P2,2,1,http://www.wikidata.org/wiki/Q48240
N70GU7P2,1,1,http://www.wikidata.org/wiki/Q48240
N70GU7P2,2,2,http://www.wikidata.org/wiki/Q403641
N70GU7P2,1,0,http://www.wikidata.org/wiki/Q18845186
N70GU7P2,2,4,http://www.wikidata.org/wiki/Q64712815
N70GU7P2,2,0,http://www.wikidata.org/wiki/Q4504994
KM56BT66,1,0,http://www.wikidata.org/wiki/Q120730
KM56BT66,3,0,http://www.wikidata.org/wiki/Q602903
KM56BT66,7,0,http://www.wikidata.org/wiki/Q22033094
KM56BT66,5,0,http://www.wikidata.org/wiki/Q4850289
KM56BT66,8,0,http://www.wikidata.org/wiki/Q20323667
KM56BT66,9,0,http://www.wikidata.org/wiki/Q27879964
KM56BT66,10,0,http://www.wikidata.org/wiki/Q27878801
KM56BT66,4,0,http://www.wikidata.org/wiki/Q128087
KM56BT66,6,0,http://www.wikidata.org/wiki/Q47522386
KM56BT66,2,0,http://www.wikidata.org/wiki/Q81863
MOW8GIVO,3,0,http://www.wikidata.org/wiki/Q1102559
MOW8GIVO,2,0,http://www.wikidata.org/wiki/Q75020539
MOW8GIVO,4,0,http://www.wikidata.org/wiki/Q1181142
MOW8GIVO,1,0,http://www.wikidata.org/wiki/Q75073421
CDM11SHU,2,0,http://www.wikidata.org/wiki/Q5136145
CDM11SHU,3,0,http://www.wikidata.org/wiki/Q54806985
CDM11SHU,1,0,http://www.wikidata.org/wiki/Q5136249
CDM11SHU,1,2,http://www.wikidata.org/wiki/Q2677927
CDM11SHU,2,2,http://www.wikidata.org/wiki/Q857788
CDM11SHU,3,1,http://www.wikidata.org/wiki/Q2736
CDM11SHU,1,1,http://www.wikidata.org/wiki/Q2736
CDM11SHU,3,2,http://www.wikidata.org/wiki/Q1030194
CDM11SHU,4,1,http://www.wikidata.org/wiki/Q2736
CDM11SHU,4,0,http://www.wikidata.org/wiki/Q25873582
CDM11SHU,2,1,http://www.wikidata.org/wiki/Q2736
5WROC2TJ,2,0,http://www.wikidata.org/wiki/Q7885290
5WROC2TJ,5,0,http://www.wikidata.org/wiki/Q219129
5WROC2TJ,6,0,http://www.wikidata.org/wiki/Q20979515
5WROC2TJ,11,0,http://www.wikidata.org/wiki/Q459939
5WROC2TJ,4,0,http://www.wikidata.org/wiki/Q11429120
5WROC2TJ,10,0,http://www.wikidata.org/wiki/Q19661776
5WROC2TJ,1,0,http://www.wikidata.org/wiki/Q14630529
5WROC2TJ,8,0,http://www.wikidata.org/wiki/Q1938947
5WROC2TJ,9,0,http://www.wikidata.org/wiki/Q1141225
5WROC2TJ,7,0,http://www.wikidata.org/wiki/Q19661776
5WROC2TJ,3,0,http://www.wikidata.org/wiki/Q105429923
CCB3LNNJ,5,1,http://www.wikidata.org/wiki/Q1764019
CCB3LNNJ,5,0,http://www.wikidata.org/wiki/Q15253784
CCB3LNNJ,6,0,http://www.wikidata.org/wiki/Q105429923
CCB3LNNJ,1,1,http://www.wikidata.org/wiki/Q2094098
CCB3LNNJ,3,0,http://www.wikidata.org/wiki/Q19074763
CCB3LNNJ,4,0,http://www.wikidata.org/wiki/Q1764019
CCB3LNNJ,3,1,http://www.wikidata.org/wiki/Q3374730
CCB3LNNJ,2,1,http://www.wikidata.org/wiki/Q1336200
CCB3LNNJ,2,0,http://www.wikidata.org/wiki/Q4382268
CCB3LNNJ,4,1,http://www.wikidata.org/wiki/Q1552393
CCB3LNNJ,1,0,http://www.wikidata.org/wiki/Q2153831
Q9Y1IIJA,4,0,http://www.wikidata.org/wiki/Q315988
Q9Y1IIJA,9,0,http://www.wikidata.org/wiki/Q831001
Q9Y1IIJA,5,0,http://www.wikidata.org/wiki/Q38277012
Q9Y1IIJA,1,0,http://www.wikidata.org/wiki/Q2030287
Q9Y1IIJA,3,0,http://www.wikidata.org/wiki/Q38277012
Q9Y1IIJA,11,0,http://www.wikidata.org/wiki/Q5676680
Q9Y1IIJA,7,0,http://www.wikidata.org/wiki/Q831001
Q9Y1IIJA,10,0,http://www.wikidata.org/wiki/Q315988
Q9Y1IIJA,12,0,http://www.wikidata.org/wiki/Q5402967
Q9Y1IIJA,2,0,http://www.wikidata.org/wiki/Q2003809
Q9Y1IIJA,6,0,http://www.wikidata.org/wiki/Q854005
Q9Y1IIJA,8,0,http://www.wikidata.org/wiki/Q65453390
SV7SNLAZ,6,1,http://www.wikidata.org/wiki/Q105429924
SV7SNLAZ,2,0,http://www.wikidata.org/wiki/Q1589947
SV7SNLAZ,1,0,http://www.wikidata.org/wiki/Q1046223
SV7SNLAZ,1,1,http://www.wikidata.org/wiki/Q502163
SV7SNLAZ,6,0,http://www.wikidata.org/wiki/Q105429923
SV7SNLAZ,4,0,http://www.wikidata.org/wiki/Q103963471
SV7SNLAZ,3,0,http://www.wikidata.org/wiki/Q1550812
SV7SNLAZ,2,1,http://www.wikidata.org/wiki/Q277466
SV7SNLAZ,3,1,http://www.wikidata.org/wiki/Q460501
SV7SNLAZ,7,0,http://www.wikidata.org/wiki/Q105429
SV7SNLAZ,4,1,http://www.wikidata.org/wiki/Q51879601
TYJDORHC,1,0,http://www.wikidata.org/wiki/Q1521924
TYJDORHC,2,0,http://www.wikidata.org/wiki/Q223079
TYJDORHC,2,2,http://www.wikidata.org/wiki/Q2091947
TYJDORHC,1,2,http://www.wikidata.org/wiki/Q2998064
TYJDORHC,1,1,http://www.wikidata.org/wiki/Q26971668
TYJDORHC,2,1,http://www.wikidata.org/wiki/Q26971668
1A740RFR,1,2,http://www.wikidata.org/wiki/Q1702354
1A740RFR,2,2,http://www.wikidata.org/wiki/Q23047469
1A740RFR,2,0,http://www.wikidata.org/wiki/Q1302945
1A740RFR,1,0,http://www.wikidata.org/wiki/Q83804753
PXBA5WDQ,2,1,http://www.wikidata.org/wiki/Q1000757
PXBA5WDQ,2,0,http://www.wikidata.org/wiki/Q62604088
PXBA5WDQ,2,2,http://www.wikidata.org/wiki/Q58929
PXBA5WDQ,3,1,http://www.wikidata.org/wiki/Q125709756
PXBA5WDQ,3,2,http://www.wikidata.org/wiki/Q51856428
PXBA5WDQ,1,1,http://www.wikidata.org/wiki/Q929459
PXBA5WDQ,1,0,http://www.wikidata.org/wiki/Q64842606
PXBA5WDQ,1,2,http://www.wikidata.org/wiki/Q3482590
PXBA5WDQ,3,0,http://www.wikidata.org/wiki/Q69026
VPVOC1V2,6,0,http://www.wikidata.org/wiki/Q43463
VPVOC1V2,2,0,http://www.wikidata.org/wiki/Q2066970
VPVOC1V2,1,0,http://www.wikidata.org/wiki/Q3605978
VPVOC1V2,8,0,http://www.wikidata.org/wiki/Q6176023
VPVOC1V2,13,0,http://www.wikidata.org/wiki/Q19244275
VPVOC1V2,3,0,http://www.wikidata.org/wiki/Q474497
VPVOC1V2,12,0,http://www.wikidata.org/wiki/Q476188
VPVOC1V2,4,0,http://www.wikidata.org/wiki/Q36539
VPVOC1V2,5,0,http://www.wikidata.org/wiki/Q42296967
VPVOC1V2,11,0,http://www.wikidata.org/wiki/Q2942638
VPVOC1V2,9,0,http://www.wikidata.org/wiki/Q29392759
VPVOC1V2,7,0,http://www.wikidata.org/wiki/Q20475393
VPVOC1V2,10,0,http://www.wikidata.org/wiki/Q2942638
E2JDF28U,10,0,http://www.wikidata.org/wiki/Q536411
E2JDF28U,7,0,http://www.wikidata.org/wiki/Q53597160
E2JDF28U,4,0,http://www.wikidata.org/wiki/Q7399337
E2JDF28U,5,0,http://www.wikidata.org/wiki/Q534426
E2JDF28U,11,0,http://www.wikidata.org/wiki/Q64400053
E2JDF28U,1,0,http://www.wikidata.org/wiki/Q5687
E2JDF28U,6,0,http://www.wikidata.org/wiki/Q87339996
E2JDF28U,9,0,http://www.wikidata.org/wiki/Q6182123
E2JDF28U,3,0,http://www.wikidata.org/wiki/Q221237
E2JDF28U,2,0,http://www.wikidata.org/wiki/Q7697543
E2JDF28U,8,0,http://www.wikidata.org/wiki/Q86867601
E2JDF28U,12,0,http://www.wikidata.org/wiki/Q64366
PEPNFIHJ,1,2,http://www.wikidata.org/wiki/Q220979
PEPNFIHJ,3,2,http://www.wikidata.org/wiki/Q220979
PEPNFIHJ,2,1,http://www.wikidata.org/wiki/Q11871287
PEPNFIHJ,1,1,http://www.wikidata.org/wiki/Q18469458
PEPNFIHJ,1,0,http://www.wikidata.org/wiki/Q17117440
PEPNFIHJ,2,2,http://www.wikidata.org/wiki/Q220979
PEPNFIHJ,2,0,http://www.wikidata.org/wiki/Q11871326
PEPNFIHJ,3,0,http://www.wikidata.org/wiki/Q110196830
PEPNFIHJ,3,1,http://www.wikidata.org/wiki/Q388310
L6UCBZOH,9,0,http://www.wikidata.org/wiki/Q1787207
L6UCBZOH,5,0,http://www.wikidata.org/wiki/Q1567803
L6UCBZOH,6,0,http://www.wikidata.org/wiki/Q192870
L6UCBZOH,3,0,http://www.wikidata.org/wiki/Q74043981
L6UCBZOH,8,0,http://www.wikidata.org/wiki/Q1478931
L6UCBZOH,1,0,http://www.wikidata.org/wiki/Q1049816
L6UCBZOH,4,0,http://www.wikidata.org/wiki/Q86014451
L6UCBZOH,2,0,http://www.wikidata.org/wiki/Q1044178
L6UCBZOH,7,0,http://www.wikidata.org/wiki/Q1418
KSFDP4V0,4,1,http://www.wikidata.org/wiki/Q9346174
KSFDP4V0,4,0,http://www.wikidata.org/wiki/Q26496616
KSFDP4V0,3,1,http://www.wikidata.org/wiki/Q2515136
KSFDP4V0,2,0,http://www.wikidata.org/wiki/Q1939966
KSFDP4V0,1,1,http://www.wikidata.org/wiki/Q165715
KSFDP4V0,3,0,http://www.wikidata.org/wiki/Q28870556
KSFDP4V0,2,1,http://www.wikidata.org/wiki/Q2515136
KSFDP4V0,1,0,http://www.wikidata.org/wiki/Q5700625
RF7F3XM2,1,0,http://www.wikidata.org/wiki/Q221259
RF7F3XM2,2,2,http://www.wikidata.org/wiki/Q3114329
RF7F3XM2,1,2,http://www.wikidata.org/wiki/Q3774883
RF7F3XM2,2,1,http://www.wikidata.org/wiki/Q5367
RF7F3XM2,1,1,http://www.wikidata.org/wiki/Q5367
RF7F3XM2,2,0,http://www.wikidata.org/wiki/Q1080427
4Y1LFSC0,2,3,http://www.wikidata.org/wiki/Q287
4Y1LFSC0,3,4,http://www.wikidata.org/wiki/Q142
4Y1LFSC0,3,0,http://www.wikidata.org/wiki/Q29262921
4Y1LFSC0,1,0,http://www.wikidata.org/wiki/Q29377828
4Y1LFSC0,2,0,http://www.wikidata.org/wiki/Q29262921
4Y1LFSC0,1,4,http://www.wikidata.org/wiki/Q142
4Y1LFSC0,2,4,http://www.wikidata.org/wiki/Q142
4Y1LFSC0,3,3,http://www.wikidata.org/wiki/Q287
4Y1LFSC0,4,0,http://www.wikidata.org/wiki/Q29262921
4Y1LFSC0,1,2,http://www.wikidata.org/wiki/Q700832
4Y1LFSC0,3,2,http://www.wikidata.org/wiki/Q700832
4Y1LFSC0,4,2,http://www.wikidata.org/wiki/Q1
4Y1LFSC0,1,3,http://www.wikidata.org/wiki/Q677
4Y1LFSC0,2,2,http://www.wikidata.org/wiki/Q188780
HLF409VQ,5,0,http://www.wikidata.org/wiki/Q61779257
HLF409VQ,1,0,http://www.wikidata.org/wiki/Q18882054
HLF409VQ,6,0,http://www.wikidata.org/wiki/Q61779237
HLF409VQ,8,0,http://www.wikidata.org/wiki/Q3235839
HLF409VQ,3,0,http://www.wikidata.org/wiki/Q16586292
HLF409VQ,4,0,http://www.wikidata.org/wiki/Q16615865
HLF409VQ,7,0,http://www.wikidata.org/wiki/Q1657879
HLF409VQ,2,0,http://www.wikidata.org/wiki/Q18882053
ODPLFZ6C,7,1,http://www.wikidata.org/wiki/Q21
ODPLFZ6C,6,1,http://www.wikidata.org/wiki/Q396559
ODPLFZ6C,3,0,http://www.wikidata.org/wiki/Q5412731
ODPLFZ6C,6,0,http://www.wikidata.org/wiki/Q67809821
ODPLFZ6C,3,1,http://www.wikidata.org/wiki/Q21590062
ODPLFZ6C,5,1,http://www.wikidata.org/wiki/Q6066965
ODPLFZ6C,2,0,http://www.wikidata.org/wiki/Q21485541
ODPLFZ6C,2,1,http://www.wikidata.org/wiki/Q21590062
ODPLFZ6C,1,0,http://www.wikidata.org/wiki/Q6046693
ODPLFZ6C,4,1,http://www.wikidata.org/wiki/Q1974
ODPLFZ6C,7,0,http://www.wikidata.org/wiki/Q39087617
ODPLFZ6C,4,0,http://www.wikidata.org/wiki/Q608427
ODPLFZ6C,5,0,http://www.wikidata.org/wiki/Q4484239
ODPLFZ6C,1,1,http://www.wikidata.org/wiki/Q1974
L6NP2KV8,13,0,http://www.wikidata.org/wiki/Q20484
L6NP2KV8,8,0,http://www.wikidata.org/wiki/Q113686426
L6NP2KV8,9,0,http://www.wikidata.org/wiki/Q108962008
L6NP2KV8,5,0,http://www.wikidata.org/wiki/Q935545
L6NP2KV8,3,0,http://www.wikidata.org/wiki/Q2435068
L6NP2KV8,10,0,http://www.wikidata.org/wiki/Q108962010
L6NP2KV8,6,0,http://www.wikidata.org/wiki/Q111531561
L6NP2KV8,11,0,http://www.wikidata.org/wiki/Q20045442
L6NP2KV8,1,0,http://www.wikidata.org/wiki/Q1018882
L6NP2KV8,7,0,http://www.wikidata.org/wiki/Q63711469
L6NP2KV8,2,0,http://www.wikidata.org/wiki/Q935545
L6NP2KV8,12,0,http://www.wikidata.org/wiki/Q2608238
L6NP2KV8,4,0,http://www.wikidata.org/wiki/Q94507800
DIIND9UF,4,0,http://www.wikidata.org/wiki/Q934877
DIIND9UF,9,0,http://www.wikidata.org/wiki/Q110483254
DIIND9UF,2,0,http://www.wikidata.org/wiki/Q65952767
DIIND9UF,10,0,http://www.wikidata.org/wiki/Q11330623
DIIND9UF,1,0,http://www.wikidata.org/wiki/Q3768819
DIIND9UF,5,0,http://www.wikidata.org/wiki/Q68688505
DIIND9UF,3,0,http://www.wikidata.org/wiki/Q42052959
DIIND9UF,6,0,http://www.wikidata.org/wiki/Q4729156
DIIND9UF,8,0,http://www.wikidata.org/wiki/Q623651
DIIND9UF,7,0,http://www.wikidata.org/wiki/Q4729159
F6C0TD7P,2,0,http://www.wikidata.org/wiki/Q1513996
F6C0TD7P,4,1,http://www.wikidata.org/wiki/Q1514028
F6C0TD7P,1,2,http://www.wikidata.org/wiki/Q7291
F6C0TD7P,3,0,http://www.wikidata.org/wiki/Q1513996
F6C0TD7P,3,2,http://www.wikidata.org/wiki/Q7291
F6C0TD7P,2,1,http://www.wikidata.org/wiki/Q1513999
F6C0TD7P,2,2,http://www.wikidata.org/wiki/Q7291
F6C0TD7P,1,0,http://www.wikidata.org/wiki/Q1383955
F6C0TD7P,4,0,http://www.wikidata.org/wiki/Q1514001
F6C0TD7P,3,1,http://www.wikidata.org/wiki/Q1513999
F6C0TD7P,1,1,http://www.wikidata.org/wiki/Q1514001
QSVN9W94,3,2,http://www.wikidata.org/wiki/Q110179792
QSVN9W94,2,0,http://www.wikidata.org/wiki/Q33323121
QSVN9W94,1,1,http://www.wikidata.org/wiki/Q385405
QSVN9W94,4,0,http://www.wikidata.org/wiki/Q30789974
QSVN9W94,3,1,http://www.wikidata.org/wiki/Q385405
QSVN9W94,4,1,http://www.wikidata.org/wiki/Q385405
QSVN9W94,2,1,http://www.wikidata.org/wiki/Q385405
QSVN9W94,1,0,http://www.wikidata.org/wiki/Q30868885
QSVN9W94,2,2,http://www.wikidata.org/wiki/Q1984245
QSVN9W94,3,0,http://www.wikidata.org/wiki/Q37181363
QSVN9W94,1,2,http://www.wikidata.org/wiki/Q1433206
0PHI00BL,1,0,http://www.wikidata.org/wiki/Q76868017
0PHI00BL,2,2,http://www.wikidata.org/wiki/Q76858505
0PHI00BL,1,1,http://www.wikidata.org/wiki/Q87821166
0PHI00BL,2,1,http://www.wikidata.org/wiki/Q76861928
0PHI00BL,1,2,http://www.wikidata.org/wiki/Q87821353
0PHI00BL,2,0,http://www.wikidata.org/wiki/Q76864441
MO14N8DW,1,0,http://www.wikidata.org/wiki/Q85524040
MO14N8DW,4,0,http://www.wikidata.org/wiki/Q85273427
MO14N8DW,5,0,http://www.wikidata.org/wiki/Q78808331
MO14N8DW,9,0,http://www.wikidata.org/wiki/Q85524040
MO14N8DW,2,0,http://www.wikidata.org/wiki/Q85273427
MO14N8DW,3,0,http://www.wikidata.org/wiki/Q78808331
MO14N8DW,6,0,http://www.wikidata.org/wiki/Q85524040
MO14N8DW,8,0,http://www.wikidata.org/wiki/Q85273427
MO14N8DW,7,0,http://www.wikidata.org/wiki/Q85273427
DNZUL6SR,2,0,http://www.wikidata.org/wiki/Q30525498
DNZUL6SR,1,0,http://www.wikidata.org/wiki/Q31203244
DNZUL6SR,7,0,http://www.wikidata.org/wiki/Q12606609
DNZUL6SR,9,0,http://www.wikidata.org/wiki/Q113142417
DNZUL6SR,3,0,http://www.wikidata.org/wiki/Q1523604
DNZUL6SR,6,0,http://www.wikidata.org/wiki/Q112811731
DNZUL6SR,5,0,http://www.wikidata.org/wiki/Q120065271
DNZUL6SR,8,0,http://www.wikidata.org/wiki/Q109354794
DNZUL6SR,4,0,http://www.wikidata.org/wiki/Q12606609
SY06ND0O,3,0,http://www.wikidata.org/wiki/Q6314174
SY06ND0O,1,0,http://www.wikidata.org/wiki/Q19879408
SY06ND0O,4,2,http://www.wikidata.org/wiki/Q59307323
SY06ND0O,4,0,http://www.wikidata.org/wiki/Q58742908
SY06ND0O,2,2,http://www.wikidata.org/wiki/Q6314180
SY06ND0O,3,2,http://www.wikidata.org/wiki/Q6314180
SY06ND0O,2,0,http://www.wikidata.org/wiki/Q16851824
SY06ND0O,1,2,http://www.wikidata.org/wiki/Q24191504
MB3AZLUT,2,2,http://www.wikidata.org/wiki/Q4599216
MB3AZLUT,3,2,http://www.wikidata.org/wiki/Q4600620
MB3AZLUT,4,2,http://www.wikidata.org/wiki/Q21006970
MB3AZLUT,5,2,http://www.wikidata.org/wiki/Q4600620
MB3AZLUT,1,2,http://www.wikidata.org/wiki/Q4600620
MB3AZLUT,1,0,http://www.wikidata.org/wiki/Q4599216
MB3AZLUT,2,0,http://www.wikidata.org/wiki/Q4597954
MB3AZLUT,3,0,http://www.wikidata.org/wiki/Q21006970
MB3AZLUT,4,0,http://www.wikidata.org/wiki/Q4597954
MB3AZLUT,6,0,http://www.wikidata.org/wiki/Q4662
MB3AZLUT,5,0,http://www.wikidata.org/wiki/Q46622
D1551SQW,2,1,http://www.wikidata.org/wiki/Q27876724
D1551SQW,1,0,http://www.wikidata.org/wiki/Q27791998
D1551SQW,2,0,http://www.wikidata.org/wiki/Q26961017
D1551SQW,1,1,http://www.wikidata.org/wiki/Q4694489
D1551SQW,1,2,http://www.wikidata.org/wiki/Q174
D1551SQW,2,2,http://www.wikidata.org/wiki/Q174
OJP797TQ,4,1,http://www.wikidata.org/wiki/Q60782023
OJP797TQ,2,1,http://www.wikidata.org/wiki/Q2667851
OJP797TQ,3,0,http://www.wikidata.org/wiki/Q2318208
OJP797TQ,3,1,http://www.wikidata.org/wiki/Q2273202
OJP797TQ,2,0,http://www.wikidata.org/wiki/Q2563840
OJP797TQ,3,2,http://www.wikidata.org/wiki/Q3328904
OJP797TQ,4,0,http://www.wikidata.org/wiki/Q60819429
OJP797TQ,2,2,http://www.wikidata.org/wiki/Q55888217
OJP797TQ,1,0,http://www.wikidata.org/wiki/Q756584
EF44WE57,2,1,http://www.wikidata.org/wiki/Q5432600
EF44WE57,1,2,http://www.wikidata.org/wiki/Q2210473
EF44WE57,1,0,http://www.wikidata.org/wiki/Q8077755
EF44WE57,2,0,http://www.wikidata.org/wiki/Q2296272
EF44WE57,1,1,http://www.wikidata.org/wiki/Q5432604
EF44WE57,2,2,http://www.wikidata.org/wiki/Q5676680
QUVE25Y9,4,2,http://www.wikidata.org/wiki/Q1143795
QUVE25Y9,1,2,http://www.wikidata.org/wiki/Q122
QUVE25Y9,5,0,http://www.wikidata.org/wiki/Q196828
QUVE25Y9,7,2,http://www.wikidata.org/wiki/Q122
QUVE25Y9,2,0,http://www.wikidata.org/wiki/Q5904
QUVE25Y9,4,0,http://www.wikidata.org/wiki/Q16829105
QUVE25Y9,1,0,http://www.wikidata.org/wiki/Q947143
QUVE25Y9,2,2,http://www.wikidata.org/wiki/Q122
QUVE25Y9,3,0,http://www.wikidata.org/wiki/Q2951241
QUVE25Y9,3,2,http://www.wikidata.org/wiki/Q1143795
QUVE25Y9,6,0,http://www.wikidata.org/wiki/Q19875483
QUVE25Y9,7,0,http://www.wikidata.org/wiki/Q23596
QUVE25Y9,8,0,http://www.wikidata.org/wiki/Q196828
QUVE25Y9,6,2,http://www.wikidata.org/wiki/Q122
QUVE25Y9,5,2,http://www.wikidata.org/wiki/Q122
0R6SPHNH,1,1,http://www.wikidata.org/wiki/Q173099
0R6SPHNH,4,1,http://www.wikidata.org/wiki/Q1489
0R6SPHNH,4,3,http://www.wikidata.org/wiki/Q3128
0R6SPHNH,2,0,http://www.wikidata.org/wiki/Q171785
0R6SPHNH,3,0,http://www.wikidata.org/wiki/Q171664
0R6SPHNH,3,1,http://www.wikidata.org/wiki/Q16876897
0R6SPHNH,1,3,http://www.wikidata.org/wiki/Q3137
0R6SPHNH,4,0,http://www.wikidata.org/wiki/Q171778
0R6SPHNH,5,0,http://www.wikidata.org/wiki/Q171629
0R6SPHNH,3,3,http://www.wikidata.org/wiki/Q3128
0R6SPHNH,1,0,http://www.wikidata.org/wiki/Q171629
0R6SPHNH,2,1,http://www.wikidata.org/wiki/Q1489
0R6SPHNH,2,3,http://www.wikidata.org/wiki/Q3128
54A5TUES,1,2,http://www.wikidata.org/wiki/Q7291
54A5TUES,1,1,http://www.wikidata.org/wiki/Q1513975
54A5TUES,1,0,http://www.wikidata.org/wiki/Q1337228
54A5TUES,3,1,http://www.wikidata.org/wiki/Q1513974
54A5TUES,3,2,http://www.wikidata.org/wiki/Q7291
54A5TUES,2,1,http://www.wikidata.org/wiki/Q1513971
54A5TUES,4,1,http://www.wikidata.org/wiki/Q27570380
54A5TUES,2,2,http://www.wikidata.org/wiki/Q7291
54A5TUES,3,0,http://www.wikidata.org/wiki/Q1513975
54A5TUES,4,0,http://www.wikidata.org/wiki/Q27570311
54A5TUES,2,0,http://www.wikidata.org/wiki/Q1513974
ZS1R32BT,2,0,http://www.wikidata.org/wiki/Q18008283
ZS1R32BT,7,0,http://www.wikidata.org/wiki/Q1859617
ZS1R32BT,5,0,http://www.wikidata.org/wiki/Q5397740
ZS1R32BT,4,0,http://www.wikidata.org/wiki/Q60939304
ZS1R32BT,6,0,http://www.wikidata.org/wiki/Q1859617
ZS1R32BT,1,0,http://www.wikidata.org/wiki/Q18768112
ZS1R32BT,3,0,http://www.wikidata.org/wiki/Q67329778
ZS1R32BT,8,0,http://www.wikidata.org/wiki/Q2995150
I6B9E39Z,1,1,http://www.wikidata.org/wiki/Q48320
I6B9E39Z,3,2,http://www.wikidata.org/wiki/Q731738
I6B9E39Z,4,2,http://www.wikidata.org/wiki/Q41726
I6B9E39Z,1,2,http://www.wikidata.org/wiki/Q1543757
I6B9E39Z,2,2,http://www.wikidata.org/wiki/Q41726
I6B9E39Z,4,1,http://www.wikidata.org/wiki/Q1490
I6B9E39Z,2,1,http://www.wikidata.org/wiki/Q1490
I6B9E39Z,3,1,http://www.wikidata.org/wiki/Q48320
I6B9E39Z,3,0,http://www.wikidata.org/wiki/Q52183132
I6B9E39Z,4,0,http://www.wikidata.org/wiki/Q52183371
I6B9E39Z,2,0,http://www.wikidata.org/wiki/Q52183371
I6B9E39Z,1,0,http://www.wikidata.org/wiki/Q52183132
1HCYUNQA,3,1,http://www.wikidata.org/wiki/Q466977
1HCYUNQA,1,0,http://www.wikidata.org/wiki/Q20914954
1HCYUNQA,1,2,http://www.wikidata.org/wiki/Q55393594
1HCYUNQA,2,1,http://www.wikidata.org/wiki/Q466977
1HCYUNQA,3,2,http://www.wikidata.org/wiki/Q43881401
1HCYUNQA,4,0,http://www.wikidata.org/wiki/Q2272157
1HCYUNQA,3,0,http://www.wikidata.org/wiki/Q28127307
1HCYUNQA,2,0,http://www.wikidata.org/wiki/Q22075480
1HCYUNQA,4,1,http://www.wikidata.org/wiki/Q466977
1HCYUNQA,2,2,http://www.wikidata.org/wiki/Q43881401
1HCYUNQA,1,1,http://www.wikidata.org/wiki/Q466977
WSDJC1IW,2,2,http://www.wikidata.org/wiki/Q544617
WSDJC1IW,1,0,http://www.wikidata.org/wiki/Q12154902
WSDJC1IW,2,1,http://www.wikidata.org/wiki/Q2657718
WSDJC1IW,1,2,http://www.wikidata.org/wiki/Q12086575
WSDJC1IW,1,1,http://www.wikidata.org/wiki/Q774515
WSDJC1IW,2,0,http://www.wikidata.org/wiki/Q1154782
QKBN04TG,3,1,http://www.wikidata.org/wiki/Q62131047
QKBN04TG,3,0,http://www.wikidata.org/wiki/Q18709800
QKBN04TG,3,2,http://www.wikidata.org/wiki/Q58398875
QKBN04TG,2,1,http://www.wikidata.org/wiki/Q59772697
QKBN04TG,1,1,http://www.wikidata.org/wiki/Q580062
QKBN04TG,2,0,http://www.wikidata.org/wiki/Q50889899
QKBN04TG,1,0,http://www.wikidata.org/wiki/Q63430433
QKBN04TG,2,2,http://www.wikidata.org/wiki/Q58366481
GWHR44DZ,1,1,http://www.wikidata.org/wiki/Q16980
GWHR44DZ,2,0,http://www.wikidata.org/wiki/Q27926115
GWHR44DZ,2,1,http://www.wikidata.org/wiki/Q466
GWHR44DZ,2,2,http://www.wikidata.org/wiki/Q2067160
GWHR44DZ,1,2,http://www.wikidata.org/wiki/Q388
GWHR44DZ,1,0,http://www.wikidata.org/wiki/Q14579
KV3LAMRM,5,1,http://www.wikidata.org/wiki/Q6655
KV3LAMRM,5,0,http://www.wikidata.org/wiki/Q1131930
KV3LAMRM,4,1,http://www.wikidata.org/wiki/Q12270382
KV3LAMRM,1,1,http://www.wikidata.org/wiki/Q6655
KV3LAMRM,3,1,http://www.wikidata.org/wiki/Q12270382
KV3LAMRM,3,0,http://www.wikidata.org/wiki/Q5947099
KV3LAMRM,1,0,http://www.wikidata.org/wiki/Q3593518
KV3LAMRM,4,0,http://www.wikidata.org/wiki/Q59524356
KV3LAMRM,2,1,http://www.wikidata.org/wiki/Q6655
KV3LAMRM,2,0,http://www.wikidata.org/wiki/Q1232094
OF2C2SBB,3,2,http://www.wikidata.org/wiki/Q16600692
OF2C2SBB,1,0,http://www.wikidata.org/wiki/Q60246021
OF2C2SBB,3,0,http://www.wikidata.org/wiki/Q81814175
OF2C2SBB,1,2,http://www.wikidata.org/wiki/Q88235608
OF2C2SBB,2,2,http://www.wikidata.org/wiki/Q81808380
OF2C2SBB,2,0,http://www.wikidata.org/wiki/Q81809429
XTZD5QSU,5,1,http://www.wikidata.org/wiki/Q25989
XTZD5QSU,2,0,http://www.wikidata.org/wiki/Q379657
XTZD5QSU,1,0,http://www.wikidata.org/wiki/Q379660
XTZD5QSU,6,0,http://www.wikidata.org/wiki/Q105429923
XTZD5QSU,4,1,http://www.wikidata.org/wiki/Q7083261
XTZD5QSU,2,1,http://www.wikidata.org/wiki/Q2086913
XTZD5QSU,3,1,http://www.wikidata.org/wiki/Q25989
XTZD5QSU,3,0,http://www.wikidata.org/wiki/Q12209399
XTZD5QSU,5,2,http://www.wikidata.org/wiki/Q7083261
XTZD5QSU,4,2,http://www.wikidata.org/wiki/Q7690101
XTZD5QSU,4,0,http://www.wikidata.org/wiki/Q56640598
XTZD5QSU,1,1,http://www.wikidata.org/wiki/Q2086913
XTZD5QSU,5,0,http://www.wikidata.org/wiki/Q7202268
ZF8FU0NY,2,1,http://www.wikidata.org/wiki/Q681929
ZF8FU0NY,4,0,http://www.wikidata.org/wiki/Q17661942
ZF8FU0NY,1,2,http://www.wikidata.org/wiki/Q19558910
ZF8FU0NY,3,2,http://www.wikidata.org/wiki/Q219538
ZF8FU0NY,2,0,http://www.wikidata.org/wiki/Q17661948
ZF8FU0NY,1,0,http://www.wikidata.org/wiki/Q7418298
ZF8FU0NY,1,1,http://www.wikidata.org/wiki/Q2802000
ZF8FU0NY,3,1,http://www.wikidata.org/wiki/Q681929
ZF8FU0NY,2,2,http://www.wikidata.org/wiki/Q219538
ZF8FU0NY,3,0,http://www.wikidata.org/wiki/Q17661936
UWTN9EPP,3,2,http://www.wikidata.org/wiki/Q2365252
UWTN9EPP,1,0,http://www.wikidata.org/wiki/Q2639061
UWTN9EPP,2,2,http://www.wikidata.org/wiki/Q2365252
UWTN9EPP,2,0,http://www.wikidata.org/wiki/Q2402433
UWTN9EPP,1,2,http://www.wikidata.org/wiki/Q2409784
UWTN9EPP,3,0,http://www.wikidata.org/wiki/Q2555200
YW6LFYUE,2,1,http://www.wikidata.org/wiki/Q1088631
YW6LFYUE,1,2,http://www.wikidata.org/wiki/Q36155
YW6LFYUE,3,0,http://www.wikidata.org/wiki/Q321083
YW6LFYUE,4,2,http://www.wikidata.org/wiki/Q36155
YW6LFYUE,2,0,http://www.wikidata.org/wiki/Q212954
YW6LFYUE,3,2,http://www.wikidata.org/wiki/Q36155
YW6LFYUE,4,0,http://www.wikidata.org/wiki/Q35722
YW6LFYUE,4,1,http://www.wikidata.org/wiki/Q87498878
YW6LFYUE,1,0,http://www.wikidata.org/wiki/Q26752
YW6LFYUE,5,0,http://www.wikidata.org/wiki/Q312672
YW6LFYUE,1,1,http://www.wikidata.org/wiki/Q15033
YW6LFYUE,3,1,http://www.wikidata.org/wiki/Q87498880
YW6LFYUE,2,2,http://www.wikidata.org/wiki/Q36734
D2TM9RIM,10,0,http://www.wikidata.org/wiki/Q6693545
D2TM9RIM,2,0,http://www.wikidata.org/wiki/Q1266964
D2TM9RIM,7,0,http://www.wikidata.org/wiki/Q279891
D2TM9RIM,8,0,http://www.wikidata.org/wiki/Q3335210
D2TM9RIM,9,0,http://www.wikidata.org/wiki/Q7002298
D2TM9RIM,12,0,http://www.wikidata.org/wiki/Q7346507
D2TM9RIM,5,0,http://www.wikidata.org/wiki/Q1266964
D2TM9RIM,4,0,http://www.wikidata.org/wiki/Q1171970
D2TM9RIM,1,0,http://www.wikidata.org/wiki/Q1286366
D2TM9RIM,11,0,http://www.wikidata.org/wiki/Q7737159
D2TM9RIM,6,0,http://www.wikidata.org/wiki/Q3085078
D2TM9RIM,3,0,http://www.wikidata.org/wiki/Q934904
XRD5WLMG,2,0,http://www.wikidata.org/wiki/Q48837
XRD5WLMG,7,0,http://www.wikidata.org/wiki/Q73863047
XRD5WLMG,3,0,http://www.wikidata.org/wiki/Q64085389
XRD5WLMG,4,0,http://www.wikidata.org/wiki/Q673088
XRD5WLMG,9,0,http://www.wikidata.org/wiki/Q32335745
XRD5WLMG,6,0,http://www.wikidata.org/wiki/Q7566616
XRD5WLMG,5,0,http://www.wikidata.org/wiki/Q64085389
XRD5WLMG,1,0,http://www.wikidata.org/wiki/Q58915
XRD5WLMG,10,0,http://www.wikidata.org/wiki/Q96370753
XRD5WLMG,8,0,http://www.wikidata.org/wiki/Q7603271
R9UJ523W,2,0,http://www.wikidata.org/wiki/Q2916550
R9UJ523W,1,2,http://www.wikidata.org/wiki/Q188781
R9UJ523W,4,1,http://www.wikidata.org/wiki/Q6723
R9UJ523W,6,0,http://www.wikidata.org/wiki/Q105429923
R9UJ523W,4,0,http://www.wikidata.org/wiki/Q2891278
R9UJ523W,3,1,http://www.wikidata.org/wiki/Q6723
R9UJ523W,1,1,http://www.wikidata.org/wiki/Q6723
R9UJ523W,2,2,http://www.wikidata.org/wiki/Q83241
R9UJ523W,3,2,http://www.wikidata.org/wiki/Q2109946
R9UJ523W,3,0,http://www.wikidata.org/wiki/Q147764
R9UJ523W,1,0,http://www.wikidata.org/wiki/Q2891278
R9UJ523W,4,2,http://www.wikidata.org/wiki/Q83241
R9UJ523W,2,1,http://www.wikidata.org/wiki/Q6723
V1PTEBD4,4,0,http://www.wikidata.org/wiki/Q94397316
V1PTEBD4,9,0,http://www.wikidata.org/wiki/Q23772
V1PTEBD4,10,0,http://www.wikidata.org/wiki/Q2
V1PTEBD4,8,0,http://www.wikidata.org/wiki/Q28919943
V1PTEBD4,1,0,http://www.wikidata.org/wiki/Q56524221
V1PTEBD4,6,0,http://www.wikidata.org/wiki/Q28923000
V1PTEBD4,5,0,http://www.wikidata.org/wiki/Q56642184
V1PTEBD4,7,0,http://www.wikidata.org/wiki/Q28922866
V1PTEBD4,2,0,http://www.wikidata.org/wiki/Q63197395
V1PTEBD4,3,0,http://www.wikidata.org/wiki/Q94397938
XJ9DW8I6,2,0,http://www.wikidata.org/wiki/Q18883123
XJ9DW8I6,5,1,http://www.wikidata.org/wiki/Q5015818
XJ9DW8I6,4,1,http://www.wikidata.org/wiki/Q280167
XJ9DW8I6,4,0,http://www.wikidata.org/wiki/Q26310591
XJ9DW8I6,6,0,http://www.wikidata.org/wiki/Q25185544
XJ9DW8I6,8,0,http://www.wikidata.org/wiki/Q18714024
XJ9DW8I6,3,0,http://www.wikidata.org/wiki/Q18883121
XJ9DW8I6,7,0,http://www.wikidata.org/wiki/Q76526530
XJ9DW8I6,1,0,http://www.wikidata.org/wiki/Q18883126
XJ9DW8I6,5,0,http://www.wikidata.org/wiki/Q2876899
XJ9DW8I6,6,1,http://www.wikidata.org/wiki/Q111542429
XJ9DW8I6,7,1,http://www.wikidata.org/wiki/Q111533478
33GN0EOJ,5,0,http://www.wikidata.org/wiki/Q12975
33GN0EOJ,9,0,http://www.wikidata.org/wiki/Q12975
33GN0EOJ,2,0,http://www.wikidata.org/wiki/Q5931
33GN0EOJ,1,0,http://www.wikidata.org/wiki/Q286
33GN0EOJ,6,0,http://www.wikidata.org/wiki/Q1876688
33GN0EOJ,10,0,http://www.wikidata.org/wiki/Q1876721
33GN0EOJ,7,0,http://www.wikidata.org/wiki/Q1876721
33GN0EOJ,11,0,http://www.wikidata.org/wiki/Q170566
33GN0EOJ,3,2,http://www.wikidata.org/wiki/Q5676680
33GN0EOJ,12,0,http://www.wikidata.org/wiki/Q1876688
33GN0EOJ,8,0,http://www.wikidata.org/wiki/Q170566
33GN0EOJ,4,2,http://www.wikidata.org/wiki/Q5676680
567HTRSM,1,3,http://www.wikidata.org/wiki/Q1142489
567HTRSM,3,1,http://www.wikidata.org/wiki/Q82610
567HTRSM,3,0,http://www.wikidata.org/wiki/Q2470471
567HTRSM,1,1,http://www.wikidata.org/wiki/Q82610
567HTRSM,2,1,http://www.wikidata.org/wiki/Q82610
567HTRSM,2,2,http://www.wikidata.org/wiki/Q11220
567HTRSM,2,0,http://www.wikidata.org/wiki/Q978610
567HTRSM,1,0,http://www.wikidata.org/wiki/Q7872328
567HTRSM,3,2,http://www.wikidata.org/wiki/Q11220
567HTRSM,4,0,http://www.wikidata.org/wiki/Q2470511
567HTRSM,1,2,http://www.wikidata.org/wiki/Q11220
567HTRSM,2,3,http://www.wikidata.org/wiki/Q1142489
567HTRSM,3,3,http://www.wikidata.org/wiki/Q1142489
91C2MGLK,3,0,http://www.wikidata.org/wiki/Q97286589
91C2MGLK,2,0,http://www.wikidata.org/wiki/Q1184621
91C2MGLK,4,0,http://www.wikidata.org/wiki/Q1154966
91C2MGLK,5,0,http://www.wikidata.org/wiki/Q2048477
91C2MGLK,6,0,http://www.wikidata.org/wiki/Q1905973
91C2MGLK,1,0,http://www.wikidata.org/wiki/Q66630696
5Y9AKBK1,6,0,http://www.wikidata.org/wiki/Q172398
5Y9AKBK1,4,0,http://www.wikidata.org/wiki/Q1477684
5Y9AKBK1,2,0,http://www.wikidata.org/wiki/Q42944467
5Y9AKBK1,5,0,http://www.wikidata.org/wiki/Q173966
5Y9AKBK1,3,0,http://www.wikidata.org/wiki/Q15290462
5Y9AKBK1,7,0,http://www.wikidata.org/wiki/Q129575719
5Y9AKBK1,8,0,http://www.wikidata.org/wiki/Q5541327
5Y9AKBK1,9,0,http://www.wikidata.org/wiki/Q56650560
5Y9AKBK1,1,0,http://www.wikidata.org/wiki/Q43122091
FJ7Q9D3W,2,1,http://www.wikidata.org/wiki/Q5534341
FJ7Q9D3W,2,0,http://www.wikidata.org/wiki/Q3976873
FJ7Q9D3W,4,1,http://www.wikidata.org/wiki/Q62066837
FJ7Q9D3W,1,0,http://www.wikidata.org/wiki/Q3060270
FJ7Q9D3W,3,1,http://www.wikidata.org/wiki/Q5534340
FJ7Q9D3W,3,0,http://www.wikidata.org/wiki/Q30902188
FJ7Q9D3W,1,1,http://www.wikidata.org/wiki/Q3014183
FJ7Q9D3W,2,2,http://www.wikidata.org/wiki/Q131539
FJ7Q9D3W,3,2,http://www.wikidata.org/wiki/Q131539
FJ7Q9D3W,4,0,http://www.wikidata.org/wiki/Q8772961
FJ7Q9D3W,4,2,http://www.wikidata.org/wiki/Q131539
FJ7Q9D3W,1,2,http://www.wikidata.org/wiki/Q3940779
DGXDLKW9,4,0,http://www.wikidata.org/wiki/Q643660
DGXDLKW9,4,2,http://www.wikidata.org/wiki/Q268628
DGXDLKW9,2,4,http://www.wikidata.org/wiki/Q2736
DGXDLKW9,3,4,http://www.wikidata.org/wiki/Q2736
DGXDLKW9,3,0,http://www.wikidata.org/wiki/Q63927
DGXDLKW9,2,0,http://www.wikidata.org/wiki/Q591412
DGXDLKW9,2,2,http://www.wikidata.org/wiki/Q213116
DGXDLKW9,1,0,http://www.wikidata.org/wiki/Q643660
DGXDLKW9,1,4,http://www.wikidata.org/wiki/Q2736
DGXDLKW9,5,0,http://www.wikidata.org/wiki/Q200688
DGXDLKW9,4,4,http://www.wikidata.org/wiki/Q2736
DGXDLKW9,1,2,http://www.wikidata.org/wiki/Q268628
DGXDLKW9,3,2,http://www.wikidata.org/wiki/Q213116
1XSMBEOD,4,1,http://www.wikidata.org/wiki/Q66672523
1XSMBEOD,3,1,http://www.wikidata.org/wiki/Q48584
1XSMBEOD,4,0,http://www.wikidata.org/wiki/Q66672007
1XSMBEOD,2,1,http://www.wikidata.org/wiki/Q3070180
1XSMBEOD,1,1,http://www.wikidata.org/wiki/Q3070183
1XSMBEOD,4,2,http://www.wikidata.org/wiki/Q66672547
1XSMBEOD,1,0,http://www.wikidata.org/wiki/Q3070185
1XSMBEOD,2,0,http://www.wikidata.org/wiki/Q3070182
1XSMBEOD,5,0,http://www.wikidata.org/wiki/Q622423
1XSMBEOD,3,0,http://www.wikidata.org/wiki/Q422323
930PUHND,3,1,http://www.wikidata.org/wiki/Q29625154
930PUHND,4,0,http://www.wikidata.org/wiki/Q20949618
930PUHND,1,1,http://www.wikidata.org/wiki/Q64124
930PUHND,5,0,http://www.wikidata.org/wiki/Q2048477
930PUHND,5,1,http://www.wikidata.org/wiki/Q33427945
930PUHND,6,0,http://www.wikidata.org/wiki/Q240313
930PUHND,2,0,http://www.wikidata.org/wiki/Q659516
930PUHND,6,1,http://www.wikidata.org/wiki/Q267298
930PUHND,4,1,http://www.wikidata.org/wiki/Q2608238
930PUHND,3,0,http://www.wikidata.org/wiki/Q39494149
930PUHND,2,1,http://www.wikidata.org/wiki/Q1020776
930PUHND,1,0,http://www.wikidata.org/wiki/Q1492
Y6L3ZDN5,5,0,http://www.wikidata.org/wiki/Q4164478
Y6L3ZDN5,11,0,http://www.wikidata.org/wiki/Q30263824
Y6L3ZDN5,6,0,http://www.wikidata.org/wiki/Q4216528
Y6L3ZDN5,2,0,http://www.wikidata.org/wiki/Q8200
Y6L3ZDN5,4,0,http://www.wikidata.org/wiki/Q4459476
Y6L3ZDN5,3,0,http://www.wikidata.org/wiki/Q4216528
Y6L3ZDN5,7,0,http://www.wikidata.org/wiki/Q4459476
Y6L3ZDN5,9,0,http://www.wikidata.org/wiki/Q2632814
Y6L3ZDN5,1,0,http://www.wikidata.org/wiki/Q8206
Y6L3ZDN5,10,0,http://www.wikidata.org/wiki/Q30899754
Y6L3ZDN5,8,0,http://www.wikidata.org/wiki/Q3562393
UFAA7QQC,5,0,http://www.wikidata.org/wiki/Q1934920
UFAA7QQC,1,0,http://www.wikidata.org/wiki/Q279745
UFAA7QQC,2,0,http://www.wikidata.org/wiki/Q246986
UFAA7QQC,9,0,http://www.wikidata.org/wiki/Q178338
UFAA7QQC,4,0,http://www.wikidata.org/wiki/Q246986
UFAA7QQC,3,0,http://www.wikidata.org/wiki/Q20648324
UFAA7QQC,6,0,http://www.wikidata.org/wiki/Q23618
UFAA7QQC,7,0,http://www.wikidata.org/wiki/Q842131
UFAA7QQC,10,0,http://www.wikidata.org/wiki/Q192920
UFAA7QQC,8,0,http://www.wikidata.org/wiki/Q184854
95WCTZX3,5,1,http://www.wikidata.org/wiki/Q274245
95WCTZX3,1,1,http://www.wikidata.org/wiki/Q1065893
95WCTZX3,2,0,http://www.wikidata.org/wiki/Q1269925
95WCTZX3,3,1,http://www.wikidata.org/wiki/Q3095598
95WCTZX3,6,0,http://www.wikidata.org/wiki/Q1724063
95WCTZX3,3,0,http://www.wikidata.org/wiki/Q1724063
95WCTZX3,2,1,http://www.wikidata.org/wiki/Q274245
95WCTZX3,4,1,http://www.wikidata.org/wiki/Q1065893
95WCTZX3,1,0,http://www.wikidata.org/wiki/Q1280666
95WCTZX3,5,0,http://www.wikidata.org/wiki/Q1269925
95WCTZX3,4,0,http://www.wikidata.org/wiki/Q1280666
YMZZJ120,5,0,http://www.wikidata.org/wiki/Q56218817
YMZZJ120,9,0,http://www.wikidata.org/wiki/Q56218817
YMZZJ120,4,0,http://www.wikidata.org/wiki/Q56193774
YMZZJ120,8,0,http://www.wikidata.org/wiki/Q56763300
YMZZJ120,10,0,http://www.wikidata.org/wiki/Q56193774
YMZZJ120,3,0,http://www.wikidata.org/wiki/Q56763300
YMZZJ120,6,0,http://www.wikidata.org/wiki/Q56193774
YMZZJ120,2,0,http://www.wikidata.org/wiki/Q60018927
YMZZJ120,1,0,http://www.wikidata.org/wiki/Q56218407
YMZZJ120,7,0,http://www.wikidata.org/wiki/Q56218407
D7QT8XNX,5,0,http://www.wikidata.org/wiki/Q49479244
D7QT8XNX,7,0,http://www.wikidata.org/wiki/Q4931485
D7QT8XNX,3,0,http://www.wikidata.org/wiki/Q4931485
D7QT8XNX,1,0,http://www.wikidata.org/wiki/Q28375271
D7QT8XNX,6,0,http://www.wikidata.org/wiki/Q41241
D7QT8XNX,2,0,http://www.wikidata.org/wiki/Q2100730
D7QT8XNX,4,0,http://www.wikidata.org/wiki/Q7208117
5SFOBVJG,5,2,http://www.wikidata.org/wiki/Q6550667
5SFOBVJG,2,0,http://www.wikidata.org/wiki/Q156684
5SFOBVJG,1,0,http://www.wikidata.org/wiki/Q917429
5SFOBVJG,3,0,http://www.wikidata.org/wiki/Q64144249
5SFOBVJG,7,0,http://www.wikidata.org/wiki/Q156
5SFOBVJG,4,0,http://www.wikidata.org/wiki/Q6787724
5SFOBVJG,5,0,http://www.wikidata.org/wiki/Q19802187
5SFOBVJG,6,2,http://www.wikidata.org/wiki/Q33433
5SFOBVJG,3,2,http://www.wikidata.org/wiki/Q6817511
5SFOBVJG,1,2,http://www.wikidata.org/wiki/Q1778838
5SFOBVJG,4,2,http://www.wikidata.org/wiki/Q97248785
5SFOBVJG,6,0,http://www.wikidata.org/wiki/Q895152
5SFOBVJG,2,2,http://www.wikidata.org/wiki/Q1502747
PW147B34,4,2,http://www.wikidata.org/wiki/Q182933
PW147B34,1,2,http://www.wikidata.org/wiki/Q1406
PW147B34,3,1,http://www.wikidata.org/wiki/Q3391827
PW147B34,1,3,http://www.wikidata.org/wiki/Q193828
PW147B34,3,0,http://www.wikidata.org/wiki/Q7470834
PW147B34,3,3,http://www.wikidata.org/wiki/Q1406
PW147B34,2,1,http://www.wikidata.org/wiki/Q336
PW147B34,4,1,http://www.wikidata.org/wiki/Q388
PW147B34,1,1,http://www.wikidata.org/wiki/Q1061635
PW147B34,4,0,http://www.wikidata.org/wiki/Q192864
PW147B34,2,3,http://www.wikidata.org/wiki/Q182933
PW147B34,1,0,http://www.wikidata.org/wiki/Q7607505
PW147B34,2,2,http://www.wikidata.org/wiki/Q388
PW147B34,2,0,http://www.wikidata.org/wiki/Q7452449
PW147B34,3,2,http://www.wikidata.org/wiki/Q14579
OPCT5R6F,4,0,http://www.wikidata.org/wiki/Q15931
OPCT5R6F,1,0,http://www.wikidata.org/wiki/Q2353889
OPCT5R6F,1,2,http://www.wikidata.org/wiki/Q1585668
OPCT5R6F,2,0,http://www.wikidata.org/wiki/Q2167409
OPCT5R6F,5,2,http://www.wikidata.org/wiki/Q1585668
OPCT5R6F,4,2,http://www.wikidata.org/wiki/Q1135992
OPCT5R6F,3,0,http://www.wikidata.org/wiki/Q2500058
OPCT5R6F,2,2,http://www.wikidata.org/wiki/Q1491836
OPCT5R6F,5,0,http://www.wikidata.org/wiki/Q1585668
CG2BC1ON,3,0,http://www.wikidata.org/wiki/Q768698
CG2BC1ON,8,0,http://www.wikidata.org/wiki/Q111542435
CG2BC1ON,10,0,http://www.wikidata.org/wiki/Q28494524
CG2BC1ON,2,0,http://www.wikidata.org/wiki/Q12208
CG2BC1ON,1,0,http://www.wikidata.org/wiki/Q471969
CG2BC1ON,4,0,http://www.wikidata.org/wiki/Q106525227
CG2BC1ON,6,0,http://www.wikidata.org/wiki/Q105429923
CG2BC1ON,9,0,http://www.wikidata.org/wiki/Q12208
CG2BC1ON,7,0,http://www.wikidata.org/wiki/Q106525227
CG2BC1ON,5,0,http://www.wikidata.org/wiki/Q111542660
77P70LTJ,2,1,http://www.wikidata.org/wiki/Q280413
77P70LTJ,3,0,http://www.wikidata.org/wiki/Q30284998
77P70LTJ,4,0,http://www.wikidata.org/wiki/Q3214403
77P70LTJ,1,1,http://www.wikidata.org/wiki/Q280413
77P70LTJ,2,0,http://www.wikidata.org/wiki/Q30261612
77P70LTJ,1,0,http://www.wikidata.org/wiki/Q5062335
77P70LTJ,1,2,http://www.wikidata.org/wiki/Q29033372
77P70LTJ,3,2,http://www.wikidata.org/wiki/Q16537070
77P70LTJ,3,1,http://www.wikidata.org/wiki/Q280413
77P70LTJ,2,2,http://www.wikidata.org/wiki/Q16560023
H8R87M2V,6,0,http://www.wikidata.org/wiki/Q1101694
H8R87M2V,7,0,http://www.wikidata.org/wiki/Q69068465
H8R87M2V,1,0,http://www.wikidata.org/wiki/Q385669
H8R87M2V,5,0,http://www.wikidata.org/wiki/Q19063754
H8R87M2V,3,0,http://www.wikidata.org/wiki/Q14993393
H8R87M2V,4,0,http://www.wikidata.org/wiki/Q10302972
H8R87M2V,2,0,http://www.wikidata.org/wiki/Q179351
TQ9NX5DC,4,0,http://www.wikidata.org/wiki/Q7
TQ9NX5DC,3,2,http://www.wikidata.org/wiki/Q12270382
TQ9NX5DC,2,0,http://www.wikidata.org/wiki/Q782
TQ9NX5DC,5,2,http://www.wikidata.org/wiki/Q100
TQ9NX5DC,3,0,http://www.wikidata.org/wiki/Q68740
TQ9NX5DC,3,1,http://www.wikidata.org/wiki/Q1199942
TQ9NX5DC,5,1,http://www.wikidata.org/wiki/Q1199942
TQ9NX5DC,4,2,http://www.wikidata.org/wiki/Q100
TQ9NX5DC,1,0,http://www.wikidata.org/wiki/Q797
TQ9NX5DC,2,2,http://www.wikidata.org/wiki/Q12270382
TQ9NX5DC,5,0,http://www.wikidata.org/wiki/Q782
TQ9NX5DC,4,1,http://www.wikidata.org/wiki/Q12270382
TQ9NX5DC,1,2,http://www.wikidata.org/wiki/Q10753675
KYUYM35O,3,1,http://www.wikidata.org/wiki/Q1370665
KYUYM35O,3,2,http://www.wikidata.org/wiki/Q1023214
KYUYM35O,1,1,http://www.wikidata.org/wiki/Q5175058
KYUYM35O,2,1,http://www.wikidata.org/wiki/Q1370665
KYUYM35O,1,2,http://www.wikidata.org/wiki/Q7063280
KYUYM35O,2,0,http://www.wikidata.org/wiki/Q2980331
KYUYM35O,2,2,http://www.wikidata.org/wiki/Q2980333
KYUYM35O,1,0,http://www.wikidata.org/wiki/Q2630171
KYUYM35O,4,0,http://www.wikidata.org/wiki/Q1023214
KYUYM35O,3,0,http://www.wikidata.org/wiki/Q1023214
3TD4PM94,6,0,http://www.wikidata.org/wiki/Q109080222
3TD4PM94,5,0,http://www.wikidata.org/wiki/Q7558516
3TD4PM94,1,0,http://www.wikidata.org/wiki/Q1203263
3TD4PM94,7,0,http://www.wikidata.org/wiki/Q111
3TD4PM94,2,0,http://www.wikidata.org/wiki/Q937592
3TD4PM94,3,0,http://www.wikidata.org/wiki/Q109080222
3TD4PM94,4,0,http://www.wikidata.org/wiki/Q109091361
QDEIQCVQ,3,0,http://www.wikidata.org/wiki/Q60963821
QDEIQCVQ,4,2,http://www.wikidata.org/wiki/Q60964473
QDEIQCVQ,4,1,http://www.wikidata.org/wiki/Q2813829
QDEIQCVQ,2,2,http://www.wikidata.org/wiki/Q63871473
QDEIQCVQ,2,1,http://www.wikidata.org/wiki/Q2813829
QDEIQCVQ,4,0,http://www.wikidata.org/wiki/Q78663501
QDEIQCVQ,1,0,http://www.wikidata.org/wiki/Q60964607
QDEIQCVQ,3,1,http://www.wikidata.org/wiki/Q22231112
QDEIQCVQ,2,0,http://www.wikidata.org/wiki/Q60963675
QDEIQCVQ,1,1,http://www.wikidata.org/wiki/Q22231112
YOJXHBHK,7,0,http://www.wikidata.org/wiki/Q25868
YOJXHBHK,8,0,http://www.wikidata.org/wiki/Q23596
YOJXHBHK,5,0,http://www.wikidata.org/wiki/Q41241
YOJXHBHK,9,0,http://www.wikidata.org/wiki/Q2198672
YOJXHBHK,10,0,http://www.wikidata.org/wiki/Q2225512
YOJXHBHK,13,0,http://www.wikidata.org/wiki/Q105429923
YOJXHBHK,2,0,http://www.wikidata.org/wiki/Q2198672
YOJXHBHK,3,0,http://www.wikidata.org/wiki/Q427730
YOJXHBHK,1,0,http://www.wikidata.org/wiki/Q2225512
YOJXHBHK,6,0,http://www.wikidata.org/wiki/Q427730
YOJXHBHK,11,0,http://www.wikidata.org/wiki/Q196828
YOJXHBHK,4,0,http://www.wikidata.org/wiki/Q42424
YOJXHBHK,12,0,http://www.wikidata.org/wiki/Q16144156
XAKZAMHS,4,2,http://www.wikidata.org/wiki/Q1003628
XAKZAMHS,5,0,http://www.wikidata.org/wiki/Q1003652
XAKZAMHS,5,2,http://www.wikidata.org/wiki/Q1003628
XAKZAMHS,1,2,http://www.wikidata.org/wiki/Q1003650
XAKZAMHS,3,0,http://www.wikidata.org/wiki/Q1003650
XAKZAMHS,2,2,http://www.wikidata.org/wiki/Q1003628
XAKZAMHS,4,0,http://www.wikidata.org/wiki/Q1003635
XAKZAMHS,2,0,http://www.wikidata.org/wiki/Q1003635
XAKZAMHS,3,2,http://www.wikidata.org/wiki/Q1003628
XAKZAMHS,1,0,http://www.wikidata.org/wiki/Q1003652
R15RKIHP,6,1,http://www.wikidata.org/wiki/Q14545628
R15RKIHP,3,0,http://www.wikidata.org/wiki/Q7956107
R15RKIHP,2,0,http://www.wikidata.org/wiki/Q774464
R15RKIHP,7,1,http://www.wikidata.org/wiki/Q36
R15RKIHP,6,0,http://www.wikidata.org/wiki/Q10455483
R15RKIHP,4,0,http://www.wikidata.org/wiki/Q10455483
R15RKIHP,4,1,http://www.wikidata.org/wiki/Q7977388
R15RKIHP,2,1,http://www.wikidata.org/wiki/Q3679744
R15RKIHP,7,0,http://www.wikidata.org/wiki/Q774464
R15RKIHP,3,1,http://www.wikidata.org/wiki/Q106866842
R15RKIHP,1,0,http://www.wikidata.org/wiki/Q1013353
R15RKIHP,1,1,http://www.wikidata.org/wiki/Q14545628
ZV5I1XYL,2,2,http://www.wikidata.org/wiki/Q23694
ZV5I1XYL,2,1,http://www.wikidata.org/wiki/Q62608
ZV5I1XYL,2,0,http://www.wikidata.org/wiki/Q171867
ZV5I1XYL,1,2,http://www.wikidata.org/wiki/Q233735
ZV5I1XYL,1,1,http://www.wikidata.org/wiki/Q69118
ZV5I1XYL,1,0,http://www.wikidata.org/wiki/Q595242
ZUNC82EB,4,0,http://www.wikidata.org/wiki/Q2973041
ZUNC82EB,6,0,http://www.wikidata.org/wiki/Q42451
ZUNC82EB,8,0,http://www.wikidata.org/wiki/Q49832
ZUNC82EB,3,0,http://www.wikidata.org/wiki/Q809479
ZUNC82EB,12,0,http://www.wikidata.org/wiki/Q2984413
ZUNC82EB,11,0,http://www.wikidata.org/wiki/Q2429644
ZUNC82EB,7,0,http://www.wikidata.org/wiki/Q468813
ZUNC82EB,1,0,http://www.wikidata.org/wiki/Q10659253
ZUNC82EB,2,0,http://www.wikidata.org/wiki/Q9021525
ZUNC82EB,5,0,http://www.wikidata.org/wiki/Q49832
ZUNC82EB,10,0,http://www.wikidata.org/wiki/Q2973041
ZUNC82EB,9,0,http://www.wikidata.org/wiki/Q2575638
4LQCMJGL,4,0,http://www.wikidata.org/wiki/Q4853728
4LQCMJGL,1,0,http://www.wikidata.org/wiki/Q2786871
4LQCMJGL,4,1,http://www.wikidata.org/wiki/Q79013207
4LQCMJGL,2,0,http://www.wikidata.org/wiki/Q2102488
4LQCMJGL,2,1,http://www.wikidata.org/wiki/Q188572
4LQCMJGL,1,1,http://www.wikidata.org/wiki/Q315713
4LQCMJGL,3,1,http://www.wikidata.org/wiki/Q1905694
4LQCMJGL,3,0,http://www.wikidata.org/wiki/Q431330
86GABVZ4,3,2,http://www.wikidata.org/wiki/Q43113623
86GABVZ4,1,0,http://www.wikidata.org/wiki/Q66089902
86GABVZ4,3,0,http://www.wikidata.org/wiki/Q64520785
86GABVZ4,3,1,http://www.wikidata.org/wiki/Q11072216
86GABVZ4,2,1,http://www.wikidata.org/wiki/Q11072216
86GABVZ4,2,0,http://www.wikidata.org/wiki/Q66089900
86GABVZ4,1,2,http://www.wikidata.org/wiki/Q43113623
86GABVZ4,4,0,http://www.wikidata.org/wiki/Q64520785
86GABVZ4,2,2,http://www.wikidata.org/wiki/Q43113623
86GABVZ4,1,1,http://www.wikidata.org/wiki/Q11072216
ECZYH1B4,4,0,http://www.wikidata.org/wiki/Q458046
ECZYH1B4,1,1,http://www.wikidata.org/wiki/Q326939
ECZYH1B4,2,0,http://www.wikidata.org/wiki/Q2392121
ECZYH1B4,2,1,http://www.wikidata.org/wiki/Q240658
ECZYH1B4,1,2,http://www.wikidata.org/wiki/Q726
ECZYH1B4,4,1,http://www.wikidata.org/wiki/Q110057417
ECZYH1B4,1,0,http://www.wikidata.org/wiki/Q4003728
ECZYH1B4,3,2,http://www.wikidata.org/wiki/Q182154
ECZYH1B4,4,2,http://www.wikidata.org/wiki/Q182154
ECZYH1B4,3,0,http://www.wikidata.org/wiki/Q2275664
ECZYH1B4,3,1,http://www.wikidata.org/wiki/Q115541
ECZYH1B4,2,2,http://www.wikidata.org/wiki/Q182154
VTS904PS,1,1,http://www.wikidata.org/wiki/Q41508
VTS904PS,3,1,http://www.wikidata.org/wiki/Q3297399
VTS904PS,2,0,http://www.wikidata.org/wiki/Q1191599
VTS904PS,3,2,http://www.wikidata.org/wiki/Q34
VTS904PS,3,3,http://www.wikidata.org/wiki/Q64161088
VTS904PS,1,3,http://www.wikidata.org/wiki/Q753075
VTS904PS,1,0,http://www.wikidata.org/wiki/Q4859865
VTS904PS,1,2,http://www.wikidata.org/wiki/Q29
VTS904PS,2,1,http://www.wikidata.org/wiki/Q351891
VTS904PS,2,2,http://www.wikidata.org/wiki/Q34
VTS904PS,3,0,http://www.wikidata.org/wiki/Q10515917
VTS904PS,2,3,http://www.wikidata.org/wiki/Q653726
VTS904PS,4,0,http://www.wikidata.org/wiki/Q10515883
VC79HSHP,5,0,http://www.wikidata.org/wiki/Q1365823
VC79HSHP,1,1,http://www.wikidata.org/wiki/Q239844
VC79HSHP,4,0,http://www.wikidata.org/wiki/Q1207122
VC79HSHP,5,1,http://www.wikidata.org/wiki/Q236419
VC79HSHP,3,1,http://www.wikidata.org/wiki/Q856772
VC79HSHP,1,0,http://www.wikidata.org/wiki/Q237874
VC79HSHP,7,1,http://www.wikidata.org/wiki/Q1542
VC79HSHP,6,0,http://www.wikidata.org/wiki/Q1207083
VC79HSHP,2,1,http://www.wikidata.org/wiki/Q236781
VC79HSHP,6,1,http://www.wikidata.org/wiki/Q122836908
VC79HSHP,4,1,http://www.wikidata.org/wiki/Q8047284
VC79HSHP,3,0,http://www.wikidata.org/wiki/Q244618
VC79HSHP,2,0,http://www.wikidata.org/wiki/Q242977
VC79HSHP,7,0,http://www.wikidata.org/wiki/Q1207122
X1DT4EJC,2,1,http://www.wikidata.org/wiki/Q41238
X1DT4EJC,6,0,http://www.wikidata.org/wiki/Q85341830
X1DT4EJC,2,0,http://www.wikidata.org/wiki/Q18845700
X1DT4EJC,1,2,http://www.wikidata.org/wiki/Q18845710
X1DT4EJC,5,0,http://www.wikidata.org/wiki/Q80865205
X1DT4EJC,1,1,http://www.wikidata.org/wiki/Q23772
X1DT4EJC,6,2,http://www.wikidata.org/wiki/Q85341865
X1DT4EJC,6,1,http://www.wikidata.org/wiki/Q85341827
X1DT4EJC,1,0,http://www.wikidata.org/wiki/Q18845710
X1DT4EJC,2,2,http://www.wikidata.org/wiki/Q18845700
NL30AKMU,2,2,http://www.wikidata.org/wiki/Q64153658
NL30AKMU,1,2,http://www.wikidata.org/wiki/Q7373223
NL30AKMU,2,1,http://www.wikidata.org/wiki/Q2
NL30AKMU,1,0,http://www.wikidata.org/wiki/Q3488737
NL30AKMU,2,0,http://www.wikidata.org/wiki/Q2538518
NL30AKMU,1,1,http://www.wikidata.org/wiki/Q59168077
YJ8PK9BC,1,2,http://www.wikidata.org/wiki/Q155
YJ8PK9BC,1,1,http://www.wikidata.org/wiki/Q14659
YJ8PK9BC,3,0,http://www.wikidata.org/wiki/Q21486702
YJ8PK9BC,1,0,http://www.wikidata.org/wiki/Q61766215
YJ8PK9BC,3,2,http://www.wikidata.org/wiki/Q27
YJ8PK9BC,2,0,http://www.wikidata.org/wiki/Q86358573
YJ8PK9BC,4,1,http://www.wikidata.org/wiki/Q1672441
YJ8PK9BC,4,2,http://www.wikidata.org/wiki/Q27
YJ8PK9BC,3,1,http://www.wikidata.org/wiki/Q1288250
YJ8PK9BC,2,2,http://www.wikidata.org/wiki/Q27
YJ8PK9BC,2,1,http://www.wikidata.org/wiki/Q1288250
YJ8PK9BC,4,0,http://www.wikidata.org/wiki/Q22890
DNJDJ0YY,8,0,http://www.wikidata.org/wiki/Q2049515
DNJDJ0YY,5,0,http://www.wikidata.org/wiki/Q7019101
DNJDJ0YY,6,0,http://www.wikidata.org/wiki/Q20056445
DNJDJ0YY,9,0,http://www.wikidata.org/wiki/Q1740067
DNJDJ0YY,12,0,http://www.wikidata.org/wiki/Q1753811
DNJDJ0YY,2,0,http://www.wikidata.org/wiki/Q285964
DNJDJ0YY,11,0,http://www.wikidata.org/wiki/Q11991275
DNJDJ0YY,10,0,http://www.wikidata.org/wiki/Q15132959
DNJDJ0YY,1,0,http://www.wikidata.org/wiki/Q512036
DNJDJ0YY,3,0,http://www.wikidata.org/wiki/Q5001069
DNJDJ0YY,7,0,http://www.wikidata.org/wiki/Q63521792
DNJDJ0YY,4,0,http://www.wikidata.org/wiki/Q22290760
ATRP32AY,1,0,http://www.wikidata.org/wiki/Q171904
ATRP32AY,2,1,http://www.wikidata.org/wiki/Q69375
ATRP32AY,4,0,http://www.wikidata.org/wiki/Q171864
ATRP32AY,1,3,http://www.wikidata.org/wiki/Q171424
ATRP32AY,3,1,http://www.wikidata.org/wiki/Q69387
ATRP32AY,3,3,http://www.wikidata.org/wiki/Q171424
ATRP32AY,2,0,http://www.wikidata.org/wiki/Q171864
ATRP32AY,1,2,http://www.wikidata.org/wiki/Q142
ATRP32AY,2,3,http://www.wikidata.org/wiki/Q171424
ATRP32AY,2,2,http://www.wikidata.org/wiki/Q142
ATRP32AY,3,0,http://www.wikidata.org/wiki/Q171904
ATRP32AY,1,1,http://www.wikidata.org/wiki/Q69387
ATRP32AY,3,2,http://www.wikidata.org/wiki/Q142
X9NL2EXZ,5,0,http://www.wikidata.org/wiki/Q11019402
X9NL2EXZ,4,0,http://www.wikidata.org/wiki/Q1126192
X9NL2EXZ,3,0,http://www.wikidata.org/wiki/Q10648343
X9NL2EXZ,6,0,http://www.wikidata.org/wiki/Q641019
X9NL2EXZ,9,0,http://www.wikidata.org/wiki/Q171797
X9NL2EXZ,1,0,http://www.wikidata.org/wiki/Q2511176
X9NL2EXZ,7,0,http://www.wikidata.org/wiki/Q64359658
X9NL2EXZ,2,0,http://www.wikidata.org/wiki/Q2499088
X9NL2EXZ,8,0,http://www.wikidata.org/wiki/Q65303
O34UUFJA,2,0,http://www.wikidata.org/wiki/Q377882
O34UUFJA,2,2,http://www.wikidata.org/wiki/Q10387684
O34UUFJA,1,0,http://www.wikidata.org/wiki/Q1183156
O34UUFJA,1,1,http://www.wikidata.org/wiki/Q34636
O34UUFJA,1,2,http://www.wikidata.org/wiki/Q358
O34UUFJA,2,1,http://www.wikidata.org/wiki/Q176483
DN7S8E8U,1,2,http://www.wikidata.org/wiki/Q1208392
DN7S8E8U,1,0,http://www.wikidata.org/wiki/Q7332357
DN7S8E8U,2,1,http://www.wikidata.org/wiki/Q2878357
DN7S8E8U,2,0,http://www.wikidata.org/wiki/Q3860285
DN7S8E8U,2,2,http://www.wikidata.org/wiki/Q52427
DN7S8E8U,1,1,http://www.wikidata.org/wiki/Q1479784
BW1SI608,2,0,http://www.wikidata.org/wiki/Q2025054
BW1SI608,7,0,http://www.wikidata.org/wiki/Q111531587
BW1SI608,4,0,http://www.wikidata.org/wiki/Q109063099
BW1SI608,8,0,http://www.wikidata.org/wiki/Q112532630
BW1SI608,6,0,http://www.wikidata.org/wiki/Q111542186
BW1SI608,9,0,http://www.wikidata.org/wiki/Q112528992
BW1SI608,5,0,http://www.wikidata.org/wiki/Q10963228
BW1SI608,3,0,http://www.wikidata.org/wiki/Q10963228
BW1SI608,1,0,http://www.wikidata.org/wiki/Q2025083
AP0SWW5I,3,0,http://www.wikidata.org/wiki/Q55063514
AP0SWW5I,4,0,http://www.wikidata.org/wiki/Q3488204
AP0SWW5I,4,1,http://www.wikidata.org/wiki/Q7552957
AP0SWW5I,3,1,http://www.wikidata.org/wiki/Q3447485
AP0SWW5I,3,2,http://www.wikidata.org/wiki/Q1999572
AP0SWW5I,2,1,http://www.wikidata.org/wiki/Q3488204
AP0SWW5I,2,2,http://www.wikidata.org/wiki/Q1999572
AP0SWW5I,1,0,http://www.wikidata.org/wiki/Q1753254
AP0SWW5I,2,0,http://www.wikidata.org/wiki/Q1425645
AP0SWW5I,1,2,http://www.wikidata.org/wiki/Q1999572
AP0SWW5I,1,1,http://www.wikidata.org/wiki/Q3537922
VTRN1JGS,4,1,http://www.wikidata.org/wiki/Q122366
VTRN1JGS,2,1,http://www.wikidata.org/wiki/Q29539
VTRN1JGS,3,0,http://www.wikidata.org/wiki/Q1209467
VTRN1JGS,1,1,http://www.wikidata.org/wiki/Q167
VTRN1JGS,3,2,http://www.wikidata.org/wiki/Q1160083
VTRN1JGS,3,1,http://www.wikidata.org/wiki/Q14411
VTRN1JGS,2,0,http://www.wikidata.org/wiki/Q181328
VTRN1JGS,2,2,http://www.wikidata.org/wiki/Q122366
VTRN1JGS,4,2,http://www.wikidata.org/wiki/Q117239504
VTRN1JGS,1,0,http://www.wikidata.org/wiki/Q1390239
VTRN1JGS,5,0,http://www.wikidata.org/wiki/Q105429923
VTRN1JGS,4,0,http://www.wikidata.org/wiki/Q728662
VTRN1JGS,1,2,http://www.wikidata.org/wiki/Q155907
PTKYUH5U,4,1,http://www.wikidata.org/wiki/Q76753200
PTKYUH5U,5,0,http://www.wikidata.org/wiki/Q76751920
PTKYUH5U,2,0,http://www.wikidata.org/wiki/Q74152090
PTKYUH5U,6,0,http://www.wikidata.org/wiki/Q7415
PTKYUH5U,4,0,http://www.wikidata.org/wiki/Q76751920
PTKYUH5U,5,1,http://www.wikidata.org/wiki/Q76753200
PTKYUH5U,5,2,http://www.wikidata.org/wiki/Q76753118
PTKYUH5U,3,0,http://www.wikidata.org/wiki/Q1131312
PTKYUH5U,1,0,http://www.wikidata.org/wiki/Q77495070
PTKYUH5U,4,2,http://www.wikidata.org/wiki/Q76753118
36JL1BXS,2,0,http://www.wikidata.org/wiki/Q63536565
36JL1BXS,1,2,http://www.wikidata.org/wiki/Q1125499
36JL1BXS,2,2,http://www.wikidata.org/wiki/Q1125499
36JL1BXS,3,0,http://www.wikidata.org/wiki/Q116923563
36JL1BXS,2,1,http://www.wikidata.org/wiki/Q917562
36JL1BXS,1,0,http://www.wikidata.org/wiki/Q69953153
36JL1BXS,3,1,http://www.wikidata.org/wiki/Q917562
36JL1BXS,1,1,http://www.wikidata.org/wiki/Q917562
36JL1BXS,3,2,http://www.wikidata.org/wiki/Q1125499
4VLRTY20,1,2,http://www.wikidata.org/wiki/Q2557191
4VLRTY20,2,1,http://www.wikidata.org/wiki/Q2217687
4VLRTY20,3,0,http://www.wikidata.org/wiki/Q2529274
4VLRTY20,1,0,http://www.wikidata.org/wiki/Q2557191
4VLRTY20,4,0,http://www.wikidata.org/wiki/Q26573195
4VLRTY20,4,2,http://www.wikidata.org/wiki/Q85873677
4VLRTY20,3,1,http://www.wikidata.org/wiki/Q2529274
4VLRTY20,2,2,http://www.wikidata.org/wiki/Q2529274
4VLRTY20,3,2,http://www.wikidata.org/wiki/Q26573195
4VLRTY20,2,0,http://www.wikidata.org/wiki/Q2217687
4VLRTY20,4,1,http://www.wikidata.org/wiki/Q2529274
J0QQILBE,4,0,http://www.wikidata.org/wiki/Q8022775
J0QQILBE,3,0,http://www.wikidata.org/wiki/Q85053791
J0QQILBE,1,0,http://www.wikidata.org/wiki/Q996094
J0QQILBE,10,0,http://www.wikidata.org/wiki/Q1514741
J0QQILBE,2,0,http://www.wikidata.org/wiki/Q888749
J0QQILBE,9,0,http://www.wikidata.org/wiki/Q1000139
J0QQILBE,11,0,http://www.wikidata.org/wiki/Q8579145
J0QQILBE,6,0,http://www.wikidata.org/wiki/Q3556652
J0QQILBE,7,0,http://www.wikidata.org/wiki/Q32053955
J0QQILBE,8,0,http://www.wikidata.org/wiki/Q11064783
J0QQILBE,5,0,http://www.wikidata.org/wiki/Q8579145
YUS6N7C4,5,0,http://www.wikidata.org/wiki/Q480477
YUS6N7C4,4,0,http://www.wikidata.org/wiki/Q17267389
YUS6N7C4,1,0,http://www.wikidata.org/wiki/Q17300300
YUS6N7C4,5,1,http://www.wikidata.org/wiki/Q17297633
YUS6N7C4,2,1,http://www.wikidata.org/wiki/Q17297633
YUS6N7C4,6,0,http://www.wikidata.org/wiki/Q41308017
YUS6N7C4,2,0,http://www.wikidata.org/wiki/Q15890974
YUS6N7C4,3,0,http://www.wikidata.org/wiki/Q41308017
YUS6N7C4,4,1,http://www.wikidata.org/wiki/Q17297633
YUS6N7C4,3,1,http://www.wikidata.org/wiki/Q17297633
YUS6N7C4,1,1,http://www.wikidata.org/wiki/Q17297633
WRBKWP6J,3,0,http://www.wikidata.org/wiki/Q1906210
WRBKWP6J,9,0,http://www.wikidata.org/wiki/Q600030
WRBKWP6J,1,1,http://www.wikidata.org/wiki/Q11116
WRBKWP6J,7,0,http://www.wikidata.org/wiki/Q1699750
WRBKWP6J,10,0,http://www.wikidata.org/wiki/Q1009935
WRBKWP6J,8,0,http://www.wikidata.org/wiki/Q1699750
WRBKWP6J,5,0,http://www.wikidata.org/wiki/Q17361809
WRBKWP6J,4,0,http://www.wikidata.org/wiki/Q17062718
WRBKWP6J,1,0,http://www.wikidata.org/wiki/Q461
WRBKWP6J,6,0,http://www.wikidata.org/wiki/Q17062718
WRBKWP6J,12,0,http://www.wikidata.org/wiki/Q125286071
WRBKWP6J,11,0,http://www.wikidata.org/wiki/Q4417703
WRBKWP6J,2,0,http://www.wikidata.org/wiki/Q907311
TAD5AWQF,2,2,http://www.wikidata.org/wiki/Q288065
TAD5AWQF,1,2,http://www.wikidata.org/wiki/Q649
TAD5AWQF,2,1,http://www.wikidata.org/wiki/Q188814
TAD5AWQF,1,3,http://www.wikidata.org/wiki/Q8346700
TAD5AWQF,2,3,http://www.wikidata.org/wiki/Q3333484
TAD5AWQF,1,1,http://www.wikidata.org/wiki/Q383258
TAD5AWQF,2,0,http://www.wikidata.org/wiki/Q1290986
TAD5AWQF,1,0,http://www.wikidata.org/wiki/Q4501095
15UPLCSW,1,1,http://www.wikidata.org/wiki/Q26599228
15UPLCSW,2,2,http://www.wikidata.org/wiki/Q13181
15UPLCSW,2,1,http://www.wikidata.org/wiki/Q25868
15UPLCSW,1,2,http://www.wikidata.org/wiki/Q279256
15UPLCSW,2,0,http://www.wikidata.org/wiki/Q3892846
15UPLCSW,1,0,http://www.wikidata.org/wiki/Q5305022
PV5N9WQ2,5,0,http://www.wikidata.org/wiki/Q15338035
PV5N9WQ2,1,0,http://www.wikidata.org/wiki/Q18463
PV5N9WQ2,8,0,http://www.wikidata.org/wiki/Q3143297
PV5N9WQ2,7,0,http://www.wikidata.org/wiki/Q493851
PV5N9WQ2,6,0,http://www.wikidata.org/wiki/Q15338035
PV5N9WQ2,2,0,http://www.wikidata.org/wiki/Q774015
PV5N9WQ2,4,0,http://www.wikidata.org/wiki/Q774015
PV5N9WQ2,3,0,http://www.wikidata.org/wiki/Q1187103
CQIG14U5,2,1,http://www.wikidata.org/wiki/Q60346
CQIG14U5,3,0,http://www.wikidata.org/wiki/Q69873337
CQIG14U5,3,1,http://www.wikidata.org/wiki/Q60346
CQIG14U5,5,0,http://www.wikidata.org/wiki/Q60815305
CQIG14U5,5,1,http://www.wikidata.org/wiki/Q857581
CQIG14U5,4,1,http://www.wikidata.org/wiki/Q60346
CQIG14U5,1,0,http://www.wikidata.org/wiki/Q66478420
CQIG14U5,4,0,http://www.wikidata.org/wiki/Q66477279
CQIG14U5,2,0,http://www.wikidata.org/wiki/Q66477279
CQIG14U5,6,0,http://www.wikidata.org/wiki/Q604435
CQIG14U5,1,1,http://www.wikidata.org/wiki/Q60346
VOQDO163,10,0,http://www.wikidata.org/wiki/Q49867020
VOQDO163,5,0,http://www.wikidata.org/wiki/Q4958576
VOQDO163,8,0,http://www.wikidata.org/wiki/Q455288
VOQDO163,1,0,http://www.wikidata.org/wiki/Q490695
VOQDO163,3,0,http://www.wikidata.org/wiki/Q486325
VOQDO163,6,0,http://www.wikidata.org/wiki/Q49867020
VOQDO163,7,0,http://www.wikidata.org/wiki/Q4706798
VOQDO163,12,0,http://www.wikidata.org/wiki/Q20045442
VOQDO163,2,0,http://www.wikidata.org/wiki/Q389573
VOQDO163,13,0,http://www.wikidata.org/wiki/Q1191
VOQDO163,4,0,http://www.wikidata.org/wiki/Q247689
VOQDO163,9,0,http://www.wikidata.org/wiki/Q494936
VOQDO163,11,0,http://www.wikidata.org/wiki/Q4958576
7VQRKWF6,2,2,http://www.wikidata.org/wiki/Q49346089
7VQRKWF6,1,2,http://www.wikidata.org/wiki/Q49346142
7VQRKWF6,1,1,http://www.wikidata.org/wiki/Q40406
7VQRKWF6,2,1,http://www.wikidata.org/wiki/Q48240
7VQRKWF6,2,0,http://www.wikidata.org/wiki/Q837848
7VQRKWF6,1,0,http://www.wikidata.org/wiki/Q1516907
0TXRVPZA,1,1,http://www.wikidata.org/wiki/Q864897
0TXRVPZA,3,1,http://www.wikidata.org/wiki/Q2912397
0TXRVPZA,2,1,http://www.wikidata.org/wiki/Q2912397
0TXRVPZA,4,0,http://www.wikidata.org/wiki/Q1054269
0TXRVPZA,1,3,http://www.wikidata.org/wiki/Q110
0TXRVPZA,3,2,http://www.wikidata.org/wiki/Q12549
0TXRVPZA,2,3,http://www.wikidata.org/wiki/Q110
0TXRVPZA,3,0,http://www.wikidata.org/wiki/Q3941897
0TXRVPZA,2,2,http://www.wikidata.org/wiki/Q12549
0TXRVPZA,3,3,http://www.wikidata.org/wiki/Q110
0TXRVPZA,1,2,http://www.wikidata.org/wiki/Q838284
0TXRVPZA,2,0,http://www.wikidata.org/wiki/Q729477
0TXRVPZA,1,0,http://www.wikidata.org/wiki/Q996954
Z7DQMDYA,8,0,http://www.wikidata.org/wiki/Q2048477
Z7DQMDYA,5,0,http://www.wikidata.org/wiki/Q590227
Z7DQMDYA,4,0,http://www.wikidata.org/wiki/Q60667245
Z7DQMDYA,2,0,http://www.wikidata.org/wiki/Q886485
Z7DQMDYA,11,0,http://www.wikidata.org/wiki/Q4030809
Z7DQMDYA,1,0,http://www.wikidata.org/wiki/Q1975720
Z7DQMDYA,12,0,http://www.wikidata.org/wiki/Q110828332
Z7DQMDYA,6,0,http://www.wikidata.org/wiki/Q449658
Z7DQMDYA,3,0,http://www.wikidata.org/wiki/Q5541327
Z7DQMDYA,10,0,http://www.wikidata.org/wiki/Q109233841
Z7DQMDYA,9,0,http://www.wikidata.org/wiki/Q2210473
Z7DQMDYA,7,0,http://www.wikidata.org/wiki/Q56650560
E3V1L7QG,8,0,http://www.wikidata.org/wiki/Q1743521
E3V1L7QG,11,0,http://www.wikidata.org/wiki/Q2210473
E3V1L7QG,5,0,http://www.wikidata.org/wiki/Q2048477
E3V1L7QG,6,0,http://www.wikidata.org/wiki/Q23681144
E3V1L7QG,9,0,http://www.wikidata.org/wiki/Q2619800
E3V1L7QG,3,0,http://www.wikidata.org/wiki/Q20199426
E3V1L7QG,1,0,http://www.wikidata.org/wiki/Q18845297
E3V1L7QG,4,0,http://www.wikidata.org/wiki/Q2048477
E3V1L7QG,10,0,http://www.wikidata.org/wiki/Q16663603
E3V1L7QG,12,0,http://www.wikidata.org/wiki/Q123402152
E3V1L7QG,2,0,http://www.wikidata.org/wiki/Q18845296
E3V1L7QG,7,0,http://www.wikidata.org/wiki/Q1190172
W133CO9K,1,0,http://www.wikidata.org/wiki/Q21814482
W133CO9K,1,1,http://www.wikidata.org/wiki/Q8002508
W133CO9K,1,2,http://www.wikidata.org/wiki/Q6126
W133CO9K,2,1,http://www.wikidata.org/wiki/Q8002504
W133CO9K,2,2,http://www.wikidata.org/wiki/Q630828
W133CO9K,2,0,http://www.wikidata.org/wiki/Q21814474
0DYRKX3V,2,1,http://www.wikidata.org/wiki/Q10367791
0DYRKX3V,2,2,http://www.wikidata.org/wiki/Q11535363
0DYRKX3V,1,0,http://www.wikidata.org/wiki/Q47896
0DYRKX3V,1,1,http://www.wikidata.org/wiki/Q10375927
0DYRKX3V,2,0,http://www.wikidata.org/wiki/Q44843
0DYRKX3V,1,2,http://www.wikidata.org/wiki/Q11453854
N74NI5N0,1,0,http://www.wikidata.org/wiki/Q1295544
N74NI5N0,2,1,http://www.wikidata.org/wiki/Q632682
N74NI5N0,1,2,http://www.wikidata.org/wiki/Q1042768
N74NI5N0,2,2,http://www.wikidata.org/wiki/Q45315
N74NI5N0,1,1,http://www.wikidata.org/wiki/Q239303
N74NI5N0,2,0,http://www.wikidata.org/wiki/Q58843
DRFJK5ZX,2,1,http://www.wikidata.org/wiki/Q753
DRFJK5ZX,5,0,http://www.wikidata.org/wiki/Q18844896
DRFJK5ZX,6,0,http://www.wikidata.org/wiki/Q18844895
DRFJK5ZX,3,1,http://www.wikidata.org/wiki/Q753
DRFJK5ZX,6,1,http://www.wikidata.org/wiki/Q753
DRFJK5ZX,7,0,http://www.wikidata.org/wiki/Q18844894
DRFJK5ZX,5,1,http://www.wikidata.org/wiki/Q753
DRFJK5ZX,3,0,http://www.wikidata.org/wiki/Q18844898
DRFJK5ZX,7,1,http://www.wikidata.org/wiki/Q753
DRFJK5ZX,4,1,http://www.wikidata.org/wiki/Q753
DRFJK5ZX,1,1,http://www.wikidata.org/wiki/Q753
DRFJK5ZX,2,0,http://www.wikidata.org/wiki/Q18844899
DRFJK5ZX,1,0,http://www.wikidata.org/wiki/Q18844900
DRFJK5ZX,4,0,http://www.wikidata.org/wiki/Q18844897
N3Z9O5BA,3,1,http://www.wikidata.org/wiki/Q19304292
N3Z9O5BA,2,0,http://www.wikidata.org/wiki/Q1020876
N3Z9O5BA,3,0,http://www.wikidata.org/wiki/Q34356
N3Z9O5BA,1,1,http://www.wikidata.org/wiki/Q1036216
N3Z9O5BA,1,0,http://www.wikidata.org/wiki/Q1036216
N3Z9O5BA,2,1,http://www.wikidata.org/wiki/Q88077192
LFW88UP6,1,1,http://www.wikidata.org/wiki/Q771636
LFW88UP6,3,1,http://www.wikidata.org/wiki/Q26813
LFW88UP6,1,0,http://www.wikidata.org/wiki/Q1090764
LFW88UP6,2,2,http://www.wikidata.org/wiki/Q10387575
LFW88UP6,2,0,http://www.wikidata.org/wiki/Q1090716
LFW88UP6,3,0,http://www.wikidata.org/wiki/Q1090558
LFW88UP6,2,1,http://www.wikidata.org/wiki/Q275309
LFW88UP6,1,2,http://www.wikidata.org/wiki/Q10387575
LFW88UP6,3,2,http://www.wikidata.org/wiki/Q10387575
Y7QGWJU8,1,0,http://www.wikidata.org/wiki/Q2275355
Y7QGWJU8,3,0,http://www.wikidata.org/wiki/Q24204292
Y7QGWJU8,3,2,http://www.wikidata.org/wiki/Q483298
Y7QGWJU8,1,1,http://www.wikidata.org/wiki/Q46135
Y7QGWJU8,2,0,http://www.wikidata.org/wiki/Q2977338
Y7QGWJU8,3,1,http://www.wikidata.org/wiki/Q203
Y7QGWJU8,4,0,http://www.wikidata.org/wiki/Q24216767
Y7QGWJU8,2,1,http://www.wikidata.org/wiki/Q20
Y7QGWJU8,2,2,http://www.wikidata.org/wiki/Q449658
S7Q4B2J9,6,0,http://www.wikidata.org/wiki/Q790365
S7Q4B2J9,6,2,http://www.wikidata.org/wiki/Q1492
S7Q4B2J9,3,2,http://www.wikidata.org/wiki/Q1492
S7Q4B2J9,5,2,http://www.wikidata.org/wiki/Q1492
S7Q4B2J9,5,0,http://www.wikidata.org/wiki/Q219828
S7Q4B2J9,7,0,http://www.wikidata.org/wiki/Q19694958
S7Q4B2J9,3,0,http://www.wikidata.org/wiki/Q6171528
S7Q4B2J9,1,0,http://www.wikidata.org/wiki/Q1027968
S7Q4B2J9,1,2,http://www.wikidata.org/wiki/Q1781
S7Q4B2J9,2,2,http://www.wikidata.org/wiki/Q1492
S7Q4B2J9,4,2,http://www.wikidata.org/wiki/Q1492
S7Q4B2J9,7,2,http://www.wikidata.org/wiki/Q1781
S7Q4B2J9,2,0,http://www.wikidata.org/wiki/Q1360592
S7Q4B2J9,4,0,http://www.wikidata.org/wiki/Q743588
RIIJJF2C,2,0,http://www.wikidata.org/wiki/Q49275187
RIIJJF2C,4,1,http://www.wikidata.org/wiki/Q65687728
RIIJJF2C,1,1,http://www.wikidata.org/wiki/Q49275187
RIIJJF2C,1,0,http://www.wikidata.org/wiki/Q63105770
RIIJJF2C,4,0,http://www.wikidata.org/wiki/Q65687491
RIIJJF2C,5,0,http://www.wikidata.org/wiki/Q47036617
RIIJJF2C,5,1,http://www.wikidata.org/wiki/Q61903590
RIIJJF2C,3,0,http://www.wikidata.org/wiki/Q65687732
RIIJJF2C,2,1,http://www.wikidata.org/wiki/Q29565112
RIIJJF2C,3,1,http://www.wikidata.org/wiki/Q65687728
WKF7IXJ9,2,2,http://www.wikidata.org/wiki/Q58925169
WKF7IXJ9,4,0,http://www.wikidata.org/wiki/Q58925167
WKF7IXJ9,3,0,http://www.wikidata.org/wiki/Q58925168
WKF7IXJ9,4,2,http://www.wikidata.org/wiki/Q58
WKF7IXJ9,2,1,http://www.wikidata.org/wiki/Q29
WKF7IXJ9,4,1,http://www.wikidata.org/wiki/Q29
WKF7IXJ9,1,0,http://www.wikidata.org/wiki/Q58925169
WKF7IXJ9,3,1,http://www.wikidata.org/wiki/Q29
WKF7IXJ9,2,0,http://www.wikidata.org/wiki/Q58925167
WKF7IXJ9,1,2,http://www.wikidata.org/wiki/Q58925170
WKF7IXJ9,3,2,http://www.wikidata.org/wiki/Q58925169
WKF7IXJ9,1,1,http://www.wikidata.org/wiki/Q29
0HDAA9LO,7,0,http://www.wikidata.org/wiki/Q1884
0HDAA9LO,2,0,http://www.wikidata.org/wiki/Q18845495
0HDAA9LO,4,0,http://www.wikidata.org/wiki/Q18845496
0HDAA9LO,5,0,http://www.wikidata.org/wiki/Q18845494
0HDAA9LO,6,0,http://www.wikidata.org/wiki/Q18845493
0HDAA9LO,1,0,http://www.wikidata.org/wiki/Q18845497
0HDAA9LO,3,0,http://www.wikidata.org/wiki/Q197248
Y5AA8V2Z,2,0,http://www.wikidata.org/wiki/Q16556244
Y5AA8V2Z,2,1,http://www.wikidata.org/wiki/Q109231962
Y5AA8V2Z,1,1,http://www.wikidata.org/wiki/Q47532764
Y5AA8V2Z,1,0,http://www.wikidata.org/wiki/Q16556309
Y5AA8V2Z,1,2,http://www.wikidata.org/wiki/Q4547253
Y5AA8V2Z,2,2,http://www.wikidata.org/wiki/Q5676680
JO0ZQL4H,5,1,http://www.wikidata.org/wiki/Q188860
JO0ZQL4H,4,2,http://www.wikidata.org/wiki/Q40056
JO0ZQL4H,2,2,http://www.wikidata.org/wiki/Q40056
JO0ZQL4H,3,2,http://www.wikidata.org/wiki/Q40056
JO0ZQL4H,2,0,http://www.wikidata.org/wiki/Q15262084
JO0ZQL4H,4,0,http://www.wikidata.org/wiki/Q1130645
JO0ZQL4H,1,2,http://www.wikidata.org/wiki/Q40056
JO0ZQL4H,4,1,http://www.wikidata.org/wiki/Q190686
JO0ZQL4H,5,0,http://www.wikidata.org/wiki/Q182895
JO0ZQL4H,3,1,http://www.wikidata.org/wiki/Q190686
JO0ZQL4H,1,0,http://www.wikidata.org/wiki/Q15810910
JO0ZQL4H,1,1,http://www.wikidata.org/wiki/Q190686
JO0ZQL4H,2,1,http://www.wikidata.org/wiki/Q190686
JO0ZQL4H,3,0,http://www.wikidata.org/wiki/Q1122588
09Z5ITZZ,9,0,http://www.wikidata.org/wiki/Q6357457
09Z5ITZZ,1,0,http://www.wikidata.org/wiki/Q1141720
09Z5ITZZ,2,0,http://www.wikidata.org/wiki/Q1009440
09Z5ITZZ,5,0,http://www.wikidata.org/wiki/Q55447295
09Z5ITZZ,8,0,http://www.wikidata.org/wiki/Q61787566
09Z5ITZZ,7,0,http://www.wikidata.org/wiki/Q63522470
09Z5ITZZ,10,0,http://www.wikidata.org/wiki/Q61778265
09Z5ITZZ,6,0,http://www.wikidata.org/wiki/Q61778265
09Z5ITZZ,4,0,http://www.wikidata.org/wiki/Q574990
09Z5ITZZ,3,0,http://www.wikidata.org/wiki/Q5541327
09Z5ITZZ,12,0,http://www.wikidata.org/wiki/Q804047
09Z5ITZZ,11,0,http://www.wikidata.org/wiki/Q817605
W3HQJ82T,10,0,http://www.wikidata.org/wiki/Q3114100
W3HQJ82T,8,0,http://www.wikidata.org/wiki/Q3114100
W3HQJ82T,2,0,http://www.wikidata.org/wiki/Q3114100
W3HQJ82T,6,0,http://www.wikidata.org/wiki/Q3775257
W3HQJ82T,9,0,http://www.wikidata.org/wiki/Q3114100
W3HQJ82T,1,0,http://www.wikidata.org/wiki/Q3775257
W3HQJ82T,5,0,http://www.wikidata.org/wiki/Q3114100
W3HQJ82T,4,0,http://www.wikidata.org/wiki/Q419628
W3HQJ82T,3,0,http://www.wikidata.org/wiki/Q3775255
W3HQJ82T,7,0,http://www.wikidata.org/wiki/Q419628
R3GVK0V3,2,0,http://www.wikidata.org/wiki/Q5020447
R3GVK0V3,3,0,http://www.wikidata.org/wiki/Q119257620
R3GVK0V3,1,0,http://www.wikidata.org/wiki/Q51955019
R3GVK0V3,4,1,http://www.wikidata.org/wiki/Q174710
R3GVK0V3,1,1,http://www.wikidata.org/wiki/Q3639582
R3GVK0V3,2,2,http://www.wikidata.org/wiki/Q17042
R3GVK0V3,3,1,http://www.wikidata.org/wiki/Q129421
R3GVK0V3,3,2,http://www.wikidata.org/wiki/Q228113
R3GVK0V3,1,2,http://www.wikidata.org/wiki/Q153529
R3GVK0V3,4,2,http://www.wikidata.org/wiki/Q15121
R3GVK0V3,4,0,http://www.wikidata.org/wiki/Q755860
R3GVK0V3,2,1,http://www.wikidata.org/wiki/Q174710
6NCYQ3W3,6,0,http://www.wikidata.org/wiki/Q40326703
6NCYQ3W3,8,0,http://www.wikidata.org/wiki/Q11633376
6NCYQ3W3,4,0,http://www.wikidata.org/wiki/Q2224914
6NCYQ3W3,5,0,http://www.wikidata.org/wiki/Q2984744
6NCYQ3W3,2,0,http://www.wikidata.org/wiki/Q445159
6NCYQ3W3,1,0,http://www.wikidata.org/wiki/Q458720
6NCYQ3W3,7,0,http://www.wikidata.org/wiki/Q40326703
6NCYQ3W3,3,0,http://www.wikidata.org/wiki/Q852313
ETGWPD7G,1,3,http://www.wikidata.org/wiki/Q490619
ETGWPD7G,2,1,http://www.wikidata.org/wiki/Q14286504
ETGWPD7G,1,0,http://www.wikidata.org/wiki/Q4540831
ETGWPD7G,2,3,http://www.wikidata.org/wiki/Q454639
ETGWPD7G,1,1,http://www.wikidata.org/wiki/Q2545661
ETGWPD7G,2,0,http://www.wikidata.org/wiki/Q2466685
D62P73S0,3,0,http://www.wikidata.org/wiki/Q3250089
D62P73S0,5,2,http://www.wikidata.org/wiki/Q4131
D62P73S0,2,2,http://www.wikidata.org/wiki/Q4131
D62P73S0,1,0,http://www.wikidata.org/wiki/Q2379199
D62P73S0,1,2,http://www.wikidata.org/wiki/Q23436
D62P73S0,4,2,http://www.wikidata.org/wiki/Q405857
D62P73S0,4,0,http://www.wikidata.org/wiki/Q28530250
D62P73S0,5,0,http://www.wikidata.org/wiki/Q2876262
D62P73S0,3,2,http://www.wikidata.org/wiki/Q4131
D62P73S0,2,0,http://www.wikidata.org/wiki/Q209142
KRKRHZW7,1,0,http://www.wikidata.org/wiki/Q12244698
KRKRHZW7,2,0,http://www.wikidata.org/wiki/Q6866455
KRKRHZW7,1,1,http://www.wikidata.org/wiki/Q30805
KRKRHZW7,4,1,http://www.wikidata.org/wiki/Q30805
KRKRHZW7,5,0,http://www.wikidata.org/wiki/Q4130209
KRKRHZW7,2,1,http://www.wikidata.org/wiki/Q30805
KRKRHZW7,3,1,http://www.wikidata.org/wiki/Q30805
KRKRHZW7,3,0,http://www.wikidata.org/wiki/Q55641593
KRKRHZW7,4,0,http://www.wikidata.org/wiki/Q65938840
64R4KY12,1,0,http://www.wikidata.org/wiki/Q46807
64R4KY12,1,2,http://www.wikidata.org/wiki/Q5676680
64R4KY12,2,0,http://www.wikidata.org/wiki/Q13717
64R4KY12,3,2,http://www.wikidata.org/wiki/Q530900
64R4KY12,6,0,http://www.wikidata.org/wiki/Q11153104
64R4KY12,3,0,http://www.wikidata.org/wiki/Q174436
64R4KY12,4,1,http://www.wikidata.org/wiki/Q862954
64R4KY12,2,1,http://www.wikidata.org/wiki/Q113686426
64R4KY12,5,0,http://www.wikidata.org/wiki/Q11153104
64R4KY12,2,2,http://www.wikidata.org/wiki/Q112602966
64R4KY12,4,0,http://www.wikidata.org/wiki/Q1954757
64R4KY12,4,2,http://www.wikidata.org/wiki/Q5676680
63YYBEJL,1,0,http://www.wikidata.org/wiki/Q85056917
63YYBEJL,4,0,http://www.wikidata.org/wiki/Q4926
63YYBEJL,3,0,http://www.wikidata.org/wiki/Q41241
63YYBEJL,2,0,http://www.wikidata.org/wiki/Q85056912
63YYBEJL,6,0,http://www.wikidata.org/wiki/Q65232311
63YYBEJL,5,0,http://www.wikidata.org/wiki/Q65232196
63YYBEJL,7,0,http://www.wikidata.org/wiki/Q87526638
8JE962PA,10,0,http://www.wikidata.org/wiki/Q663
8JE962PA,4,0,http://www.wikidata.org/wiki/Q146439
8JE962PA,3,0,http://www.wikidata.org/wiki/Q41241
8JE962PA,1,0,http://www.wikidata.org/wiki/Q670
8JE962PA,9,0,http://www.wikidata.org/wiki/Q449658
8JE962PA,6,0,http://www.wikidata.org/wiki/Q133350
8JE962PA,2,0,http://www.wikidata.org/wiki/Q663
8JE962PA,5,0,http://www.wikidata.org/wiki/Q11081
8JE962PA,8,0,http://www.wikidata.org/wiki/Q196828
8JE962PA,11,0,http://www.wikidata.org/wiki/Q47496798
8JE962PA,12,0,http://www.wikidata.org/wiki/Q133350
8JE962PA,7,0,http://www.wikidata.org/wiki/Q11656
2C6UUN8A,3,0,http://www.wikidata.org/wiki/Q64798261
2C6UUN8A,4,1,http://www.wikidata.org/wiki/Q1434732
2C6UUN8A,1,1,http://www.wikidata.org/wiki/Q1434732
2C6UUN8A,1,2,http://www.wikidata.org/wiki/Q31
2C6UUN8A,2,1,http://www.wikidata.org/wiki/Q18869
2C6UUN8A,4,2,http://www.wikidata.org/wiki/Q31
2C6UUN8A,3,2,http://www.wikidata.org/wiki/Q159
2C6UUN8A,5,1,http://www.wikidata.org/wiki/Q1886
2C6UUN8A,1,0,http://www.wikidata.org/wiki/Q3003985
2C6UUN8A,4,0,http://www.wikidata.org/wiki/Q3003985
2C6UUN8A,2,0,http://www.wikidata.org/wiki/Q834521
2C6UUN8A,5,0,http://www.wikidata.org/wiki/Q834521
2C6UUN8A,2,2,http://www.wikidata.org/wiki/Q159
2C6UUN8A,3,1,http://www.wikidata.org/wiki/Q16737714
TL1K7RTD,1,0,http://www.wikidata.org/wiki/Q338194
TL1K7RTD,2,2,http://www.wikidata.org/wiki/Q131390
TL1K7RTD,1,1,http://www.wikidata.org/wiki/Q25641
TL1K7RTD,2,1,http://www.wikidata.org/wiki/Q131390
TL1K7RTD,2,0,http://www.wikidata.org/wiki/Q311661
TL1K7RTD,5,0,http://www.wikidata.org/wiki/Q1066336
TL1K7RTD,1,2,http://www.wikidata.org/wiki/Q25641
TL1K7RTD,6,0,http://www.wikidata.org/wiki/Q39055972
8R0WR800,5,0,http://www.wikidata.org/wiki/Q62117815
8R0WR800,10,0,http://www.wikidata.org/wiki/Q62117815
8R0WR800,6,0,http://www.wikidata.org/wiki/Q62117817
8R0WR800,1,0,http://www.wikidata.org/wiki/Q62117826
8R0WR800,2,0,http://www.wikidata.org/wiki/Q62117815
8R0WR800,7,0,http://www.wikidata.org/wiki/Q62117826
8R0WR800,9,0,http://www.wikidata.org/wiki/Q62117826
8R0WR800,3,0,http://www.wikidata.org/wiki/Q62117817
8R0WR800,4,0,http://www.wikidata.org/wiki/Q207788
8R0WR800,11,0,http://www.wikidata.org/wiki/Q62117817
8R0WR800,8,0,http://www.wikidata.org/wiki/Q62117817
GUW364P0,4,0,http://www.wikidata.org/wiki/Q58175347
GUW364P0,5,0,http://www.wikidata.org/wiki/Q58175347
GUW364P0,2,0,http://www.wikidata.org/wiki/Q58194317
GUW364P0,3,0,http://www.wikidata.org/wiki/Q58194098
GUW364P0,1,0,http://www.wikidata.org/wiki/Q58194895
SJG7PC2C,7,0,http://www.wikidata.org/wiki/Q56691
SJG7PC2C,7,1,http://www.wikidata.org/wiki/Q1345
SJG7PC2C,2,0,http://www.wikidata.org/wiki/Q1184539
SJG7PC2C,5,1,http://www.wikidata.org/wiki/Q1345
SJG7PC2C,3,0,http://www.wikidata.org/wiki/Q56691
SJG7PC2C,4,1,http://www.wikidata.org/wiki/Q1184539
SJG7PC2C,5,0,http://www.wikidata.org/wiki/Q1184539
SJG7PC2C,1,0,http://www.wikidata.org/wiki/Q1181846
SJG7PC2C,4,0,http://www.wikidata.org/wiki/Q7281485
SJG7PC2C,1,1,http://www.wikidata.org/wiki/Q14685447
SJG7PC2C,2,1,http://www.wikidata.org/wiki/Q1345
SJG7PC2C,3,1,http://www.wikidata.org/wiki/Q1345
SJG7PC2C,6,1,http://www.wikidata.org/wiki/Q1181846
SJG7PC2C,6,0,http://www.wikidata.org/wiki/Q7281490
JQDF4PUM,2,0,http://www.wikidata.org/wiki/Q10499430
JQDF4PUM,1,2,http://www.wikidata.org/wiki/Q103691
JQDF4PUM,2,2,http://www.wikidata.org/wiki/Q103659
JQDF4PUM,2,1,http://www.wikidata.org/wiki/Q48204
JQDF4PUM,1,0,http://www.wikidata.org/wiki/Q10493548
JQDF4PUM,1,1,http://www.wikidata.org/wiki/Q48204
BGDWBXTB,2,2,http://www.wikidata.org/wiki/Q48837391
BGDWBXTB,1,2,http://www.wikidata.org/wiki/Q48837468
BGDWBXTB,2,3,http://www.wikidata.org/wiki/Q1288644
BGDWBXTB,2,0,http://www.wikidata.org/wiki/Q48837410
BGDWBXTB,3,1,http://www.wikidata.org/wiki/Q3296078
BGDWBXTB,1,1,http://www.wikidata.org/wiki/Q1048270
BGDWBXTB,1,0,http://www.wikidata.org/wiki/Q48837489
BGDWBXTB,3,3,http://www.wikidata.org/wiki/Q1288644
BGDWBXTB,3,2,http://www.wikidata.org/wiki/Q5533749
BGDWBXTB,3,0,http://www.wikidata.org/wiki/Q48837468
BGDWBXTB,1,3,http://www.wikidata.org/wiki/Q1288644
BGDWBXTB,2,1,http://www.wikidata.org/wiki/Q3296078
IMGXHD8F,3,2,http://www.wikidata.org/wiki/Q638
IMGXHD8F,2,2,http://www.wikidata.org/wiki/Q152388
IMGXHD8F,1,0,http://www.wikidata.org/wiki/Q251609
IMGXHD8F,1,1,http://www.wikidata.org/wiki/Q1789476
IMGXHD8F,2,1,http://www.wikidata.org/wiki/Q152388
IMGXHD8F,4,1,http://www.wikidata.org/wiki/Q152388
IMGXHD8F,3,1,http://www.wikidata.org/wiki/Q638
IMGXHD8F,4,2,http://www.wikidata.org/wiki/Q152388
IMGXHD8F,3,0,http://www.wikidata.org/wiki/Q6941626
IMGXHD8F,2,0,http://www.wikidata.org/wiki/Q7781629
IMGXHD8F,1,2,http://www.wikidata.org/wiki/Q638
IMGXHD8F,4,0,http://www.wikidata.org/wiki/Q339163
K3YNUI4G,3,0,http://www.wikidata.org/wiki/Q7191661
K3YNUI4G,7,0,http://www.wikidata.org/wiki/Q101112126
K3YNUI4G,4,0,http://www.wikidata.org/wiki/Q108559461
K3YNUI4G,6,0,http://www.wikidata.org/wiki/Q106559049
K3YNUI4G,8,0,http://www.wikidata.org/wiki/Q116951737
K3YNUI4G,2,1,http://www.wikidata.org/wiki/Q101112126
K3YNUI4G,2,0,http://www.wikidata.org/wiki/Q11887931
K3YNUI4G,9,0,http://www.wikidata.org/wiki/Q19
K3YNUI4G,1,0,http://www.wikidata.org/wiki/Q11888451
K3YNUI4G,5,0,http://www.wikidata.org/wiki/Q18690760
K3YNUI4G,1,1,http://www.wikidata.org/wiki/Q106559049
XUZPEV3Q,3,2,http://www.wikidata.org/wiki/Q208505
XUZPEV3Q,4,0,http://www.wikidata.org/wiki/Q111837
XUZPEV3Q,1,0,http://www.wikidata.org/wiki/Q1902768
XUZPEV3Q,3,1,http://www.wikidata.org/wiki/Q2653133
XUZPEV3Q,2,2,http://www.wikidata.org/wiki/Q20664530
XUZPEV3Q,1,2,http://www.wikidata.org/wiki/Q208505
XUZPEV3Q,4,1,http://www.wikidata.org/wiki/Q19819759
XUZPEV3Q,2,0,http://www.wikidata.org/wiki/Q918598
XUZPEV3Q,4,2,http://www.wikidata.org/wiki/Q5937792
XUZPEV3Q,2,1,http://www.wikidata.org/wiki/Q161775
XUZPEV3Q,3,0,http://www.wikidata.org/wiki/Q1199592
XUZPEV3Q,1,1,http://www.wikidata.org/wiki/Q1813722
3DSMSKHF,2,2,http://www.wikidata.org/wiki/Q18882381
3DSMSKHF,2,0,http://www.wikidata.org/wiki/Q37120333
3DSMSKHF,1,0,http://www.wikidata.org/wiki/Q23091470
3DSMSKHF,2,1,http://www.wikidata.org/wiki/Q1568567
3DSMSKHF,1,1,http://www.wikidata.org/wiki/Q19558910
JWGLPTPB,2,0,http://www.wikidata.org/wiki/Q486067
JWGLPTPB,2,1,http://www.wikidata.org/wiki/Q4818823
JWGLPTPB,1,1,http://www.wikidata.org/wiki/Q486071
JWGLPTPB,2,2,http://www.wikidata.org/wiki/Q486071
JWGLPTPB,1,0,http://www.wikidata.org/wiki/Q486071
JWGLPTPB,1,2,http://www.wikidata.org/wiki/Q4818823
TFJEPREG,1,2,http://www.wikidata.org/wiki/Q2954740
TFJEPREG,2,2,http://www.wikidata.org/wiki/Q2748256
TFJEPREG,1,0,http://www.wikidata.org/wiki/Q2954738
TFJEPREG,2,1,http://www.wikidata.org/wiki/Q40840
TFJEPREG,1,1,http://www.wikidata.org/wiki/Q2100
TFJEPREG,2,0,http://www.wikidata.org/wiki/Q2954761
BWLCR5QP,4,2,http://www.wikidata.org/wiki/Q30265594
BWLCR5QP,2,0,http://www.wikidata.org/wiki/Q131566
BWLCR5QP,1,0,http://www.wikidata.org/wiki/Q176691
BWLCR5QP,4,0,http://www.wikidata.org/wiki/Q40215915
BWLCR5QP,3,2,http://www.wikidata.org/wiki/Q131566
BWLCR5QP,3,0,http://www.wikidata.org/wiki/Q30338149
BWLCR5QP,2,2,http://www.wikidata.org/wiki/Q131566
BWLCR5QP,1,2,http://www.wikidata.org/wiki/Q1586184
0W570SQO,4,2,http://www.wikidata.org/wiki/Q142
0W570SQO,1,1,http://www.wikidata.org/wiki/Q21604923
0W570SQO,2,0,http://www.wikidata.org/wiki/Q756886
0W570SQO,1,2,http://www.wikidata.org/wiki/Q142
0W570SQO,5,0,http://www.wikidata.org/wiki/Q88409976
0W570SQO,3,0,http://www.wikidata.org/wiki/Q56863148
0W570SQO,2,1,http://www.wikidata.org/wiki/Q21604888
0W570SQO,1,0,http://www.wikidata.org/wiki/Q846312
0W570SQO,3,1,http://www.wikidata.org/wiki/Q218855
0W570SQO,2,2,http://www.wikidata.org/wiki/Q142
0W570SQO,5,1,http://www.wikidata.org/wiki/Q21604
0W570SQO,4,0,http://www.wikidata.org/wiki/Q83542905
0W570SQO,3,2,http://www.wikidata.org/wiki/Q142
0W570SQO,4,1,http://www.wikidata.org/wiki/Q21604888
TINKN8VH,8,0,http://www.wikidata.org/wiki/Q6867215
TINKN8VH,6,0,http://www.wikidata.org/wiki/Q85744046
TINKN8VH,4,0,http://www.wikidata.org/wiki/Q660668
TINKN8VH,7,0,http://www.wikidata.org/wiki/Q80952636
TINKN8VH,3,0,http://www.wikidata.org/wiki/Q827668
TINKN8VH,2,0,http://www.wikidata.org/wiki/Q315820
TINKN8VH,1,0,http://www.wikidata.org/wiki/Q382006
TINKN8VH,5,0,http://www.wikidata.org/wiki/Q722241
1C9VGS8U,3,3,http://www.wikidata.org/wiki/Q84919644
1C9VGS8U,3,0,http://www.wikidata.org/wiki/Q101440430
1C9VGS8U,1,3,http://www.wikidata.org/wiki/Q31
1C9VGS8U,3,2,http://www.wikidata.org/wiki/Q292228
1C9VGS8U,2,0,http://www.wikidata.org/wiki/Q66739340
1C9VGS8U,1,0,http://www.wikidata.org/wiki/Q15874709
1C9VGS8U,2,2,http://www.wikidata.org/wiki/Q78075294
1C9VGS8U,1,2,http://www.wikidata.org/wiki/Q2675417
1C9VGS8U,2,3,http://www.wikidata.org/wiki/Q31
1C9VGS8U,4,0,http://www.wikidata.org/wiki/Q81921743
1C9VGS8U,4,2,http://www.wikidata.org/wiki/Q78075294
CL4RRCZM,7,1,http://www.wikidata.org/wiki/Q7835
CL4RRCZM,2,0,http://www.wikidata.org/wiki/Q4537469
CL4RRCZM,2,1,http://www.wikidata.org/wiki/Q7835
CL4RRCZM,4,1,http://www.wikidata.org/wiki/Q2647333
CL4RRCZM,6,1,http://www.wikidata.org/wiki/Q7835
CL4RRCZM,4,0,http://www.wikidata.org/wiki/Q4537455
CL4RRCZM,1,1,http://www.wikidata.org/wiki/Q22571
CL4RRCZM,5,0,http://www.wikidata.org/wiki/Q2212592
CL4RRCZM,3,1,http://www.wikidata.org/wiki/Q7835
CL4RRCZM,3,0,http://www.wikidata.org/wiki/Q2212592
CL4RRCZM,5,1,http://www.wikidata.org/wiki/Q7835
CL4RRCZM,7,0,http://www.wikidata.org/wiki/Q4537455
CL4RRCZM,6,0,http://www.wikidata.org/wiki/Q4537469
CL4RRCZM,1,0,http://www.wikidata.org/wiki/Q15503298
M15FLK65,4,3,http://www.wikidata.org/wiki/Q595480
M15FLK65,6,0,http://www.wikidata.org/wiki/Q37828
M15FLK65,2,3,http://www.wikidata.org/wiki/Q200891
M15FLK65,4,0,http://www.wikidata.org/wiki/Q997421
M15FLK65,1,0,http://www.wikidata.org/wiki/Q760224
M15FLK65,5,0,http://www.wikidata.org/wiki/Q3325111
M15FLK65,6,3,http://www.wikidata.org/wiki/Q121569
M15FLK65,2,0,http://www.wikidata.org/wiki/Q997421
M15FLK65,3,3,http://www.wikidata.org/wiki/Q200891
M15FLK65,3,0,http://www.wikidata.org/wiki/Q29406959
M15FLK65,7,0,http://www.wikidata.org/wiki/Q3312
M15FLK65,5,3,http://www.wikidata.org/wiki/Q33123282
M15FLK65,1,3,http://www.wikidata.org/wiki/Q216363
LDVOUD4V,4,0,http://www.wikidata.org/wiki/Q1236021
LDVOUD4V,6,0,http://www.wikidata.org/wiki/Q20856087
LDVOUD4V,1,0,http://www.wikidata.org/wiki/Q50390
LDVOUD4V,1,1,http://www.wikidata.org/wiki/Q16177594
LDVOUD4V,5,1,http://www.wikidata.org/wiki/Q29457570
LDVOUD4V,6,1,http://www.wikidata.org/wiki/Q2625563
LDVOUD4V,5,0,http://www.wikidata.org/wiki/Q14763130
LDVOUD4V,3,1,http://www.wikidata.org/wiki/Q12607161
LDVOUD4V,3,0,http://www.wikidata.org/wiki/Q1241568
LDVOUD4V,2,0,http://www.wikidata.org/wiki/Q50402
LDVOUD4V,4,1,http://www.wikidata.org/wiki/Q12597430
LDVOUD4V,2,1,http://www.wikidata.org/wiki/Q16176996
K3KALO5Q,2,0,http://www.wikidata.org/wiki/Q6194458
K3KALO5Q,1,0,http://www.wikidata.org/wiki/Q4820851
K3KALO5Q,2,1,http://www.wikidata.org/wiki/Q21261062
K3KALO5Q,3,1,http://www.wikidata.org/wiki/Q22017476
K3KALO5Q,4,0,http://www.wikidata.org/wiki/Q6194458
K3KALO5Q,4,1,http://www.wikidata.org/wiki/Q21261062
K3KALO5Q,3,0,http://www.wikidata.org/wiki/Q4820850
K3KALO5Q,3,3,http://www.wikidata.org/wiki/Q2472136
K3KALO5Q,2,3,http://www.wikidata.org/wiki/Q2472136
K3KALO5Q,1,3,http://www.wikidata.org/wiki/Q11331506
K3KALO5Q,4,3,http://www.wikidata.org/wiki/Q74686
K3KALO5Q,1,1,http://www.wikidata.org/wiki/Q764812
YPEEQ7HG,3,0,http://www.wikidata.org/wiki/Q27621
YPEEQ7HG,5,0,http://www.wikidata.org/wiki/Q12490606
YPEEQ7HG,1,0,http://www.wikidata.org/wiki/Q865528
YPEEQ7HG,2,0,http://www.wikidata.org/wiki/Q1342013
YPEEQ7HG,6,0,http://www.wikidata.org/wiki/Q117320655
YPEEQ7HG,4,0,http://www.wikidata.org/wiki/Q74433295
3YEC2FAR,2,0,http://www.wikidata.org/wiki/Q22921870
3YEC2FAR,2,1,http://www.wikidata.org/wiki/Q3451594
3YEC2FAR,1,1,http://www.wikidata.org/wiki/Q1496833
3YEC2FAR,1,0,http://www.wikidata.org/wiki/Q22924437
3YEC2FAR,1,2,http://www.wikidata.org/wiki/Q238723
3YEC2FAR,2,2,http://www.wikidata.org/wiki/Q230127
HE9NKR1Z,5,0,http://www.wikidata.org/wiki/Q2887395
HE9NKR1Z,6,0,http://www.wikidata.org/wiki/Q65273691
HE9NKR1Z,8,0,http://www.wikidata.org/wiki/Q65273450
HE9NKR1Z,3,0,http://www.wikidata.org/wiki/Q28380728
HE9NKR1Z,10,0,http://www.wikidata.org/wiki/Q65273976
HE9NKR1Z,7,0,http://www.wikidata.org/wiki/Q65273976
HE9NKR1Z,9,0,http://www.wikidata.org/wiki/Q65273691
HE9NKR1Z,2,0,http://www.wikidata.org/wiki/Q955468
HE9NKR1Z,1,0,http://www.wikidata.org/wiki/Q955588
HE9NKR1Z,4,0,http://www.wikidata.org/wiki/Q2887395
DUGQ4GMB,2,1,http://www.wikidata.org/wiki/Q2660217
DUGQ4GMB,1,0,http://www.wikidata.org/wiki/Q1549701
DUGQ4GMB,3,0,http://www.wikidata.org/wiki/Q27911999
DUGQ4GMB,1,2,http://www.wikidata.org/wiki/Q31
DUGQ4GMB,2,0,http://www.wikidata.org/wiki/Q27913105
DUGQ4GMB,2,2,http://www.wikidata.org/wiki/Q31
DUGQ4GMB,1,1,http://www.wikidata.org/wiki/Q13512176
DUGQ4GMB,4,0,http://www.wikidata.org/wiki/Q27911996
DUGQ4GMB,3,2,http://www.wikidata.org/wiki/Q31
DUGQ4GMB,3,1,http://www.wikidata.org/wiki/Q27911966
9PR3YGUV,2,0,http://www.wikidata.org/wiki/Q18286791
9PR3YGUV,3,2,http://www.wikidata.org/wiki/Q22214125
9PR3YGUV,1,1,http://www.wikidata.org/wiki/Q27569
9PR3YGUV,3,0,http://www.wikidata.org/wiki/Q31596742
9PR3YGUV,4,2,http://www.wikidata.org/wiki/Q22214125
9PR3YGUV,1,2,http://www.wikidata.org/wiki/Q210527
9PR3YGUV,1,0,http://www.wikidata.org/wiki/Q16497003
9PR3YGUV,2,1,http://www.wikidata.org/wiki/Q228685
9PR3YGUV,4,0,http://www.wikidata.org/wiki/Q29409183
9PR3YGUV,4,1,http://www.wikidata.org/wiki/Q228685
9PR3YGUV,3,1,http://www.wikidata.org/wiki/Q228685
9PR3YGUV,2,2,http://www.wikidata.org/wiki/Q22214125
P6E3X5U7,3,2,http://www.wikidata.org/wiki/Q83405
P6E3X5U7,1,1,http://www.wikidata.org/wiki/Q28
P6E3X5U7,2,0,http://www.wikidata.org/wiki/Q26658
P6E3X5U7,1,2,http://www.wikidata.org/wiki/Q514540
P6E3X5U7,1,0,http://www.wikidata.org/wiki/Q10937429
P6E3X5U7,3,0,http://www.wikidata.org/wiki/Q26668561
P6E3X5U7,3,1,http://www.wikidata.org/wiki/Q36
P6E3X5U7,2,2,http://www.wikidata.org/wiki/Q380342
P6E3X5U7,2,1,http://www.wikidata.org/wiki/Q36
P2Z7CWK3,12,0,http://www.wikidata.org/wiki/Q859338
P2Z7CWK3,11,0,http://www.wikidata.org/wiki/Q113686426
P2Z7CWK3,10,0,http://www.wikidata.org/wiki/Q112602966
P2Z7CWK3,2,0,http://www.wikidata.org/wiki/Q1510144
P2Z7CWK3,3,0,http://www.wikidata.org/wiki/Q831033
P2Z7CWK3,6,0,http://www.wikidata.org/wiki/Q29499535
P2Z7CWK3,4,0,http://www.wikidata.org/wiki/Q6616696
P2Z7CWK3,5,0,http://www.wikidata.org/wiki/Q22974707
P2Z7CWK3,1,0,http://www.wikidata.org/wiki/Q13435464
P2Z7CWK3,7,0,http://www.wikidata.org/wiki/Q26599396
P2Z7CWK3,9,0,http://www.wikidata.org/wiki/Q11064500
P2Z7CWK3,8,0,http://www.wikidata.org/wiki/Q5676680
WA4B6GJJ,2,0,http://www.wikidata.org/wiki/Q11765106
WA4B6GJJ,8,0,http://www.wikidata.org/wiki/Q9165
WA4B6GJJ,7,0,http://www.wikidata.org/wiki/Q487315
WA4B6GJJ,10,0,http://www.wikidata.org/wiki/Q5673292
WA4B6GJJ,3,0,http://www.wikidata.org/wiki/Q1863697
WA4B6GJJ,6,0,http://www.wikidata.org/wiki/Q6540686
WA4B6GJJ,9,0,http://www.wikidata.org/wiki/Q529819
WA4B6GJJ,5,0,http://www.wikidata.org/wiki/Q6905368
WA4B6GJJ,4,0,http://www.wikidata.org/wiki/Q8481810
WA4B6GJJ,1,0,http://www.wikidata.org/wiki/Q16573683
4LYBRNO2,1,0,http://www.wikidata.org/wiki/Q66315876
4LYBRNO2,1,2,http://www.wikidata.org/wiki/Q5676680
4LYBRNO2,2,0,http://www.wikidata.org/wiki/Q10300106
4LYBRNO2,2,2,http://www.wikidata.org/wiki/Q5676
6CHB7KNG,1,2,http://www.wikidata.org/wiki/Q37801
6CHB7KNG,5,2,http://www.wikidata.org/wiki/Q3813
6CHB7KNG,5,0,http://www.wikidata.org/wiki/Q49305350
6CHB7KNG,7,0,http://www.wikidata.org/wiki/Q177323
6CHB7KNG,4,0,http://www.wikidata.org/wiki/Q6771561
6CHB7KNG,7,2,http://www.wikidata.org/wiki/Q496341
6CHB7KNG,3,0,http://www.wikidata.org/wiki/Q17123210
6CHB7KNG,1,0,http://www.wikidata.org/wiki/Q4083354
6CHB7KNG,3,2,http://www.wikidata.org/wiki/Q3813
6CHB7KNG,2,2,http://www.wikidata.org/wiki/Q3813
6CHB7KNG,6,2,http://www.wikidata.org/wiki/Q782989
6CHB7KNG,4,2,http://www.wikidata.org/wiki/Q3813
6CHB7KNG,6,0,http://www.wikidata.org/wiki/Q184053
6CHB7KNG,2,0,http://www.wikidata.org/wiki/Q3552594
FMOD7W6Z,5,0,http://www.wikidata.org/wiki/Q19918717
FMOD7W6Z,1,0,http://www.wikidata.org/wiki/Q29876740
FMOD7W6Z,1,2,http://www.wikidata.org/wiki/Q41177
FMOD7W6Z,3,2,http://www.wikidata.org/wiki/Q289773
FMOD7W6Z,1,1,http://www.wikidata.org/wiki/Q406850
FMOD7W6Z,2,1,http://www.wikidata.org/wiki/Q314049
FMOD7W6Z,4,1,http://www.wikidata.org/wiki/Q1019545
FMOD7W6Z,4,2,http://www.wikidata.org/wiki/Q22657
FMOD7W6Z,5,1,http://www.wikidata.org/wiki/Q314049
FMOD7W6Z,3,0,http://www.wikidata.org/wiki/Q1926410
FMOD7W6Z,2,0,http://www.wikidata.org/wiki/Q450812
FMOD7W6Z,3,1,http://www.wikidata.org/wiki/Q314049
FMOD7W6Z,4,0,http://www.wikidata.org/wiki/Q41177
FMOD7W6Z,2,2,http://www.wikidata.org/wiki/Q22657
318QG7T5,5,0,http://www.wikidata.org/wiki/Q3364585
318QG7T5,4,0,http://www.wikidata.org/wiki/Q3895673
318QG7T5,3,0,http://www.wikidata.org/wiki/Q3892927
318QG7T5,1,0,http://www.wikidata.org/wiki/Q773807
318QG7T5,2,0,http://www.wikidata.org/wiki/Q765172
6SUBCSC3,3,0,http://www.wikidata.org/wiki/Q23831973
6SUBCSC3,3,1,http://www.wikidata.org/wiki/Q666063
6SUBCSC3,2,2,http://www.wikidata.org/wiki/Q23826611
6SUBCSC3,2,0,http://www.wikidata.org/wiki/Q23831990
6SUBCSC3,4,1,http://www.wikidata.org/wiki/Q666063
6SUBCSC3,1,0,http://www.wikidata.org/wiki/Q23831994
6SUBCSC3,4,0,http://www.wikidata.org/wiki/Q23831985
6SUBCSC3,1,1,http://www.wikidata.org/wiki/Q666063
6SUBCSC3,2,1,http://www.wikidata.org/wiki/Q666063
6SUBCSC3,1,2,http://www.wikidata.org/wiki/Q23826611
6SUBCSC3,3,2,http://www.wikidata.org/wiki/Q23826225
4XX2QGMF,1,1,http://www.wikidata.org/wiki/Q10858152
4XX2QGMF,2,1,http://www.wikidata.org/wiki/Q10858152
4XX2QGMF,3,1,http://www.wikidata.org/wiki/Q10858152
4XX2QGMF,2,2,http://www.wikidata.org/wiki/Q167199
4XX2QGMF,3,0,http://www.wikidata.org/wiki/Q2222842
4XX2QGMF,1,3,http://www.wikidata.org/wiki/Q14565199
4XX2QGMF,3,2,http://www.wikidata.org/wiki/Q167199
4XX2QGMF,1,0,http://www.wikidata.org/wiki/Q2495364
4XX2QGMF,2,0,http://www.wikidata.org/wiki/Q2359645
4XX2QGMF,3,3,http://www.wikidata.org/wiki/Q1456519
4XX2QGMF,2,3,http://www.wikidata.org/wiki/Q14565199
4XX2QGMF,1,2,http://www.wikidata.org/wiki/Q167199
IKS3CSHP,1,2,http://www.wikidata.org/wiki/Q930
IKS3CSHP,3,1,http://www.wikidata.org/wiki/Q427501
IKS3CSHP,2,0,http://www.wikidata.org/wiki/Q5159315
IKS3CSHP,3,2,http://www.wikidata.org/wiki/Q4289938
IKS3CSHP,1,0,http://www.wikidata.org/wiki/Q4165336
IKS3CSHP,3,0,http://www.wikidata.org/wiki/Q491264
IKS3CSHP,1,1,http://www.wikidata.org/wiki/Q4240727
IKS3CSHP,2,1,http://www.wikidata.org/wiki/Q3459108
IKS3CSHP,2,2,http://www.wikidata.org/wiki/Q425752
1KARO1J6,5,1,http://www.wikidata.org/wiki/Q32927975
1KARO1J6,1,0,http://www.wikidata.org/wiki/Q61755680
1KARO1J6,4,0,http://www.wikidata.org/wiki/Q54913725
1KARO1J6,1,1,http://www.wikidata.org/wiki/Q287
1KARO1J6,2,1,http://www.wikidata.org/wiki/Q287
1KARO1J6,5,0,http://www.wikidata.org/wiki/Q10876306
1KARO1J6,6,0,http://www.wikidata.org/wiki/Q79309889
1KARO1J6,3,1,http://www.wikidata.org/wiki/Q287
1KARO1J6,4,1,http://www.wikidata.org/wiki/Q32927975
1KARO1J6,3,0,http://www.wikidata.org/wiki/Q667999
1KARO1J6,2,0,http://www.wikidata.org/wiki/Q61755681
ER6EF975,2,1,http://www.wikidata.org/wiki/Q332564
ER6EF975,2,2,http://www.wikidata.org/wiki/Q184781
ER6EF975,1,0,http://www.wikidata.org/wiki/Q72106665
ER6EF975,2,0,http://www.wikidata.org/wiki/Q72092381
ER6EF975,1,2,http://www.wikidata.org/wiki/Q184781
ER6EF975,1,1,http://www.wikidata.org/wiki/Q332564
J943VHWU,2,0,http://www.wikidata.org/wiki/Q240673
J943VHWU,4,0,http://www.wikidata.org/wiki/Q105429923
J943VHWU,3,1,http://www.wikidata.org/wiki/Q2383321
J943VHWU,3,2,http://www.wikidata.org/wiki/Q14085739
J943VHWU,4,2,http://www.wikidata.org/wiki/Q242690
J943VHWU,2,2,http://www.wikidata.org/wiki/Q159810
J943VHWU,4,1,http://www.wikidata.org/wiki/Q899301
J943VHWU,5,0,http://www.wikidata.org/wiki/Q104906857
J943VHWU,1,0,http://www.wikidata.org/wiki/Q332201
J943VHWU,3,0,http://www.wikidata.org/wiki/Q1024175
J943VHWU,2,1,http://www.wikidata.org/wiki/Q777948
J943VHWU,1,1,http://www.wikidata.org/wiki/Q569473
J943VHWU,1,2,http://www.wikidata.org/wiki/Q192520
J943VHWU,5,1,http://www.wikidata.org/wiki/Q18914
SEG1KVPX,10,0,http://www.wikidata.org/wiki/Q2601432
SEG1KVPX,8,0,http://www.wikidata.org/wiki/Q2985378
SEG1KVPX,11,0,http://www.wikidata.org/wiki/Q25586
SEG1KVPX,3,0,http://www.wikidata.org/wiki/Q4192373
SEG1KVPX,2,0,http://www.wikidata.org/wiki/Q1170773
SEG1KVPX,5,0,http://www.wikidata.org/wiki/Q26599396
SEG1KVPX,12,0,http://www.wikidata.org/wiki/Q1151151
SEG1KVPX,1,0,http://www.wikidata.org/wiki/Q179842
SEG1KVPX,9,0,http://www.wikidata.org/wiki/Q29499535
SEG1KVPX,7,0,http://www.wikidata.org/wiki/Q26599396
SEG1KVPX,6,0,http://www.wikidata.org/wiki/Q25586
SEG1KVPX,4,0,http://www.wikidata.org/wiki/Q2601432
AS0KOTAB,1,0,http://www.wikidata.org/wiki/Q240495
AS0KOTAB,1,1,http://www.wikidata.org/wiki/Q236419
AS0KOTAB,7,0,http://www.wikidata.org/wiki/Q52160908
AS0KOTAB,3,1,http://www.wikidata.org/wiki/Q236419
AS0KOTAB,5,0,http://www.wikidata.org/wiki/Q6141590
AS0KOTAB,6,0,http://www.wikidata.org/wiki/Q1884773
AS0KOTAB,2,1,http://www.wikidata.org/wiki/Q236419
AS0KOTAB,6,1,http://www.wikidata.org/wiki/Q85314457
AS0KOTAB,3,0,http://www.wikidata.org/wiki/Q188597
AS0KOTAB,2,0,http://www.wikidata.org/wiki/Q233588
AS0KOTAB,5,1,http://www.wikidata.org/wiki/Q1884773
AS0KOTAB,4,0,http://www.wikidata.org/wiki/Q867854
AS0KOTAB,4,1,http://www.wikidata.org/wiki/Q856772
MSAUL13G,1,1,http://www.wikidata.org/wiki/Q210176
MSAUL13G,2,0,http://www.wikidata.org/wiki/Q3042287
MSAUL13G,3,2,http://www.wikidata.org/wiki/Q169159
MSAUL13G,3,1,http://www.wikidata.org/wiki/Q649278
MSAUL13G,1,2,http://www.wikidata.org/wiki/Q293208
MSAUL13G,3,0,http://www.wikidata.org/wiki/Q5170652
MSAUL13G,4,0,http://www.wikidata.org/wiki/Q12294158
MSAUL13G,4,2,http://www.wikidata.org/wiki/Q1633145
MSAUL13G,4,1,http://www.wikidata.org/wiki/Q210176
MSAUL13G,2,2,http://www.wikidata.org/wiki/Q649278
MSAUL13G,1,0,http://www.wikidata.org/wiki/Q6627746
MSAUL13G,2,1,http://www.wikidata.org/wiki/Q103011
K6CLZ9D6,6,0,http://www.wikidata.org/wiki/Q19952050
K6CLZ9D6,3,0,http://www.wikidata.org/wiki/Q18883196
K6CLZ9D6,5,0,http://www.wikidata.org/wiki/Q19951771
K6CLZ9D6,4,0,http://www.wikidata.org/wiki/Q20659562
K6CLZ9D6,8,0,http://www.wikidata.org/wiki/Q20462389
K6CLZ9D6,7,0,http://www.wikidata.org/wiki/Q20427740
K6CLZ9D6,1,0,http://www.wikidata.org/wiki/Q2856395
K6CLZ9D6,2,0,http://www.wikidata.org/wiki/Q2785287
1ML3O2HW,2,0,http://www.wikidata.org/wiki/Q2639061
1ML3O2HW,8,0,http://www.wikidata.org/wiki/Q20718351
1ML3O2HW,7,0,http://www.wikidata.org/wiki/Q113686426
1ML3O2HW,3,0,http://www.wikidata.org/wiki/Q5676680
1ML3O2HW,4,0,http://www.wikidata.org/wiki/Q25999221
1ML3O2HW,6,0,http://www.wikidata.org/wiki/Q112602966
1ML3O2HW,1,0,http://www.wikidata.org/wiki/Q2646578
1ML3O2HW,5,0,http://www.wikidata.org/wiki/Q26405419
DTWXFF5G,3,2,http://www.wikidata.org/wiki/Q638
DTWXFF5G,3,1,http://www.wikidata.org/wiki/Q20658380
DTWXFF5G,2,2,http://www.wikidata.org/wiki/Q638
DTWXFF5G,1,0,http://www.wikidata.org/wiki/Q647462
DTWXFF5G,4,1,http://www.wikidata.org/wiki/Q2746361
DTWXFF5G,2,0,http://www.wikidata.org/wiki/Q274768
DTWXFF5G,4,2,http://www.wikidata.org/wiki/Q638
DTWXFF5G,5,1,http://www.wikidata.org/wiki/Q20658380
DTWXFF5G,1,2,http://www.wikidata.org/wiki/Q1179112
DTWXFF5G,3,0,http://www.wikidata.org/wiki/Q6941626
DTWXFF5G,4,0,http://www.wikidata.org/wiki/Q48855967
DTWXFF5G,1,1,http://www.wikidata.org/wiki/Q48204
DTWXFF5G,2,1,http://www.wikidata.org/wiki/Q1825483
DTWXFF5G,5,0,http://www.wikidata.org/wiki/Q10386169
DUL1TGK0,2,1,http://www.wikidata.org/wiki/Q431474
DUL1TGK0,1,2,http://www.wikidata.org/wiki/Q3775233
DUL1TGK0,2,0,http://www.wikidata.org/wiki/Q3775233
DUL1TGK0,1,0,http://www.wikidata.org/wiki/Q3775232
DUL1TGK0,2,2,http://www.wikidata.org/wiki/Q3775230
DUL1TGK0,1,1,http://www.wikidata.org/wiki/Q362051
E1KCVXI2,4,1,http://www.wikidata.org/wiki/Q743
E1KCVXI2,7,0,http://www.wikidata.org/wiki/Q47457235
E1KCVXI2,1,0,http://www.wikidata.org/wiki/Q47457238
E1KCVXI2,3,1,http://www.wikidata.org/wiki/Q743
E1KCVXI2,6,0,http://www.wikidata.org/wiki/Q47457238
E1KCVXI2,2,0,http://www.wikidata.org/wiki/Q47457235
E1KCVXI2,5,0,http://www.wikidata.org/wiki/Q418962
E1KCVXI2,3,0,http://www.wikidata.org/wiki/Q418962
E1KCVXI2,5,1,http://www.wikidata.org/wiki/Q743
E1KCVXI2,1,1,http://www.wikidata.org/wiki/Q743
E1KCVXI2,2,1,http://www.wikidata.org/wiki/Q743
E1KCVXI2,6,1,http://www.wikidata.org/wiki/Q743
E1KCVXI2,4,0,http://www.wikidata.org/wiki/Q47457235
KJ6TN53Y,2,1,http://www.wikidata.org/wiki/Q191
KJ6TN53Y,5,0,http://www.wikidata.org/wiki/Q43281154
KJ6TN53Y,3,1,http://www.wikidata.org/wiki/Q1650922
KJ6TN53Y,4,1,http://www.wikidata.org/wiki/Q1650922
KJ6TN53Y,2,0,http://www.wikidata.org/wiki/Q15092085
KJ6TN53Y,1,1,http://www.wikidata.org/wiki/Q191
KJ6TN53Y,4,0,http://www.wikidata.org/wiki/Q321774
KJ6TN53Y,4,2,http://www.wikidata.org/wiki/Q670501
KJ6TN53Y,1,0,http://www.wikidata.org/wiki/Q44922710
KJ6TN53Y,4,3,http://www.wikidata.org/wiki/Q68644483
KJ6TN53Y,3,0,http://www.wikidata.org/wiki/Q43281154
MMUFSDOE,2,1,http://www.wikidata.org/wiki/Q2453601
MMUFSDOE,3,2,http://www.wikidata.org/wiki/Q60775897
MMUFSDOE,3,3,http://www.wikidata.org/wiki/Q756538
MMUFSDOE,1,0,http://www.wikidata.org/wiki/Q1783215
MMUFSDOE,2,3,http://www.wikidata.org/wiki/Q756538
MMUFSDOE,2,2,http://www.wikidata.org/wiki/Q6161235
MMUFSDOE,1,2,http://www.wikidata.org/wiki/Q7160389
MMUFSDOE,4,0,http://www.wikidata.org/wiki/Q11978503
MMUFSDOE,3,0,http://www.wikidata.org/wiki/Q5371609
MMUFSDOE,1,3,http://www.wikidata.org/wiki/Q15731038
MMUFSDOE,2,0,http://www.wikidata.org/wiki/Q3570
MMUFSDOE,1,1,http://www.wikidata.org/wiki/Q5153500
MMUFSDOE,3,1,http://www.wikidata.org/wiki/Q216125
4AN49FNZ,5,0,http://www.wikidata.org/wiki/Q714559
4AN49FNZ,3,0,http://www.wikidata.org/wiki/Q1053166
4AN49FNZ,6,0,http://www.wikidata.org/wiki/Q105429923
4AN49FNZ,11,0,http://www.wikidata.org/wiki/Q22127687
4AN49FNZ,4,0,http://www.wikidata.org/wiki/Q38607
4AN49FNZ,9,0,http://www.wikidata.org/wiki/Q4573463
4AN49FNZ,1,0,http://www.wikidata.org/wiki/Q858016
4AN49FNZ,8,0,http://www.wikidata.org/wiki/Q11666959
4AN49FNZ,10,0,http://www.wikidata.org/wiki/Q108044636
4AN49FNZ,7,0,http://www.wikidata.org/wiki/Q16291232
4AN49FNZ,2,0,http://www.wikidata.org/wiki/Q858008
156A1QVJ,5,0,http://www.wikidata.org/wiki/Q69482593
156A1QVJ,6,0,http://www.wikidata.org/wiki/Q2494
156A1QVJ,4,0,http://www.wikidata.org/wiki/Q69777247
156A1QVJ,1,0,http://www.wikidata.org/wiki/Q3125978
156A1QVJ,7,0,http://www.wikidata.org/wiki/Q20858186
156A1QVJ,2,0,http://www.wikidata.org/wiki/Q3845
156A1QVJ,3,0,http://www.wikidata.org/wiki/Q5096
QKFFK7N3,4,0,http://www.wikidata.org/wiki/Q1352690
QKFFK7N3,3,0,http://www.wikidata.org/wiki/Q1034470
QKFFK7N3,5,0,http://www.wikidata.org/wiki/Q12748391
QKFFK7N3,6,0,http://www.wikidata.org/wiki/Q104029119
QKFFK7N3,2,0,http://www.wikidata.org/wiki/Q1272235
QKFFK7N3,8,0,http://www.wikidata.org/wiki/Q1127305
QKFFK7N3,10,0,http://www.wikidata.org/wiki/Q641498
QKFFK7N3,11,0,http://www.wikidata.org/wiki/Q1034470
QKFFK7N3,12,0,http://www.wikidata.org/wiki/Q1272235
QKFFK7N3,9,0,http://www.wikidata.org/wiki/Q6720
QKFFK7N3,7,0,http://www.wikidata.org/wiki/Q11185388
QKFFK7N3,1,0,http://www.wikidata.org/wiki/Q17591259
IRQ8C5CZ,2,0,http://www.wikidata.org/wiki/Q1018561
IRQ8C5CZ,12,0,http://www.wikidata.org/wiki/Q1
IRQ8C5CZ,11,0,http://www.wikidata.org/wiki/Q1859765
IRQ8C5CZ,5,0,http://www.wikidata.org/wiki/Q20538066
IRQ8C5CZ,7,0,http://www.wikidata.org/wiki/Q22769429
IRQ8C5CZ,8,0,http://www.wikidata.org/wiki/Q2768248
IRQ8C5CZ,6,0,http://www.wikidata.org/wiki/Q2768248
IRQ8C5CZ,10,0,http://www.wikidata.org/wiki/Q108966
IRQ8C5CZ,9,0,http://www.wikidata.org/wiki/Q1873437
IRQ8C5CZ,4,0,http://www.wikidata.org/wiki/Q20538066
IRQ8C5CZ,3,0,http://www.wikidata.org/wiki/Q9357229
IRQ8C5CZ,1,0,http://www.wikidata.org/wiki/Q2116805
5N2U0EIL,2,0,http://www.wikidata.org/wiki/Q729513
5N2U0EIL,2,1,http://www.wikidata.org/wiki/Q29
5N2U0EIL,1,0,http://www.wikidata.org/wiki/Q31391
5N2U0EIL,2,2,http://www.wikidata.org/wiki/Q615
5N2U0EIL,1,2,http://www.wikidata.org/wiki/Q17717
5N2U0EIL,3,0,http://www.wikidata.org/wiki/Q11098170
5N2U0EIL,1,1,http://www.wikidata.org/wiki/Q30
4KBCVMZS,7,0,http://www.wikidata.org/wiki/Q14394
4KBCVMZS,2,0,http://www.wikidata.org/wiki/Q2980984
4KBCVMZS,5,0,http://www.wikidata.org/wiki/Q14276
4KBCVMZS,4,0,http://www.wikidata.org/wiki/Q16278243
4KBCVMZS,1,0,http://www.wikidata.org/wiki/Q4546523
4KBCVMZS,3,0,http://www.wikidata.org/wiki/Q2742610
4KBCVMZS,6,0,http://www.wikidata.org/wiki/Q2742610
4KBCVMZS,9,0,http://www.wikidata.org/wiki/Q13149708
4KBCVMZS,8,0,http://www.wikidata.org/wiki/Q1648147
CY1UXB09,8,0,http://www.wikidata.org/wiki/Q2844476
CY1UXB09,1,0,http://www.wikidata.org/wiki/Q711613
CY1UXB09,4,0,http://www.wikidata.org/wiki/Q12561
CY1UXB09,6,0,http://www.wikidata.org/wiki/Q1821239
CY1UXB09,10,0,http://www.wikidata.org/wiki/Q11313284
CY1UXB09,2,0,http://www.wikidata.org/wiki/Q711574
CY1UXB09,9,0,http://www.wikidata.org/wiki/Q11419237
CY1UXB09,7,0,http://www.wikidata.org/wiki/Q1819556
CY1UXB09,3,0,http://www.wikidata.org/wiki/Q1483294
CY1UXB09,5,0,http://www.wikidata.org/wiki/Q12356197
RC6B0WMT,1,2,http://www.wikidata.org/wiki/Q215168
RC6B0WMT,4,2,http://www.wikidata.org/wiki/Q104319
RC6B0WMT,5,0,http://www.wikidata.org/wiki/Q57500464
RC6B0WMT,2,2,http://www.wikidata.org/wiki/Q178169
RC6B0WMT,3,2,http://www.wikidata.org/wiki/Q1192203
RC6B0WMT,4,0,http://www.wikidata.org/wiki/Q56312303
RC6B0WMT,2,0,http://www.wikidata.org/wiki/Q17015253
RC6B0WMT,1,0,http://www.wikidata.org/wiki/Q20035274
RC6B0WMT,5,2,http://www.wikidata.org/wiki/Q17748309
RC6B0WMT,3,0,http://www.wikidata.org/wiki/Q3586083
WNP2HXU0,2,1,http://www.wikidata.org/wiki/Q355516
WNP2HXU0,2,4,http://www.wikidata.org/wiki/Q21651637
WNP2HXU0,3,1,http://www.wikidata.org/wiki/Q355516
WNP2HXU0,2,0,http://www.wikidata.org/wiki/Q21656258
WNP2HXU0,3,0,http://www.wikidata.org/wiki/Q23835556
WNP2HXU0,1,3,http://www.wikidata.org/wiki/Q20588841
WNP2HXU0,1,0,http://www.wikidata.org/wiki/Q21667412
WNP2HXU0,1,1,http://www.wikidata.org/wiki/Q355516
WNP2HXU0,2,2,http://www.wikidata.org/wiki/Q666063
WNP2HXU0,1,2,http://www.wikidata.org/wiki/Q666063
WNP2HXU0,2,3,http://www.wikidata.org/wiki/Q20588841
A7AFUXWG,3,2,http://www.wikidata.org/wiki/Q28989
A7AFUXWG,2,2,http://www.wikidata.org/wiki/Q28989
A7AFUXWG,3,1,http://www.wikidata.org/wiki/Q162875
A7AFUXWG,4,2,http://www.wikidata.org/wiki/Q28989
A7AFUXWG,2,1,http://www.wikidata.org/wiki/Q173387
A7AFUXWG,3,0,http://www.wikidata.org/wiki/Q110732
A7AFUXWG,1,2,http://www.wikidata.org/wiki/Q162875
A7AFUXWG,1,0,http://www.wikidata.org/wiki/Q5879759
A7AFUXWG,2,0,http://www.wikidata.org/wiki/Q1146714
A7AFUXWG,4,1,http://www.wikidata.org/wiki/Q162875
A7AFUXWG,4,0,http://www.wikidata.org/wiki/Q110163107
AQHXJRE5,1,0,http://www.wikidata.org/wiki/Q19861645
AQHXJRE5,3,0,http://www.wikidata.org/wiki/Q16671835
AQHXJRE5,5,0,http://www.wikidata.org/wiki/Q607463
AQHXJRE5,4,1,http://www.wikidata.org/wiki/Q114523855
AQHXJRE5,5,1,http://www.wikidata.org/wiki/Q913440
AQHXJRE5,4,0,http://www.wikidata.org/wiki/Q513691
AQHXJRE5,6,1,http://www.wikidata.org/wiki/Q10
AQHXJRE5,2,0,http://www.wikidata.org/wiki/Q19859305
AQHXJRE5,3,1,http://www.wikidata.org/wiki/Q114459046
AQHXJRE5,2,1,http://www.wikidata.org/wiki/Q111531598
AQHXJRE5,1,1,http://www.wikidata.org/wiki/Q117622114
WA7FR9D5,2,0,http://www.wikidata.org/wiki/Q3423156
WA7FR9D5,1,1,http://www.wikidata.org/wiki/Q14545608
WA7FR9D5,2,2,http://www.wikidata.org/wiki/Q3480080
WA7FR9D5,1,0,http://www.wikidata.org/wiki/Q3423157
WA7FR9D5,3,0,http://www.wikidata.org/wiki/Q3423154
WA7FR9D5,1,2,http://www.wikidata.org/wiki/Q3480080
WA7FR9D5,2,1,http://www.wikidata.org/wiki/Q14545608
WA7FR9D5,3,2,http://www.wikidata.org/wiki/Q3480080
WA7FR9D5,3,1,http://www.wikidata.org/wiki/Q14545608
89UT53IO,2,1,http://www.wikidata.org/wiki/Q7802008
89UT53IO,4,1,http://www.wikidata.org/wiki/Q56033393
89UT53IO,1,1,http://www.wikidata.org/wiki/Q3054668
89UT53IO,2,0,http://www.wikidata.org/wiki/Q3596262
89UT53IO,3,0,http://www.wikidata.org/wiki/Q59961097
89UT53IO,4,2,http://www.wikidata.org/wiki/Q1583638
89UT53IO,4,0,http://www.wikidata.org/wiki/Q56033367
89UT53IO,1,0,http://www.wikidata.org/wiki/Q3124686
89UT53IO,1,2,http://www.wikidata.org/wiki/Q335608
89UT53IO,3,2,http://www.wikidata.org/wiki/Q2625304
89UT53IO,3,1,http://www.wikidata.org/wiki/Q1548122
89UT53IO,2,2,http://www.wikidata.org/wiki/Q183048
0DST8G7Y,4,0,http://www.wikidata.org/wiki/Q731310
0DST8G7Y,3,2,http://www.wikidata.org/wiki/Q1061903
0DST8G7Y,2,0,http://www.wikidata.org/wiki/Q1022965
0DST8G7Y,4,3,http://www.wikidata.org/wiki/Q11299
0DST8G7Y,4,4,http://www.wikidata.org/wiki/Q16278249
0DST8G7Y,3,0,http://www.wikidata.org/wiki/Q2931018
0DST8G7Y,2,3,http://www.wikidata.org/wiki/Q11299
0DST8G7Y,1,2,http://www.wikidata.org/wiki/Q1061903
0DST8G7Y,2,2,http://www.wikidata.org/wiki/Q353348
0DST8G7Y,1,0,http://www.wikidata.org/wiki/Q5593640
0DST8G7Y,4,5,http://www.wikidata.org/wiki/Q1414032
0DST8G7Y,1,3,http://www.wikidata.org/wiki/Q11299
0DST8G7Y,3,3,http://www.wikidata.org/wiki/Q11299
0DST8G7Y,4,2,http://www.wikidata.org/wiki/Q16278082
0JPSM028,2,2,http://www.wikidata.org/wiki/Q39614
0JPSM028,5,2,http://www.wikidata.org/wiki/Q105429922
0JPSM028,1,2,http://www.wikidata.org/wiki/Q778806
0JPSM028,2,0,http://www.wikidata.org/wiki/Q63056
0JPSM028,6,0,http://www.wikidata.org/wiki/Q105429922
0JPSM028,4,2,http://www.wikidata.org/wiki/Q26878196
0JPSM028,4,0,http://www.wikidata.org/wiki/Q4752572
0JPSM028,5,0,http://www.wikidata.org/wiki/Q105429923
0JPSM028,3,2,http://www.wikidata.org/wiki/Q39614
0JPSM028,3,0,http://www.wikidata.org/wiki/Q6203793
0JPSM028,1,0,http://www.wikidata.org/wiki/Q1340177
UY3YZLOJ,4,0,http://www.wikidata.org/wiki/Q1341871
UY3YZLOJ,1,2,http://www.wikidata.org/wiki/Q217102
UY3YZLOJ,1,1,http://www.wikidata.org/wiki/Q1559702
UY3YZLOJ,3,1,http://www.wikidata.org/wiki/Q10562558
UY3YZLOJ,3,0,http://www.wikidata.org/wiki/Q10504371
UY3YZLOJ,2,2,http://www.wikidata.org/wiki/Q596643
UY3YZLOJ,2,3,http://www.wikidata.org/wiki/Q12760
UY3YZLOJ,3,3,http://www.wikidata.org/wiki/Q12760
UY3YZLOJ,2,1,http://www.wikidata.org/wiki/Q10562553
UY3YZLOJ,3,2,http://www.wikidata.org/wiki/Q23808424
UY3YZLOJ,2,0,http://www.wikidata.org/wiki/Q10659265
UY3YZLOJ,1,3,http://www.wikidata.org/wiki/Q617792
UY3YZLOJ,1,0,http://www.wikidata.org/wiki/Q10659252
8980WGB8,9,0,http://www.wikidata.org/wiki/Q105853
8980WGB8,5,0,http://www.wikidata.org/wiki/Q1357841
8980WGB8,4,0,http://www.wikidata.org/wiki/Q178343
8980WGB8,8,0,http://www.wikidata.org/wiki/Q10527407
8980WGB8,7,0,http://www.wikidata.org/wiki/Q1873437
8980WGB8,2,0,http://www.wikidata.org/wiki/Q246226
8980WGB8,1,0,http://www.wikidata.org/wiki/Q623196
8980WGB8,3,0,http://www.wikidata.org/wiki/Q17813859
8980WGB8,6,0,http://www.wikidata.org/wiki/Q18704184
8YADUB52,2,0,http://www.wikidata.org/wiki/Q1552859
8YADUB52,1,2,http://www.wikidata.org/wiki/Q159
8YADUB52,4,0,http://www.wikidata.org/wiki/Q20442327
8YADUB52,4,2,http://www.wikidata.org/wiki/Q159
8YADUB52,3,0,http://www.wikidata.org/wiki/Q20099634
8YADUB52,1,0,http://www.wikidata.org/wiki/Q2401302
8YADUB52,2,2,http://www.wikidata.org/wiki/Q142
8YADUB52,3,2,http://www.wikidata.org/wiki/Q142
