G3TBW4SG,1,0,http://www.wikidata.org/entity/Q10424025
G3TBW4SG,2,0,http://www.wikidata.org/entity/Q16597625
G3TBW4SG,3,0,http://www.wikidata.org/entity/Q4046550
G3TBW4SG,4,0,http://www.wikidata.org/entity/Q220992
G3TBW4SG,1,1,http://www.wikidata.org/entity/Q213710
G3TBW4SG,2,1,http://www.wikidata.org/entity/Q706013
G3TBW4SG,3,1,http://www.wikidata.org/entity/Q3415083
G3TBW4SG,4,1,http://www.wikidata.org/entity/Q208909
G3TBW4SG,1,3,http://www.wikidata.org/entity/Q145
G3TBW4SG,2,3,http://www.wikidata.org/entity/Q17
G3TBW4SG,3,3,http://www.wikidata.org/entity/Q30
G3TBW4SG,4,3,http://www.wikidata.org/entity/Q145
G3TBW4SG,1,4,http://www.wikidata.org/entity/Q10424025
G3TBW4SG,2,4,http://www.wikidata.org/entity/Q16597625
G3TBW4SG,3,4,http://www.wikidata.org/entity/Q4046550
G3TBW4SG,4,4,http://www.wikidata.org/entity/Q220992
JED7CI1T,1,0,http://www.wikidata.org/entity/Q2590555
JED7CI1T,2,0,http://www.wikidata.org/entity/Q2482609
JED7CI1T,3,0,http://www.wikidata.org/entity/Q2452074
JED7CI1T,4,0,http://www.wikidata.org/entity/Q2441755
JED7CI1T,5,0,http://www.wikidata.org/entity/Q2425431
JED7CI1T,6,0,http://www.wikidata.org/entity/Q2388815
JED7CI1T,7,0,http://www.wikidata.org/entity/Q2383397
JED7CI1T,8,0,http://www.wikidata.org/entity/Q2371875
JED7CI1T,9,0,http://www.wikidata.org/entity/Q2370863
JED7CI1T,10,0,http://www.wikidata.org/entity/Q2348266
JED7CI1T,1,1,http://www.wikidata.org/entity/Q9899
JED7CI1T,2,1,http://www.wikidata.org/entity/Q9899
JED7CI1T,3,1,http://www.wikidata.org/entity/Q892526
JED7CI1T,4,1,http://www.wikidata.org/entity/Q9899
JED7CI1T,5,1,http://www.wikidata.org/entity/Q9899
JED7CI1T,6,1,http://www.wikidata.org/entity/Q892526
JED7CI1T,7,1,http://www.wikidata.org/entity/Q9899
JED7CI1T,8,1,http://www.wikidata.org/entity/Q9899
JED7CI1T,9,1,http://www.wikidata.org/entity/Q9899
JED7CI1T,10,1,http://www.wikidata.org/entity/Q1473276
JED7CI1T,1,2,http://www.wikidata.org/entity/Q55
JED7CI1T,2,2,http://www.wikidata.org/entity/Q55
JED7CI1T,3,2,http://www.wikidata.org/entity/Q55
JED7CI1T,4,2,http://www.wikidata.org/entity/Q55
JED7CI1T,5,2,http://www.wikidata.org/entity/Q55
JED7CI1T,6,2,http://www.wikidata.org/entity/Q55
JED7CI1T,7,2,http://www.wikidata.org/entity/Q55
JED7CI1T,8,2,http://www.wikidata.org/entity/Q55
JED7CI1T,9,2,http://www.wikidata.org/entity/Q55
JED7CI1T,10,2,http://www.wikidata.org/entity/Q55
JED7CI1T,1,3,http://www.wikidata.org/entity/Q523166
JED7CI1T,2,3,http://www.wikidata.org/entity/Q523166
JED7CI1T,3,3,http://www.wikidata.org/entity/Q523166
JED7CI1T,4,3,http://www.wikidata.org/entity/Q523166
JED7CI1T,5,3,http://www.wikidata.org/entity/Q523166
JED7CI1T,6,3,http://www.wikidata.org/entity/Q523166
JED7CI1T,7,3,http://www.wikidata.org/entity/Q523166
JED7CI1T,8,3,http://www.wikidata.org/entity/Q523166
JED7CI1T,9,3,http://www.wikidata.org/entity/Q523166
JED7CI1T,10,3,http://www.wikidata.org/entity/Q523166
JED7CI1T,1,4,http://www.wikidata.org/entity/Q478282
JED7CI1T,2,4,http://www.wikidata.org/entity/Q478621
JED7CI1T,3,4,http://www.wikidata.org/entity/Q26089053
JED7CI1T,4,4,http://www.wikidata.org/entity/Q478282
JED7CI1T,5,4,http://www.wikidata.org/entity/Q478282
JED7CI1T,6,4,http://www.wikidata.org/entity/Q7476191
JED7CI1T,7,4,http://www.wikidata.org/entity/Q478282
JED7CI1T,8,4,http://www.wikidata.org/entity/Q478636
JED7CI1T,9,4,http://www.wikidata.org/entity/Q894343
JED7CI1T,10,4,http://www.wikidata.org/entity/Q23070
YWMP6AVX,0,0,http://www.wikidata.org/entity/Q218593
YWMP6AVX,1,0,http://www.wikidata.org/entity/Q1400194
YWMP6AVX,2,0,http://www.wikidata.org/entity/Q1400183
YWMP6AVX,3,0,http://www.wikidata.org/entity/Q1400181
YWMP6AVX,4,0,http://www.wikidata.org/entity/Q1400176
YWMP6AVX,5,0,http://www.wikidata.org/entity/Q1400168
YWMP6AVX,6,0,http://www.wikidata.org/entity/Q955324
YWMP6AVX,7,0,http://www.wikidata.org/entity/Q949368
YWMP6AVX,8,0,http://www.wikidata.org/entity/Q924391
YWMP6AVX,9,0,http://www.wikidata.org/entity/Q665597
YWMP6AVX,10,0,http://www.wikidata.org/entity/Q586699
YWMP6AVX,11,0,http://www.wikidata.org/entity/Q556958
YWMP6AVX,12,0,http://www.wikidata.org/entity/Q481246
YWMP6AVX,0,1,http://www.wikidata.org/entity/Q218593
YWMP6AVX,1,1,http://www.wikidata.org/entity/Q206984
YWMP6AVX,2,1,http://www.wikidata.org/entity/Q206984
YWMP6AVX,3,1,http://www.wikidata.org/entity/Q206984
YWMP6AVX,4,1,http://www.wikidata.org/entity/Q206984
YWMP6AVX,5,1,http://www.wikidata.org/entity/Q206984
YWMP6AVX,6,1,http://www.wikidata.org/entity/Q206984
YWMP6AVX,7,1,http://www.wikidata.org/entity/Q206984
YWMP6AVX,8,1,http://www.wikidata.org/entity/Q206984
YWMP6AVX,9,1,http://www.wikidata.org/entity/Q206984
YWMP6AVX,10,1,http://www.wikidata.org/entity/Q206984
YWMP6AVX,11,1,http://www.wikidata.org/entity/Q206984
YWMP6AVX,12,1,http://www.wikidata.org/entity/Q206984
YWMP6AVX,0,2,http://www.wikidata.org/entity/Q218593
YWMP6AVX,1,2,http://www.wikidata.org/entity/Q223041
YWMP6AVX,2,2,http://www.wikidata.org/entity/Q223041
YWMP6AVX,3,2,http://www.wikidata.org/entity/Q223041
YWMP6AVX,4,2,http://www.wikidata.org/entity/Q223041
YWMP6AVX,5,2,http://www.wikidata.org/entity/Q223041
YWMP6AVX,6,2,http://www.wikidata.org/entity/Q223041
YWMP6AVX,7,2,http://www.wikidata.org/entity/Q223041
YWMP6AVX,8,2,http://www.wikidata.org/entity/Q223041
YWMP6AVX,9,2,http://www.wikidata.org/entity/Q223041
YWMP6AVX,10,2,http://www.wikidata.org/entity/Q223041
YWMP6AVX,11,2,http://www.wikidata.org/entity/Q223041
YWMP6AVX,12,2,http://www.wikidata.org/entity/Q223041
YWMP6AVX,0,5,http://www.wikidata.org/entity/Q9633
YWMP6AVX,1,5,http://www.wikidata.org/entity/Q47345468
YWMP6AVX,2,5,http://www.wikidata.org/entity/Q47345468
YWMP6AVX,3,5,http://www.wikidata.org/entity/Q47345468
YWMP6AVX,4,5,http://www.wikidata.org/entity/Q47345468
YWMP6AVX,5,5,http://www.wikidata.org/entity/Q47345468
YWMP6AVX,6,5,http://www.wikidata.org/entity/Q47345468
YWMP6AVX,7,5,http://www.wikidata.org/entity/Q47345468
YWMP6AVX,8,5,http://www.wikidata.org/entity/Q47345468
YWMP6AVX,9,5,http://www.wikidata.org/entity/Q47345468
YWMP6AVX,10,5,http://www.wikidata.org/entity/Q47345468
YWMP6AVX,11,5,http://www.wikidata.org/entity/Q47345468
YWMP6AVX,12,5,http://www.wikidata.org/entity/Q47345468
YWMP6AVX,0,6,http://www.wikidata.org/entity/Q218593
YWMP6AVX,1,6,http://www.wikidata.org/entity/Q920057
YWMP6AVX,2,6,http://www.wikidata.org/entity/Q920057
YWMP6AVX,3,6,http://www.wikidata.org/entity/Q920057
YWMP6AVX,4,6,http://www.wikidata.org/entity/Q920057
YWMP6AVX,5,6,http://www.wikidata.org/entity/Q920057
YWMP6AVX,6,6,http://www.wikidata.org/entity/Q920057
YWMP6AVX,7,6,http://www.wikidata.org/entity/Q920057
YWMP6AVX,8,6,http://www.wikidata.org/entity/Q920057
YWMP6AVX,9,6,http://www.wikidata.org/entity/Q920057
YWMP6AVX,10,6,http://www.wikidata.org/entity/Q920057
YWMP6AVX,11,6,http://www.wikidata.org/entity/Q920057
YWMP6AVX,12,6,http://www.wikidata.org/entity/Q920057
YWMP6AVX,0,7,http://www.wikidata.org/entity/Q220543
YWMP6AVX,1,7,http://www.wikidata.org/entity/Q847
YWMP6AVX,2,7,http://www.wikidata.org/entity/Q847
YWMP6AVX,3,7,http://www.wikidata.org/entity/Q847
YWMP6AVX,4,7,http://www.wikidata.org/entity/Q847
YWMP6AVX,5,7,http://www.wikidata.org/entity/Q847
YWMP6AVX,6,7,http://www.wikidata.org/entity/Q847
YWMP6AVX,7,7,http://www.wikidata.org/entity/Q847
YWMP6AVX,8,7,http://www.wikidata.org/entity/Q847
YWMP6AVX,9,7,http://www.wikidata.org/entity/Q847
YWMP6AVX,10,7,http://www.wikidata.org/entity/Q847
YWMP6AVX,11,7,http://www.wikidata.org/entity/Q847
YWMP6AVX,12,7,http://www.wikidata.org/entity/Q847
9RYNL1HG,0,0,http://www.wikidata.org/entity/Q218593
9RYNL1HG,1,0,http://www.wikidata.org/entity/Q20011874
9RYNL1HG,2,0,http://www.wikidata.org/entity/Q20011868
9RYNL1HG,3,0,http://www.wikidata.org/entity/Q20011874
9RYNL1HG,4,0,http://www.wikidata.org/entity/Q20011868
9RYNL1HG,0,1,http://www.wikidata.org/entity/Q218593
9RYNL1HG,1,1,http://www.wikidata.org/entity/Q3609
9RYNL1HG,2,1,http://www.wikidata.org/entity/Q3609
9RYNL1HG,3,1,http://www.wikidata.org/entity/Q3609
9RYNL1HG,4,1,http://www.wikidata.org/entity/Q3609
9RYNL1HG,0,2,http://www.wikidata.org/entity/Q14877683
9RYNL1HG,1,2,http://www.wikidata.org/entity/Q21074090
9RYNL1HG,2,2,http://www.wikidata.org/entity/Q19647724
9RYNL1HG,3,2,http://www.wikidata.org/entity/Q21074090
9RYNL1HG,4,2,http://www.wikidata.org/entity/Q18399822
9RYNL1HG,0,3,http://www.wikidata.org/entity/Q218593
9RYNL1HG,1,3,http://www.wikidata.org/entity/Q220998
9RYNL1HG,2,3,http://www.wikidata.org/entity/Q1381669
9RYNL1HG,3,3,http://www.wikidata.org/entity/Q220998
9RYNL1HG,4,3,http://www.wikidata.org/entity/Q679228
S05CLEDI,1,0,http://www.wikidata.org/entity/Q218593
S05CLEDI,2,0,http://www.wikidata.org/entity/Q218593
S05CLEDI,3,0,http://www.wikidata.org/entity/Q218593
S05CLEDI,4,0,http://www.wikidata.org/entity/Q218593
S05CLEDI,1,1,http://www.wikidata.org/entity/Q11180699
S05CLEDI,2,1,http://www.wikidata.org/entity/Q1072282
S05CLEDI,3,1,http://www.wikidata.org/entity/Q20452390
S05CLEDI,4,1,http://www.wikidata.org/entity/Q11393173
S05CLEDI,1,2,http://www.wikidata.org/entity/Q11152467
S05CLEDI,2,2,http://www.wikidata.org/entity/Q1072282
S05CLEDI,3,2,http://www.wikidata.org/entity/Q20452390
S05CLEDI,4,2,http://www.wikidata.org/entity/Q11393290
S05CLEDI,1,3,http://www.wikidata.org/entity/Q28649111
S05CLEDI,2,3,http://www.wikidata.org/entity/Q1072282
S05CLEDI,3,3,http://www.wikidata.org/entity/Q20452390
S05CLEDI,4,3,http://www.wikidata.org/entity/Q6157190
S05CLEDI,1,4,http://www.wikidata.org/entity/Q11152462
S05CLEDI,2,4,http://www.wikidata.org/entity/Q17
S05CLEDI,3,4,http://www.wikidata.org/entity/Q2376564
S05CLEDI,4,4,http://www.wikidata.org/entity/Q6157113
S05CLEDI,1,5,http://www.wikidata.org/entity/Q11045411
S05CLEDI,2,5,http://www.wikidata.org/entity/Q17
S05CLEDI,3,5,http://www.wikidata.org/entity/Q2376564
S05CLEDI,4,5,http://www.wikidata.org/entity/Q6157138
S05CLEDI,1,6,http://www.wikidata.org/entity/Q11081095
S05CLEDI,2,6,http://www.wikidata.org/entity/Q1072282
S05CLEDI,3,6,http://www.wikidata.org/entity/Q20452390
S05CLEDI,4,6,http://www.wikidata.org/entity/Q6157161
S05CLEDI,1,7,http://www.wikidata.org/entity/Q43370989
S05CLEDI,2,7,http://www.wikidata.org/entity/Q17
S05CLEDI,3,7,http://www.wikidata.org/entity/Q2376564
S05CLEDI,4,7,http://www.wikidata.org/entity/Q6157219
S05CLEDI,1,8,http://www.wikidata.org/entity/Q10867001
S05CLEDI,2,8,http://www.wikidata.org/entity/Q17
S05CLEDI,3,8,http://www.wikidata.org/entity/Q2376564
S05CLEDI,4,8,http://www.wikidata.org/entity/Q6157161
S05CLEDI,1,9,http://www.wikidata.org/entity/Q10887075
S05CLEDI,2,9,http://www.wikidata.org/entity/Q17
S05CLEDI,3,9,http://www.wikidata.org/entity/Q2376564
S05CLEDI,4,9,http://www.wikidata.org/entity/Q6157219
QCT6SB4R,1,0,http://www.wikidata.org/entity/Q800499
QCT6SB4R,2,0,http://www.wikidata.org/entity/Q571405
QCT6SB4R,3,0,http://www.wikidata.org/entity/Q554382
QCT6SB4R,4,0,http://www.wikidata.org/entity/Q2227
QCT6SB4R,5,0,http://www.wikidata.org/entity/Q26791758
QCT6SB4R,6,0,http://www.wikidata.org/entity/Q689312
QCT6SB4R,7,0,http://www.wikidata.org/entity/Q634142
QCT6SB4R,8,0,http://www.wikidata.org/entity/Q321266
QCT6SB4R,1,1,http://www.wikidata.org/entity/Q72547211
QCT6SB4R,2,1,http://www.wikidata.org/entity/Q363830
QCT6SB4R,3,1,http://www.wikidata.org/entity/Q177912
QCT6SB4R,4,1,http://www.wikidata.org/entity/Q446864
QCT6SB4R,5,1,http://www.wikidata.org/entity/Q125432
QCT6SB4R,6,1,http://www.wikidata.org/entity/Q648165
QCT6SB4R,7,1,http://www.wikidata.org/entity/Q1158671
QCT6SB4R,8,1,http://www.wikidata.org/entity/Q659
QCT6SB4R,1,2,http://www.wikidata.org/entity/Q22808404
QCT6SB4R,2,2,http://www.wikidata.org/entity/Q22808404
QCT6SB4R,3,2,http://www.wikidata.org/entity/Q22808404
QCT6SB4R,4,2,http://www.wikidata.org/entity/Q22808403
QCT6SB4R,5,2,http://www.wikidata.org/entity/Q19274527
QCT6SB4R,6,2,http://www.wikidata.org/entity/Q11670533
QCT6SB4R,7,2,http://www.wikidata.org/entity/Q1924069
QCT6SB4R,8,2,http://www.wikidata.org/entity/Q1924069
QCT6SB4R,1,3,http://www.wikidata.org/entity/Q183
QCT6SB4R,2,3,http://www.wikidata.org/entity/Q183
QCT6SB4R,3,3,http://www.wikidata.org/entity/Q183
QCT6SB4R,4,3,http://www.wikidata.org/entity/Q183
QCT6SB4R,5,3,http://www.wikidata.org/entity/Q183
QCT6SB4R,6,3,http://www.wikidata.org/entity/Q183
QCT6SB4R,7,3,http://www.wikidata.org/entity/Q183
QCT6SB4R,8,3,http://www.wikidata.org/entity/Q183
QCT6SB4R,1,4,http://www.wikidata.org/entity/Q18681691
QCT6SB4R,2,4,http://www.wikidata.org/entity/Q18681690
QCT6SB4R,3,4,http://www.wikidata.org/entity/Q18681690
QCT6SB4R,4,4,http://www.wikidata.org/entity/Q18681690
QCT6SB4R,5,4,http://www.wikidata.org/entity/Q18681690
QCT6SB4R,6,4,http://www.wikidata.org/entity/Q18681690
QCT6SB4R,7,4,http://www.wikidata.org/entity/Q18681660
QCT6SB4R,8,4,http://www.wikidata.org/entity/Q18681690
X3LXV5E4,1,0,http://www.wikidata.org/entity/Q496629
X3LXV5E4,2,0,http://www.wikidata.org/entity/Q496622
X3LXV5E4,3,0,http://www.wikidata.org/entity/Q496616
X3LXV5E4,4,0,http://www.wikidata.org/entity/Q496607
X3LXV5E4,5,0,http://www.wikidata.org/entity/Q496602
X3LXV5E4,6,0,http://www.wikidata.org/entity/Q496596
X3LXV5E4,7,0,http://www.wikidata.org/entity/Q496589
X3LXV5E4,8,0,http://www.wikidata.org/entity/Q496568
X3LXV5E4,1,1,http://www.wikidata.org/entity/Q964732
X3LXV5E4,2,1,http://www.wikidata.org/entity/Q967012
X3LXV5E4,3,1,http://www.wikidata.org/entity/Q859439
X3LXV5E4,4,1,http://www.wikidata.org/entity/Q853175
X3LXV5E4,5,1,http://www.wikidata.org/entity/Q960518
X3LXV5E4,6,1,http://www.wikidata.org/entity/Q955580
X3LXV5E4,7,1,http://www.wikidata.org/entity/Q959425
X3LXV5E4,8,1,http://www.wikidata.org/entity/Q755277
X3LXV5E4,1,2,http://www.wikidata.org/entity/Q355452
X3LXV5E4,2,2,http://www.wikidata.org/entity/Q41177
X3LXV5E4,3,2,http://www.wikidata.org/entity/Q161162
X3LXV5E4,4,2,http://www.wikidata.org/entity/Q568625
X3LXV5E4,5,2,http://www.wikidata.org/entity/Q49054198
X3LXV5E4,6,2,http://www.wikidata.org/entity/Q11813
X3LXV5E4,7,2,http://www.wikidata.org/entity/Q771991
X3LXV5E4,8,2,http://www.wikidata.org/entity/Q2979
X3LXV5E4,1,3,http://www.wikidata.org/entity/Q13414358
X3LXV5E4,2,3,http://www.wikidata.org/entity/Q13414358
X3LXV5E4,3,3,http://www.wikidata.org/entity/Q13414358
X3LXV5E4,4,3,http://www.wikidata.org/entity/Q13414358
X3LXV5E4,5,3,http://www.wikidata.org/entity/Q13414358
X3LXV5E4,6,3,http://www.wikidata.org/entity/Q13414358
X3LXV5E4,7,3,http://www.wikidata.org/entity/Q13414358
X3LXV5E4,8,3,http://www.wikidata.org/entity/Q13414358
X3LXV5E4,1,4,http://www.wikidata.org/entity/Q30
X3LXV5E4,2,4,http://www.wikidata.org/entity/Q30
X3LXV5E4,3,4,http://www.wikidata.org/entity/Q30
X3LXV5E4,4,4,http://www.wikidata.org/entity/Q30
X3LXV5E4,5,4,http://www.wikidata.org/entity/Q30
X3LXV5E4,6,4,http://www.wikidata.org/entity/Q30
X3LXV5E4,7,4,http://www.wikidata.org/entity/Q30
X3LXV5E4,8,4,http://www.wikidata.org/entity/Q30
X3LXV5E4,1,5,http://www.wikidata.org/entity/Q1212
X3LXV5E4,2,5,http://www.wikidata.org/entity/Q1212
X3LXV5E4,3,5,http://www.wikidata.org/entity/Q1212
X3LXV5E4,4,5,http://www.wikidata.org/entity/Q1212
X3LXV5E4,5,5,http://www.wikidata.org/entity/Q1212
X3LXV5E4,6,5,http://www.wikidata.org/entity/Q1212
X3LXV5E4,7,5,http://www.wikidata.org/entity/Q1212
X3LXV5E4,8,5,http://www.wikidata.org/entity/Q1212
YNYH06I5,1,0,http://www.wikidata.org/entity/Q85486019
YNYH06I5,2,0,http://www.wikidata.org/entity/Q81685286
YNYH06I5,3,0,http://www.wikidata.org/entity/Q81856327
YNYH06I5,4,0,http://www.wikidata.org/entity/Q82418692
YNYH06I5,5,0,http://www.wikidata.org/entity/Q83405151
YNYH06I5,6,0,http://www.wikidata.org/entity/Q83405137
YNYH06I5,7,0,http://www.wikidata.org/entity/Q83405050
YNYH06I5,8,0,http://www.wikidata.org/entity/Q83403314
YNYH06I5,9,0,http://www.wikidata.org/entity/Q83402885
YNYH06I5,10,0,http://www.wikidata.org/entity/Q83402882
YNYH06I5,11,0,http://www.wikidata.org/entity/Q81871548
YNYH06I5,12,0,http://www.wikidata.org/entity/Q81870811
YNYH06I5,1,1,http://www.wikidata.org/entity/Q9286
YNYH06I5,2,1,http://www.wikidata.org/entity/Q8918
YNYH06I5,3,1,http://www.wikidata.org/entity/Q8679
YNYH06I5,4,1,http://www.wikidata.org/entity/Q8842
YNYH06I5,5,1,http://www.wikidata.org/entity/Q10452
YNYH06I5,6,1,http://www.wikidata.org/entity/Q10452
YNYH06I5,7,1,http://www.wikidata.org/entity/Q10452
YNYH06I5,8,1,http://www.wikidata.org/entity/Q10452
YNYH06I5,9,1,http://www.wikidata.org/entity/Q10452
YNYH06I5,10,1,http://www.wikidata.org/entity/Q10452
YNYH06I5,11,1,http://www.wikidata.org/entity/Q10452
YNYH06I5,12,1,http://www.wikidata.org/entity/Q10452
YNYH06I5,1,3,http://www.wikidata.org/entity/Q83198307
YNYH06I5,2,3,http://www.wikidata.org/entity/Q67709327
YNYH06I5,3,3,http://www.wikidata.org/entity/Q1167958
YNYH06I5,4,3,http://www.wikidata.org/entity/Q1122804
YNYH06I5,5,3,http://www.wikidata.org/entity/Q1111974
YNYH06I5,6,3,http://www.wikidata.org/entity/Q1111974
YNYH06I5,7,3,http://www.wikidata.org/entity/Q1111974
YNYH06I5,8,3,http://www.wikidata.org/entity/Q1111974
YNYH06I5,9,3,http://www.wikidata.org/entity/Q1111974
YNYH06I5,10,3,http://www.wikidata.org/entity/Q1111974
YNYH06I5,11,3,http://www.wikidata.org/entity/Q1111974
YNYH06I5,12,3,http://www.wikidata.org/entity/Q1111974
B9IBHBCH,1,0,http://www.wikidata.org/entity/Q61360122
B9IBHBCH,2,0,http://www.wikidata.org/entity/Q28446775
B9IBHBCH,3,0,http://www.wikidata.org/entity/Q6905708
B9IBHBCH,4,0,http://www.wikidata.org/entity/Q6781338
B9IBHBCH,1,1,http://www.wikidata.org/entity/Q10676599
B9IBHBCH,2,1,http://www.wikidata.org/entity/Q2631268
B9IBHBCH,1,2,http://www.wikidata.org/entity/Q30
B9IBHBCH,2,2,http://www.wikidata.org/entity/Q30
B9IBHBCH,3,2,http://www.wikidata.org/entity/Q30
B9IBHBCH,4,2,http://www.wikidata.org/entity/Q30
B9IBHBCH,1,3,http://www.wikidata.org/entity/Q61360122
B9IBHBCH,2,3,http://www.wikidata.org/entity/Q28446775
B9IBHBCH,3,3,http://www.wikidata.org/entity/Q61923820
B9IBHBCH,4,3,http://www.wikidata.org/entity/Q6781338
CMH4VFYM,1,0,http://www.wikidata.org/entity/Q218593
CMH4VFYM,2,0,http://www.wikidata.org/entity/Q218593
CMH4VFYM,3,0,http://www.wikidata.org/entity/Q218593
CMH4VFYM,4,0,http://www.wikidata.org/entity/Q218593
CMH4VFYM,1,1,http://www.wikidata.org/entity/Q26940804
CMH4VFYM,2,1,http://www.wikidata.org/entity/Q381885
CMH4VFYM,3,1,http://www.wikidata.org/entity/Q61698690
CMH4VFYM,4,1,http://www.wikidata.org/entity/Q21503250
CMH4VFYM,1,2,http://www.wikidata.org/entity/Q19829914
CMH4VFYM,2,2,http://www.wikidata.org/entity/Q2940514
CMH4VFYM,3,2,http://www.wikidata.org/entity/Q30
CMH4VFYM,4,2,http://www.wikidata.org/entity/Q21502404
CMH4VFYM,1,3,http://www.wikidata.org/entity/Q19829914
CMH4VFYM,2,3,http://www.wikidata.org/entity/Q4006
CMH4VFYM,3,3,http://www.wikidata.org/entity/Q173
CMH4VFYM,4,3,http://www.wikidata.org/entity/Q21502404
CMH4VFYM,1,4,http://www.wikidata.org/entity/Q19829914
CMH4VFYM,2,4,http://www.wikidata.org/entity/Q4006
CMH4VFYM,3,4,http://www.wikidata.org/entity/Q1460
CMH4VFYM,4,4,http://www.wikidata.org/entity/Q21502404
CMH4VFYM,1,5,http://www.wikidata.org/entity/Q18610173
CMH4VFYM,2,5,http://www.wikidata.org/entity/Q1042979
CMH4VFYM,3,5,http://www.wikidata.org/entity/Q80019
CMH4VFYM,4,5,http://www.wikidata.org/entity/Q21502404
CMH4VFYM,1,6,http://www.wikidata.org/entity/Q18610173
CMH4VFYM,2,6,http://www.wikidata.org/entity/Q2940514
CMH4VFYM,3,6,http://www.wikidata.org/entity/Q30
CMH4VFYM,4,6,http://www.wikidata.org/entity/Q21502404
CMH4VFYM,1,7,http://www.wikidata.org/entity/Q18610173
CMH4VFYM,2,7,http://www.wikidata.org/entity/Q4006
CMH4VFYM,3,7,http://www.wikidata.org/entity/Q173
CMH4VFYM,4,7,http://www.wikidata.org/entity/Q21502404
T7MHEKJ4,1,0,http://www.wikidata.org/entity/Q775782
T7MHEKJ4,2,0,http://www.wikidata.org/entity/Q775757
T7MHEKJ4,3,0,http://www.wikidata.org/entity/Q773369
T7MHEKJ4,4,0,http://www.wikidata.org/entity/Q771963
T7MHEKJ4,5,0,http://www.wikidata.org/entity/Q771036
T7MHEKJ4,6,0,http://www.wikidata.org/entity/Q770259
T7MHEKJ4,7,0,http://www.wikidata.org/entity/Q767011
T7MHEKJ4,8,0,http://www.wikidata.org/entity/Q766912
T7MHEKJ4,9,0,http://www.wikidata.org/entity/Q765591
T7MHEKJ4,10,0,http://www.wikidata.org/entity/Q763959
T7MHEKJ4,11,0,http://www.wikidata.org/entity/Q763729
T7MHEKJ4,12,0,http://www.wikidata.org/entity/Q762516
T7MHEKJ4,13,0,http://www.wikidata.org/entity/Q761878
T7MHEKJ4,1,1,http://www.wikidata.org/entity/Q33146843
T7MHEKJ4,2,1,http://www.wikidata.org/entity/Q33146843
T7MHEKJ4,3,1,http://www.wikidata.org/entity/Q33146843
T7MHEKJ4,4,1,http://www.wikidata.org/entity/Q33146843
T7MHEKJ4,5,1,http://www.wikidata.org/entity/Q33146843
T7MHEKJ4,6,1,http://www.wikidata.org/entity/Q33146843
T7MHEKJ4,7,1,http://www.wikidata.org/entity/Q33146843
T7MHEKJ4,8,1,http://www.wikidata.org/entity/Q33146843
T7MHEKJ4,9,1,http://www.wikidata.org/entity/Q33146843
T7MHEKJ4,10,1,http://www.wikidata.org/entity/Q33146843
T7MHEKJ4,11,1,http://www.wikidata.org/entity/Q33146843
T7MHEKJ4,12,1,http://www.wikidata.org/entity/Q33146843
T7MHEKJ4,13,1,http://www.wikidata.org/entity/Q33146843
T7MHEKJ4,1,2,http://www.wikidata.org/entity/Q6655
T7MHEKJ4,2,2,http://www.wikidata.org/entity/Q6655
T7MHEKJ4,3,2,http://www.wikidata.org/entity/Q6655
T7MHEKJ4,4,2,http://www.wikidata.org/entity/Q6655
T7MHEKJ4,5,2,http://www.wikidata.org/entity/Q6655
T7MHEKJ4,6,2,http://www.wikidata.org/entity/Q6655
T7MHEKJ4,7,2,http://www.wikidata.org/entity/Q6655
T7MHEKJ4,8,2,http://www.wikidata.org/entity/Q6655
T7MHEKJ4,9,2,http://www.wikidata.org/entity/Q6655
T7MHEKJ4,10,2,http://www.wikidata.org/entity/Q6655
T7MHEKJ4,11,2,http://www.wikidata.org/entity/Q6655
T7MHEKJ4,12,2,http://www.wikidata.org/entity/Q6655
T7MHEKJ4,13,2,http://www.wikidata.org/entity/Q6655
0M0D0THD,1,0,http://www.wikidata.org/entity/Q19362354
0M0D0THD,2,0,http://www.wikidata.org/entity/Q17021420
0M0D0THD,3,0,http://www.wikidata.org/entity/Q17604938
0M0D0THD,4,0,http://www.wikidata.org/entity/Q17605150
0M0D0THD,5,0,http://www.wikidata.org/entity/Q17460014
0M0D0THD,6,0,http://www.wikidata.org/entity/Q17052192
0M0D0THD,1,1,http://www.wikidata.org/entity/Q39
0M0D0THD,2,1,http://www.wikidata.org/entity/Q30
0M0D0THD,3,1,http://www.wikidata.org/entity/Q55
0M0D0THD,4,1,http://www.wikidata.org/entity/Q29
0M0D0THD,5,1,http://www.wikidata.org/entity/Q55
0M0D0THD,6,1,http://www.wikidata.org/entity/Q252
0M0D0THD,1,2,http://www.wikidata.org/entity/Q8274529
0M0D0THD,2,2,http://www.wikidata.org/entity/Q624232
0M0D0THD,3,2,http://www.wikidata.org/entity/Q916333
0M0D0THD,4,2,http://www.wikidata.org/entity/Q23712
0M0D0THD,5,2,http://www.wikidata.org/entity/Q916333
0M0D0THD,6,2,http://www.wikidata.org/entity/Q38080272
0M0D0THD,1,3,http://www.wikidata.org/entity/Q11972
0M0D0THD,2,3,http://www.wikidata.org/entity/Q28283
0M0D0THD,3,3,http://www.wikidata.org/entity/Q18335889
0M0D0THD,4,3,http://www.wikidata.org/entity/Q12711
0M0D0THD,5,3,http://www.wikidata.org/entity/Q9966
0M0D0THD,6,3,http://www.wikidata.org/entity/Q19151
0M0D0THD,1,4,http://www.wikidata.org/entity/Q64216
0M0D0THD,2,4,http://www.wikidata.org/entity/Q6817249
0M0D0THD,3,4,http://www.wikidata.org/entity/Q1807382
0M0D0THD,4,4,http://www.wikidata.org/entity/Q777149
0M0D0THD,5,4,http://www.wikidata.org/entity/Q599417
0M0D0THD,6,4,http://www.wikidata.org/entity/Q3827
HF1719KR,1,0,http://www.wikidata.org/entity/Q188948
HF1719KR,2,0,http://www.wikidata.org/entity/Q188945
HF1719KR,3,0,http://www.wikidata.org/entity/Q188813
HF1719KR,4,0,http://www.wikidata.org/entity/Q188797
HF1719KR,5,0,http://www.wikidata.org/entity/Q188796
HF1719KR,6,0,http://www.wikidata.org/entity/Q188665
HF1719KR,7,0,http://www.wikidata.org/entity/Q188661
HF1719KR,8,0,http://www.wikidata.org/entity/Q188505
HF1719KR,9,0,http://www.wikidata.org/entity/Q188503
HF1719KR,10,0,http://www.wikidata.org/entity/Q187925
HF1719KR,11,0,http://www.wikidata.org/entity/Q186838
HF1719KR,12,0,http://www.wikidata.org/entity/Q185586
HF1719KR,13,0,http://www.wikidata.org/entity/Q185309
HF1719KR,14,0,http://www.wikidata.org/entity/Q184797
HF1719KR,1,1,http://www.wikidata.org/entity/Q218
HF1719KR,2,1,http://www.wikidata.org/entity/Q218
HF1719KR,3,1,http://www.wikidata.org/entity/Q218
HF1719KR,4,1,http://www.wikidata.org/entity/Q218
HF1719KR,5,1,http://www.wikidata.org/entity/Q218
HF1719KR,6,1,http://www.wikidata.org/entity/Q218
HF1719KR,7,1,http://www.wikidata.org/entity/Q218
HF1719KR,8,1,http://www.wikidata.org/entity/Q218
HF1719KR,9,1,http://www.wikidata.org/entity/Q218
HF1719KR,10,1,http://www.wikidata.org/entity/Q218
HF1719KR,11,1,http://www.wikidata.org/entity/Q218
HF1719KR,12,1,http://www.wikidata.org/entity/Q218
HF1719KR,13,1,http://www.wikidata.org/entity/Q218
HF1719KR,14,1,http://www.wikidata.org/entity/Q218
HF1719KR,1,2,http://www.wikidata.org/entity/Q6723
HF1719KR,2,2,http://www.wikidata.org/entity/Q6723
HF1719KR,3,2,http://www.wikidata.org/entity/Q6723
HF1719KR,4,2,http://www.wikidata.org/entity/Q6723
HF1719KR,5,2,http://www.wikidata.org/entity/Q6723
HF1719KR,6,2,http://www.wikidata.org/entity/Q6723
HF1719KR,7,2,http://www.wikidata.org/entity/Q6723
HF1719KR,8,2,http://www.wikidata.org/entity/Q6723
HF1719KR,9,2,http://www.wikidata.org/entity/Q6723
HF1719KR,10,2,http://www.wikidata.org/entity/Q6723
HF1719KR,11,2,http://www.wikidata.org/entity/Q6723
HF1719KR,12,2,http://www.wikidata.org/entity/Q6723
HF1719KR,13,2,http://www.wikidata.org/entity/Q6723
HF1719KR,14,2,http://www.wikidata.org/entity/Q6723
HF1719KR,1,3,http://www.wikidata.org/entity/Q1776764
HF1719KR,2,3,http://www.wikidata.org/entity/Q1776764
HF1719KR,3,3,http://www.wikidata.org/entity/Q1776764
HF1719KR,4,3,http://www.wikidata.org/entity/Q1776764
HF1719KR,5,3,http://www.wikidata.org/entity/Q1776764
HF1719KR,6,3,http://www.wikidata.org/entity/Q1776764
HF1719KR,7,3,http://www.wikidata.org/entity/Q1776764
HF1719KR,8,3,http://www.wikidata.org/entity/Q1776764
HF1719KR,9,3,http://www.wikidata.org/entity/Q1776764
HF1719KR,10,3,http://www.wikidata.org/entity/Q1776764
HF1719KR,11,3,http://www.wikidata.org/entity/Q1776764
HF1719KR,12,3,http://www.wikidata.org/entity/Q1776764
HF1719KR,13,3,http://www.wikidata.org/entity/Q1776764
HF1719KR,14,3,http://www.wikidata.org/entity/Q1776764
QZPKEA96,1,0,http://www.wikidata.org/entity/Q218593
QZPKEA96,2,0,http://www.wikidata.org/entity/Q218593
QZPKEA96,3,0,http://www.wikidata.org/entity/Q218593
QZPKEA96,4,0,http://www.wikidata.org/entity/Q218593
QZPKEA96,5,0,http://www.wikidata.org/entity/Q218593
QZPKEA96,1,1,http://www.wikidata.org/entity/Q183
QZPKEA96,2,1,http://www.wikidata.org/entity/Q15077367
QZPKEA96,3,1,http://www.wikidata.org/entity/Q324257
QZPKEA96,4,1,http://www.wikidata.org/entity/Q115140
QZPKEA96,5,1,http://www.wikidata.org/entity/Q65311841
QZPKEA96,1,2,http://www.wikidata.org/entity/Q183
QZPKEA96,2,2,http://www.wikidata.org/entity/Q834406
QZPKEA96,3,2,http://www.wikidata.org/entity/Q7291
QZPKEA96,4,2,http://www.wikidata.org/entity/Q115140
QZPKEA96,5,2,http://www.wikidata.org/entity/Q65311858
QZPKEA96,1,3,http://www.wikidata.org/entity/Q16957
QZPKEA96,2,3,http://www.wikidata.org/entity/Q878764
QZPKEA96,3,3,http://www.wikidata.org/entity/Q324257
QZPKEA96,4,3,http://www.wikidata.org/entity/Q27036878
QZPKEA96,5,3,http://www.wikidata.org/entity/Q65311823
QZPKEA96,1,4,http://www.wikidata.org/entity/Q183
QZPKEA96,2,4,http://www.wikidata.org/entity/Q15077367
QZPKEA96,3,4,http://www.wikidata.org/entity/Q324257
QZPKEA96,4,4,http://www.wikidata.org/entity/Q2657513
QZPKEA96,5,4,http://www.wikidata.org/entity/Q65311841
V4RH1TWT,1,0,http://www.wikidata.org/entity/Q4759484
V4RH1TWT,2,0,http://www.wikidata.org/entity/Q11685798
V4RH1TWT,3,0,http://www.wikidata.org/entity/Q11685797
V4RH1TWT,4,0,http://www.wikidata.org/entity/Q9151374
V4RH1TWT,5,0,http://www.wikidata.org/entity/Q9151369
V4RH1TWT,6,0,http://www.wikidata.org/entity/Q9151366
V4RH1TWT,7,0,http://www.wikidata.org/entity/Q9151363
V4RH1TWT,8,0,http://www.wikidata.org/entity/Q4759486
V4RH1TWT,9,0,http://www.wikidata.org/entity/Q4759484
V4RH1TWT,10,0,http://www.wikidata.org/entity/Q2727447
V4RH1TWT,1,2,http://www.wikidata.org/entity/Q13724
V4RH1TWT,2,2,http://www.wikidata.org/entity/Q2469
V4RH1TWT,3,2,http://www.wikidata.org/entity/Q2469
V4RH1TWT,4,2,http://www.wikidata.org/entity/Q2469
V4RH1TWT,5,2,http://www.wikidata.org/entity/Q2469
V4RH1TWT,6,2,http://www.wikidata.org/entity/Q2469
V4RH1TWT,7,2,http://www.wikidata.org/entity/Q2469
V4RH1TWT,8,2,http://www.wikidata.org/entity/Q2469
V4RH1TWT,9,2,http://www.wikidata.org/entity/Q2469
V4RH1TWT,10,2,http://www.wikidata.org/entity/Q2469
YLBM3K92,1,3,http://www.wikidata.org/entity/Q1136880
YLBM3K92,2,3,http://www.wikidata.org/entity/Q1136880
YLBM3K92,3,3,http://www.wikidata.org/entity/Q1081248
YLBM3K92,4,3,http://www.wikidata.org/entity/Q990533
YLBM3K92,5,3,http://www.wikidata.org/entity/Q990533
YLBM3K92,6,3,http://www.wikidata.org/entity/Q975166
YLBM3K92,7,3,http://www.wikidata.org/entity/Q975166
YLBM3K92,8,3,http://www.wikidata.org/entity/Q812880
YLBM3K92,9,3,http://www.wikidata.org/entity/Q663029
YLBM3K92,10,3,http://www.wikidata.org/entity/Q467511
YLBM3K92,11,3,http://www.wikidata.org/entity/Q467511
YLBM3K92,12,3,http://www.wikidata.org/entity/Q245102
YLBM3K92,13,3,http://www.wikidata.org/entity/Q245102
YLBM3K92,14,3,http://www.wikidata.org/entity/Q190900
YLBM3K92,15,3,http://www.wikidata.org/entity/Q245102
CWGGQK96,1,0,http://www.wikidata.org/entity/Q535534
CWGGQK96,2,0,http://www.wikidata.org/entity/Q533985
CWGGQK96,3,0,http://www.wikidata.org/entity/Q533157
CWGGQK96,4,0,http://www.wikidata.org/entity/Q532981
CWGGQK96,5,0,http://www.wikidata.org/entity/Q569907
CWGGQK96,6,0,http://www.wikidata.org/entity/Q535534
CWGGQK96,7,0,http://www.wikidata.org/entity/Q533985
CWGGQK96,8,0,http://www.wikidata.org/entity/Q533432
CWGGQK96,9,0,http://www.wikidata.org/entity/Q533157
CWGGQK96,10,0,http://www.wikidata.org/entity/Q532981
CWGGQK96,1,1,http://www.wikidata.org/entity/Q1637706
CWGGQK96,2,1,http://www.wikidata.org/entity/Q1637706
CWGGQK96,3,1,http://www.wikidata.org/entity/Q1637706
CWGGQK96,4,1,http://www.wikidata.org/entity/Q1637706
CWGGQK96,5,1,http://www.wikidata.org/entity/Q1549591
CWGGQK96,6,1,http://www.wikidata.org/entity/Q1549591
CWGGQK96,7,1,http://www.wikidata.org/entity/Q1549591
CWGGQK96,8,1,http://www.wikidata.org/entity/Q1549591
CWGGQK96,9,1,http://www.wikidata.org/entity/Q1549591
CWGGQK96,10,1,http://www.wikidata.org/entity/Q1549591
CWGGQK96,1,3,http://www.wikidata.org/entity/Q661113
CWGGQK96,2,3,http://www.wikidata.org/entity/Q198160
CWGGQK96,3,3,http://www.wikidata.org/entity/Q164397
CWGGQK96,4,3,http://www.wikidata.org/entity/Q1201461
CWGGQK96,5,3,http://www.wikidata.org/entity/Q608239
CWGGQK96,6,3,http://www.wikidata.org/entity/Q661113
CWGGQK96,7,3,http://www.wikidata.org/entity/Q198160
CWGGQK96,8,3,http://www.wikidata.org/entity/Q131962
CWGGQK96,9,3,http://www.wikidata.org/entity/Q164397
CWGGQK96,10,3,http://www.wikidata.org/entity/Q1201461
CWGGQK96,1,4,http://www.wikidata.org/entity/Q41079
CWGGQK96,2,4,http://www.wikidata.org/entity/Q42392
CWGGQK96,3,4,http://www.wikidata.org/entity/Q42392
CWGGQK96,4,4,http://www.wikidata.org/entity/Q42392
CWGGQK96,5,4,http://www.wikidata.org/entity/Q41079
CWGGQK96,6,4,http://www.wikidata.org/entity/Q41079
CWGGQK96,7,4,http://www.wikidata.org/entity/Q42392
CWGGQK96,8,4,http://www.wikidata.org/entity/Q42392
CWGGQK96,9,4,http://www.wikidata.org/entity/Q42392
CWGGQK96,10,4,http://www.wikidata.org/entity/Q42392
CWGGQK96,1,5,http://www.wikidata.org/entity/Q148
CWGGQK96,2,5,http://www.wikidata.org/entity/Q148
CWGGQK96,3,5,http://www.wikidata.org/entity/Q148
CWGGQK96,4,5,http://www.wikidata.org/entity/Q148
CWGGQK96,5,5,http://www.wikidata.org/entity/Q148
CWGGQK96,6,5,http://www.wikidata.org/entity/Q148
CWGGQK96,7,5,http://www.wikidata.org/entity/Q148
CWGGQK96,8,5,http://www.wikidata.org/entity/Q148
CWGGQK96,9,5,http://www.wikidata.org/entity/Q148
CWGGQK96,10,5,http://www.wikidata.org/entity/Q148
KQN6I2WY,1,0,http://www.wikidata.org/entity/Q7055628
KQN6I2WY,2,0,http://www.wikidata.org/entity/Q5579890
KQN6I2WY,3,0,http://www.wikidata.org/entity/Q4619624
KQN6I2WY,4,0,http://www.wikidata.org/entity/Q4299606
KQN6I2WY,5,0,http://www.wikidata.org/entity/Q4299604
KQN6I2WY,6,0,http://www.wikidata.org/entity/Q4272085
KQN6I2WY,7,0,http://www.wikidata.org/entity/Q4120016
KQN6I2WY,8,0,http://www.wikidata.org/entity/Q1370207
KQN6I2WY,9,0,http://www.wikidata.org/entity/Q872664
KQN6I2WY,1,1,http://www.wikidata.org/entity/Q30
KQN6I2WY,2,1,http://www.wikidata.org/entity/Q30
KQN6I2WY,3,1,http://www.wikidata.org/entity/Q30
KQN6I2WY,4,1,http://www.wikidata.org/entity/Q30
KQN6I2WY,5,1,http://www.wikidata.org/entity/Q30
KQN6I2WY,6,1,http://www.wikidata.org/entity/Q30
KQN6I2WY,7,1,http://www.wikidata.org/entity/Q30
KQN6I2WY,8,1,http://www.wikidata.org/entity/Q30
KQN6I2WY,9,1,http://www.wikidata.org/entity/Q30
KQN6I2WY,1,2,http://www.wikidata.org/entity/Q1017546
KQN6I2WY,2,2,http://www.wikidata.org/entity/Q1017546
KQN6I2WY,3,2,http://www.wikidata.org/entity/Q1017546
KQN6I2WY,4,2,http://www.wikidata.org/entity/Q1017546
KQN6I2WY,5,2,http://www.wikidata.org/entity/Q1017546
KQN6I2WY,6,2,http://www.wikidata.org/entity/Q1017546
KQN6I2WY,7,2,http://www.wikidata.org/entity/Q1017546
KQN6I2WY,8,2,http://www.wikidata.org/entity/Q1017546
KQN6I2WY,9,2,http://www.wikidata.org/entity/Q1017546
KQN6I2WY,1,4,http://www.wikidata.org/entity/Q384807
KQN6I2WY,2,4,http://www.wikidata.org/entity/Q1143552
KQN6I2WY,3,4,http://www.wikidata.org/entity/Q758277
KQN6I2WY,4,4,http://www.wikidata.org/entity/Q7428691
KQN6I2WY,5,4,http://www.wikidata.org/entity/Q493378
KQN6I2WY,6,4,http://www.wikidata.org/entity/Q7203174
KQN6I2WY,7,4,http://www.wikidata.org/entity/Q485176
KQN6I2WY,8,4,http://www.wikidata.org/entity/Q47164
KQN6I2WY,9,4,http://www.wikidata.org/entity/Q8024704
KQN6I2WY,1,5,http://www.wikidata.org/entity/Q65
KQN6I2WY,2,5,http://www.wikidata.org/entity/Q65
KQN6I2WY,3,5,http://www.wikidata.org/entity/Q65
KQN6I2WY,4,5,http://www.wikidata.org/entity/Q65
KQN6I2WY,5,5,http://www.wikidata.org/entity/Q65
KQN6I2WY,6,5,http://www.wikidata.org/entity/Q65
KQN6I2WY,7,5,http://www.wikidata.org/entity/Q65
KQN6I2WY,8,5,http://www.wikidata.org/entity/Q65
KQN6I2WY,9,5,http://www.wikidata.org/entity/Q65
UNVUMX70,1,0,http://www.wikidata.org/entity/Q20978947
UNVUMX70,2,0,http://www.wikidata.org/entity/Q30095621
UNVUMX70,3,0,http://www.wikidata.org/entity/Q20978947
UNVUMX70,4,0,http://www.wikidata.org/entity/Q30095621
UNVUMX70,1,1,http://www.wikidata.org/entity/Q18384639
UNVUMX70,2,1,http://www.wikidata.org/entity/Q27826669
UNVUMX70,3,1,http://www.wikidata.org/entity/Q19817337
UNVUMX70,4,1,http://www.wikidata.org/entity/Q27826669
UNVUMX70,1,2,http://www.wikidata.org/entity/Q362051
UNVUMX70,2,2,http://www.wikidata.org/entity/Q12263605
UNVUMX70,3,2,http://www.wikidata.org/entity/Q807114
UNVUMX70,4,2,http://www.wikidata.org/entity/Q719979
IDHQJOMV,1,0,http://www.wikidata.org/entity/Q43142177
IDHQJOMV,2,0,http://www.wikidata.org/entity/Q47181866
IDHQJOMV,3,0,http://www.wikidata.org/entity/Q62262778
IDHQJOMV,4,0,http://www.wikidata.org/entity/Q19118148
IDHQJOMV,5,0,http://www.wikidata.org/entity/Q14094511
IDHQJOMV,6,0,http://www.wikidata.org/entity/Q17658872
IDHQJOMV,7,0,http://www.wikidata.org/entity/Q17843241
IDHQJOMV,1,1,http://www.wikidata.org/entity/Q23712
IDHQJOMV,2,1,http://www.wikidata.org/entity/Q1019352
IDHQJOMV,3,1,http://www.wikidata.org/entity/Q11910250
IDHQJOMV,4,1,http://www.wikidata.org/entity/Q385405
IDHQJOMV,5,1,http://www.wikidata.org/entity/Q385405
IDHQJOMV,6,1,http://www.wikidata.org/entity/Q219538
IDHQJOMV,7,1,http://www.wikidata.org/entity/Q219538
IDHQJOMV,1,2,http://www.wikidata.org/entity/Q49567
IDHQJOMV,2,2,http://www.wikidata.org/entity/Q13855
IDHQJOMV,3,2,http://www.wikidata.org/entity/Q12114
IDHQJOMV,4,2,http://www.wikidata.org/entity/Q1022963
IDHQJOMV,5,2,http://www.wikidata.org/entity/Q617592
IDHQJOMV,6,2,http://www.wikidata.org/entity/Q662753
IDHQJOMV,7,2,http://www.wikidata.org/entity/Q207679
IDHQJOMV,1,3,http://www.wikidata.org/entity/Q29
IDHQJOMV,2,3,http://www.wikidata.org/entity/Q29
IDHQJOMV,3,3,http://www.wikidata.org/entity/Q29
IDHQJOMV,4,3,http://www.wikidata.org/entity/Q213
IDHQJOMV,5,3,http://www.wikidata.org/entity/Q213
IDHQJOMV,6,3,http://www.wikidata.org/entity/Q145
IDHQJOMV,7,3,http://www.wikidata.org/entity/Q145
4LDLHG0H,1,0,http://www.wikidata.org/entity/Q1087546
4LDLHG0H,2,0,http://www.wikidata.org/entity/Q1779361
4LDLHG0H,3,0,http://www.wikidata.org/entity/Q1995969
4LDLHG0H,4,0,http://www.wikidata.org/entity/Q694790
4LDLHG0H,1,1,http://www.wikidata.org/entity/Q281901
4LDLHG0H,2,1,http://www.wikidata.org/entity/Q27810
4LDLHG0H,3,1,http://www.wikidata.org/entity/Q180704
4LDLHG0H,4,1,http://www.wikidata.org/entity/Q3977897
4LDLHG0H,1,2,http://www.wikidata.org/entity/Q193513
4LDLHG0H,2,2,http://www.wikidata.org/entity/Q306403
4LDLHG0H,3,2,http://www.wikidata.org/entity/Q223786
4LDLHG0H,4,2,http://www.wikidata.org/entity/Q25144
4LDLHG0H,1,3,http://www.wikidata.org/entity/Q660051
4LDLHG0H,2,3,http://www.wikidata.org/entity/Q28944431
4LDLHG0H,3,3,http://www.wikidata.org/entity/Q2063687
4LDLHG0H,4,3,http://www.wikidata.org/entity/Q3229417
4LDLHG0H,1,4,http://www.wikidata.org/entity/Q30
4LDLHG0H,2,4,http://www.wikidata.org/entity/Q30
4LDLHG0H,3,4,http://www.wikidata.org/entity/Q30
4LDLHG0H,4,4,http://www.wikidata.org/entity/Q30
4HKU7PAB,1,0,http://www.wikidata.org/entity/Q218593
4HKU7PAB,2,0,http://www.wikidata.org/entity/Q218593
4HKU7PAB,3,0,http://www.wikidata.org/entity/Q218593
4HKU7PAB,4,0,http://www.wikidata.org/entity/Q218593
4HKU7PAB,1,1,http://www.wikidata.org/entity/Q848797
4HKU7PAB,2,1,http://www.wikidata.org/entity/Q39
4HKU7PAB,3,1,http://www.wikidata.org/entity/Q688120
4HKU7PAB,4,1,http://www.wikidata.org/entity/Q78
4HKU7PAB,1,2,http://www.wikidata.org/entity/Q848797
4HKU7PAB,2,2,http://www.wikidata.org/entity/Q39
4HKU7PAB,3,2,http://www.wikidata.org/entity/Q688120
4HKU7PAB,4,2,http://www.wikidata.org/entity/Q78
4HKU7PAB,1,3,http://www.wikidata.org/entity/Q848797
4HKU7PAB,2,3,http://www.wikidata.org/entity/Q39
4HKU7PAB,3,3,http://www.wikidata.org/entity/Q688120
4HKU7PAB,4,3,http://www.wikidata.org/entity/Q69030
4HKU7PAB,1,4,http://www.wikidata.org/entity/Q848797
4HKU7PAB,2,4,http://www.wikidata.org/entity/Q39
4HKU7PAB,3,4,http://www.wikidata.org/entity/Q688120
4HKU7PAB,4,4,http://www.wikidata.org/entity/Q78
4HKU7PAB,1,5,http://www.wikidata.org/entity/Q848797
4HKU7PAB,2,5,http://www.wikidata.org/entity/Q39
4HKU7PAB,3,5,http://www.wikidata.org/entity/Q688120
4HKU7PAB,4,5,http://www.wikidata.org/entity/Q69030
4HKU7PAB,1,6,http://www.wikidata.org/entity/Q848797
4HKU7PAB,2,6,http://www.wikidata.org/entity/Q39
4HKU7PAB,3,6,http://www.wikidata.org/entity/Q688120
4HKU7PAB,4,6,http://www.wikidata.org/entity/Q807
4HKU7PAB,1,7,http://www.wikidata.org/entity/Q848797
4HKU7PAB,2,7,http://www.wikidata.org/entity/Q39
4HKU7PAB,3,7,http://www.wikidata.org/entity/Q688120
4HKU7PAB,4,7,http://www.wikidata.org/entity/Q78
4HKU7PAB,1,8,http://www.wikidata.org/entity/Q848797
4HKU7PAB,2,8,http://www.wikidata.org/entity/Q39
4HKU7PAB,3,8,http://www.wikidata.org/entity/Q688120
4HKU7PAB,4,8,http://www.wikidata.org/entity/Q807
4HKU7PAB,1,9,http://www.wikidata.org/entity/Q848797
4HKU7PAB,2,9,http://www.wikidata.org/entity/Q39
4HKU7PAB,3,9,http://www.wikidata.org/entity/Q688120
4HKU7PAB,4,9,http://www.wikidata.org/entity/Q807
4HKU7PAB,1,10,http://www.wikidata.org/entity/Q848797
4HKU7PAB,2,10,http://www.wikidata.org/entity/Q39
4HKU7PAB,3,10,http://www.wikidata.org/entity/Q688120
4HKU7PAB,4,10,http://www.wikidata.org/entity/Q807
4HKU7PAB,1,11,http://www.wikidata.org/entity/Q848797
4HKU7PAB,2,11,http://www.wikidata.org/entity/Q39
4HKU7PAB,3,11,http://www.wikidata.org/entity/Q688120
4HKU7PAB,4,11,http://www.wikidata.org/entity/Q807
4HKU7PAB,1,12,http://www.wikidata.org/entity/Q848797
4HKU7PAB,2,12,http://www.wikidata.org/entity/Q39
4HKU7PAB,3,12,http://www.wikidata.org/entity/Q688120
4HKU7PAB,4,12,http://www.wikidata.org/entity/Q807
WDNXC36E,1,0,http://www.wikidata.org/entity/Q63258116
WDNXC36E,2,0,http://www.wikidata.org/entity/Q662550
WDNXC36E,3,0,http://www.wikidata.org/entity/Q132042
WDNXC36E,4,0,http://www.wikidata.org/entity/Q3924786
WDNXC36E,1,1,http://www.wikidata.org/entity/Q63258116
WDNXC36E,2,1,http://www.wikidata.org/entity/Q662550
WDNXC36E,3,1,http://www.wikidata.org/entity/Q132042
WDNXC36E,4,1,http://www.wikidata.org/entity/Q3924786
WDNXC36E,1,2,http://www.wikidata.org/entity/Q63431672
WDNXC36E,2,2,http://www.wikidata.org/entity/Q62656433
WDNXC36E,3,2,http://www.wikidata.org/entity/Q106687640
WDNXC36E,4,2,http://www.wikidata.org/entity/Q55656884
133F5WC8,1,0,http://www.wikidata.org/entity/Q218593
133F5WC8,2,0,http://www.wikidata.org/entity/Q218593
133F5WC8,3,0,http://www.wikidata.org/entity/Q218593
133F5WC8,1,1,http://www.wikidata.org/entity/Q833
133F5WC8,2,1,http://www.wikidata.org/entity/Q66098665
133F5WC8,3,1,http://www.wikidata.org/entity/Q663964
133F5WC8,1,2,http://www.wikidata.org/entity/Q836
133F5WC8,2,2,http://www.wikidata.org/entity/Q66098665
133F5WC8,3,2,http://www.wikidata.org/entity/Q663964
133F5WC8,1,3,http://www.wikidata.org/entity/Q17
133F5WC8,2,3,http://www.wikidata.org/entity/Q66098665
133F5WC8,3,3,http://www.wikidata.org/entity/Q663964
133F5WC8,1,4,http://www.wikidata.org/entity/Q833
133F5WC8,2,4,http://www.wikidata.org/entity/Q66098665
133F5WC8,3,4,http://www.wikidata.org/entity/Q663964
133F5WC8,1,5,http://www.wikidata.org/entity/Q865
133F5WC8,2,5,http://www.wikidata.org/entity/Q66098665
133F5WC8,3,5,http://www.wikidata.org/entity/Q663964
133F5WC8,1,6,http://www.wikidata.org/entity/Q833
133F5WC8,2,6,http://www.wikidata.org/entity/Q66098665
133F5WC8,3,6,http://www.wikidata.org/entity/Q663964
133F5WC8,1,7,http://www.wikidata.org/entity/Q833
133F5WC8,2,7,http://www.wikidata.org/entity/Q66098665
133F5WC8,3,7,http://www.wikidata.org/entity/Q663964
133F5WC8,1,8,http://www.wikidata.org/entity/Q833
133F5WC8,2,8,http://www.wikidata.org/entity/Q66098665
133F5WC8,3,8,http://www.wikidata.org/entity/Q663964
133F5WC8,1,9,http://www.wikidata.org/entity/Q252
133F5WC8,2,9,http://www.wikidata.org/entity/Q66098665
133F5WC8,3,9,http://www.wikidata.org/entity/Q663964
133F5WC8,1,10,http://www.wikidata.org/entity/Q884
133F5WC8,2,10,http://www.wikidata.org/entity/Q66098665
133F5WC8,3,10,http://www.wikidata.org/entity/Q663964
133F5WC8,1,11,http://www.wikidata.org/entity/Q869
133F5WC8,2,11,http://www.wikidata.org/entity/Q66098665
133F5WC8,3,11,http://www.wikidata.org/entity/Q663964
Z0OQ7ALK,1,0,http://www.wikidata.org/entity/Q40816
Z0OQ7ALK,2,0,http://www.wikidata.org/entity/Q36219
Z0OQ7ALK,3,0,http://www.wikidata.org/entity/Q35784
Z0OQ7ALK,4,0,http://www.wikidata.org/entity/Q3579
Z0OQ7ALK,1,1,http://www.wikidata.org/entity/Q1016
Z0OQ7ALK,2,1,http://www.wikidata.org/entity/Q1016
Z0OQ7ALK,3,1,http://www.wikidata.org/entity/Q1016
Z0OQ7ALK,4,1,http://www.wikidata.org/entity/Q1016
Z0OQ7ALK,1,3,http://www.wikidata.org/entity/Q1016
Z0OQ7ALK,2,3,http://www.wikidata.org/entity/Q1016
Z0OQ7ALK,3,3,http://www.wikidata.org/entity/Q1016
Z0OQ7ALK,4,3,http://www.wikidata.org/entity/Q1016
YH0YE2U6,1,0,http://www.wikidata.org/entity/Q1740648
YH0YE2U6,2,0,http://www.wikidata.org/entity/Q452242
YH0YE2U6,3,0,http://www.wikidata.org/entity/Q91326092
YH0YE2U6,4,0,http://www.wikidata.org/entity/Q1827581
YH0YE2U6,1,1,http://www.wikidata.org/entity/Q13221609
YH0YE2U6,2,1,http://www.wikidata.org/entity/Q8465664
YH0YE2U6,3,1,http://www.wikidata.org/entity/Q13221609
YH0YE2U6,4,1,http://www.wikidata.org/entity/Q13221609
YH0YE2U6,1,3,http://www.wikidata.org/entity/Q21101734
YH0YE2U6,2,3,http://www.wikidata.org/entity/Q21101734
YH0YE2U6,3,3,http://www.wikidata.org/entity/Q21101734
YH0YE2U6,4,3,http://www.wikidata.org/entity/Q8502
8XPIFUSD,0,0,http://www.wikidata.org/entity/Q1818899
8XPIFUSD,1,0,http://www.wikidata.org/entity/Q50575535
8XPIFUSD,2,0,http://www.wikidata.org/entity/Q50575533
8XPIFUSD,3,0,http://www.wikidata.org/entity/Q50575531
8XPIFUSD,4,0,http://www.wikidata.org/entity/Q50575530
8XPIFUSD,5,0,http://www.wikidata.org/entity/Q50575529
8XPIFUSD,6,0,http://www.wikidata.org/entity/Q50575528
8XPIFUSD,7,0,http://www.wikidata.org/entity/Q50573097
8XPIFUSD,8,0,http://www.wikidata.org/entity/Q50517759
8XPIFUSD,0,1,http://www.wikidata.org/entity/Q270952
8XPIFUSD,1,1,http://www.wikidata.org/entity/Q4287745
8XPIFUSD,2,1,http://www.wikidata.org/entity/Q4287745
8XPIFUSD,3,1,http://www.wikidata.org/entity/Q4287745
8XPIFUSD,4,1,http://www.wikidata.org/entity/Q4287745
8XPIFUSD,5,1,http://www.wikidata.org/entity/Q4287745
8XPIFUSD,6,1,http://www.wikidata.org/entity/Q4287745
8XPIFUSD,7,1,http://www.wikidata.org/entity/Q4287745
8XPIFUSD,8,1,http://www.wikidata.org/entity/Q4287745
8XPIFUSD,0,2,http://www.wikidata.org/entity/Q60960
8XPIFUSD,1,2,http://www.wikidata.org/entity/Q7504109
8XPIFUSD,2,2,http://www.wikidata.org/entity/Q8052494
8XPIFUSD,3,2,http://www.wikidata.org/entity/Q8079263
8XPIFUSD,4,2,http://www.wikidata.org/entity/Q7504109
8XPIFUSD,5,2,http://www.wikidata.org/entity/Q7504109
8XPIFUSD,6,2,http://www.wikidata.org/entity/Q7404388
8XPIFUSD,7,2,http://www.wikidata.org/entity/Q7050829
8XPIFUSD,8,2,http://www.wikidata.org/entity/Q6041456
8XPIFUSD,0,3,http://www.wikidata.org/entity/Q218593
8XPIFUSD,1,3,http://www.wikidata.org/entity/Q234061
8XPIFUSD,2,3,http://www.wikidata.org/entity/Q550110
8XPIFUSD,3,3,http://www.wikidata.org/entity/Q107135
8XPIFUSD,4,3,http://www.wikidata.org/entity/Q18013
8XPIFUSD,5,3,http://www.wikidata.org/entity/Q100
8XPIFUSD,6,3,http://www.wikidata.org/entity/Q18125
8XPIFUSD,7,3,http://www.wikidata.org/entity/Q221119
8XPIFUSD,8,3,http://www.wikidata.org/entity/Q36433
5TWMWS8Q,1,0,http://www.wikidata.org/entity/Q18088649
5TWMWS8Q,2,0,http://www.wikidata.org/entity/Q20026816
5TWMWS8Q,3,0,http://www.wikidata.org/entity/Q20898155
5TWMWS8Q,4,0,http://www.wikidata.org/entity/Q20744377
5TWMWS8Q,5,0,http://www.wikidata.org/entity/Q20670591
5TWMWS8Q,6,0,http://www.wikidata.org/entity/Q20656517
5TWMWS8Q,7,0,http://www.wikidata.org/entity/Q20655740
5TWMWS8Q,1,1,http://www.wikidata.org/entity/Q2376564
5TWMWS8Q,2,1,http://www.wikidata.org/entity/Q628131
5TWMWS8Q,3,1,http://www.wikidata.org/entity/Q353070
5TWMWS8Q,4,1,http://www.wikidata.org/entity/Q353070
5TWMWS8Q,5,1,http://www.wikidata.org/entity/Q353070
5TWMWS8Q,6,1,http://www.wikidata.org/entity/Q353070
5TWMWS8Q,7,1,http://www.wikidata.org/entity/Q353070
5TWMWS8Q,1,2,http://www.wikidata.org/entity/Q55
5TWMWS8Q,2,2,http://www.wikidata.org/entity/Q55
5TWMWS8Q,3,2,http://www.wikidata.org/entity/Q55
5TWMWS8Q,4,2,http://www.wikidata.org/entity/Q55
5TWMWS8Q,5,2,http://www.wikidata.org/entity/Q55
5TWMWS8Q,6,2,http://www.wikidata.org/entity/Q55
5TWMWS8Q,7,2,http://www.wikidata.org/entity/Q55
5TWMWS8Q,1,3,http://www.wikidata.org/entity/Q3025870
5TWMWS8Q,2,3,http://www.wikidata.org/entity/Q848988
5TWMWS8Q,3,3,http://www.wikidata.org/entity/Q2508895
5TWMWS8Q,4,3,http://www.wikidata.org/entity/Q52101
5TWMWS8Q,5,3,http://www.wikidata.org/entity/Q478607
5TWMWS8Q,6,3,http://www.wikidata.org/entity/Q2338786
5TWMWS8Q,7,3,http://www.wikidata.org/entity/Q3312626
5TWMWS8Q,1,5,http://www.wikidata.org/entity/Q932066
5TWMWS8Q,2,5,http://www.wikidata.org/entity/Q1368003
5TWMWS8Q,3,5,http://www.wikidata.org/entity/Q26430
5TWMWS8Q,4,5,http://www.wikidata.org/entity/Q10084
5TWMWS8Q,5,5,http://www.wikidata.org/entity/Q9899
5TWMWS8Q,6,5,http://www.wikidata.org/entity/Q9940
5TWMWS8Q,7,5,http://www.wikidata.org/entity/Q9936
CNXKB87E,1,0,http://www.wikidata.org/entity/Q57165824
CNXKB87E,2,0,http://www.wikidata.org/entity/Q52386025
CNXKB87E,3,0,http://www.wikidata.org/entity/Q27864150
CNXKB87E,4,0,http://www.wikidata.org/entity/Q20738971
CNXKB87E,5,0,http://www.wikidata.org/entity/Q17420039
CNXKB87E,6,0,http://www.wikidata.org/entity/Q1813483
CNXKB87E,7,0,http://www.wikidata.org/entity/Q2269704
CNXKB87E,8,0,http://www.wikidata.org/entity/Q17420039
CNXKB87E,9,0,http://www.wikidata.org/entity/Q11270941
CNXKB87E,10,0,http://www.wikidata.org/entity/Q17420039
CNXKB87E,11,0,http://www.wikidata.org/entity/Q18890259
CNXKB87E,12,0,http://www.wikidata.org/entity/Q52386025
CNXKB87E,13,0,http://www.wikidata.org/entity/Q27864150
CNXKB87E,14,0,http://www.wikidata.org/entity/Q20738971
CNXKB87E,1,1,http://www.wikidata.org/entity/Q18192726
CNXKB87E,2,1,http://www.wikidata.org/entity/Q42317185
CNXKB87E,3,1,http://www.wikidata.org/entity/Q21857932
CNXKB87E,4,1,http://www.wikidata.org/entity/Q20970765
CNXKB87E,5,1,http://www.wikidata.org/entity/Q14979277
CNXKB87E,6,1,http://www.wikidata.org/entity/Q849092
CNXKB87E,7,1,http://www.wikidata.org/entity/Q849059
CNXKB87E,8,1,http://www.wikidata.org/entity/Q14979277
CNXKB87E,9,1,http://www.wikidata.org/entity/Q1031504
CNXKB87E,10,1,http://www.wikidata.org/entity/Q14979277
CNXKB87E,11,1,http://www.wikidata.org/entity/Q18192726
CNXKB87E,12,1,http://www.wikidata.org/entity/Q42317185
CNXKB87E,13,1,http://www.wikidata.org/entity/Q21857932
CNXKB87E,14,1,http://www.wikidata.org/entity/Q20970765
CNXKB87E,1,2,http://www.wikidata.org/entity/Q447825
CNXKB87E,2,2,http://www.wikidata.org/entity/Q447825
CNXKB87E,3,2,http://www.wikidata.org/entity/Q447825
CNXKB87E,4,2,http://www.wikidata.org/entity/Q447825
CNXKB87E,5,2,http://www.wikidata.org/entity/Q447825
CNXKB87E,6,2,http://www.wikidata.org/entity/Q447825
CNXKB87E,7,2,http://www.wikidata.org/entity/Q440041
CNXKB87E,8,2,http://www.wikidata.org/entity/Q439803
CNXKB87E,9,2,http://www.wikidata.org/entity/Q439803
CNXKB87E,10,2,http://www.wikidata.org/entity/Q381259
CNXKB87E,11,2,http://www.wikidata.org/entity/Q380048
CNXKB87E,12,2,http://www.wikidata.org/entity/Q380048
CNXKB87E,13,2,http://www.wikidata.org/entity/Q380048
CNXKB87E,14,2,http://www.wikidata.org/entity/Q380048
CNXKB87E,1,3,http://www.wikidata.org/entity/Q10313
CNXKB87E,2,3,http://www.wikidata.org/entity/Q10313
CNXKB87E,3,3,http://www.wikidata.org/entity/Q10313
CNXKB87E,4,3,http://www.wikidata.org/entity/Q10313
CNXKB87E,5,3,http://www.wikidata.org/entity/Q10313
CNXKB87E,6,3,http://www.wikidata.org/entity/Q10313
CNXKB87E,7,3,http://www.wikidata.org/entity/Q10313
CNXKB87E,8,3,http://www.wikidata.org/entity/Q10313
CNXKB87E,9,3,http://www.wikidata.org/entity/Q10313
CNXKB87E,10,3,http://www.wikidata.org/entity/Q10313
CNXKB87E,11,3,http://www.wikidata.org/entity/Q10313
CNXKB87E,12,3,http://www.wikidata.org/entity/Q10313
CNXKB87E,13,3,http://www.wikidata.org/entity/Q10313
CNXKB87E,14,3,http://www.wikidata.org/entity/Q10313
CNXKB87E,1,4,http://www.wikidata.org/entity/Q3609
CNXKB87E,2,4,http://www.wikidata.org/entity/Q3609
CNXKB87E,3,4,http://www.wikidata.org/entity/Q3609
CNXKB87E,4,4,http://www.wikidata.org/entity/Q3609
CNXKB87E,5,4,http://www.wikidata.org/entity/Q3609
CNXKB87E,6,4,http://www.wikidata.org/entity/Q3609
CNXKB87E,7,4,http://www.wikidata.org/entity/Q3609
CNXKB87E,8,4,http://www.wikidata.org/entity/Q3609
CNXKB87E,9,4,http://www.wikidata.org/entity/Q3609
CNXKB87E,10,4,http://www.wikidata.org/entity/Q3609
CNXKB87E,11,4,http://www.wikidata.org/entity/Q3609
CNXKB87E,12,4,http://www.wikidata.org/entity/Q3609
CNXKB87E,13,4,http://www.wikidata.org/entity/Q3609
CNXKB87E,14,4,http://www.wikidata.org/entity/Q3609
CNXKB87E,1,5,http://www.wikidata.org/entity/Q10313
CNXKB87E,2,5,http://www.wikidata.org/entity/Q10313
CNXKB87E,3,5,http://www.wikidata.org/entity/Q10313
CNXKB87E,4,5,http://www.wikidata.org/entity/Q10313
CNXKB87E,5,5,http://www.wikidata.org/entity/Q10313
CNXKB87E,6,5,http://www.wikidata.org/entity/Q10313
CNXKB87E,7,5,http://www.wikidata.org/entity/Q10313
CNXKB87E,8,5,http://www.wikidata.org/entity/Q10313
CNXKB87E,9,5,http://www.wikidata.org/entity/Q10313
CNXKB87E,10,5,http://www.wikidata.org/entity/Q10313
CNXKB87E,11,5,http://www.wikidata.org/entity/Q10313
CNXKB87E,12,5,http://www.wikidata.org/entity/Q10313
CNXKB87E,13,5,http://www.wikidata.org/entity/Q10313
CNXKB87E,14,5,http://www.wikidata.org/entity/Q10313
CNXKB87E,1,6,http://www.wikidata.org/entity/Q29
CNXKB87E,2,6,http://www.wikidata.org/entity/Q29
CNXKB87E,3,6,http://www.wikidata.org/entity/Q29
CNXKB87E,4,6,http://www.wikidata.org/entity/Q29
CNXKB87E,5,6,http://www.wikidata.org/entity/Q29
CNXKB87E,6,6,http://www.wikidata.org/entity/Q29
CNXKB87E,7,6,http://www.wikidata.org/entity/Q29
CNXKB87E,8,6,http://www.wikidata.org/entity/Q29
CNXKB87E,9,6,http://www.wikidata.org/entity/Q29
CNXKB87E,10,6,http://www.wikidata.org/entity/Q29
CNXKB87E,11,6,http://www.wikidata.org/entity/Q29
CNXKB87E,12,6,http://www.wikidata.org/entity/Q29
CNXKB87E,13,6,http://www.wikidata.org/entity/Q29
CNXKB87E,14,6,http://www.wikidata.org/entity/Q29
CGJ42BCH,1,0,http://www.wikidata.org/entity/Q218593
CGJ42BCH,2,0,http://www.wikidata.org/entity/Q218593
CGJ42BCH,3,0,http://www.wikidata.org/entity/Q218593
CGJ42BCH,4,0,http://www.wikidata.org/entity/Q218593
CGJ42BCH,5,0,http://www.wikidata.org/entity/Q218593
CGJ42BCH,1,1,http://www.wikidata.org/entity/Q1807108
CGJ42BCH,2,1,http://www.wikidata.org/entity/Q64846
CGJ42BCH,3,1,http://www.wikidata.org/entity/Q134161
CGJ42BCH,4,1,http://www.wikidata.org/entity/Q25287
CGJ42BCH,5,1,http://www.wikidata.org/entity/Q1807108
CGJ42BCH,1,2,http://www.wikidata.org/entity/Q1807108
CGJ42BCH,2,2,http://www.wikidata.org/entity/Q323208
CGJ42BCH,3,2,http://www.wikidata.org/entity/Q134161
CGJ42BCH,4,2,http://www.wikidata.org/entity/Q1055
CGJ42BCH,5,2,http://www.wikidata.org/entity/Q1423378
CGJ42BCH,1,3,http://www.wikidata.org/entity/Q1807108
CGJ42BCH,2,3,http://www.wikidata.org/entity/Q1559126
CGJ42BCH,3,3,http://www.wikidata.org/entity/Q134161
CGJ42BCH,4,3,http://www.wikidata.org/entity/Q4174
CGJ42BCH,5,3,http://www.wikidata.org/entity/Q1807108
CGJ42BCH,1,4,http://www.wikidata.org/entity/Q1807108
CGJ42BCH,2,4,http://www.wikidata.org/entity/Q2225
CGJ42BCH,3,4,http://www.wikidata.org/entity/Q166280
CGJ42BCH,4,4,http://www.wikidata.org/entity/Q1293
CGJ42BCH,5,4,http://www.wikidata.org/entity/Q155930
CR8CUTXS,1,0,http://www.wikidata.org/entity/Q16139
CR8CUTXS,2,0,http://www.wikidata.org/entity/Q16287
CR8CUTXS,3,0,http://www.wikidata.org/entity/Q16207
CR8CUTXS,4,0,http://www.wikidata.org/entity/Q16184
CR8CUTXS,5,0,http://www.wikidata.org/entity/Q16294
CR8CUTXS,6,0,http://www.wikidata.org/entity/Q15121
CR8CUTXS,7,0,http://www.wikidata.org/entity/Q15119
CR8CUTXS,8,0,http://www.wikidata.org/entity/Q16166
CR8CUTXS,9,0,http://www.wikidata.org/entity/Q16154
CR8CUTXS,10,0,http://www.wikidata.org/entity/Q16172
CR8CUTXS,11,0,http://www.wikidata.org/entity/Q16227
CR8CUTXS,1,1,http://www.wikidata.org/entity/Q6723
CR8CUTXS,2,1,http://www.wikidata.org/entity/Q6723
CR8CUTXS,3,1,http://www.wikidata.org/entity/Q6655
CR8CUTXS,4,1,http://www.wikidata.org/entity/Q6655
CR8CUTXS,5,1,http://www.wikidata.org/entity/Q6723
CR8CUTXS,6,1,http://www.wikidata.org/entity/Q6655
CR8CUTXS,7,1,http://www.wikidata.org/entity/Q6655
CR8CUTXS,8,1,http://www.wikidata.org/entity/Q6655
CR8CUTXS,9,1,http://www.wikidata.org/entity/Q6723
CR8CUTXS,10,1,http://www.wikidata.org/entity/Q6655
CR8CUTXS,11,1,http://www.wikidata.org/entity/Q6723
CR8CUTXS,1,2,http://www.wikidata.org/entity/Q1891
CR8CUTXS,2,2,http://www.wikidata.org/entity/Q9101
CR8CUTXS,3,2,http://www.wikidata.org/entity/Q13654
CR8CUTXS,4,2,http://www.wikidata.org/entity/Q53134
CR8CUTXS,5,2,http://www.wikidata.org/entity/Q2790
CR8CUTXS,6,2,http://www.wikidata.org/entity/Q490
CR8CUTXS,7,2,http://www.wikidata.org/entity/Q243271
CR8CUTXS,8,2,http://www.wikidata.org/entity/Q13687
CR8CUTXS,9,2,http://www.wikidata.org/entity/Q478757
CR8CUTXS,10,2,http://www.wikidata.org/entity/Q2044
CR8CUTXS,11,2,http://www.wikidata.org/entity/Q2656
CR8CUTXS,1,3,http://www.wikidata.org/entity/Q3924474
CR8CUTXS,2,3,http://www.wikidata.org/entity/Q3924474
CR8CUTXS,3,3,http://www.wikidata.org/entity/Q3924474
CR8CUTXS,4,3,http://www.wikidata.org/entity/Q3924474
CR8CUTXS,5,3,http://www.wikidata.org/entity/Q3924474
CR8CUTXS,6,3,http://www.wikidata.org/entity/Q3924474
CR8CUTXS,7,3,http://www.wikidata.org/entity/Q3924474
CR8CUTXS,8,3,http://www.wikidata.org/entity/Q3924474
CR8CUTXS,9,3,http://www.wikidata.org/entity/Q3924474
CR8CUTXS,10,3,http://www.wikidata.org/entity/Q56061
CR8CUTXS,11,3,http://www.wikidata.org/entity/Q3924474
07IBM2Y9,1,0,http://www.wikidata.org/entity/Q5846
07IBM2Y9,2,0,http://www.wikidata.org/entity/Q5480
07IBM2Y9,3,0,http://www.wikidata.org/entity/Q6665860
07IBM2Y9,4,0,http://www.wikidata.org/entity/Q12815803
07IBM2Y9,1,1,http://www.wikidata.org/entity/Q43994
07IBM2Y9,2,1,http://www.wikidata.org/entity/Q43994
07IBM2Y9,3,1,http://www.wikidata.org/entity/Q736464
07IBM2Y9,4,1,http://www.wikidata.org/entity/Q181677
07IBM2Y9,1,2,http://www.wikidata.org/entity/Q886
07IBM2Y9,2,2,http://www.wikidata.org/entity/Q886
07IBM2Y9,3,2,http://www.wikidata.org/entity/Q457409
07IBM2Y9,4,2,http://www.wikidata.org/entity/Q2704863
07IBM2Y9,1,3,http://www.wikidata.org/entity/Q886
07IBM2Y9,2,3,http://www.wikidata.org/entity/Q886
07IBM2Y9,3,3,http://www.wikidata.org/entity/Q457409
07IBM2Y9,4,3,http://www.wikidata.org/entity/Q23572
07IBM2Y9,1,4,http://www.wikidata.org/entity/Q4990628
07IBM2Y9,2,4,http://www.wikidata.org/entity/Q4990628
07IBM2Y9,3,4,http://www.wikidata.org/entity/Q3723661
07IBM2Y9,4,4,http://www.wikidata.org/entity/Q3472490
UFYJUIP4,1,0,http://www.wikidata.org/entity/Q218593
UFYJUIP4,2,0,http://www.wikidata.org/entity/Q218593
UFYJUIP4,3,0,http://www.wikidata.org/entity/Q218593
UFYJUIP4,1,1,http://www.wikidata.org/entity/Q523376
UFYJUIP4,2,1,http://www.wikidata.org/entity/Q28552153
UFYJUIP4,3,1,http://www.wikidata.org/entity/Q3609
UFYJUIP4,1,2,http://www.wikidata.org/entity/Q3511555
UFYJUIP4,2,2,http://www.wikidata.org/entity/Q18708418
UFYJUIP4,3,2,http://www.wikidata.org/entity/Q3609
UFYJUIP4,1,3,http://www.wikidata.org/entity/Q17351474
UFYJUIP4,2,3,http://www.wikidata.org/entity/Q22681040
UFYJUIP4,3,3,http://www.wikidata.org/entity/Q3609
UFYJUIP4,1,4,http://www.wikidata.org/entity/Q774498
UFYJUIP4,2,4,http://www.wikidata.org/entity/Q22680887
UFYJUIP4,3,4,http://www.wikidata.org/entity/Q3609
UFYJUIP4,1,5,http://www.wikidata.org/entity/Q19388493
UFYJUIP4,2,5,http://www.wikidata.org/entity/Q30214664
UFYJUIP4,3,5,http://www.wikidata.org/entity/Q3609
UFYJUIP4,1,6,http://www.wikidata.org/entity/Q169109
UFYJUIP4,2,6,http://www.wikidata.org/entity/Q27437589
UFYJUIP4,3,6,http://www.wikidata.org/entity/Q3609
UFYJUIP4,1,7,http://www.wikidata.org/entity/Q382065
UFYJUIP4,2,7,http://www.wikidata.org/entity/Q22783180
UFYJUIP4,3,7,http://www.wikidata.org/entity/Q3609
FS5NKC36,1,0,http://www.wikidata.org/entity/Q65487331
FS5NKC36,2,0,http://www.wikidata.org/entity/Q65487330
FS5NKC36,3,0,http://www.wikidata.org/entity/Q65487329
FS5NKC36,4,0,http://www.wikidata.org/entity/Q65487328
FS5NKC36,5,0,http://www.wikidata.org/entity/Q65028971
FS5NKC36,1,1,http://www.wikidata.org/entity/Q65487330
FS5NKC36,2,1,http://www.wikidata.org/entity/Q65487329
FS5NKC36,3,1,http://www.wikidata.org/entity/Q65487328
FS5NKC36,4,1,http://www.wikidata.org/entity/Q65028971
FS5NKC36,5,1,http://www.wikidata.org/entity/Q65028970
FS5NKC36,1,2,http://www.wikidata.org/entity/Q2493431
FS5NKC36,2,2,http://www.wikidata.org/entity/Q2493431
FS5NKC36,3,2,http://www.wikidata.org/entity/Q2493431
FS5NKC36,4,2,http://www.wikidata.org/entity/Q2493431
FS5NKC36,5,2,http://www.wikidata.org/entity/Q2493431
FS5NKC36,1,3,http://www.wikidata.org/entity/Q63891772
FS5NKC36,2,3,http://www.wikidata.org/entity/Q63891772
FS5NKC36,3,3,http://www.wikidata.org/entity/Q63891772
FS5NKC36,4,3,http://www.wikidata.org/entity/Q63891772
FS5NKC36,5,3,http://www.wikidata.org/entity/Q63891772
FS5NKC36,1,5,http://www.wikidata.org/entity/Q66098665
FS5NKC36,2,5,http://www.wikidata.org/entity/Q66098665
FS5NKC36,3,5,http://www.wikidata.org/entity/Q66098665
FS5NKC36,4,5,http://www.wikidata.org/entity/Q66098665
FS5NKC36,5,5,http://www.wikidata.org/entity/Q66098665
FS5NKC36,1,6,http://www.wikidata.org/entity/Q7291
FS5NKC36,2,6,http://www.wikidata.org/entity/Q7291
FS5NKC36,3,6,http://www.wikidata.org/entity/Q7291
FS5NKC36,4,6,http://www.wikidata.org/entity/Q7291
FS5NKC36,5,6,http://www.wikidata.org/entity/Q7291
3WFGA2N1,0,0,http://www.wikidata.org/entity/Q218593
3WFGA2N1,1,0,http://www.wikidata.org/entity/Q2952420
3WFGA2N1,2,0,http://www.wikidata.org/entity/Q2400480
3WFGA2N1,3,0,http://www.wikidata.org/entity/Q2952420
3WFGA2N1,4,0,http://www.wikidata.org/entity/Q2400480
3WFGA2N1,0,1,http://www.wikidata.org/entity/Q218593
3WFGA2N1,1,1,http://www.wikidata.org/entity/Q39
3WFGA2N1,2,1,http://www.wikidata.org/entity/Q39
3WFGA2N1,3,1,http://www.wikidata.org/entity/Q39
3WFGA2N1,4,1,http://www.wikidata.org/entity/Q39
3WFGA2N1,0,2,http://www.wikidata.org/entity/Q14877683
3WFGA2N1,1,2,http://www.wikidata.org/entity/Q6195
3WFGA2N1,2,2,http://www.wikidata.org/entity/Q202259
3WFGA2N1,3,2,http://www.wikidata.org/entity/Q6195
3WFGA2N1,4,2,http://www.wikidata.org/entity/Q202259
3WFGA2N1,0,3,http://www.wikidata.org/entity/Q218593
3WFGA2N1,1,3,http://www.wikidata.org/entity/Q757046
3WFGA2N1,2,3,http://www.wikidata.org/entity/Q2842859
3WFGA2N1,3,3,http://www.wikidata.org/entity/Q2134094
3WFGA2N1,4,3,http://www.wikidata.org/entity/Q1913507
3WFGA2N1,0,4,http://www.wikidata.org/entity/Q218593
3WFGA2N1,1,4,http://www.wikidata.org/entity/Q523370
3WFGA2N1,2,4,http://www.wikidata.org/entity/Q2952420
3WFGA2N1,3,4,http://www.wikidata.org/entity/Q523370
3WFGA2N1,4,4,http://www.wikidata.org/entity/Q2952420
HEJADZKK,1,0,http://www.wikidata.org/entity/Q21051478
HEJADZKK,2,0,http://www.wikidata.org/entity/Q21092348
HEJADZKK,3,0,http://www.wikidata.org/entity/Q1734491
HEJADZKK,4,0,http://www.wikidata.org/entity/Q1886096
HEJADZKK,1,1,http://www.wikidata.org/entity/Q174174
HEJADZKK,2,1,http://www.wikidata.org/entity/Q174174
HEJADZKK,3,1,http://www.wikidata.org/entity/Q502048
HEJADZKK,4,1,http://www.wikidata.org/entity/Q502048
HEJADZKK,1,2,http://www.wikidata.org/entity/Q19834910
HEJADZKK,2,2,http://www.wikidata.org/entity/Q21051478
HEJADZKK,3,2,http://www.wikidata.org/entity/Q11341781
HEJADZKK,4,2,http://www.wikidata.org/entity/Q1328962
2WGOAYL4,1,0,http://www.wikidata.org/entity/Q271818
2WGOAYL4,2,0,http://www.wikidata.org/entity/Q61226
2WGOAYL4,3,0,http://www.wikidata.org/entity/Q318634
2WGOAYL4,4,0,http://www.wikidata.org/entity/Q61226
2WGOAYL4,5,0,http://www.wikidata.org/entity/Q271818
2WGOAYL4,6,0,http://www.wikidata.org/entity/Q61226
2WGOAYL4,7,0,http://www.wikidata.org/entity/Q271818
2WGOAYL4,8,0,http://www.wikidata.org/entity/Q870674
2WGOAYL4,1,3,http://www.wikidata.org/entity/Q869408
2WGOAYL4,2,3,http://www.wikidata.org/entity/Q661835
2WGOAYL4,3,3,http://www.wikidata.org/entity/Q602508
2WGOAYL4,4,3,http://www.wikidata.org/entity/Q494054
2WGOAYL4,5,3,http://www.wikidata.org/entity/Q265365
2WGOAYL4,6,3,http://www.wikidata.org/entity/Q204551
2WGOAYL4,7,3,http://www.wikidata.org/entity/Q92258250
2WGOAYL4,8,3,http://www.wikidata.org/entity/Q26703430
LTMJIFR2,0,0,http://www.wikidata.org/entity/Q218593
LTMJIFR2,1,0,http://www.wikidata.org/entity/Q79922043
LTMJIFR2,2,0,http://www.wikidata.org/entity/Q60780859
LTMJIFR2,3,0,http://www.wikidata.org/entity/Q60780860
LTMJIFR2,4,0,http://www.wikidata.org/entity/Q32112
LTMJIFR2,5,0,http://www.wikidata.org/entity/Q79922043
LTMJIFR2,6,0,http://www.wikidata.org/entity/Q3503092
LTMJIFR2,7,0,http://www.wikidata.org/entity/Q79989587
LTMJIFR2,8,0,http://www.wikidata.org/entity/Q60781114
LTMJIFR2,9,0,http://www.wikidata.org/entity/Q105172212
LTMJIFR2,10,0,http://www.wikidata.org/entity/Q60780860
LTMJIFR2,11,0,http://www.wikidata.org/entity/Q105172273
LTMJIFR2,0,1,http://www.wikidata.org/entity/Q218593
LTMJIFR2,1,1,http://www.wikidata.org/entity/Q79922039
LTMJIFR2,2,1,http://www.wikidata.org/entity/Q60780859
LTMJIFR2,3,1,http://www.wikidata.org/entity/Q60781137
LTMJIFR2,4,1,http://www.wikidata.org/entity/Q32112
LTMJIFR2,5,1,http://www.wikidata.org/entity/Q60781128
LTMJIFR2,6,1,http://www.wikidata.org/entity/Q5004679
LTMJIFR2,7,1,http://www.wikidata.org/entity/Q60781115
LTMJIFR2,8,1,http://www.wikidata.org/entity/Q60781114
LTMJIFR2,9,1,http://www.wikidata.org/entity/Q64893708
LTMJIFR2,10,1,http://www.wikidata.org/entity/Q60781108
LTMJIFR2,11,1,http://www.wikidata.org/entity/Q105172273
LTMJIFR2,0,2,http://www.wikidata.org/entity/Q14877683
LTMJIFR2,1,2,http://www.wikidata.org/entity/Q657415
LTMJIFR2,2,2,http://www.wikidata.org/entity/Q657415
LTMJIFR2,3,2,http://www.wikidata.org/entity/Q657415
LTMJIFR2,4,2,http://www.wikidata.org/entity/Q657415
LTMJIFR2,5,2,http://www.wikidata.org/entity/Q657415
LTMJIFR2,6,2,http://www.wikidata.org/entity/Q657415
LTMJIFR2,7,2,http://www.wikidata.org/entity/Q657415
LTMJIFR2,8,2,http://www.wikidata.org/entity/Q657415
LTMJIFR2,9,2,http://www.wikidata.org/entity/Q657415
LTMJIFR2,10,2,http://www.wikidata.org/entity/Q657415
LTMJIFR2,11,2,http://www.wikidata.org/entity/Q657415
LTMJIFR2,0,3,http://www.wikidata.org/entity/Q9633
LTMJIFR2,1,3,http://www.wikidata.org/entity/Q18593264
LTMJIFR2,2,3,http://www.wikidata.org/entity/Q18593264
LTMJIFR2,3,3,http://www.wikidata.org/entity/Q18593264
LTMJIFR2,4,3,http://www.wikidata.org/entity/Q18593264
LTMJIFR2,5,3,http://www.wikidata.org/entity/Q18593264
LTMJIFR2,6,3,http://www.wikidata.org/entity/Q18593264
LTMJIFR2,7,3,http://www.wikidata.org/entity/Q18593264
LTMJIFR2,8,3,http://www.wikidata.org/entity/Q18593264
LTMJIFR2,9,3,http://www.wikidata.org/entity/Q18593264
LTMJIFR2,10,3,http://www.wikidata.org/entity/Q18593264
LTMJIFR2,11,3,http://www.wikidata.org/entity/Q18593264
DLU7OD5X,1,0,http://www.wikidata.org/entity/Q161087
DLU7OD5X,2,0,http://www.wikidata.org/entity/Q102448
DLU7OD5X,3,0,http://www.wikidata.org/entity/Q161087
DLU7OD5X,4,0,http://www.wikidata.org/entity/Q102448
DLU7OD5X,1,1,http://www.wikidata.org/entity/Q27915574
DLU7OD5X,2,1,http://www.wikidata.org/entity/Q27915574
DLU7OD5X,3,1,http://www.wikidata.org/entity/Q27915574
DLU7OD5X,4,1,http://www.wikidata.org/entity/Q27915574
DLU7OD5X,1,2,http://www.wikidata.org/entity/Q1138711
DLU7OD5X,2,2,http://www.wikidata.org/entity/Q49023
DLU7OD5X,3,2,http://www.wikidata.org/entity/Q1138711
DLU7OD5X,4,2,http://www.wikidata.org/entity/Q49023
DLU7OD5X,1,3,http://www.wikidata.org/entity/Q20644796
DLU7OD5X,2,3,http://www.wikidata.org/entity/Q20644796
DLU7OD5X,3,3,http://www.wikidata.org/entity/Q20644796
DLU7OD5X,4,3,http://www.wikidata.org/entity/Q20644796
DLU7OD5X,1,4,http://www.wikidata.org/entity/Q593185
DLU7OD5X,2,4,http://www.wikidata.org/entity/Q208657
DLU7OD5X,3,4,http://www.wikidata.org/entity/Q202857
DLU7OD5X,4,4,http://www.wikidata.org/entity/Q173998
M2P9YHND,1,0,http://www.wikidata.org/entity/Q757050
M2P9YHND,2,0,http://www.wikidata.org/entity/Q731915
M2P9YHND,3,0,http://www.wikidata.org/entity/Q909654
M2P9YHND,4,0,http://www.wikidata.org/entity/Q846341
M2P9YHND,5,0,http://www.wikidata.org/entity/Q650475
M2P9YHND,6,0,http://www.wikidata.org/entity/Q520405
M2P9YHND,7,0,http://www.wikidata.org/entity/Q765976
M2P9YHND,8,0,http://www.wikidata.org/entity/Q744247
M2P9YHND,9,0,http://www.wikidata.org/entity/Q465698
M2P9YHND,10,0,http://www.wikidata.org/entity/Q267871
M2P9YHND,11,0,http://www.wikidata.org/entity/Q849156
M2P9YHND,12,0,http://www.wikidata.org/entity/Q757043
M2P9YHND,13,0,http://www.wikidata.org/entity/Q849832
M2P9YHND,14,0,http://www.wikidata.org/entity/Q659665
M2P9YHND,1,1,http://www.wikidata.org/entity/Q211
M2P9YHND,2,1,http://www.wikidata.org/entity/Q211
M2P9YHND,3,1,http://www.wikidata.org/entity/Q211
M2P9YHND,4,1,http://www.wikidata.org/entity/Q211
M2P9YHND,5,1,http://www.wikidata.org/entity/Q211
M2P9YHND,6,1,http://www.wikidata.org/entity/Q211
M2P9YHND,7,1,http://www.wikidata.org/entity/Q211
M2P9YHND,8,1,http://www.wikidata.org/entity/Q211
M2P9YHND,9,1,http://www.wikidata.org/entity/Q211
M2P9YHND,10,1,http://www.wikidata.org/entity/Q211
M2P9YHND,11,1,http://www.wikidata.org/entity/Q211
M2P9YHND,12,1,http://www.wikidata.org/entity/Q211
M2P9YHND,13,1,http://www.wikidata.org/entity/Q211
M2P9YHND,14,1,http://www.wikidata.org/entity/Q211
M2P9YHND,1,3,http://www.wikidata.org/entity/Q2327041
M2P9YHND,2,3,http://www.wikidata.org/entity/Q2321579
M2P9YHND,3,3,http://www.wikidata.org/entity/Q2302964
M2P9YHND,4,3,http://www.wikidata.org/entity/Q2302964
M2P9YHND,5,3,http://www.wikidata.org/entity/Q2302964
M2P9YHND,6,3,http://www.wikidata.org/entity/Q2302964
M2P9YHND,7,3,http://www.wikidata.org/entity/Q2299415
M2P9YHND,8,3,http://www.wikidata.org/entity/Q2299261
M2P9YHND,9,3,http://www.wikidata.org/entity/Q2299251
M2P9YHND,10,3,http://www.wikidata.org/entity/Q2299239
M2P9YHND,11,3,http://www.wikidata.org/entity/Q2277489
M2P9YHND,12,3,http://www.wikidata.org/entity/Q2268947
M2P9YHND,13,3,http://www.wikidata.org/entity/Q2252820
M2P9YHND,14,3,http://www.wikidata.org/entity/Q2251931
I5UCZFPB,1,0,http://www.wikidata.org/entity/Q15752057
I5UCZFPB,2,0,http://www.wikidata.org/entity/Q15753120
I5UCZFPB,3,0,http://www.wikidata.org/entity/Q15750126
I5UCZFPB,4,0,http://www.wikidata.org/entity/Q15749995
I5UCZFPB,5,0,http://www.wikidata.org/entity/Q14633040
I5UCZFPB,6,0,http://www.wikidata.org/entity/Q15756992
I5UCZFPB,7,0,http://www.wikidata.org/entity/Q15755170
I5UCZFPB,8,0,http://www.wikidata.org/entity/Q15753120
I5UCZFPB,9,0,http://www.wikidata.org/entity/Q15752742
I5UCZFPB,10,0,http://www.wikidata.org/entity/Q15752057
I5UCZFPB,1,1,http://www.wikidata.org/entity/Q2329
I5UCZFPB,2,1,http://www.wikidata.org/entity/Q189603
I5UCZFPB,3,1,http://www.wikidata.org/entity/Q441
I5UCZFPB,4,1,http://www.wikidata.org/entity/Q431
I5UCZFPB,5,1,http://www.wikidata.org/entity/Q40821
I5UCZFPB,6,1,http://www.wikidata.org/entity/Q7193
I5UCZFPB,7,1,http://www.wikidata.org/entity/Q7108
I5UCZFPB,8,1,http://www.wikidata.org/entity/Q189603
I5UCZFPB,9,1,http://www.wikidata.org/entity/Q171171
I5UCZFPB,10,1,http://www.wikidata.org/entity/Q2329
I5UCZFPB,1,2,http://www.wikidata.org/entity/Q27724168
I5UCZFPB,2,2,http://www.wikidata.org/entity/Q27709059
I5UCZFPB,3,2,http://www.wikidata.org/entity/Q21385075
I5UCZFPB,4,2,http://www.wikidata.org/entity/Q51421991
I5UCZFPB,5,2,http://www.wikidata.org/entity/Q27711782
I5UCZFPB,6,2,http://www.wikidata.org/entity/Q66626443
I5UCZFPB,7,2,http://www.wikidata.org/entity/Q29043934
I5UCZFPB,8,2,http://www.wikidata.org/entity/Q27709059
I5UCZFPB,9,2,http://www.wikidata.org/entity/Q27710644
I5UCZFPB,10,2,http://www.wikidata.org/entity/Q27724168
I5UCZFPB,1,3,http://www.wikidata.org/entity/Q73365499
I5UCZFPB,2,3,http://www.wikidata.org/entity/Q73365221
I5UCZFPB,3,3,http://www.wikidata.org/entity/Q73365221
I5UCZFPB,4,3,http://www.wikidata.org/entity/Q73365221
I5UCZFPB,5,3,http://www.wikidata.org/entity/Q73365221
I5UCZFPB,6,3,http://www.wikidata.org/entity/Q73364223
I5UCZFPB,7,3,http://www.wikidata.org/entity/Q73364223
I5UCZFPB,8,3,http://www.wikidata.org/entity/Q73364223
I5UCZFPB,9,3,http://www.wikidata.org/entity/Q73364223
I5UCZFPB,10,3,http://www.wikidata.org/entity/Q73364223
6MWOL5NO,1,0,http://www.wikidata.org/entity/Q7236031
6MWOL5NO,2,0,http://www.wikidata.org/entity/Q6923732
6MWOL5NO,3,0,http://www.wikidata.org/entity/Q4841007
6MWOL5NO,4,0,http://www.wikidata.org/entity/Q256933
6MWOL5NO,1,1,http://www.wikidata.org/entity/Q30
6MWOL5NO,2,1,http://www.wikidata.org/entity/Q30
6MWOL5NO,3,1,http://www.wikidata.org/entity/Q30
6MWOL5NO,4,1,http://www.wikidata.org/entity/Q30
6MWOL5NO,1,2,http://www.wikidata.org/entity/Q127979
6MWOL5NO,2,2,http://www.wikidata.org/entity/Q312750
6MWOL5NO,3,2,http://www.wikidata.org/entity/Q495257
6MWOL5NO,4,2,http://www.wikidata.org/entity/Q312497
6MWOL5NO,1,3,http://www.wikidata.org/entity/Q27995042
6MWOL5NO,2,3,http://www.wikidata.org/entity/Q27995042
6MWOL5NO,3,3,http://www.wikidata.org/entity/Q27995042
6MWOL5NO,4,3,http://www.wikidata.org/entity/Q839954
6MWOL5NO,1,4,http://www.wikidata.org/entity/Q14545620
6MWOL5NO,2,4,http://www.wikidata.org/entity/Q14545620
6MWOL5NO,3,4,http://www.wikidata.org/entity/Q14545620
6MWOL5NO,4,4,http://www.wikidata.org/entity/Q14545620
6MWOL5NO,1,5,http://www.wikidata.org/entity/Q222762
6MWOL5NO,2,5,http://www.wikidata.org/entity/Q1759444
6MWOL5NO,3,5,http://www.wikidata.org/entity/Q213325
6MWOL5NO,4,5,http://www.wikidata.org/entity/Q1012688
6MWOL5NO,1,6,http://www.wikidata.org/entity/Q49
6MWOL5NO,2,6,http://www.wikidata.org/entity/Q49
6MWOL5NO,3,6,http://www.wikidata.org/entity/Q49
6MWOL5NO,4,6,http://www.wikidata.org/entity/Q49
WP92BTBQ,1,0,http://www.wikidata.org/entity/Q5017488
WP92BTBQ,2,0,http://www.wikidata.org/entity/Q5088022
WP92BTBQ,3,0,http://www.wikidata.org/entity/Q5088017
WP92BTBQ,4,0,http://www.wikidata.org/entity/Q5088015
WP92BTBQ,1,1,http://www.wikidata.org/entity/Q13220204
WP92BTBQ,2,1,http://www.wikidata.org/entity/Q2582669
WP92BTBQ,3,1,http://www.wikidata.org/entity/Q2582669
WP92BTBQ,4,1,http://www.wikidata.org/entity/Q2582669
WP92BTBQ,1,2,http://www.wikidata.org/entity/Q881
WP92BTBQ,2,2,http://www.wikidata.org/entity/Q881
WP92BTBQ,3,2,http://www.wikidata.org/entity/Q881
WP92BTBQ,4,2,http://www.wikidata.org/entity/Q881
WP92BTBQ,1,4,http://www.wikidata.org/entity/Q36666
WP92BTBQ,2,4,http://www.wikidata.org/entity/Q36666
WP92BTBQ,3,4,http://www.wikidata.org/entity/Q26573
WP92BTBQ,4,4,http://www.wikidata.org/entity/Q36576
8BCT1AOT,1,0,http://www.wikidata.org/entity/Q1352101
8BCT1AOT,2,0,http://www.wikidata.org/entity/Q1347793
8BCT1AOT,3,0,http://www.wikidata.org/entity/Q1321371
8BCT1AOT,4,0,http://www.wikidata.org/entity/Q972098
8BCT1AOT,5,0,http://www.wikidata.org/entity/Q959860
8BCT1AOT,6,0,http://www.wikidata.org/entity/Q947844
8BCT1AOT,7,0,http://www.wikidata.org/entity/Q766729
8BCT1AOT,8,0,http://www.wikidata.org/entity/Q650735
8BCT1AOT,9,0,http://www.wikidata.org/entity/Q631912
8BCT1AOT,10,0,http://www.wikidata.org/entity/Q610229
8BCT1AOT,11,0,http://www.wikidata.org/entity/Q598538
8BCT1AOT,12,0,http://www.wikidata.org/entity/Q595916
8BCT1AOT,1,1,http://www.wikidata.org/entity/Q36159
8BCT1AOT,2,1,http://www.wikidata.org/entity/Q337370
8BCT1AOT,3,1,http://www.wikidata.org/entity/Q205326
8BCT1AOT,4,1,http://www.wikidata.org/entity/Q169452
8BCT1AOT,5,1,http://www.wikidata.org/entity/Q313487
8BCT1AOT,6,1,http://www.wikidata.org/entity/Q348618
8BCT1AOT,7,1,http://www.wikidata.org/entity/Q511111
8BCT1AOT,8,1,http://www.wikidata.org/entity/Q964580
8BCT1AOT,9,1,http://www.wikidata.org/entity/Q362872
8BCT1AOT,10,1,http://www.wikidata.org/entity/Q180860
8BCT1AOT,11,1,http://www.wikidata.org/entity/Q310281
8BCT1AOT,12,1,http://www.wikidata.org/entity/Q311546
8BCT1AOT,1,2,http://www.wikidata.org/entity/Q60
8BCT1AOT,2,2,http://www.wikidata.org/entity/Q60
8BCT1AOT,3,2,http://www.wikidata.org/entity/Q60
8BCT1AOT,4,2,http://www.wikidata.org/entity/Q6106
8BCT1AOT,5,2,http://www.wikidata.org/entity/Q60
8BCT1AOT,6,2,http://www.wikidata.org/entity/Q25395
8BCT1AOT,7,2,http://www.wikidata.org/entity/Q172
8BCT1AOT,8,2,http://www.wikidata.org/entity/Q60
8BCT1AOT,9,2,http://www.wikidata.org/entity/Q60
8BCT1AOT,10,2,http://www.wikidata.org/entity/Q60
8BCT1AOT,11,2,http://www.wikidata.org/entity/Q61
8BCT1AOT,12,2,http://www.wikidata.org/entity/Q60
8BCT1AOT,1,3,http://www.wikidata.org/entity/Q155223
8BCT1AOT,2,3,http://www.wikidata.org/entity/Q155223
8BCT1AOT,3,3,http://www.wikidata.org/entity/Q155223
8BCT1AOT,4,3,http://www.wikidata.org/entity/Q155223
8BCT1AOT,5,3,http://www.wikidata.org/entity/Q155223
8BCT1AOT,6,3,http://www.wikidata.org/entity/Q155223
8BCT1AOT,7,3,http://www.wikidata.org/entity/Q155223
8BCT1AOT,8,3,http://www.wikidata.org/entity/Q155223
8BCT1AOT,9,3,http://www.wikidata.org/entity/Q155223
8BCT1AOT,10,3,http://www.wikidata.org/entity/Q155223
8BCT1AOT,11,3,http://www.wikidata.org/entity/Q155223
8BCT1AOT,12,3,http://www.wikidata.org/entity/Q155223
0TRCOI1D,1,0,http://www.wikidata.org/entity/Q3853498
0TRCOI1D,2,0,http://www.wikidata.org/entity/Q5082777
0TRCOI1D,3,0,http://www.wikidata.org/entity/Q5473930
0TRCOI1D,4,0,http://www.wikidata.org/entity/Q2979417
0TRCOI1D,1,1,http://www.wikidata.org/entity/Q50783
0TRCOI1D,2,1,http://www.wikidata.org/entity/Q2305526
0TRCOI1D,3,1,http://www.wikidata.org/entity/Q2352741
0TRCOI1D,4,1,http://www.wikidata.org/entity/Q1140630
0TRCOI1D,1,2,http://www.wikidata.org/entity/Q50776
0TRCOI1D,2,2,http://www.wikidata.org/entity/Q50776
0TRCOI1D,3,2,http://www.wikidata.org/entity/Q50776
0TRCOI1D,4,2,http://www.wikidata.org/entity/Q10962
0TRCOI1D,1,3,http://www.wikidata.org/entity/Q5087020
0TRCOI1D,2,3,http://www.wikidata.org/entity/Q5085581
0TRCOI1D,3,3,http://www.wikidata.org/entity/Q4864691
0TRCOI1D,4,3,http://www.wikidata.org/entity/Q2979414
QM6MAICE,1,0,http://www.wikidata.org/entity/Q218593
QM6MAICE,2,0,http://www.wikidata.org/entity/Q218593
QM6MAICE,3,0,http://www.wikidata.org/entity/Q218593
QM6MAICE,1,1,http://www.wikidata.org/entity/Q20
QM6MAICE,2,1,http://www.wikidata.org/entity/Q16581623
QM6MAICE,3,1,http://www.wikidata.org/entity/Q33517532
QM6MAICE,1,2,http://www.wikidata.org/entity/Q20
QM6MAICE,2,2,http://www.wikidata.org/entity/Q33517530
QM6MAICE,3,2,http://www.wikidata.org/entity/Q45210587
QM6MAICE,1,3,http://www.wikidata.org/entity/Q9043
QM6MAICE,2,3,http://www.wikidata.org/entity/Q33517530
QM6MAICE,3,3,http://www.wikidata.org/entity/Q30134401
QM6MAICE,1,4,http://www.wikidata.org/entity/Q20
QM6MAICE,2,4,http://www.wikidata.org/entity/Q33517530
QM6MAICE,3,4,http://www.wikidata.org/entity/Q45210566
J667MQYE,1,0,http://www.wikidata.org/entity/Q1529544
J667MQYE,2,0,http://www.wikidata.org/entity/Q1409666
J667MQYE,3,0,http://www.wikidata.org/entity/Q931718
J667MQYE,4,0,http://www.wikidata.org/entity/Q885056
J667MQYE,5,0,http://www.wikidata.org/entity/Q882620
J667MQYE,6,0,http://www.wikidata.org/entity/Q880101
J667MQYE,7,0,http://www.wikidata.org/entity/Q858079
J667MQYE,1,1,http://www.wikidata.org/entity/Q2379199
J667MQYE,2,1,http://www.wikidata.org/entity/Q4174
J667MQYE,3,1,http://www.wikidata.org/entity/Q133116
J667MQYE,4,1,http://www.wikidata.org/entity/Q1752086
J667MQYE,5,1,http://www.wikidata.org/entity/Q1055
J667MQYE,6,1,http://www.wikidata.org/entity/Q494631
J667MQYE,7,1,http://www.wikidata.org/entity/Q1626
J667MQYE,1,3,http://www.wikidata.org/entity/Q575727
J667MQYE,2,3,http://www.wikidata.org/entity/Q575727
J667MQYE,3,3,http://www.wikidata.org/entity/Q575727
J667MQYE,4,3,http://www.wikidata.org/entity/Q575727
J667MQYE,5,3,http://www.wikidata.org/entity/Q575727
J667MQYE,6,3,http://www.wikidata.org/entity/Q575727
J667MQYE,7,3,http://www.wikidata.org/entity/Q575727
KUQ7AIOU,1,0,http://www.wikidata.org/entity/Q47974
KUQ7AIOU,2,0,http://www.wikidata.org/entity/Q57052
KUQ7AIOU,3,0,http://www.wikidata.org/entity/Q47974
KUQ7AIOU,4,0,http://www.wikidata.org/entity/Q57052
KUQ7AIOU,5,0,http://www.wikidata.org/entity/Q47974
KUQ7AIOU,6,0,http://www.wikidata.org/entity/Q57052
KUQ7AIOU,7,0,http://www.wikidata.org/entity/Q47974
KUQ7AIOU,8,0,http://www.wikidata.org/entity/Q43194
KUQ7AIOU,9,0,http://www.wikidata.org/entity/Q19770
KUQ7AIOU,10,0,http://www.wikidata.org/entity/Q15175
KUQ7AIOU,11,0,http://www.wikidata.org/entity/Q19206
KUQ7AIOU,1,1,http://www.wikidata.org/entity/Q56479
KUQ7AIOU,2,1,http://www.wikidata.org/entity/Q9192
KUQ7AIOU,3,1,http://www.wikidata.org/entity/Q56479
KUQ7AIOU,4,1,http://www.wikidata.org/entity/Q9192
KUQ7AIOU,5,1,http://www.wikidata.org/entity/Q56479
KUQ7AIOU,6,1,http://www.wikidata.org/entity/Q9192
KUQ7AIOU,7,1,http://www.wikidata.org/entity/Q56479
KUQ7AIOU,8,1,http://www.wikidata.org/entity/Q56406
KUQ7AIOU,9,1,http://www.wikidata.org/entity/Q56921
KUQ7AIOU,10,1,http://www.wikidata.org/entity/Q33375
KUQ7AIOU,11,1,http://www.wikidata.org/entity/Q30004
KUQ7AIOU,1,2,http://www.wikidata.org/entity/Q42392
KUQ7AIOU,2,2,http://www.wikidata.org/entity/Q41705
KUQ7AIOU,3,2,http://www.wikidata.org/entity/Q41079
KUQ7AIOU,4,2,http://www.wikidata.org/entity/Q40956
KUQ7AIOU,5,2,http://www.wikidata.org/entity/Q19770
KUQ7AIOU,6,2,http://www.wikidata.org/entity/Q15175
KUQ7AIOU,7,2,http://www.wikidata.org/entity/Q11725
KUQ7AIOU,8,2,http://www.wikidata.org/entity/Q17269
KUQ7AIOU,9,2,http://www.wikidata.org/entity/Q47097
KUQ7AIOU,10,2,http://www.wikidata.org/entity/Q57052
KUQ7AIOU,11,2,http://www.wikidata.org/entity/Q4341
KUQ7AIOU,1,3,http://www.wikidata.org/entity/Q602358
KUQ7AIOU,2,3,http://www.wikidata.org/entity/Q602358
KUQ7AIOU,3,3,http://www.wikidata.org/entity/Q602358
KUQ7AIOU,4,3,http://www.wikidata.org/entity/Q602358
KUQ7AIOU,5,3,http://www.wikidata.org/entity/Q602358
KUQ7AIOU,6,3,http://www.wikidata.org/entity/Q602358
KUQ7AIOU,7,3,http://www.wikidata.org/entity/Q602358
KUQ7AIOU,8,3,http://www.wikidata.org/entity/Q602358
KUQ7AIOU,9,3,http://www.wikidata.org/entity/Q602358
KUQ7AIOU,10,3,http://www.wikidata.org/entity/Q2657718
KUQ7AIOU,11,3,http://www.wikidata.org/entity/Q2657718
SG1SJPK0,1,0,http://www.wikidata.org/entity/Q660751
SG1SJPK0,2,0,http://www.wikidata.org/entity/Q320337
SG1SJPK0,3,0,http://www.wikidata.org/entity/Q191987
SG1SJPK0,4,0,http://www.wikidata.org/entity/Q171221
SG1SJPK0,5,0,http://www.wikidata.org/entity/Q309023
SG1SJPK0,6,0,http://www.wikidata.org/entity/Q237189
SG1SJPK0,7,0,http://www.wikidata.org/entity/Q50716
SG1SJPK0,8,0,http://www.wikidata.org/entity/Q219374
SG1SJPK0,1,1,http://www.wikidata.org/entity/Q16572
SG1SJPK0,2,1,http://www.wikidata.org/entity/Q1953
SG1SJPK0,3,1,http://www.wikidata.org/entity/Q5756
SG1SJPK0,4,1,http://www.wikidata.org/entity/Q1370
SG1SJPK0,5,1,http://www.wikidata.org/entity/Q95088
SG1SJPK0,6,1,http://www.wikidata.org/entity/Q81949
SG1SJPK0,7,1,http://www.wikidata.org/entity/Q90
SG1SJPK0,8,1,http://www.wikidata.org/entity/Q48256
SG1SJPK0,1,3,http://www.wikidata.org/entity/Q52849181
SG1SJPK0,2,3,http://www.wikidata.org/entity/Q13417106
SG1SJPK0,3,3,http://www.wikidata.org/entity/Q8350122
SG1SJPK0,4,3,http://www.wikidata.org/entity/Q7972051
SG1SJPK0,5,3,http://www.wikidata.org/entity/Q2743342
SG1SJPK0,6,3,http://www.wikidata.org/entity/Q1845633
SG1SJPK0,7,3,http://www.wikidata.org/entity/Q643290
SG1SJPK0,8,3,http://www.wikidata.org/entity/Q613729
MI66EQIW,1,0,http://www.wikidata.org/entity/Q73759960
MI66EQIW,2,0,http://www.wikidata.org/entity/Q73760527
MI66EQIW,3,0,http://www.wikidata.org/entity/Q73759960
MI66EQIW,4,0,http://www.wikidata.org/entity/Q73760527
MI66EQIW,5,0,http://www.wikidata.org/entity/Q73759960
MI66EQIW,6,0,http://www.wikidata.org/entity/Q73760527
MI66EQIW,7,0,http://www.wikidata.org/entity/Q73759960
MI66EQIW,8,0,http://www.wikidata.org/entity/Q73758837
MI66EQIW,9,0,http://www.wikidata.org/entity/Q73760834
MI66EQIW,10,0,http://www.wikidata.org/entity/Q73761655
MI66EQIW,11,0,http://www.wikidata.org/entity/Q73760527
MI66EQIW,12,0,http://www.wikidata.org/entity/Q67506499
MI66EQIW,13,0,http://www.wikidata.org/entity/Q67507169
MI66EQIW,1,1,http://www.wikidata.org/entity/Q446162
MI66EQIW,2,1,http://www.wikidata.org/entity/Q238066
MI66EQIW,3,1,http://www.wikidata.org/entity/Q942107
MI66EQIW,4,1,http://www.wikidata.org/entity/Q726051
MI66EQIW,5,1,http://www.wikidata.org/entity/Q446162
MI66EQIW,6,1,http://www.wikidata.org/entity/Q238066
MI66EQIW,7,1,http://www.wikidata.org/entity/Q446162
MI66EQIW,8,1,http://www.wikidata.org/entity/Q233492
MI66EQIW,9,1,http://www.wikidata.org/entity/Q238066
MI66EQIW,10,1,http://www.wikidata.org/entity/Q469787
MI66EQIW,11,1,http://www.wikidata.org/entity/Q238066
MI66EQIW,12,1,http://www.wikidata.org/entity/Q2129948
MI66EQIW,13,1,http://www.wikidata.org/entity/Q233492
MI66EQIW,1,3,http://www.wikidata.org/entity/Q8035364
MI66EQIW,2,3,http://www.wikidata.org/entity/Q8035364
MI66EQIW,3,3,http://www.wikidata.org/entity/Q8035364
MI66EQIW,4,3,http://www.wikidata.org/entity/Q8035364
MI66EQIW,5,3,http://www.wikidata.org/entity/Q8035364
MI66EQIW,6,3,http://www.wikidata.org/entity/Q8035364
MI66EQIW,7,3,http://www.wikidata.org/entity/Q8035364
MI66EQIW,8,3,http://www.wikidata.org/entity/Q832644
MI66EQIW,9,3,http://www.wikidata.org/entity/Q42056
MI66EQIW,10,3,http://www.wikidata.org/entity/Q1589654
MI66EQIW,11,3,http://www.wikidata.org/entity/Q8035364
MI66EQIW,12,3,http://www.wikidata.org/entity/Q1111035
MI66EQIW,13,3,http://www.wikidata.org/entity/Q537720
MI66EQIW,1,4,http://www.wikidata.org/entity/Q4094809
MI66EQIW,2,4,http://www.wikidata.org/entity/Q4075799
MI66EQIW,3,4,http://www.wikidata.org/entity/Q2039745
MI66EQIW,4,4,http://www.wikidata.org/entity/Q2039745
MI66EQIW,5,4,http://www.wikidata.org/entity/Q2039745
MI66EQIW,6,4,http://www.wikidata.org/entity/Q2039745
MI66EQIW,7,4,http://www.wikidata.org/entity/Q242921
MI66EQIW,8,4,http://www.wikidata.org/entity/Q242921
MI66EQIW,9,4,http://www.wikidata.org/entity/Q4075799
MI66EQIW,10,4,http://www.wikidata.org/entity/Q446162
MI66EQIW,11,4,http://www.wikidata.org/entity/Q6138132
MI66EQIW,12,4,http://www.wikidata.org/entity/Q2914714
MI66EQIW,13,4,http://www.wikidata.org/entity/Q233492
MI66EQIW,1,5,http://www.wikidata.org/entity/Q30
MI66EQIW,2,5,http://www.wikidata.org/entity/Q30
MI66EQIW,3,5,http://www.wikidata.org/entity/Q30
MI66EQIW,4,5,http://www.wikidata.org/entity/Q30
MI66EQIW,5,5,http://www.wikidata.org/entity/Q30
MI66EQIW,6,5,http://www.wikidata.org/entity/Q30
MI66EQIW,7,5,http://www.wikidata.org/entity/Q30
MI66EQIW,8,5,http://www.wikidata.org/entity/Q16
MI66EQIW,9,5,http://www.wikidata.org/entity/Q884
MI66EQIW,10,5,http://www.wikidata.org/entity/Q148
MI66EQIW,11,5,http://www.wikidata.org/entity/Q30
MI66EQIW,12,5,http://www.wikidata.org/entity/Q148
MI66EQIW,13,5,http://www.wikidata.org/entity/Q142
LTWLZMS0,1,0,http://www.wikidata.org/entity/Q60732823
LTWLZMS0,2,0,http://www.wikidata.org/entity/Q59325270
LTWLZMS0,3,0,http://www.wikidata.org/entity/Q54859942
LTWLZMS0,4,0,http://www.wikidata.org/entity/Q54033722
LTWLZMS0,5,0,http://www.wikidata.org/entity/Q54859942
LTWLZMS0,6,0,http://www.wikidata.org/entity/Q180445
LTWLZMS0,7,0,http://www.wikidata.org/entity/Q54033722
LTWLZMS0,8,0,http://www.wikidata.org/entity/Q18381082
LTWLZMS0,9,0,http://www.wikidata.org/entity/Q18888045
LTWLZMS0,10,0,http://www.wikidata.org/entity/Q17466114
LTWLZMS0,11,0,http://www.wikidata.org/entity/Q17278068
LTWLZMS0,12,0,http://www.wikidata.org/entity/Q17466114
LTWLZMS0,13,0,http://www.wikidata.org/entity/Q18888045
LTWLZMS0,14,0,http://www.wikidata.org/entity/Q39433817
LTWLZMS0,15,0,http://www.wikidata.org/entity/Q28700240
LTWLZMS0,1,1,http://www.wikidata.org/entity/Q884
LTWLZMS0,2,1,http://www.wikidata.org/entity/Q884
LTWLZMS0,3,1,http://www.wikidata.org/entity/Q884
LTWLZMS0,4,1,http://www.wikidata.org/entity/Q884
LTWLZMS0,5,1,http://www.wikidata.org/entity/Q884
LTWLZMS0,6,1,http://www.wikidata.org/entity/Q884
LTWLZMS0,7,1,http://www.wikidata.org/entity/Q884
LTWLZMS0,8,1,http://www.wikidata.org/entity/Q884
LTWLZMS0,9,1,http://www.wikidata.org/entity/Q17
LTWLZMS0,10,1,http://www.wikidata.org/entity/Q884
LTWLZMS0,11,1,http://www.wikidata.org/entity/Q884
LTWLZMS0,12,1,http://www.wikidata.org/entity/Q884
LTWLZMS0,13,1,http://www.wikidata.org/entity/Q17
LTWLZMS0,14,1,http://www.wikidata.org/entity/Q884
LTWLZMS0,15,1,http://www.wikidata.org/entity/Q884
LTWLZMS0,1,2,http://www.wikidata.org/entity/Q884
LTWLZMS0,2,2,http://www.wikidata.org/entity/Q884
LTWLZMS0,3,2,http://www.wikidata.org/entity/Q884
LTWLZMS0,4,2,http://www.wikidata.org/entity/Q884
LTWLZMS0,5,2,http://www.wikidata.org/entity/Q884
LTWLZMS0,6,2,http://www.wikidata.org/entity/Q884
LTWLZMS0,7,2,http://www.wikidata.org/entity/Q884
LTWLZMS0,8,2,http://www.wikidata.org/entity/Q884
LTWLZMS0,9,2,http://www.wikidata.org/entity/Q17
LTWLZMS0,10,2,http://www.wikidata.org/entity/Q884
LTWLZMS0,11,2,http://www.wikidata.org/entity/Q884
LTWLZMS0,12,2,http://www.wikidata.org/entity/Q884
LTWLZMS0,13,2,http://www.wikidata.org/entity/Q17
LTWLZMS0,14,2,http://www.wikidata.org/entity/Q884
LTWLZMS0,15,2,http://www.wikidata.org/entity/Q884
LTWLZMS0,1,3,http://www.wikidata.org/entity/Q60829936
LTWLZMS0,2,3,http://www.wikidata.org/entity/Q60566726
LTWLZMS0,3,3,http://www.wikidata.org/entity/Q28417155
LTWLZMS0,4,3,http://www.wikidata.org/entity/Q27952338
LTWLZMS0,5,3,http://www.wikidata.org/entity/Q26710973
LTWLZMS0,6,3,http://www.wikidata.org/entity/Q30337148
LTWLZMS0,7,3,http://www.wikidata.org/entity/Q24832146
LTWLZMS0,8,3,http://www.wikidata.org/entity/Q63922275
LTWLZMS0,9,3,http://www.wikidata.org/entity/Q24839905
LTWLZMS0,10,3,http://www.wikidata.org/entity/Q19940498
LTWLZMS0,11,3,http://www.wikidata.org/entity/Q19483782
LTWLZMS0,12,3,http://www.wikidata.org/entity/Q12605358
LTWLZMS0,13,3,http://www.wikidata.org/entity/Q1195876
LTWLZMS0,14,3,http://www.wikidata.org/entity/Q63226262
LTWLZMS0,15,3,http://www.wikidata.org/entity/Q60668820
AK59JZ02,0,0,http://www.wikidata.org/entity/Q218593
AK59JZ02,1,0,http://www.wikidata.org/entity/Q21711210
AK59JZ02,2,0,http://www.wikidata.org/entity/Q21694583
AK59JZ02,3,0,http://www.wikidata.org/entity/Q21686820
AK59JZ02,4,0,http://www.wikidata.org/entity/Q21686742
AK59JZ02,5,0,http://www.wikidata.org/entity/Q21654798
AK59JZ02,6,0,http://www.wikidata.org/entity/Q21641050
AK59JZ02,7,0,http://www.wikidata.org/entity/Q21640513
AK59JZ02,8,0,http://www.wikidata.org/entity/Q21634296
AK59JZ02,9,0,http://www.wikidata.org/entity/Q20044075
AK59JZ02,10,0,http://www.wikidata.org/entity/Q20043342
AK59JZ02,11,0,http://www.wikidata.org/entity/Q20042894
AK59JZ02,0,1,http://www.wikidata.org/entity/Q218593
AK59JZ02,1,1,http://www.wikidata.org/entity/Q694923
AK59JZ02,2,1,http://www.wikidata.org/entity/Q1204471
AK59JZ02,3,1,http://www.wikidata.org/entity/Q1349039
AK59JZ02,4,1,http://www.wikidata.org/entity/Q201618
AK59JZ02,5,1,http://www.wikidata.org/entity/Q927537
AK59JZ02,6,1,http://www.wikidata.org/entity/Q1203600
AK59JZ02,7,1,http://www.wikidata.org/entity/Q235753
AK59JZ02,8,1,http://www.wikidata.org/entity/Q633922
AK59JZ02,9,1,http://www.wikidata.org/entity/Q241037
AK59JZ02,10,1,http://www.wikidata.org/entity/Q1280737
AK59JZ02,11,1,http://www.wikidata.org/entity/Q1354513
AK59JZ02,0,2,http://www.wikidata.org/entity/Q14877683
AK59JZ02,1,2,http://www.wikidata.org/entity/Q6156818
AK59JZ02,2,2,http://www.wikidata.org/entity/Q6157453
AK59JZ02,3,2,http://www.wikidata.org/entity/Q6156839
AK59JZ02,4,2,http://www.wikidata.org/entity/Q11591684
AK59JZ02,5,2,http://www.wikidata.org/entity/Q6157529
AK59JZ02,6,2,http://www.wikidata.org/entity/Q6157321
AK59JZ02,7,2,http://www.wikidata.org/entity/Q10927335
AK59JZ02,8,2,http://www.wikidata.org/entity/Q11421428
AK59JZ02,9,2,http://www.wikidata.org/entity/Q11663339
AK59JZ02,10,2,http://www.wikidata.org/entity/Q6157185
AK59JZ02,11,2,http://www.wikidata.org/entity/Q6157427
AK59JZ02,0,3,http://www.wikidata.org/entity/Q9633
AK59JZ02,1,3,http://www.wikidata.org/entity/Q6156818
AK59JZ02,2,3,http://www.wikidata.org/entity/Q6157453
AK59JZ02,3,3,http://www.wikidata.org/entity/Q6156839
AK59JZ02,4,3,http://www.wikidata.org/entity/Q11591684
AK59JZ02,5,3,http://www.wikidata.org/entity/Q6157529
AK59JZ02,6,3,http://www.wikidata.org/entity/Q6157321
AK59JZ02,7,3,http://www.wikidata.org/entity/Q10927335
AK59JZ02,8,3,http://www.wikidata.org/entity/Q11421428
AK59JZ02,9,3,http://www.wikidata.org/entity/Q11663339
AK59JZ02,10,3,http://www.wikidata.org/entity/Q6157185
AK59JZ02,11,3,http://www.wikidata.org/entity/Q6157427
AK59JZ02,0,5,http://www.wikidata.org/entity/Q9633
AK59JZ02,1,5,http://www.wikidata.org/entity/Q1187691
AK59JZ02,2,5,http://www.wikidata.org/entity/Q1187691
AK59JZ02,3,5,http://www.wikidata.org/entity/Q1187691
AK59JZ02,4,5,http://www.wikidata.org/entity/Q1187691
AK59JZ02,5,5,http://www.wikidata.org/entity/Q1187691
AK59JZ02,6,5,http://www.wikidata.org/entity/Q1187691
AK59JZ02,7,5,http://www.wikidata.org/entity/Q1187691
AK59JZ02,8,5,http://www.wikidata.org/entity/Q1187691
AK59JZ02,9,5,http://www.wikidata.org/entity/Q1187691
AK59JZ02,10,5,http://www.wikidata.org/entity/Q1187691
AK59JZ02,11,5,http://www.wikidata.org/entity/Q1187691
ZTCRSAVD,1,0,http://www.wikidata.org/entity/Q19407132
ZTCRSAVD,2,0,http://www.wikidata.org/entity/Q19407134
ZTCRSAVD,3,0,http://www.wikidata.org/entity/Q19407129
ZTCRSAVD,4,0,http://www.wikidata.org/entity/Q19407154
ZTCRSAVD,5,0,http://www.wikidata.org/entity/Q3327208
ZTCRSAVD,6,0,http://www.wikidata.org/entity/Q19407129
ZTCRSAVD,7,0,http://www.wikidata.org/entity/Q3327208
ZTCRSAVD,8,0,http://www.wikidata.org/entity/Q19407129
ZTCRSAVD,9,0,http://www.wikidata.org/entity/Q3327208
ZTCRSAVD,10,0,http://www.wikidata.org/entity/Q219898
ZTCRSAVD,11,0,http://www.wikidata.org/entity/Q949388
ZTCRSAVD,12,0,http://www.wikidata.org/entity/Q931434
ZTCRSAVD,1,1,http://www.wikidata.org/entity/Q861772
ZTCRSAVD,2,1,http://www.wikidata.org/entity/Q194503
ZTCRSAVD,3,1,http://www.wikidata.org/entity/Q180791
ZTCRSAVD,4,1,http://www.wikidata.org/entity/Q180755
ZTCRSAVD,5,1,http://www.wikidata.org/entity/Q3080254
ZTCRSAVD,6,1,http://www.wikidata.org/entity/Q11158208
ZTCRSAVD,7,1,http://www.wikidata.org/entity/Q3624261
ZTCRSAVD,8,1,http://www.wikidata.org/entity/Q180791
ZTCRSAVD,9,1,http://www.wikidata.org/entity/Q3080254
ZTCRSAVD,10,1,http://www.wikidata.org/entity/Q2905155
ZTCRSAVD,11,1,http://www.wikidata.org/entity/Q1026587
ZTCRSAVD,12,1,http://www.wikidata.org/entity/Q503808
ZTCRSAVD,1,2,http://www.wikidata.org/entity/Q225
ZTCRSAVD,2,2,http://www.wikidata.org/entity/Q225
ZTCRSAVD,3,2,http://www.wikidata.org/entity/Q225
ZTCRSAVD,4,2,http://www.wikidata.org/entity/Q225
ZTCRSAVD,5,2,http://www.wikidata.org/entity/Q225
ZTCRSAVD,6,2,http://www.wikidata.org/entity/Q225
ZTCRSAVD,7,2,http://www.wikidata.org/entity/Q225
ZTCRSAVD,8,2,http://www.wikidata.org/entity/Q225
ZTCRSAVD,9,2,http://www.wikidata.org/entity/Q225
ZTCRSAVD,10,2,http://www.wikidata.org/entity/Q225
ZTCRSAVD,11,2,http://www.wikidata.org/entity/Q225
ZTCRSAVD,12,2,http://www.wikidata.org/entity/Q38
ZTCRSAVD,1,4,http://www.wikidata.org/entity/Q43113623
ZTCRSAVD,2,4,http://www.wikidata.org/entity/Q43113623
ZTCRSAVD,3,4,http://www.wikidata.org/entity/Q43113623
ZTCRSAVD,4,4,http://www.wikidata.org/entity/Q43113623
ZTCRSAVD,5,4,http://www.wikidata.org/entity/Q9259
ZTCRSAVD,6,4,http://www.wikidata.org/entity/Q12637954
ZTCRSAVD,7,4,http://www.wikidata.org/entity/Q12637954
ZTCRSAVD,8,4,http://www.wikidata.org/entity/Q12637954
ZTCRSAVD,9,4,http://www.wikidata.org/entity/Q12637954
ZTCRSAVD,10,4,http://www.wikidata.org/entity/Q43113623
ZTCRSAVD,11,4,http://www.wikidata.org/entity/Q43113623
ZTCRSAVD,12,4,http://www.wikidata.org/entity/Q43113623
NYLHJW32,1,0,http://www.wikidata.org/entity/Q84953696
NYLHJW32,2,0,http://www.wikidata.org/entity/Q84953539
NYLHJW32,3,0,http://www.wikidata.org/entity/Q84702880
NYLHJW32,4,0,http://www.wikidata.org/entity/Q83644732
NYLHJW32,5,0,http://www.wikidata.org/entity/Q81636561
NYLHJW32,6,0,http://www.wikidata.org/entity/Q80616561
NYLHJW32,1,2,http://www.wikidata.org/entity/Q1412
NYLHJW32,2,2,http://www.wikidata.org/entity/Q1412
NYLHJW32,3,2,http://www.wikidata.org/entity/Q1860
NYLHJW32,4,2,http://www.wikidata.org/entity/Q1860
NYLHJW32,5,2,http://www.wikidata.org/entity/Q1860
NYLHJW32,6,2,http://www.wikidata.org/entity/Q1860
NYLHJW32,1,3,http://www.wikidata.org/entity/Q33
NYLHJW32,2,3,http://www.wikidata.org/entity/Q33
NYLHJW32,3,3,http://www.wikidata.org/entity/Q30
NYLHJW32,4,3,http://www.wikidata.org/entity/Q30
NYLHJW32,5,3,http://www.wikidata.org/entity/Q30
NYLHJW32,6,3,http://www.wikidata.org/entity/Q30
JM4TVL5M,1,0,http://www.wikidata.org/entity/Q16951579
JM4TVL5M,2,0,http://www.wikidata.org/entity/Q16970841
JM4TVL5M,3,0,http://www.wikidata.org/entity/Q4626828
JM4TVL5M,4,0,http://www.wikidata.org/entity/Q16954347
JM4TVL5M,1,1,http://www.wikidata.org/entity/Q7864459
JM4TVL5M,2,1,http://www.wikidata.org/entity/Q6420148
JM4TVL5M,3,1,http://www.wikidata.org/entity/Q6113390
JM4TVL5M,4,1,http://www.wikidata.org/entity/Q5640913
JM4TVL5M,1,2,http://www.wikidata.org/entity/Q30
JM4TVL5M,2,2,http://www.wikidata.org/entity/Q30
JM4TVL5M,3,2,http://www.wikidata.org/entity/Q30
JM4TVL5M,4,2,http://www.wikidata.org/entity/Q30
JM4TVL5M,1,3,http://www.wikidata.org/entity/Q5369
JM4TVL5M,2,3,http://www.wikidata.org/entity/Q5369
JM4TVL5M,3,3,http://www.wikidata.org/entity/Q5369
JM4TVL5M,4,3,http://www.wikidata.org/entity/Q5369
8CZ0M8P9,1,0,http://www.wikidata.org/entity/Q61829802
8CZ0M8P9,2,0,http://www.wikidata.org/entity/Q61747873
8CZ0M8P9,3,0,http://www.wikidata.org/entity/Q60626579
8CZ0M8P9,4,0,http://www.wikidata.org/entity/Q60613113
8CZ0M8P9,5,0,http://www.wikidata.org/entity/Q77673329
8CZ0M8P9,1,1,http://www.wikidata.org/entity/Q63982931
8CZ0M8P9,2,1,http://www.wikidata.org/entity/Q61747774
8CZ0M8P9,3,1,http://www.wikidata.org/entity/Q107406847
8CZ0M8P9,4,1,http://www.wikidata.org/entity/Q60614051
8CZ0M8P9,5,1,http://www.wikidata.org/entity/Q77700728
8CZ0M8P9,1,3,http://www.wikidata.org/entity/Q29652773
8CZ0M8P9,2,3,http://www.wikidata.org/entity/Q4176708
8CZ0M8P9,3,3,http://www.wikidata.org/entity/Q4176708
8CZ0M8P9,4,3,http://www.wikidata.org/entity/Q4176708
8CZ0M8P9,5,3,http://www.wikidata.org/entity/Q4176708
XSA10NYW,0,0,http://www.wikidata.org/entity/Q218593
XSA10NYW,1,0,http://www.wikidata.org/entity/Q24941653
XSA10NYW,2,0,http://www.wikidata.org/entity/Q5761019
XSA10NYW,3,0,http://www.wikidata.org/entity/Q75044455
XSA10NYW,4,0,http://www.wikidata.org/entity/Q5761869
XSA10NYW,0,1,http://www.wikidata.org/entity/Q218593
XSA10NYW,1,1,http://www.wikidata.org/entity/Q29
XSA10NYW,2,1,http://www.wikidata.org/entity/Q29
XSA10NYW,3,1,http://www.wikidata.org/entity/Q155
XSA10NYW,4,1,http://www.wikidata.org/entity/Q29
XSA10NYW,0,2,http://www.wikidata.org/entity/Q60960
XSA10NYW,1,2,http://www.wikidata.org/entity/Q1232180
XSA10NYW,2,2,http://www.wikidata.org/entity/Q477988
XSA10NYW,3,2,http://www.wikidata.org/entity/Q159102
XSA10NYW,4,2,http://www.wikidata.org/entity/Q421739
XSA10NYW,0,4,http://www.wikidata.org/entity/Q218593
XSA10NYW,1,4,http://www.wikidata.org/entity/Q5478540
XSA10NYW,2,4,http://www.wikidata.org/entity/Q2940690
XSA10NYW,3,4,http://www.wikidata.org/entity/Q36947
XSA10NYW,4,4,http://www.wikidata.org/entity/Q2807
NII9MT47,1,0,http://www.wikidata.org/entity/Q838148
NII9MT47,2,0,http://www.wikidata.org/entity/Q852981
NII9MT47,3,0,http://www.wikidata.org/entity/Q838148
NII9MT47,4,0,http://www.wikidata.org/entity/Q852981
NII9MT47,1,1,http://www.wikidata.org/entity/Q906512
NII9MT47,2,1,http://www.wikidata.org/entity/Q596643
NII9MT47,3,1,http://www.wikidata.org/entity/Q49642078
NII9MT47,4,1,http://www.wikidata.org/entity/Q14592615
NII9MT47,1,2,http://www.wikidata.org/entity/Q11436
NII9MT47,2,2,http://www.wikidata.org/entity/Q11436
NII9MT47,3,2,http://www.wikidata.org/entity/Q197
NII9MT47,4,2,http://www.wikidata.org/entity/Q197
NII9MT47,1,3,http://www.wikidata.org/entity/Q11220
NII9MT47,2,3,http://www.wikidata.org/entity/Q11220
NII9MT47,3,3,http://www.wikidata.org/entity/Q11220
NII9MT47,4,3,http://www.wikidata.org/entity/Q11220
FP4E9GR3,1,0,http://www.wikidata.org/entity/Q218593
FP4E9GR3,2,0,http://www.wikidata.org/entity/Q218593
FP4E9GR3,3,0,http://www.wikidata.org/entity/Q218593
FP4E9GR3,1,1,http://www.wikidata.org/entity/Q1760610
FP4E9GR3,2,1,http://www.wikidata.org/entity/Q6828316
FP4E9GR3,3,1,http://www.wikidata.org/entity/Q188784
FP4E9GR3,1,2,http://www.wikidata.org/entity/Q1760610
FP4E9GR3,2,2,http://www.wikidata.org/entity/Q285282
FP4E9GR3,3,2,http://www.wikidata.org/entity/Q944250
FP4E9GR3,1,3,http://www.wikidata.org/entity/Q14406742
FP4E9GR3,2,3,http://www.wikidata.org/entity/Q50384611
FP4E9GR3,3,3,http://www.wikidata.org/entity/Q17884
FP4E9GR3,1,4,http://www.wikidata.org/entity/Q1148668
FP4E9GR3,2,4,http://www.wikidata.org/entity/Q5985178
FP4E9GR3,3,4,http://www.wikidata.org/entity/Q4481114
RJVOU4OV,1,0,http://www.wikidata.org/entity/Q218593
RJVOU4OV,2,0,http://www.wikidata.org/entity/Q218593
RJVOU4OV,3,0,http://www.wikidata.org/entity/Q218593
RJVOU4OV,1,1,http://www.wikidata.org/entity/Q19652
RJVOU4OV,2,1,http://www.wikidata.org/entity/Q85511913
RJVOU4OV,3,1,http://www.wikidata.org/entity/Q65508206
RJVOU4OV,1,2,http://www.wikidata.org/entity/Q19652
RJVOU4OV,2,2,http://www.wikidata.org/entity/Q85511901
RJVOU4OV,3,2,http://www.wikidata.org/entity/Q65508206
RJVOU4OV,1,3,http://www.wikidata.org/entity/Q19652
RJVOU4OV,2,3,http://www.wikidata.org/entity/Q85511901
RJVOU4OV,3,3,http://www.wikidata.org/entity/Q65508206
RJVOU4OV,1,4,http://www.wikidata.org/entity/Q19652
RJVOU4OV,2,4,http://www.wikidata.org/entity/Q85511901
RJVOU4OV,3,4,http://www.wikidata.org/entity/Q65508206
B2VRZYZM,1,0,http://www.wikidata.org/entity/Q8799
B2VRZYZM,2,0,http://www.wikidata.org/entity/Q324923
B2VRZYZM,3,0,http://www.wikidata.org/entity/Q1351253
B2VRZYZM,4,0,http://www.wikidata.org/entity/Q1204894
B2VRZYZM,5,0,http://www.wikidata.org/entity/Q1195111
B2VRZYZM,6,0,http://www.wikidata.org/entity/Q1194580
B2VRZYZM,2,2,http://www.wikidata.org/entity/Q1072
B2VRZYZM,3,2,http://www.wikidata.org/entity/Q1351253
B2VRZYZM,4,2,http://www.wikidata.org/entity/Q1410
B2VRZYZM,5,2,http://www.wikidata.org/entity/Q29721848
B2VRZYZM,6,2,http://www.wikidata.org/entity/Q1194580
B2VRZYZM,1,3,http://www.wikidata.org/entity/Q82047057
B2VRZYZM,2,3,http://www.wikidata.org/entity/Q17342348
B2VRZYZM,3,3,http://www.wikidata.org/entity/Q3550873
B2VRZYZM,4,3,http://www.wikidata.org/entity/Q3550873
B2VRZYZM,5,3,http://www.wikidata.org/entity/Q3550873
B2VRZYZM,6,3,http://www.wikidata.org/entity/Q3550873
S9X5R5CB,1,0,http://www.wikidata.org/entity/Q28086706
S9X5R5CB,2,0,http://www.wikidata.org/entity/Q28071194
S9X5R5CB,3,0,http://www.wikidata.org/entity/Q6967699
S9X5R5CB,4,0,http://www.wikidata.org/entity/Q129778
S9X5R5CB,5,0,http://www.wikidata.org/entity/Q617230
S9X5R5CB,6,0,http://www.wikidata.org/entity/Q4340655
S9X5R5CB,7,0,http://www.wikidata.org/entity/Q27157287
S9X5R5CB,8,0,http://www.wikidata.org/entity/Q4186676
S9X5R5CB,9,0,http://www.wikidata.org/entity/Q4180640
S9X5R5CB,1,2,http://www.wikidata.org/entity/Q188
S9X5R5CB,2,2,http://www.wikidata.org/entity/Q188
S9X5R5CB,3,2,http://www.wikidata.org/entity/Q9610
S9X5R5CB,4,2,http://www.wikidata.org/entity/Q1860
S9X5R5CB,5,2,http://www.wikidata.org/entity/Q1860
S9X5R5CB,6,2,http://www.wikidata.org/entity/Q7737
S9X5R5CB,7,2,http://www.wikidata.org/entity/Q7737
S9X5R5CB,8,2,http://www.wikidata.org/entity/Q7737
S9X5R5CB,9,2,http://www.wikidata.org/entity/Q7737
S9X5R5CB,1,3,http://www.wikidata.org/entity/Q19652
S9X5R5CB,2,3,http://www.wikidata.org/entity/Q19652
S9X5R5CB,3,3,http://www.wikidata.org/entity/Q19652
S9X5R5CB,4,3,http://www.wikidata.org/entity/Q19652
S9X5R5CB,5,3,http://www.wikidata.org/entity/Q19652
S9X5R5CB,6,3,http://www.wikidata.org/entity/Q19652
S9X5R5CB,7,3,http://www.wikidata.org/entity/Q19652
S9X5R5CB,8,3,http://www.wikidata.org/entity/Q19652
S9X5R5CB,9,3,http://www.wikidata.org/entity/Q19652
Z911UFAP,1,0,http://www.wikidata.org/entity/Q23058621
Z911UFAP,2,0,http://www.wikidata.org/entity/Q23022752
Z911UFAP,3,0,http://www.wikidata.org/entity/Q23022641
Z911UFAP,4,0,http://www.wikidata.org/entity/Q23022616
Z911UFAP,1,1,http://www.wikidata.org/entity/Q155
Z911UFAP,2,1,http://www.wikidata.org/entity/Q155
Z911UFAP,3,1,http://www.wikidata.org/entity/Q155
Z911UFAP,4,1,http://www.wikidata.org/entity/Q155
Z911UFAP,1,2,http://www.wikidata.org/entity/Q2261949
Z911UFAP,2,2,http://www.wikidata.org/entity/Q1153025
Z911UFAP,3,2,http://www.wikidata.org/entity/Q83462
Z911UFAP,4,2,http://www.wikidata.org/entity/Q1128216
Z911UFAP,1,3,http://www.wikidata.org/entity/Q50393057
Z911UFAP,2,3,http://www.wikidata.org/entity/Q50393057
Z911UFAP,3,3,http://www.wikidata.org/entity/Q50393057
Z911UFAP,4,3,http://www.wikidata.org/entity/Q50393057
79GOOJJ1,0,0,http://www.wikidata.org/entity/Q218593
79GOOJJ1,1,0,http://www.wikidata.org/entity/Q822314
79GOOJJ1,2,0,http://www.wikidata.org/entity/Q465449
79GOOJJ1,3,0,http://www.wikidata.org/entity/Q515708
79GOOJJ1,4,0,http://www.wikidata.org/entity/Q1156642
79GOOJJ1,0,1,http://www.wikidata.org/entity/Q218593
79GOOJJ1,1,1,http://www.wikidata.org/entity/Q41187
79GOOJJ1,2,1,http://www.wikidata.org/entity/Q531599
79GOOJJ1,3,1,http://www.wikidata.org/entity/Q673924
79GOOJJ1,4,1,http://www.wikidata.org/entity/Q8019110
79GOOJJ1,0,2,http://www.wikidata.org/entity/Q270952
79GOOJJ1,1,2,http://www.wikidata.org/entity/Q41187
79GOOJJ1,2,2,http://www.wikidata.org/entity/Q7414
79GOOJJ1,3,2,http://www.wikidata.org/entity/Q2996530
79GOOJJ1,4,2,http://www.wikidata.org/entity/Q191715
79GOOJJ1,0,3,http://www.wikidata.org/entity/Q218593
79GOOJJ1,1,3,http://www.wikidata.org/entity/Q30
79GOOJJ1,2,3,http://www.wikidata.org/entity/Q17
79GOOJJ1,3,3,http://www.wikidata.org/entity/Q30
79GOOJJ1,4,3,http://www.wikidata.org/entity/Q30
79GOOJJ1,0,4,http://www.wikidata.org/entity/Q218593
79GOOJJ1,1,4,http://www.wikidata.org/entity/Q493378
79GOOJJ1,2,4,http://www.wikidata.org/entity/Q47164
79GOOJJ1,3,4,http://www.wikidata.org/entity/Q39561
79GOOJJ1,4,4,http://www.wikidata.org/entity/Q39561
COW1QAA5,0,0,http://www.wikidata.org/entity/Q218593
COW1QAA5,1,0,http://www.wikidata.org/entity/Q77230275
COW1QAA5,2,0,http://www.wikidata.org/entity/Q32
COW1QAA5,3,0,http://www.wikidata.org/entity/Q1409380
COW1QAA5,4,0,http://www.wikidata.org/entity/Q1125473
COW1QAA5,0,1,http://www.wikidata.org/entity/Q218593
COW1QAA5,1,1,http://www.wikidata.org/entity/Q35911
COW1QAA5,2,1,http://www.wikidata.org/entity/Q164597
COW1QAA5,3,1,http://www.wikidata.org/entity/Q309
COW1QAA5,4,1,http://www.wikidata.org/entity/Q11424
COW1QAA5,0,2,http://www.wikidata.org/entity/Q14877683
COW1QAA5,1,2,http://www.wikidata.org/entity/Q21511513
COW1QAA5,2,2,http://www.wikidata.org/entity/Q7231
COW1QAA5,3,2,http://www.wikidata.org/entity/Q84327
COW1QAA5,4,2,http://www.wikidata.org/entity/Q1168654
COW1QAA5,0,3,http://www.wikidata.org/entity/Q218593
COW1QAA5,1,3,http://www.wikidata.org/entity/Q31
COW1QAA5,2,3,http://www.wikidata.org/entity/Q183
COW1QAA5,3,3,http://www.wikidata.org/entity/Q183
COW1QAA5,4,3,http://www.wikidata.org/entity/Q142
UODP7IHL,1,0,http://www.wikidata.org/entity/Q84357127
UODP7IHL,2,0,http://www.wikidata.org/entity/Q47008231
UODP7IHL,3,0,http://www.wikidata.org/entity/Q47008227
UODP7IHL,4,0,http://www.wikidata.org/entity/Q47008217
UODP7IHL,5,0,http://www.wikidata.org/entity/Q47008209
UODP7IHL,6,0,http://www.wikidata.org/entity/Q47008186
UODP7IHL,7,0,http://www.wikidata.org/entity/Q47007887
UODP7IHL,8,0,http://www.wikidata.org/entity/Q47007866
UODP7IHL,9,0,http://www.wikidata.org/entity/Q2349693
UODP7IHL,10,0,http://www.wikidata.org/entity/Q84357127
UODP7IHL,11,0,http://www.wikidata.org/entity/Q84357124
UODP7IHL,12,0,http://www.wikidata.org/entity/Q84357123
UODP7IHL,13,0,http://www.wikidata.org/entity/Q47008522
UODP7IHL,14,0,http://www.wikidata.org/entity/Q47008520
UODP7IHL,1,1,http://www.wikidata.org/entity/Q15893266
UODP7IHL,2,1,http://www.wikidata.org/entity/Q15893266
UODP7IHL,3,1,http://www.wikidata.org/entity/Q15893266
UODP7IHL,4,1,http://www.wikidata.org/entity/Q15893266
UODP7IHL,5,1,http://www.wikidata.org/entity/Q15893266
UODP7IHL,6,1,http://www.wikidata.org/entity/Q15893266
UODP7IHL,7,1,http://www.wikidata.org/entity/Q15893266
UODP7IHL,8,1,http://www.wikidata.org/entity/Q15893266
UODP7IHL,9,1,http://www.wikidata.org/entity/Q8346700
UODP7IHL,10,1,http://www.wikidata.org/entity/Q4240267
UODP7IHL,11,1,http://www.wikidata.org/entity/Q4240267
UODP7IHL,12,1,http://www.wikidata.org/entity/Q4240267
UODP7IHL,13,1,http://www.wikidata.org/entity/Q4240267
UODP7IHL,14,1,http://www.wikidata.org/entity/Q4240267
UODP7IHL,1,3,http://www.wikidata.org/entity/Q191105
UODP7IHL,2,3,http://www.wikidata.org/entity/Q191105
UODP7IHL,3,3,http://www.wikidata.org/entity/Q191105
UODP7IHL,4,3,http://www.wikidata.org/entity/Q191105
UODP7IHL,5,3,http://www.wikidata.org/entity/Q13107150
UODP7IHL,6,3,http://www.wikidata.org/entity/Q191105
UODP7IHL,7,3,http://www.wikidata.org/entity/Q13107150
UODP7IHL,8,3,http://www.wikidata.org/entity/Q186363
UODP7IHL,9,3,http://www.wikidata.org/entity/Q54111
UODP7IHL,10,3,http://www.wikidata.org/entity/Q191105
UODP7IHL,11,3,http://www.wikidata.org/entity/Q13107150
UODP7IHL,12,3,http://www.wikidata.org/entity/Q13107150
UODP7IHL,13,3,http://www.wikidata.org/entity/Q13107150
UODP7IHL,14,3,http://www.wikidata.org/entity/Q13107150
V7AC9OLC,1,0,http://www.wikidata.org/entity/Q2994177
V7AC9OLC,2,0,http://www.wikidata.org/entity/Q4855262
V7AC9OLC,3,0,http://www.wikidata.org/entity/Q2057876
V7AC9OLC,4,0,http://www.wikidata.org/entity/Q148432
V7AC9OLC,5,0,http://www.wikidata.org/entity/Q2166873
V7AC9OLC,6,0,http://www.wikidata.org/entity/Q163265
V7AC9OLC,7,0,http://www.wikidata.org/entity/Q3349686
V7AC9OLC,8,0,http://www.wikidata.org/entity/Q1127441
V7AC9OLC,9,0,http://www.wikidata.org/entity/Q5655708
V7AC9OLC,10,0,http://www.wikidata.org/entity/Q1231793
V7AC9OLC,11,0,http://www.wikidata.org/entity/Q929154
V7AC9OLC,12,0,http://www.wikidata.org/entity/Q131626
V7AC9OLC,13,0,http://www.wikidata.org/entity/Q2571772
V7AC9OLC,14,0,http://www.wikidata.org/entity/Q8022
V7AC9OLC,1,1,http://www.wikidata.org/entity/Q3551
V7AC9OLC,2,1,http://www.wikidata.org/entity/Q1006296
V7AC9OLC,3,1,http://www.wikidata.org/entity/Q1486
V7AC9OLC,4,1,http://www.wikidata.org/entity/Q14835
V7AC9OLC,5,1,http://www.wikidata.org/entity/Q203349
V7AC9OLC,6,1,http://www.wikidata.org/entity/Q190063
V7AC9OLC,7,1,http://www.wikidata.org/entity/Q90
V7AC9OLC,8,1,http://www.wikidata.org/entity/Q90
V7AC9OLC,9,1,http://www.wikidata.org/entity/Q1335
V7AC9OLC,10,1,http://www.wikidata.org/entity/Q3640
V7AC9OLC,11,1,http://www.wikidata.org/entity/Q61
V7AC9OLC,12,1,http://www.wikidata.org/entity/Q61
V7AC9OLC,13,1,http://www.wikidata.org/entity/Q1164358
V7AC9OLC,14,1,http://www.wikidata.org/entity/Q599118
V7AC9OLC,1,3,http://www.wikidata.org/entity/Q1028
V7AC9OLC,2,3,http://www.wikidata.org/entity/Q902
V7AC9OLC,3,3,http://www.wikidata.org/entity/Q414
V7AC9OLC,4,3,http://www.wikidata.org/entity/Q183
V7AC9OLC,5,3,http://www.wikidata.org/entity/Q145
V7AC9OLC,6,3,http://www.wikidata.org/entity/Q142
V7AC9OLC,7,3,http://www.wikidata.org/entity/Q142
V7AC9OLC,8,3,http://www.wikidata.org/entity/Q142
V7AC9OLC,9,3,http://www.wikidata.org/entity/Q77
V7AC9OLC,10,3,http://www.wikidata.org/entity/Q43
V7AC9OLC,11,3,http://www.wikidata.org/entity/Q30
V7AC9OLC,12,3,http://www.wikidata.org/entity/Q30
V7AC9OLC,13,3,http://www.wikidata.org/entity/Q29
V7AC9OLC,14,3,http://www.wikidata.org/entity/Q29
TK7H1C2E,1,0,http://www.wikidata.org/entity/Q5073886
TK7H1C2E,2,0,http://www.wikidata.org/entity/Q5073875
TK7H1C2E,3,0,http://www.wikidata.org/entity/Q5072988
TK7H1C2E,4,0,http://www.wikidata.org/entity/Q1154491
TK7H1C2E,5,0,http://www.wikidata.org/entity/Q5062051
TK7H1C2E,6,0,http://www.wikidata.org/entity/Q4813191
TK7H1C2E,7,0,http://www.wikidata.org/entity/Q3961969
TK7H1C2E,8,0,http://www.wikidata.org/entity/Q3817161
TK7H1C2E,9,0,http://www.wikidata.org/entity/Q3812723
TK7H1C2E,10,0,http://www.wikidata.org/entity/Q3804493
TK7H1C2E,11,0,http://www.wikidata.org/entity/Q3714742
TK7H1C2E,1,1,http://www.wikidata.org/entity/Q6723
TK7H1C2E,2,1,http://www.wikidata.org/entity/Q6723
TK7H1C2E,3,1,http://www.wikidata.org/entity/Q6723
TK7H1C2E,4,1,http://www.wikidata.org/entity/Q6723
TK7H1C2E,5,1,http://www.wikidata.org/entity/Q6723
TK7H1C2E,6,1,http://www.wikidata.org/entity/Q6723
TK7H1C2E,7,1,http://www.wikidata.org/entity/Q6723
TK7H1C2E,8,1,http://www.wikidata.org/entity/Q6723
TK7H1C2E,9,1,http://www.wikidata.org/entity/Q6723
TK7H1C2E,10,1,http://www.wikidata.org/entity/Q6723
TK7H1C2E,11,1,http://www.wikidata.org/entity/Q6723
TK7H1C2E,1,2,http://www.wikidata.org/entity/Q19730508
TK7H1C2E,2,2,http://www.wikidata.org/entity/Q19730508
TK7H1C2E,3,2,http://www.wikidata.org/entity/Q19730508
TK7H1C2E,4,2,http://www.wikidata.org/entity/Q19730508
TK7H1C2E,5,2,http://www.wikidata.org/entity/Q19730508
TK7H1C2E,6,2,http://www.wikidata.org/entity/Q19730508
TK7H1C2E,7,2,http://www.wikidata.org/entity/Q19730508
TK7H1C2E,8,2,http://www.wikidata.org/entity/Q19730508
TK7H1C2E,9,2,http://www.wikidata.org/entity/Q19730508
TK7H1C2E,10,2,http://www.wikidata.org/entity/Q19730508
TK7H1C2E,11,2,http://www.wikidata.org/entity/Q19730508
TK7H1C2E,1,3,http://www.wikidata.org/entity/Q41
TK7H1C2E,2,3,http://www.wikidata.org/entity/Q41
TK7H1C2E,3,3,http://www.wikidata.org/entity/Q41
TK7H1C2E,4,3,http://www.wikidata.org/entity/Q41
TK7H1C2E,5,3,http://www.wikidata.org/entity/Q41
TK7H1C2E,6,3,http://www.wikidata.org/entity/Q41
TK7H1C2E,7,3,http://www.wikidata.org/entity/Q41
TK7H1C2E,8,3,http://www.wikidata.org/entity/Q41
TK7H1C2E,9,3,http://www.wikidata.org/entity/Q41
TK7H1C2E,10,3,http://www.wikidata.org/entity/Q41
TK7H1C2E,11,3,http://www.wikidata.org/entity/Q41
JI9ODC61,0,0,http://www.wikidata.org/entity/Q218593
JI9ODC61,1,0,http://www.wikidata.org/entity/Q218593
JI9ODC61,2,0,http://www.wikidata.org/entity/Q218593
JI9ODC61,3,0,http://www.wikidata.org/entity/Q218593
JI9ODC61,0,1,http://www.wikidata.org/entity/Q3152091
JI9ODC61,1,1,http://www.wikidata.org/entity/Q726595
JI9ODC61,2,1,http://www.wikidata.org/entity/Q647
JI9ODC61,3,1,http://www.wikidata.org/entity/Q15343039
JI9ODC61,0,2,http://www.wikidata.org/entity/Q1405041
JI9ODC61,1,2,http://www.wikidata.org/entity/Q1372831
JI9ODC61,2,2,http://www.wikidata.org/entity/Q158089
JI9ODC61,3,2,http://www.wikidata.org/entity/Q9299236
JI9ODC61,0,3,http://www.wikidata.org/entity/Q2811679
JI9ODC61,1,3,http://www.wikidata.org/entity/Q633529
JI9ODC61,2,3,http://www.wikidata.org/entity/Q36600
JI9ODC61,3,3,http://www.wikidata.org/entity/Q157031
JI9ODC61,0,4,http://www.wikidata.org/entity/Q6039894
JI9ODC61,1,4,http://www.wikidata.org/entity/Q374686
JI9ODC61,2,4,http://www.wikidata.org/entity/Q1085
JI9ODC61,3,4,http://www.wikidata.org/entity/Q11863217
HTV56W68,1,0,http://www.wikidata.org/entity/Q172919
HTV56W68,2,0,http://www.wikidata.org/entity/Q594234
HTV56W68,3,0,http://www.wikidata.org/entity/Q171378
HTV56W68,4,0,http://www.wikidata.org/entity/Q593776
HTV56W68,5,0,http://www.wikidata.org/entity/Q593664
HTV56W68,6,0,http://www.wikidata.org/entity/Q62561601
HTV56W68,1,1,http://www.wikidata.org/entity/Q9671
HTV56W68,2,1,http://www.wikidata.org/entity/Q82652
HTV56W68,3,1,http://www.wikidata.org/entity/Q11192
HTV56W68,4,1,http://www.wikidata.org/entity/Q9671
HTV56W68,5,1,http://www.wikidata.org/entity/Q10501
HTV56W68,6,1,http://www.wikidata.org/entity/Q138745
HTV56W68,1,2,http://www.wikidata.org/entity/Q29
HTV56W68,2,2,http://www.wikidata.org/entity/Q29
HTV56W68,3,2,http://www.wikidata.org/entity/Q29
HTV56W68,4,2,http://www.wikidata.org/entity/Q29
HTV56W68,5,2,http://www.wikidata.org/entity/Q29
HTV56W68,6,2,http://www.wikidata.org/entity/Q29
HTV56W68,1,3,http://www.wikidata.org/entity/Q172842
HTV56W68,2,3,http://www.wikidata.org/entity/Q82652
HTV56W68,3,3,http://www.wikidata.org/entity/Q11192
HTV56W68,4,3,http://www.wikidata.org/entity/Q10505
HTV56W68,5,3,http://www.wikidata.org/entity/Q10501
HTV56W68,6,3,http://www.wikidata.org/entity/Q9673
HTV56W68,1,4,http://www.wikidata.org/entity/Q171404
HTV56W68,2,4,http://www.wikidata.org/entity/Q171404
HTV56W68,3,4,http://www.wikidata.org/entity/Q171404
HTV56W68,4,4,http://www.wikidata.org/entity/Q171404
HTV56W68,5,4,http://www.wikidata.org/entity/Q171404
HTV56W68,6,4,http://www.wikidata.org/entity/Q171404
BAKATZN1,1,0,http://www.wikidata.org/entity/Q218593
BAKATZN1,2,0,http://www.wikidata.org/entity/Q218593
BAKATZN1,3,0,http://www.wikidata.org/entity/Q218593
BAKATZN1,1,1,http://www.wikidata.org/entity/Q174234
BAKATZN1,2,1,http://www.wikidata.org/entity/Q17580266
BAKATZN1,3,1,http://www.wikidata.org/entity/Q333351
BAKATZN1,1,2,http://www.wikidata.org/entity/Q656458
BAKATZN1,2,2,http://www.wikidata.org/entity/Q447532
BAKATZN1,3,2,http://www.wikidata.org/entity/Q447825
BAKATZN1,1,3,http://www.wikidata.org/entity/Q23817405
BAKATZN1,2,3,http://www.wikidata.org/entity/Q21492131
BAKATZN1,3,3,http://www.wikidata.org/entity/Q333351
BAKATZN1,1,4,http://www.wikidata.org/entity/Q95028
BAKATZN1,2,4,http://www.wikidata.org/entity/Q502477
BAKATZN1,3,4,http://www.wikidata.org/entity/Q523376
BAKATZN1,1,5,http://www.wikidata.org/entity/Q656458
BAKATZN1,2,5,http://www.wikidata.org/entity/Q61049
BAKATZN1,3,5,http://www.wikidata.org/entity/Q77352
BAKATZN1,1,6,http://www.wikidata.org/entity/Q174234
BAKATZN1,2,6,http://www.wikidata.org/entity/Q1853619
BAKATZN1,3,6,http://www.wikidata.org/entity/Q333351
BAKATZN1,1,7,http://www.wikidata.org/entity/Q107547740
BAKATZN1,2,7,http://www.wikidata.org/entity/Q1170560
BAKATZN1,3,7,http://www.wikidata.org/entity/Q1170560
BAKATZN1,1,8,http://www.wikidata.org/entity/Q95028
BAKATZN1,2,8,http://www.wikidata.org/entity/Q362185
BAKATZN1,3,8,http://www.wikidata.org/entity/Q286183
BAKATZN1,1,9,http://www.wikidata.org/entity/Q656458
BAKATZN1,2,9,http://www.wikidata.org/entity/Q1553933
BAKATZN1,3,9,http://www.wikidata.org/entity/Q77352
BAKATZN1,1,10,http://www.wikidata.org/entity/Q6035360
BAKATZN1,2,10,http://www.wikidata.org/entity/Q18437682
BAKATZN1,3,10,http://www.wikidata.org/entity/Q18502492
BAKATZN1,1,11,http://www.wikidata.org/entity/Q656458
BAKATZN1,2,11,http://www.wikidata.org/entity/Q17614937
BAKATZN1,3,11,http://www.wikidata.org/entity/Q77352
VNW9OMGK,0,0,http://www.wikidata.org/entity/Q218593
VNW9OMGK,1,0,http://www.wikidata.org/entity/Q36859801
VNW9OMGK,2,0,http://www.wikidata.org/entity/Q36858885
VNW9OMGK,3,0,http://www.wikidata.org/entity/Q36231642
VNW9OMGK,4,0,http://www.wikidata.org/entity/Q41134752
VNW9OMGK,5,0,http://www.wikidata.org/entity/Q62975725
VNW9OMGK,6,0,http://www.wikidata.org/entity/Q62975103
VNW9OMGK,7,0,http://www.wikidata.org/entity/Q41032225
VNW9OMGK,8,0,http://www.wikidata.org/entity/Q16996221
VNW9OMGK,9,0,http://www.wikidata.org/entity/Q1797704
VNW9OMGK,0,2,http://www.wikidata.org/entity/Q270952
VNW9OMGK,1,2,http://www.wikidata.org/entity/Q853110
VNW9OMGK,2,2,http://www.wikidata.org/entity/Q853110
VNW9OMGK,3,2,http://www.wikidata.org/entity/Q853110
VNW9OMGK,4,2,http://www.wikidata.org/entity/Q546769
VNW9OMGK,5,2,http://www.wikidata.org/entity/Q476988
VNW9OMGK,6,2,http://www.wikidata.org/entity/Q476988
VNW9OMGK,7,2,http://www.wikidata.org/entity/Q163580
VNW9OMGK,8,2,http://www.wikidata.org/entity/Q5965211
VNW9OMGK,9,2,http://www.wikidata.org/entity/Q804868
VNW9OMGK,0,3,http://www.wikidata.org/entity/Q218593
VNW9OMGK,1,3,http://www.wikidata.org/entity/Q1999572
VNW9OMGK,2,3,http://www.wikidata.org/entity/Q1999572
VNW9OMGK,3,3,http://www.wikidata.org/entity/Q1999572
VNW9OMGK,4,3,http://www.wikidata.org/entity/Q1999572
VNW9OMGK,5,3,http://www.wikidata.org/entity/Q1999572
VNW9OMGK,6,3,http://www.wikidata.org/entity/Q1999572
VNW9OMGK,7,3,http://www.wikidata.org/entity/Q1999572
VNW9OMGK,8,3,http://www.wikidata.org/entity/Q52330131
VNW9OMGK,9,3,http://www.wikidata.org/entity/Q52330131
VUKLQ2OR,1,0,http://www.wikidata.org/entity/Q1658081
VUKLQ2OR,2,0,http://www.wikidata.org/entity/Q616970
VUKLQ2OR,3,0,http://www.wikidata.org/entity/Q1491345
VUKLQ2OR,4,0,http://www.wikidata.org/entity/Q871828
VUKLQ2OR,1,1,http://www.wikidata.org/entity/Q17
VUKLQ2OR,2,1,http://www.wikidata.org/entity/Q39
VUKLQ2OR,3,1,http://www.wikidata.org/entity/Q40
VUKLQ2OR,4,1,http://www.wikidata.org/entity/Q40
VUKLQ2OR,1,2,http://www.wikidata.org/entity/Q131320
VUKLQ2OR,2,2,http://www.wikidata.org/entity/Q64004
VUKLQ2OR,3,2,http://www.wikidata.org/entity/Q43325
VUKLQ2OR,4,2,http://www.wikidata.org/entity/Q43325
F7WINQ0E,1,0,http://www.wikidata.org/entity/Q218593
F7WINQ0E,2,0,http://www.wikidata.org/entity/Q218593
F7WINQ0E,3,0,http://www.wikidata.org/entity/Q218593
F7WINQ0E,4,0,http://www.wikidata.org/entity/Q218593
F7WINQ0E,1,1,http://www.wikidata.org/entity/Q28916621
F7WINQ0E,2,1,http://www.wikidata.org/entity/Q47510519
F7WINQ0E,3,1,http://www.wikidata.org/entity/Q26367
F7WINQ0E,4,1,http://www.wikidata.org/entity/Q19474404
F7WINQ0E,1,2,http://www.wikidata.org/entity/Q22988651
F7WINQ0E,2,2,http://www.wikidata.org/entity/Q28492276
F7WINQ0E,3,2,http://www.wikidata.org/entity/Q28736250
F7WINQ0E,4,2,http://www.wikidata.org/entity/Q19474404
F7WINQ0E,1,3,http://www.wikidata.org/entity/Q62589316
F7WINQ0E,2,3,http://www.wikidata.org/entity/Q27020860
F7WINQ0E,3,3,http://www.wikidata.org/entity/Q35509
F7WINQ0E,4,3,http://www.wikidata.org/entity/Q19474404
F7WINQ0E,1,4,http://www.wikidata.org/entity/Q22988651
F7WINQ0E,2,4,http://www.wikidata.org/entity/Q27313283
F7WINQ0E,3,4,http://www.wikidata.org/entity/Q28736250
F7WINQ0E,4,4,http://www.wikidata.org/entity/Q19474404
F7WINQ0E,1,5,http://www.wikidata.org/entity/Q22988651
F7WINQ0E,2,5,http://www.wikidata.org/entity/Q27020860
F7WINQ0E,3,5,http://www.wikidata.org/entity/Q35509
F7WINQ0E,4,5,http://www.wikidata.org/entity/Q19474404
F7WINQ0E,1,6,http://www.wikidata.org/entity/Q22988651
F7WINQ0E,2,6,http://www.wikidata.org/entity/Q64380918
F7WINQ0E,3,6,http://www.wikidata.org/entity/Q2140450
F7WINQ0E,4,6,http://www.wikidata.org/entity/Q19474404
F7WINQ0E,1,7,http://www.wikidata.org/entity/Q22988651
F7WINQ0E,2,7,http://www.wikidata.org/entity/Q131626
F7WINQ0E,3,7,http://www.wikidata.org/entity/Q210510
F7WINQ0E,4,7,http://www.wikidata.org/entity/Q21503250
F7WINQ0E,1,8,http://www.wikidata.org/entity/Q22988651
F7WINQ0E,2,8,http://www.wikidata.org/entity/Q1778118
F7WINQ0E,3,8,http://www.wikidata.org/entity/Q3108976
F7WINQ0E,4,8,http://www.wikidata.org/entity/Q19474404
F7WINQ0E,1,9,http://www.wikidata.org/entity/Q22964785
F7WINQ0E,2,9,http://www.wikidata.org/entity/Q131626
F7WINQ0E,3,9,http://www.wikidata.org/entity/Q210510
F7WINQ0E,4,9,http://www.wikidata.org/entity/Q21503250
F7WINQ0E,1,10,http://www.wikidata.org/entity/Q19847637
F7WINQ0E,2,10,http://www.wikidata.org/entity/Q27020860
F7WINQ0E,3,10,http://www.wikidata.org/entity/Q35509
F7WINQ0E,4,10,http://www.wikidata.org/entity/Q42750658
0PC6HLDV,1,0,http://www.wikidata.org/entity/Q17321078
0PC6HLDV,2,0,http://www.wikidata.org/entity/Q15848858
0PC6HLDV,3,0,http://www.wikidata.org/entity/Q15848849
0PC6HLDV,4,0,http://www.wikidata.org/entity/Q17321078
0PC6HLDV,5,0,http://www.wikidata.org/entity/Q17058121
0PC6HLDV,6,0,http://www.wikidata.org/entity/Q15852775
0PC6HLDV,7,0,http://www.wikidata.org/entity/Q15850284
0PC6HLDV,8,0,http://www.wikidata.org/entity/Q15848858
0PC6HLDV,9,0,http://www.wikidata.org/entity/Q15848849
0PC6HLDV,10,0,http://www.wikidata.org/entity/Q15839993
0PC6HLDV,11,0,http://www.wikidata.org/entity/Q15837582
0PC6HLDV,1,1,http://www.wikidata.org/entity/Q1998056
0PC6HLDV,2,1,http://www.wikidata.org/entity/Q1998056
0PC6HLDV,3,1,http://www.wikidata.org/entity/Q314042
0PC6HLDV,4,1,http://www.wikidata.org/entity/Q1998056
0PC6HLDV,5,1,http://www.wikidata.org/entity/Q1726795
0PC6HLDV,6,1,http://www.wikidata.org/entity/Q1742463
0PC6HLDV,7,1,http://www.wikidata.org/entity/Q1548645
0PC6HLDV,8,1,http://www.wikidata.org/entity/Q1998056
0PC6HLDV,9,1,http://www.wikidata.org/entity/Q314042
0PC6HLDV,10,1,http://www.wikidata.org/entity/Q1742463
0PC6HLDV,11,1,http://www.wikidata.org/entity/Q1742463
0PC6HLDV,1,2,http://www.wikidata.org/entity/Q4830453
0PC6HLDV,2,2,http://www.wikidata.org/entity/Q2326317
0PC6HLDV,3,2,http://www.wikidata.org/entity/Q2326317
0PC6HLDV,4,2,http://www.wikidata.org/entity/Q740752
0PC6HLDV,5,2,http://www.wikidata.org/entity/Q740752
0PC6HLDV,6,2,http://www.wikidata.org/entity/Q740752
0PC6HLDV,7,2,http://www.wikidata.org/entity/Q740752
0PC6HLDV,8,2,http://www.wikidata.org/entity/Q740752
0PC6HLDV,9,2,http://www.wikidata.org/entity/Q740752
0PC6HLDV,10,2,http://www.wikidata.org/entity/Q740752
0PC6HLDV,11,2,http://www.wikidata.org/entity/Q740752
0PC6HLDV,1,3,http://www.wikidata.org/entity/Q3874
0PC6HLDV,2,3,http://www.wikidata.org/entity/Q564827
0PC6HLDV,3,3,http://www.wikidata.org/entity/Q639902
0PC6HLDV,4,3,http://www.wikidata.org/entity/Q3874
0PC6HLDV,5,3,http://www.wikidata.org/entity/Q25125
0PC6HLDV,6,3,http://www.wikidata.org/entity/Q247868
0PC6HLDV,7,3,http://www.wikidata.org/entity/Q260130
0PC6HLDV,8,3,http://www.wikidata.org/entity/Q564827
0PC6HLDV,9,3,http://www.wikidata.org/entity/Q639902
0PC6HLDV,10,3,http://www.wikidata.org/entity/Q10741
0PC6HLDV,11,3,http://www.wikidata.org/entity/Q12056
U1H5O3RD,1,0,http://www.wikidata.org/entity/Q218593
U1H5O3RD,2,0,http://www.wikidata.org/entity/Q218593
U1H5O3RD,3,0,http://www.wikidata.org/entity/Q218593
U1H5O3RD,1,1,http://www.wikidata.org/entity/Q4930403
U1H5O3RD,2,1,http://www.wikidata.org/entity/Q7132584
U1H5O3RD,3,1,http://www.wikidata.org/entity/Q12301128
U1H5O3RD,1,2,http://www.wikidata.org/entity/Q59012879
U1H5O3RD,2,2,http://www.wikidata.org/entity/Q60421184
U1H5O3RD,3,2,http://www.wikidata.org/entity/Q66826018
U1H5O3RD,1,3,http://www.wikidata.org/entity/Q85621166
U1H5O3RD,2,3,http://www.wikidata.org/entity/Q11472
U1H5O3RD,3,3,http://www.wikidata.org/entity/Q8070591
U1H5O3RD,1,4,http://www.wikidata.org/entity/Q85621166
U1H5O3RD,2,4,http://www.wikidata.org/entity/Q11472
U1H5O3RD,3,4,http://www.wikidata.org/entity/Q8070591
OTJ6QTH5,1,0,http://www.wikidata.org/entity/Q1230739
OTJ6QTH5,2,0,http://www.wikidata.org/entity/Q1423756
OTJ6QTH5,3,0,http://www.wikidata.org/entity/Q1472663
OTJ6QTH5,4,0,http://www.wikidata.org/entity/Q1423756
OTJ6QTH5,5,0,http://www.wikidata.org/entity/Q1472663
OTJ6QTH5,6,0,http://www.wikidata.org/entity/Q1509333
OTJ6QTH5,7,0,http://www.wikidata.org/entity/Q1423756
OTJ6QTH5,1,1,http://www.wikidata.org/entity/Q2140391
OTJ6QTH5,2,1,http://www.wikidata.org/entity/Q2407664
OTJ6QTH5,3,1,http://www.wikidata.org/entity/Q1593069
OTJ6QTH5,4,1,http://www.wikidata.org/entity/Q2407664
OTJ6QTH5,5,1,http://www.wikidata.org/entity/Q1593069
OTJ6QTH5,6,1,http://www.wikidata.org/entity/Q2495809
OTJ6QTH5,7,1,http://www.wikidata.org/entity/Q2407664
OTJ6QTH5,1,4,http://www.wikidata.org/entity/Q647039
OTJ6QTH5,2,4,http://www.wikidata.org/entity/Q19861084
OTJ6QTH5,3,4,http://www.wikidata.org/entity/Q5275906
OTJ6QTH5,4,4,http://www.wikidata.org/entity/Q5137944
OTJ6QTH5,5,4,http://www.wikidata.org/entity/Q4810015
OTJ6QTH5,6,4,http://www.wikidata.org/entity/Q647039
OTJ6QTH5,7,4,http://www.wikidata.org/entity/Q647039
OTJ6QTH5,1,5,http://www.wikidata.org/entity/Q23663133
OTJ6QTH5,2,5,http://www.wikidata.org/entity/Q23662768
OTJ6QTH5,3,5,http://www.wikidata.org/entity/Q23662768
OTJ6QTH5,4,5,http://www.wikidata.org/entity/Q23662768
OTJ6QTH5,5,5,http://www.wikidata.org/entity/Q23662768
OTJ6QTH5,6,5,http://www.wikidata.org/entity/Q23662768
OTJ6QTH5,7,5,http://www.wikidata.org/entity/Q23662768
C1QTJLC7,0,0,http://www.wikidata.org/entity/Q218593
C1QTJLC7,1,0,http://www.wikidata.org/entity/Q806273
C1QTJLC7,2,0,http://www.wikidata.org/entity/Q1122278
C1QTJLC7,3,0,http://www.wikidata.org/entity/Q1074991
C1QTJLC7,4,0,http://www.wikidata.org/entity/Q1429697
C1QTJLC7,5,0,http://www.wikidata.org/entity/Q1122278
C1QTJLC7,6,0,http://www.wikidata.org/entity/Q1429697
C1QTJLC7,7,0,http://www.wikidata.org/entity/Q1122278
C1QTJLC7,8,0,http://www.wikidata.org/entity/Q1074991
C1QTJLC7,9,0,http://www.wikidata.org/entity/Q1122278
C1QTJLC7,10,0,http://www.wikidata.org/entity/Q1429697
C1QTJLC7,11,0,http://www.wikidata.org/entity/Q1074991
C1QTJLC7,12,0,http://www.wikidata.org/entity/Q1122278
C1QTJLC7,13,0,http://www.wikidata.org/entity/Q1429697
C1QTJLC7,14,0,http://www.wikidata.org/entity/Q2039066
C1QTJLC7,0,1,http://www.wikidata.org/entity/Q218593
C1QTJLC7,1,1,http://www.wikidata.org/entity/Q806261
C1QTJLC7,2,1,http://www.wikidata.org/entity/Q949746
C1QTJLC7,3,1,http://www.wikidata.org/entity/Q376749
C1QTJLC7,4,1,http://www.wikidata.org/entity/Q3346357
C1QTJLC7,5,1,http://www.wikidata.org/entity/Q949746
C1QTJLC7,6,1,http://www.wikidata.org/entity/Q3346357
C1QTJLC7,7,1,http://www.wikidata.org/entity/Q949746
C1QTJLC7,8,1,http://www.wikidata.org/entity/Q376749
C1QTJLC7,9,1,http://www.wikidata.org/entity/Q949746
C1QTJLC7,10,1,http://www.wikidata.org/entity/Q3346357
C1QTJLC7,11,1,http://www.wikidata.org/entity/Q376749
C1QTJLC7,12,1,http://www.wikidata.org/entity/Q949746
C1QTJLC7,13,1,http://www.wikidata.org/entity/Q3346357
C1QTJLC7,14,1,http://www.wikidata.org/entity/Q1918837
C1QTJLC7,0,2,http://www.wikidata.org/entity/Q14877683
C1QTJLC7,1,2,http://www.wikidata.org/entity/Q1074991
C1QTJLC7,2,2,http://www.wikidata.org/entity/Q806273
C1QTJLC7,3,2,http://www.wikidata.org/entity/Q68585
C1QTJLC7,4,2,http://www.wikidata.org/entity/Q68585
C1QTJLC7,5,2,http://www.wikidata.org/entity/Q806273
C1QTJLC7,6,2,http://www.wikidata.org/entity/Q68585
C1QTJLC7,7,2,http://www.wikidata.org/entity/Q806273
C1QTJLC7,8,2,http://www.wikidata.org/entity/Q68585
C1QTJLC7,9,2,http://www.wikidata.org/entity/Q806273
C1QTJLC7,10,2,http://www.wikidata.org/entity/Q68585
C1QTJLC7,11,2,http://www.wikidata.org/entity/Q806273
C1QTJLC7,12,2,http://www.wikidata.org/entity/Q806273
C1QTJLC7,13,2,http://www.wikidata.org/entity/Q68585
C1QTJLC7,14,2,http://www.wikidata.org/entity/Q2039306
C1QTJLC7,0,3,http://www.wikidata.org/entity/Q218593
C1QTJLC7,1,3,http://www.wikidata.org/entity/Q3346656
C1QTJLC7,2,3,http://www.wikidata.org/entity/Q13058605
C1QTJLC7,3,3,http://www.wikidata.org/entity/Q7215298
C1QTJLC7,4,3,http://www.wikidata.org/entity/Q3423900
C1QTJLC7,5,3,http://www.wikidata.org/entity/Q3349158
C1QTJLC7,6,3,http://www.wikidata.org/entity/Q3349131
C1QTJLC7,7,3,http://www.wikidata.org/entity/Q3348523
C1QTJLC7,8,3,http://www.wikidata.org/entity/Q3348412
C1QTJLC7,9,3,http://www.wikidata.org/entity/Q3348367
C1QTJLC7,10,3,http://www.wikidata.org/entity/Q3347521
C1QTJLC7,11,3,http://www.wikidata.org/entity/Q3346753
C1QTJLC7,12,3,http://www.wikidata.org/entity/Q3181093
C1QTJLC7,13,3,http://www.wikidata.org/entity/Q983065
C1QTJLC7,14,3,http://www.wikidata.org/entity/Q2606645
C1QTJLC7,0,4,http://www.wikidata.org/entity/Q218593
C1QTJLC7,1,4,http://www.wikidata.org/entity/Q158087
C1QTJLC7,2,4,http://www.wikidata.org/entity/Q158087
C1QTJLC7,3,4,http://www.wikidata.org/entity/Q158087
C1QTJLC7,4,4,http://www.wikidata.org/entity/Q158087
C1QTJLC7,5,4,http://www.wikidata.org/entity/Q158087
C1QTJLC7,6,4,http://www.wikidata.org/entity/Q158087
C1QTJLC7,7,4,http://www.wikidata.org/entity/Q158087
C1QTJLC7,8,4,http://www.wikidata.org/entity/Q158087
C1QTJLC7,9,4,http://www.wikidata.org/entity/Q158087
C1QTJLC7,10,4,http://www.wikidata.org/entity/Q158087
C1QTJLC7,11,4,http://www.wikidata.org/entity/Q158087
C1QTJLC7,12,4,http://www.wikidata.org/entity/Q158087
C1QTJLC7,13,4,http://www.wikidata.org/entity/Q158087
C1QTJLC7,14,4,http://www.wikidata.org/entity/Q379382
C1QTJLC7,0,5,http://www.wikidata.org/entity/Q218593
C1QTJLC7,1,5,http://www.wikidata.org/entity/Q6906
C1QTJLC7,2,5,http://www.wikidata.org/entity/Q6906
C1QTJLC7,3,5,http://www.wikidata.org/entity/Q6906
C1QTJLC7,4,5,http://www.wikidata.org/entity/Q6906
C1QTJLC7,5,5,http://www.wikidata.org/entity/Q6906
C1QTJLC7,6,5,http://www.wikidata.org/entity/Q6906
C1QTJLC7,7,5,http://www.wikidata.org/entity/Q6906
C1QTJLC7,8,5,http://www.wikidata.org/entity/Q6906
C1QTJLC7,9,5,http://www.wikidata.org/entity/Q6906
C1QTJLC7,10,5,http://www.wikidata.org/entity/Q6906
C1QTJLC7,11,5,http://www.wikidata.org/entity/Q6906
C1QTJLC7,12,5,http://www.wikidata.org/entity/Q6906
C1QTJLC7,13,5,http://www.wikidata.org/entity/Q6906
C1QTJLC7,14,5,http://www.wikidata.org/entity/Q6906
CM8CADY1,0,0,http://www.wikidata.org/entity/Q218593
CM8CADY1,1,0,http://www.wikidata.org/entity/Q72541966
CM8CADY1,2,0,http://www.wikidata.org/entity/Q67184395
CM8CADY1,3,0,http://www.wikidata.org/entity/Q68929499
CM8CADY1,4,0,http://www.wikidata.org/entity/Q263496
CM8CADY1,5,0,http://www.wikidata.org/entity/Q67183362
CM8CADY1,6,0,http://www.wikidata.org/entity/Q64017300
CM8CADY1,7,0,http://www.wikidata.org/entity/Q17310437
CM8CADY1,0,1,http://www.wikidata.org/entity/Q218593
CM8CADY1,1,1,http://www.wikidata.org/entity/Q7388308
CM8CADY1,2,1,http://www.wikidata.org/entity/Q63213955
CM8CADY1,3,1,http://www.wikidata.org/entity/Q64507948
CM8CADY1,4,1,http://www.wikidata.org/entity/Q7388308
CM8CADY1,5,1,http://www.wikidata.org/entity/Q67183390
CM8CADY1,6,1,http://www.wikidata.org/entity/Q64017443
CM8CADY1,7,1,http://www.wikidata.org/entity/Q63215993
CM8CADY1,0,2,http://www.wikidata.org/entity/Q14877683
CM8CADY1,1,2,http://www.wikidata.org/entity/Q896765
CM8CADY1,2,2,http://www.wikidata.org/entity/Q1152119
CM8CADY1,3,2,http://www.wikidata.org/entity/Q896765
CM8CADY1,4,2,http://www.wikidata.org/entity/Q896765
CM8CADY1,5,2,http://www.wikidata.org/entity/Q1152119
CM8CADY1,6,2,http://www.wikidata.org/entity/Q1152119
CM8CADY1,7,2,http://www.wikidata.org/entity/Q1152119
CM8CADY1,0,3,http://www.wikidata.org/entity/Q218593
CM8CADY1,1,3,http://www.wikidata.org/entity/Q61651
CM8CADY1,2,3,http://www.wikidata.org/entity/Q39793
CM8CADY1,3,3,http://www.wikidata.org/entity/Q23007
CM8CADY1,4,3,http://www.wikidata.org/entity/Q10502
CM8CADY1,5,3,http://www.wikidata.org/entity/Q10898
CM8CADY1,6,3,http://www.wikidata.org/entity/Q10756
CM8CADY1,7,3,http://www.wikidata.org/entity/Q373824
CPAZCUKU,1,0,http://www.wikidata.org/entity/Q218593
CPAZCUKU,2,0,http://www.wikidata.org/entity/Q218593
CPAZCUKU,3,0,http://www.wikidata.org/entity/Q218593
CPAZCUKU,4,0,http://www.wikidata.org/entity/Q218593
CPAZCUKU,1,1,http://www.wikidata.org/entity/Q1636682
CPAZCUKU,2,1,http://www.wikidata.org/entity/Q47010541
CPAZCUKU,3,1,http://www.wikidata.org/entity/Q142
CPAZCUKU,4,1,http://www.wikidata.org/entity/Q28869937
CPAZCUKU,1,2,http://www.wikidata.org/entity/Q688315
CPAZCUKU,2,2,http://www.wikidata.org/entity/Q61232
CPAZCUKU,3,2,http://www.wikidata.org/entity/Q39
CPAZCUKU,4,2,http://www.wikidata.org/entity/Q11469
CPAZCUKU,1,3,http://www.wikidata.org/entity/Q1636682
CPAZCUKU,2,3,http://www.wikidata.org/entity/Q47010541
CPAZCUKU,3,3,http://www.wikidata.org/entity/Q142
CPAZCUKU,4,3,http://www.wikidata.org/entity/Q708
CPAZCUKU,1,4,http://www.wikidata.org/entity/Q688315
CPAZCUKU,2,4,http://www.wikidata.org/entity/Q61232
CPAZCUKU,3,4,http://www.wikidata.org/entity/Q39
CPAZCUKU,4,4,http://www.wikidata.org/entity/Q708
CNNS4NJ8,1,0,http://www.wikidata.org/entity/Q218593
CNNS4NJ8,2,0,http://www.wikidata.org/entity/Q218593
CNNS4NJ8,3,0,http://www.wikidata.org/entity/Q218593
CNNS4NJ8,1,1,http://www.wikidata.org/entity/Q364454
CNNS4NJ8,2,1,http://www.wikidata.org/entity/Q239332
CNNS4NJ8,3,1,http://www.wikidata.org/entity/Q239332
CNNS4NJ8,1,2,http://www.wikidata.org/entity/Q4992644
CNNS4NJ8,2,2,http://www.wikidata.org/entity/Q515706
CNNS4NJ8,3,2,http://www.wikidata.org/entity/Q515706
CNNS4NJ8,1,3,http://www.wikidata.org/entity/Q2021144
CNNS4NJ8,2,3,http://www.wikidata.org/entity/Q507509
CNNS4NJ8,3,3,http://www.wikidata.org/entity/Q515699
CNNS4NJ8,1,4,http://www.wikidata.org/entity/Q5560630
CNNS4NJ8,2,4,http://www.wikidata.org/entity/Q515519
CNNS4NJ8,3,4,http://www.wikidata.org/entity/Q515519
CNNS4NJ8,1,5,http://www.wikidata.org/entity/Q6247720
CNNS4NJ8,2,5,http://www.wikidata.org/entity/Q254799
CNNS4NJ8,3,5,http://www.wikidata.org/entity/Q515505
CNNS4NJ8,1,6,http://www.wikidata.org/entity/Q1691965
CNNS4NJ8,2,6,http://www.wikidata.org/entity/Q515491
CNNS4NJ8,3,6,http://www.wikidata.org/entity/Q515491
CNNS4NJ8,1,7,http://www.wikidata.org/entity/Q6189113
CNNS4NJ8,2,7,http://www.wikidata.org/entity/Q10715991
CNNS4NJ8,3,7,http://www.wikidata.org/entity/Q513370
CNNS4NJ8,1,8,http://www.wikidata.org/entity/Q355090
CNNS4NJ8,2,8,http://www.wikidata.org/entity/Q511365
CNNS4NJ8,3,8,http://www.wikidata.org/entity/Q511365
CNNS4NJ8,1,9,http://www.wikidata.org/entity/Q5892792
CNNS4NJ8,2,9,http://www.wikidata.org/entity/Q507709
CNNS4NJ8,3,9,http://www.wikidata.org/entity/Q507709
CNNS4NJ8,1,10,http://www.wikidata.org/entity/Q5499505
CNNS4NJ8,2,10,http://www.wikidata.org/entity/Q507709
CNNS4NJ8,3,10,http://www.wikidata.org/entity/Q507709
CNNS4NJ8,1,11,http://www.wikidata.org/entity/Q1806244
CNNS4NJ8,2,11,http://www.wikidata.org/entity/Q507684
CNNS4NJ8,3,11,http://www.wikidata.org/entity/Q507684
CNNS4NJ8,1,12,http://www.wikidata.org/entity/Q15895282
CNNS4NJ8,2,12,http://www.wikidata.org/entity/Q2552334
CNNS4NJ8,3,12,http://www.wikidata.org/entity/Q506250
CNNS4NJ8,1,13,http://www.wikidata.org/entity/Q5605890
CNNS4NJ8,2,13,http://www.wikidata.org/entity/Q1782644
CNNS4NJ8,3,13,http://www.wikidata.org/entity/Q506250
CNNS4NJ8,1,14,http://www.wikidata.org/entity/Q3362829
CNNS4NJ8,2,14,http://www.wikidata.org/entity/Q1781789
CNNS4NJ8,3,14,http://www.wikidata.org/entity/Q506250
CNNS4NJ8,1,15,http://www.wikidata.org/entity/Q364454
CNNS4NJ8,2,15,http://www.wikidata.org/entity/Q1781556
CNNS4NJ8,3,15,http://www.wikidata.org/entity/Q506250
YPY5FR5A,1,0,http://www.wikidata.org/entity/Q57084526
YPY5FR5A,2,0,http://www.wikidata.org/entity/Q47007925
YPY5FR5A,3,0,http://www.wikidata.org/entity/Q25384504
YPY5FR5A,4,0,http://www.wikidata.org/entity/Q20175097
YPY5FR5A,5,0,http://www.wikidata.org/entity/Q18720386
YPY5FR5A,6,0,http://www.wikidata.org/entity/Q15731706
YPY5FR5A,7,0,http://www.wikidata.org/entity/Q3365218
YPY5FR5A,8,0,http://www.wikidata.org/entity/Q57084526
YPY5FR5A,1,2,http://www.wikidata.org/entity/Q180871
YPY5FR5A,2,2,http://www.wikidata.org/entity/Q180871
YPY5FR5A,3,2,http://www.wikidata.org/entity/Q180871
YPY5FR5A,4,2,http://www.wikidata.org/entity/Q180871
YPY5FR5A,5,2,http://www.wikidata.org/entity/Q180871
YPY5FR5A,6,2,http://www.wikidata.org/entity/Q180871
YPY5FR5A,7,2,http://www.wikidata.org/entity/Q180871
YPY5FR5A,8,2,http://www.wikidata.org/entity/Q180871
YPY5FR5A,1,4,http://www.wikidata.org/entity/Q142
YPY5FR5A,2,4,http://www.wikidata.org/entity/Q142
YPY5FR5A,3,4,http://www.wikidata.org/entity/Q142
YPY5FR5A,4,4,http://www.wikidata.org/entity/Q142
YPY5FR5A,5,4,http://www.wikidata.org/entity/Q142
YPY5FR5A,6,4,http://www.wikidata.org/entity/Q142
YPY5FR5A,7,4,http://www.wikidata.org/entity/Q142
YPY5FR5A,8,4,http://www.wikidata.org/entity/Q142
YPY5FR5A,1,5,http://www.wikidata.org/entity/Q83815024
YPY5FR5A,2,5,http://www.wikidata.org/entity/Q57084526
YPY5FR5A,3,5,http://www.wikidata.org/entity/Q47007925
YPY5FR5A,4,5,http://www.wikidata.org/entity/Q25384504
YPY5FR5A,5,5,http://www.wikidata.org/entity/Q20175097
YPY5FR5A,6,5,http://www.wikidata.org/entity/Q18720386
YPY5FR5A,7,5,http://www.wikidata.org/entity/Q15731706
YPY5FR5A,8,5,http://www.wikidata.org/entity/Q83815024
DMNCSP3Z,1,0,http://www.wikidata.org/entity/Q379885
DMNCSP3Z,2,0,http://www.wikidata.org/entity/Q5282
DMNCSP3Z,3,0,http://www.wikidata.org/entity/Q80294
DMNCSP3Z,4,0,http://www.wikidata.org/entity/Q5282
DMNCSP3Z,5,0,http://www.wikidata.org/entity/Q204873
DMNCSP3Z,6,0,http://www.wikidata.org/entity/Q379885
DMNCSP3Z,1,1,http://www.wikidata.org/entity/Q16024674
DMNCSP3Z,2,1,http://www.wikidata.org/entity/Q14891040
DMNCSP3Z,3,1,http://www.wikidata.org/entity/Q22313190
DMNCSP3Z,4,1,http://www.wikidata.org/entity/Q22273539
DMNCSP3Z,5,1,http://www.wikidata.org/entity/Q21133331
DMNCSP3Z,6,1,http://www.wikidata.org/entity/Q16024674
DMNCSP3Z,1,3,http://www.wikidata.org/entity/Q703
DMNCSP3Z,2,3,http://www.wikidata.org/entity/Q682
DMNCSP3Z,3,3,http://www.wikidata.org/entity/Q629
DMNCSP3Z,4,3,http://www.wikidata.org/entity/Q629
DMNCSP3Z,5,3,http://www.wikidata.org/entity/Q629
DMNCSP3Z,6,3,http://www.wikidata.org/entity/Q629
X48G0A2E,1,0,http://www.wikidata.org/entity/Q218593
X48G0A2E,2,0,http://www.wikidata.org/entity/Q218593
X48G0A2E,3,0,http://www.wikidata.org/entity/Q218593
X48G0A2E,1,1,http://www.wikidata.org/entity/Q1062135
X48G0A2E,2,1,http://www.wikidata.org/entity/Q15126142
X48G0A2E,3,1,http://www.wikidata.org/entity/Q20027953
X48G0A2E,1,2,http://www.wikidata.org/entity/Q15126142
X48G0A2E,2,2,http://www.wikidata.org/entity/Q19403027
X48G0A2E,3,2,http://www.wikidata.org/entity/Q20027953
X48G0A2E,1,3,http://www.wikidata.org/entity/Q1073579
X48G0A2E,2,3,http://www.wikidata.org/entity/Q208187
X48G0A2E,3,3,http://www.wikidata.org/entity/Q20027953
X48G0A2E,1,4,http://www.wikidata.org/entity/Q7033608
X48G0A2E,2,4,http://www.wikidata.org/entity/Q170877
X48G0A2E,3,4,http://www.wikidata.org/entity/Q20027953
BKZU70VM,1,0,http://www.wikidata.org/entity/Q2001371
BKZU70VM,2,0,http://www.wikidata.org/entity/Q2001369
BKZU70VM,3,0,http://www.wikidata.org/entity/Q2001368
BKZU70VM,4,0,http://www.wikidata.org/entity/Q2001363
BKZU70VM,5,0,http://www.wikidata.org/entity/Q2001361
BKZU70VM,6,0,http://www.wikidata.org/entity/Q2001358
BKZU70VM,7,0,http://www.wikidata.org/entity/Q2001356
BKZU70VM,8,0,http://www.wikidata.org/entity/Q2001354
BKZU70VM,1,1,http://www.wikidata.org/entity/Q20
BKZU70VM,2,1,http://www.wikidata.org/entity/Q20
BKZU70VM,3,1,http://www.wikidata.org/entity/Q20
BKZU70VM,4,1,http://www.wikidata.org/entity/Q20
BKZU70VM,5,1,http://www.wikidata.org/entity/Q20
BKZU70VM,6,1,http://www.wikidata.org/entity/Q20
BKZU70VM,7,1,http://www.wikidata.org/entity/Q20
BKZU70VM,8,1,http://www.wikidata.org/entity/Q20
BKZU70VM,1,2,http://www.wikidata.org/entity/Q66098665
BKZU70VM,2,2,http://www.wikidata.org/entity/Q66098665
BKZU70VM,3,2,http://www.wikidata.org/entity/Q66098665
BKZU70VM,4,2,http://www.wikidata.org/entity/Q66098665
BKZU70VM,5,2,http://www.wikidata.org/entity/Q66098665
BKZU70VM,6,2,http://www.wikidata.org/entity/Q66098665
BKZU70VM,7,2,http://www.wikidata.org/entity/Q66098665
BKZU70VM,8,2,http://www.wikidata.org/entity/Q66098665
BKZU70VM,1,3,http://www.wikidata.org/entity/Q2001354
BKZU70VM,2,3,http://www.wikidata.org/entity/Q2001371
BKZU70VM,3,3,http://www.wikidata.org/entity/Q2001369
BKZU70VM,4,3,http://www.wikidata.org/entity/Q2001363
BKZU70VM,5,3,http://www.wikidata.org/entity/Q2001356
BKZU70VM,6,3,http://www.wikidata.org/entity/Q2001361
BKZU70VM,7,3,http://www.wikidata.org/entity/Q2001358
BKZU70VM,8,3,http://www.wikidata.org/entity/Q2001356
BKZU70VM,1,4,http://www.wikidata.org/entity/Q63869675
BKZU70VM,2,4,http://www.wikidata.org/entity/Q63869675
BKZU70VM,3,4,http://www.wikidata.org/entity/Q63869675
BKZU70VM,4,4,http://www.wikidata.org/entity/Q63869675
BKZU70VM,5,4,http://www.wikidata.org/entity/Q63869675
BKZU70VM,6,4,http://www.wikidata.org/entity/Q63869675
BKZU70VM,7,4,http://www.wikidata.org/entity/Q63869675
BKZU70VM,8,4,http://www.wikidata.org/entity/Q63869675
BKZU70VM,1,5,http://www.wikidata.org/entity/Q585
BKZU70VM,2,5,http://www.wikidata.org/entity/Q585
BKZU70VM,3,5,http://www.wikidata.org/entity/Q585
BKZU70VM,4,5,http://www.wikidata.org/entity/Q109005
BKZU70VM,5,5,http://www.wikidata.org/entity/Q585
BKZU70VM,6,5,http://www.wikidata.org/entity/Q585
BKZU70VM,7,5,http://www.wikidata.org/entity/Q585
BKZU70VM,8,5,http://www.wikidata.org/entity/Q585
BKZU70VM,1,6,http://www.wikidata.org/entity/Q2001416
BKZU70VM,2,6,http://www.wikidata.org/entity/Q2001416
BKZU70VM,3,6,http://www.wikidata.org/entity/Q2001416
BKZU70VM,4,6,http://www.wikidata.org/entity/Q43304339
BKZU70VM,5,6,http://www.wikidata.org/entity/Q2001416
BKZU70VM,6,6,http://www.wikidata.org/entity/Q2001416
BKZU70VM,7,6,http://www.wikidata.org/entity/Q2001416
BKZU70VM,8,6,http://www.wikidata.org/entity/Q2001416
BKZU70VM,1,7,http://www.wikidata.org/entity/Q7291
BKZU70VM,2,7,http://www.wikidata.org/entity/Q7291
BKZU70VM,3,7,http://www.wikidata.org/entity/Q7291
BKZU70VM,4,7,http://www.wikidata.org/entity/Q7291
BKZU70VM,5,7,http://www.wikidata.org/entity/Q7291
BKZU70VM,6,7,http://www.wikidata.org/entity/Q7291
BKZU70VM,7,7,http://www.wikidata.org/entity/Q7291
BKZU70VM,8,7,http://www.wikidata.org/entity/Q7291
43ZWGS1D,1,0,http://www.wikidata.org/entity/Q27567
43ZWGS1D,2,0,http://www.wikidata.org/entity/Q29952
43ZWGS1D,3,0,http://www.wikidata.org/entity/Q27567
43ZWGS1D,4,0,http://www.wikidata.org/entity/Q29952
43ZWGS1D,5,0,http://www.wikidata.org/entity/Q27567
43ZWGS1D,6,0,http://www.wikidata.org/entity/Q29952
43ZWGS1D,7,0,http://www.wikidata.org/entity/Q13343
43ZWGS1D,1,1,http://www.wikidata.org/entity/Q5328
43ZWGS1D,2,1,http://www.wikidata.org/entity/Q5340
43ZWGS1D,3,1,http://www.wikidata.org/entity/Q5328
43ZWGS1D,4,1,http://www.wikidata.org/entity/Q5340
43ZWGS1D,5,1,http://www.wikidata.org/entity/Q5328
43ZWGS1D,6,1,http://www.wikidata.org/entity/Q5340
43ZWGS1D,7,1,http://www.wikidata.org/entity/Q1727
43ZWGS1D,1,2,http://www.wikidata.org/entity/Q5207
43ZWGS1D,2,2,http://www.wikidata.org/entity/Q1727
43ZWGS1D,3,2,http://www.wikidata.org/entity/Q5207
43ZWGS1D,4,2,http://www.wikidata.org/entity/Q5334
43ZWGS1D,5,2,http://www.wikidata.org/entity/Q5207
43ZWGS1D,6,2,http://www.wikidata.org/entity/Q1727
43ZWGS1D,7,2,http://www.wikidata.org/entity/Q5340
43ZWGS1D,1,3,http://www.wikidata.org/entity/Q8209
43ZWGS1D,2,3,http://www.wikidata.org/entity/Q8209
43ZWGS1D,3,3,http://www.wikidata.org/entity/Q8229
43ZWGS1D,4,3,http://www.wikidata.org/entity/Q8209
43ZWGS1D,5,3,http://www.wikidata.org/entity/Q8209
43ZWGS1D,6,3,http://www.wikidata.org/entity/Q8209
43ZWGS1D,7,3,http://www.wikidata.org/entity/Q8209
43ZWGS1D,1,4,http://www.wikidata.org/entity/Q539808
43ZWGS1D,2,4,http://www.wikidata.org/entity/Q178435
43ZWGS1D,3,4,http://www.wikidata.org/entity/Q171263
43ZWGS1D,4,4,http://www.wikidata.org/entity/Q171263
43ZWGS1D,5,4,http://www.wikidata.org/entity/Q171263
43ZWGS1D,6,4,http://www.wikidata.org/entity/Q171263
43ZWGS1D,7,4,http://www.wikidata.org/entity/Q539808
BUF8C0Z6,1,0,http://www.wikidata.org/entity/Q36491
BUF8C0Z6,2,0,http://www.wikidata.org/entity/Q36741
BUF8C0Z6,3,0,http://www.wikidata.org/entity/Q35241
BUF8C0Z6,4,0,http://www.wikidata.org/entity/Q35228
BUF8C0Z6,1,1,http://www.wikidata.org/entity/Q149944
BUF8C0Z6,2,1,http://www.wikidata.org/entity/Q742782
BUF8C0Z6,3,1,http://www.wikidata.org/entity/Q56463
BUF8C0Z6,4,1,http://www.wikidata.org/entity/Q144713
BUF8C0Z6,1,2,http://www.wikidata.org/entity/Q913914
BUF8C0Z6,2,2,http://www.wikidata.org/entity/Q706018
BUF8C0Z6,3,2,http://www.wikidata.org/entity/Q154704
BUF8C0Z6,4,2,http://www.wikidata.org/entity/Q27468
HPJ62GR2,1,0,http://www.wikidata.org/entity/Q5975525
HPJ62GR2,2,0,http://www.wikidata.org/entity/Q2699148
HPJ62GR2,3,0,http://www.wikidata.org/entity/Q58305
HPJ62GR2,4,0,http://www.wikidata.org/entity/Q4633838
HPJ62GR2,5,0,http://www.wikidata.org/entity/Q6156628
HPJ62GR2,6,0,http://www.wikidata.org/entity/Q1207912
HPJ62GR2,7,0,http://www.wikidata.org/entity/Q692009
HPJ62GR2,8,0,http://www.wikidata.org/entity/Q1139076
HPJ62GR2,9,0,http://www.wikidata.org/entity/Q15062840
HPJ62GR2,10,0,http://www.wikidata.org/entity/Q2537341
HPJ62GR2,11,0,http://www.wikidata.org/entity/Q2120378
HPJ62GR2,1,1,http://www.wikidata.org/entity/Q2504807
HPJ62GR2,2,1,http://www.wikidata.org/entity/Q2306229
HPJ62GR2,3,1,http://www.wikidata.org/entity/Q318480
HPJ62GR2,4,1,http://www.wikidata.org/entity/Q317238
HPJ62GR2,5,1,http://www.wikidata.org/entity/Q276445
HPJ62GR2,6,1,http://www.wikidata.org/entity/Q209318
HPJ62GR2,7,1,http://www.wikidata.org/entity/Q202243
HPJ62GR2,8,1,http://www.wikidata.org/entity/Q190001
HPJ62GR2,9,1,http://www.wikidata.org/entity/Q185982
HPJ62GR2,10,1,http://www.wikidata.org/entity/Q185982
HPJ62GR2,11,1,http://www.wikidata.org/entity/Q185982
9QC8CC86,1,0,http://www.wikidata.org/entity/Q11929
9QC8CC86,2,0,http://www.wikidata.org/entity/Q11943
9QC8CC86,3,0,http://www.wikidata.org/entity/Q11925
9QC8CC86,4,0,http://www.wikidata.org/entity/Q12146
9QC8CC86,1,1,http://www.wikidata.org/entity/Q188
9QC8CC86,2,1,http://www.wikidata.org/entity/Q188
9QC8CC86,3,1,http://www.wikidata.org/entity/Q188
9QC8CC86,4,1,http://www.wikidata.org/entity/Q188
9QC8CC86,1,2,http://www.wikidata.org/entity/Q998044
9QC8CC86,2,2,http://www.wikidata.org/entity/Q180792
9QC8CC86,3,2,http://www.wikidata.org/entity/Q659443
9QC8CC86,4,2,http://www.wikidata.org/entity/Q113474
9QC8CC86,1,4,http://www.wikidata.org/entity/Q679402
9QC8CC86,2,4,http://www.wikidata.org/entity/Q820463
9QC8CC86,3,4,http://www.wikidata.org/entity/Q177598
9QC8CC86,4,4,http://www.wikidata.org/entity/Q353936
9QC8CC86,1,5,http://www.wikidata.org/entity/Q2678577
9QC8CC86,2,5,http://www.wikidata.org/entity/Q2110002
9QC8CC86,3,5,http://www.wikidata.org/entity/Q1843380
9QC8CC86,4,5,http://www.wikidata.org/entity/Q1803685
U4IT167V,1,0,http://www.wikidata.org/entity/Q3402411
U4IT167V,2,0,http://www.wikidata.org/entity/Q3402385
U4IT167V,3,0,http://www.wikidata.org/entity/Q3402369
U4IT167V,4,0,http://www.wikidata.org/entity/Q3402358
U4IT167V,1,1,http://www.wikidata.org/entity/Q192942
U4IT167V,2,1,http://www.wikidata.org/entity/Q192942
U4IT167V,3,1,http://www.wikidata.org/entity/Q192942
U4IT167V,4,1,http://www.wikidata.org/entity/Q235579
U4IT167V,1,3,http://www.wikidata.org/entity/Q1518096
U4IT167V,2,3,http://www.wikidata.org/entity/Q1518096
U4IT167V,3,3,http://www.wikidata.org/entity/Q1518096
U4IT167V,4,3,http://www.wikidata.org/entity/Q1518096
U4IT167V,1,4,http://www.wikidata.org/entity/Q6940
U4IT167V,2,4,http://www.wikidata.org/entity/Q6940
U4IT167V,3,4,http://www.wikidata.org/entity/Q6940
U4IT167V,4,4,http://www.wikidata.org/entity/Q6985
L3HQJUYC,1,0,http://www.wikidata.org/entity/Q17773643
L3HQJUYC,2,0,http://www.wikidata.org/entity/Q17769452
L3HQJUYC,3,0,http://www.wikidata.org/entity/Q12001499
L3HQJUYC,4,0,http://www.wikidata.org/entity/Q11987266
L3HQJUYC,5,0,http://www.wikidata.org/entity/Q11983386
L3HQJUYC,6,0,http://www.wikidata.org/entity/Q11971755
L3HQJUYC,7,0,http://www.wikidata.org/entity/Q11971755
L3HQJUYC,8,0,http://www.wikidata.org/entity/Q12001499
L3HQJUYC,9,0,http://www.wikidata.org/entity/Q932910
L3HQJUYC,10,0,http://www.wikidata.org/entity/Q323310
L3HQJUYC,11,0,http://www.wikidata.org/entity/Q932910
L3HQJUYC,12,0,http://www.wikidata.org/entity/Q323310
L3HQJUYC,13,0,http://www.wikidata.org/entity/Q314159
L3HQJUYC,14,0,http://www.wikidata.org/entity/Q19380541
L3HQJUYC,15,0,http://www.wikidata.org/entity/Q19387207
L3HQJUYC,1,1,http://www.wikidata.org/entity/Q15051339
L3HQJUYC,2,1,http://www.wikidata.org/entity/Q15051339
L3HQJUYC,3,1,http://www.wikidata.org/entity/Q15051339
L3HQJUYC,4,1,http://www.wikidata.org/entity/Q15051339
L3HQJUYC,5,1,http://www.wikidata.org/entity/Q15051339
L3HQJUYC,6,1,http://www.wikidata.org/entity/Q15051339
L3HQJUYC,7,1,http://www.wikidata.org/entity/Q15051339
L3HQJUYC,8,1,http://www.wikidata.org/entity/Q15051339
L3HQJUYC,9,1,http://www.wikidata.org/entity/Q385378
L3HQJUYC,10,1,http://www.wikidata.org/entity/Q3149853
L3HQJUYC,11,1,http://www.wikidata.org/entity/Q385378
L3HQJUYC,12,1,http://www.wikidata.org/entity/Q3149853
L3HQJUYC,13,1,http://www.wikidata.org/entity/Q385378
L3HQJUYC,14,1,http://www.wikidata.org/entity/Q15051339
L3HQJUYC,15,1,http://www.wikidata.org/entity/Q15051339
L3HQJUYC,1,2,http://www.wikidata.org/entity/Q2354973
L3HQJUYC,2,2,http://www.wikidata.org/entity/Q2354973
L3HQJUYC,3,2,http://www.wikidata.org/entity/Q2354973
L3HQJUYC,4,2,http://www.wikidata.org/entity/Q2354973
L3HQJUYC,5,2,http://www.wikidata.org/entity/Q2354973
L3HQJUYC,6,2,http://www.wikidata.org/entity/Q2354973
L3HQJUYC,7,2,http://www.wikidata.org/entity/Q2354973
L3HQJUYC,8,2,http://www.wikidata.org/entity/Q1311958
L3HQJUYC,9,2,http://www.wikidata.org/entity/Q26263224
L3HQJUYC,10,2,http://www.wikidata.org/entity/Q26263224
L3HQJUYC,11,2,http://www.wikidata.org/entity/Q2354973
L3HQJUYC,12,2,http://www.wikidata.org/entity/Q2354973
L3HQJUYC,13,2,http://www.wikidata.org/entity/Q2354973
L3HQJUYC,14,2,http://www.wikidata.org/entity/Q2354973
L3HQJUYC,15,2,http://www.wikidata.org/entity/Q2354973
L3HQJUYC,1,3,http://www.wikidata.org/entity/Q20
L3HQJUYC,2,3,http://www.wikidata.org/entity/Q20
L3HQJUYC,3,3,http://www.wikidata.org/entity/Q20
L3HQJUYC,4,3,http://www.wikidata.org/entity/Q20
L3HQJUYC,5,3,http://www.wikidata.org/entity/Q20
L3HQJUYC,6,3,http://www.wikidata.org/entity/Q20
L3HQJUYC,7,3,http://www.wikidata.org/entity/Q20
L3HQJUYC,8,3,http://www.wikidata.org/entity/Q20
L3HQJUYC,9,3,http://www.wikidata.org/entity/Q159
L3HQJUYC,10,3,http://www.wikidata.org/entity/Q38
L3HQJUYC,11,3,http://www.wikidata.org/entity/Q159
L3HQJUYC,12,3,http://www.wikidata.org/entity/Q38
L3HQJUYC,13,3,http://www.wikidata.org/entity/Q183
L3HQJUYC,14,3,http://www.wikidata.org/entity/Q20
L3HQJUYC,15,3,http://www.wikidata.org/entity/Q20
L3HQJUYC,1,4,http://www.wikidata.org/entity/Q6489440
L3HQJUYC,2,4,http://www.wikidata.org/entity/Q6397233
L3HQJUYC,3,4,http://www.wikidata.org/entity/Q6360636
L3HQJUYC,4,4,http://www.wikidata.org/entity/Q6489440
L3HQJUYC,5,4,http://www.wikidata.org/entity/Q6489440
L3HQJUYC,6,4,http://www.wikidata.org/entity/Q6397471
L3HQJUYC,7,4,http://www.wikidata.org/entity/Q4352542
L3HQJUYC,8,4,http://www.wikidata.org/entity/Q6360636
L3HQJUYC,9,4,http://www.wikidata.org/entity/Q3088939
L3HQJUYC,10,4,http://www.wikidata.org/entity/Q1991288
L3HQJUYC,11,4,http://www.wikidata.org/entity/Q3088939
L3HQJUYC,12,4,http://www.wikidata.org/entity/Q1991288
L3HQJUYC,13,4,http://www.wikidata.org/entity/Q10839
L3HQJUYC,14,4,http://www.wikidata.org/entity/Q6397039
L3HQJUYC,15,4,http://www.wikidata.org/entity/Q6489440
E1SV24LP,1,0,http://www.wikidata.org/entity/Q51118
E1SV24LP,2,0,http://www.wikidata.org/entity/Q494703
E1SV24LP,3,0,http://www.wikidata.org/entity/Q491708
E1SV24LP,4,0,http://www.wikidata.org/entity/Q492035
E1SV24LP,5,0,http://www.wikidata.org/entity/Q181144
E1SV24LP,6,0,http://www.wikidata.org/entity/Q492387
E1SV24LP,1,1,http://www.wikidata.org/entity/Q167557
E1SV24LP,2,1,http://www.wikidata.org/entity/Q1232712
E1SV24LP,3,1,http://www.wikidata.org/entity/Q48893554
E1SV24LP,4,1,http://www.wikidata.org/entity/Q18205218
E1SV24LP,5,1,http://www.wikidata.org/entity/Q17128413
E1SV24LP,6,1,http://www.wikidata.org/entity/Q7526750
E1SV24LP,1,3,http://www.wikidata.org/entity/Q418096
E1SV24LP,2,3,http://www.wikidata.org/entity/Q34664
E1SV24LP,3,3,http://www.wikidata.org/entity/Q8684
E1SV24LP,4,3,http://www.wikidata.org/entity/Q8684
E1SV24LP,5,3,http://www.wikidata.org/entity/Q8684
E1SV24LP,6,3,http://www.wikidata.org/entity/Q8684
22RU9MQI,1,0,http://www.wikidata.org/entity/Q1294193
22RU9MQI,2,0,http://www.wikidata.org/entity/Q3999206
22RU9MQI,3,0,http://www.wikidata.org/entity/Q165512
22RU9MQI,4,0,http://www.wikidata.org/entity/Q17708
22RU9MQI,1,1,http://www.wikidata.org/entity/Q876182
22RU9MQI,2,1,http://www.wikidata.org/entity/Q16647440
22RU9MQI,3,1,http://www.wikidata.org/entity/Q8563
22RU9MQI,4,1,http://www.wikidata.org/entity/Q876182
22RU9MQI,1,2,http://www.wikidata.org/entity/Q202866
22RU9MQI,2,2,http://www.wikidata.org/entity/Q202866
22RU9MQI,3,2,http://www.wikidata.org/entity/Q202866
22RU9MQI,4,2,http://www.wikidata.org/entity/Q202866
22RU9MQI,1,3,http://www.wikidata.org/entity/Q1379022
22RU9MQI,2,3,http://www.wikidata.org/entity/Q4492848
22RU9MQI,3,3,http://www.wikidata.org/entity/Q3036025
22RU9MQI,4,3,http://www.wikidata.org/entity/Q1379022
QGS79PFC,1,0,http://www.wikidata.org/entity/Q203784
QGS79PFC,2,0,http://www.wikidata.org/entity/Q203784
QGS79PFC,3,0,http://www.wikidata.org/entity/Q203784
QGS79PFC,4,0,http://www.wikidata.org/entity/Q203784
QGS79PFC,1,1,http://www.wikidata.org/entity/Q2801029
QGS79PFC,2,1,http://www.wikidata.org/entity/Q1435761
QGS79PFC,3,1,http://www.wikidata.org/entity/Q1681216
QGS79PFC,4,1,http://www.wikidata.org/entity/Q1726862
QGS79PFC,1,2,http://www.wikidata.org/entity/Q2801032
QGS79PFC,2,2,http://www.wikidata.org/entity/Q2294499
QGS79PFC,3,2,http://www.wikidata.org/entity/Q2294488
QGS79PFC,4,2,http://www.wikidata.org/entity/Q2294486
QGS79PFC,1,3,http://www.wikidata.org/entity/Q63869675
QGS79PFC,2,3,http://www.wikidata.org/entity/Q63869675
QGS79PFC,3,3,http://www.wikidata.org/entity/Q63869675
QGS79PFC,4,3,http://www.wikidata.org/entity/Q63869675
4AJME8D6,1,0,http://www.wikidata.org/entity/Q3132961
4AJME8D6,2,0,http://www.wikidata.org/entity/Q3068775
4AJME8D6,3,0,http://www.wikidata.org/entity/Q2661900
4AJME8D6,4,0,http://www.wikidata.org/entity/Q1292442
4AJME8D6,5,0,http://www.wikidata.org/entity/Q3514122
4AJME8D6,6,0,http://www.wikidata.org/entity/Q24368332
4AJME8D6,7,0,http://www.wikidata.org/entity/Q3133428
4AJME8D6,8,0,http://www.wikidata.org/entity/Q3133242
4AJME8D6,9,0,http://www.wikidata.org/entity/Q3132968
4AJME8D6,10,0,http://www.wikidata.org/entity/Q3132958
4AJME8D6,1,2,http://www.wikidata.org/entity/Q283205
4AJME8D6,2,2,http://www.wikidata.org/entity/Q283205
4AJME8D6,3,2,http://www.wikidata.org/entity/Q283205
4AJME8D6,4,2,http://www.wikidata.org/entity/Q1757
4AJME8D6,5,2,http://www.wikidata.org/entity/Q1757
4AJME8D6,6,2,http://www.wikidata.org/entity/Q1757
4AJME8D6,7,2,http://www.wikidata.org/entity/Q1757
4AJME8D6,8,2,http://www.wikidata.org/entity/Q1757
4AJME8D6,9,2,http://www.wikidata.org/entity/Q1757
4AJME8D6,10,2,http://www.wikidata.org/entity/Q1757
4AJME8D6,1,3,http://www.wikidata.org/entity/Q33
4AJME8D6,2,3,http://www.wikidata.org/entity/Q33
4AJME8D6,3,3,http://www.wikidata.org/entity/Q33
4AJME8D6,4,3,http://www.wikidata.org/entity/Q33
4AJME8D6,5,3,http://www.wikidata.org/entity/Q33
4AJME8D6,6,3,http://www.wikidata.org/entity/Q33
4AJME8D6,7,3,http://www.wikidata.org/entity/Q33
4AJME8D6,8,3,http://www.wikidata.org/entity/Q33
4AJME8D6,9,3,http://www.wikidata.org/entity/Q33
4AJME8D6,10,3,http://www.wikidata.org/entity/Q33
82MNS4ZT,1,0,http://www.wikidata.org/entity/Q1508490
82MNS4ZT,2,0,http://www.wikidata.org/entity/Q1639197
82MNS4ZT,3,0,http://www.wikidata.org/entity/Q2678104
82MNS4ZT,4,0,http://www.wikidata.org/entity/Q1685024
82MNS4ZT,5,0,http://www.wikidata.org/entity/Q1771639
82MNS4ZT,6,0,http://www.wikidata.org/entity/Q2678100
82MNS4ZT,7,0,http://www.wikidata.org/entity/Q2678091
82MNS4ZT,8,0,http://www.wikidata.org/entity/Q1763233
82MNS4ZT,9,0,http://www.wikidata.org/entity/Q2678074
82MNS4ZT,10,0,http://www.wikidata.org/entity/Q1685884
82MNS4ZT,11,0,http://www.wikidata.org/entity/Q2678081
82MNS4ZT,12,0,http://www.wikidata.org/entity/Q1270069
82MNS4ZT,13,0,http://www.wikidata.org/entity/Q1270065
82MNS4ZT,14,0,http://www.wikidata.org/entity/Q1270056
82MNS4ZT,15,0,http://www.wikidata.org/entity/Q2678108
82MNS4ZT,1,1,http://www.wikidata.org/entity/Q7291
82MNS4ZT,2,1,http://www.wikidata.org/entity/Q7291
82MNS4ZT,3,1,http://www.wikidata.org/entity/Q7291
82MNS4ZT,4,1,http://www.wikidata.org/entity/Q7291
82MNS4ZT,5,1,http://www.wikidata.org/entity/Q7291
82MNS4ZT,6,1,http://www.wikidata.org/entity/Q7291
82MNS4ZT,7,1,http://www.wikidata.org/entity/Q7291
82MNS4ZT,8,1,http://www.wikidata.org/entity/Q7291
82MNS4ZT,9,1,http://www.wikidata.org/entity/Q7291
82MNS4ZT,10,1,http://www.wikidata.org/entity/Q7291
82MNS4ZT,11,1,http://www.wikidata.org/entity/Q7291
82MNS4ZT,12,1,http://www.wikidata.org/entity/Q7291
82MNS4ZT,13,1,http://www.wikidata.org/entity/Q7291
82MNS4ZT,14,1,http://www.wikidata.org/entity/Q7291
82MNS4ZT,15,1,http://www.wikidata.org/entity/Q7291
82MNS4ZT,1,2,http://www.wikidata.org/entity/Q2678081
82MNS4ZT,2,2,http://www.wikidata.org/entity/Q2678074
82MNS4ZT,3,2,http://www.wikidata.org/entity/Q2678101
82MNS4ZT,4,2,http://www.wikidata.org/entity/Q1749464
82MNS4ZT,5,2,http://www.wikidata.org/entity/Q2678070
82MNS4ZT,6,2,http://www.wikidata.org/entity/Q2678098
82MNS4ZT,7,2,http://www.wikidata.org/entity/Q2678090
82MNS4ZT,8,2,http://www.wikidata.org/entity/Q2678069
82MNS4ZT,9,2,http://www.wikidata.org/entity/Q2678072
82MNS4ZT,10,2,http://www.wikidata.org/entity/Q2678087
82MNS4ZT,11,2,http://www.wikidata.org/entity/Q2678078
82MNS4ZT,12,2,http://www.wikidata.org/entity/Q1270072
82MNS4ZT,13,2,http://www.wikidata.org/entity/Q1270067
82MNS4ZT,14,2,http://www.wikidata.org/entity/Q13506827
82MNS4ZT,15,2,http://www.wikidata.org/entity/Q2678105
82MNS4ZT,1,3,http://www.wikidata.org/entity/Q2678083
82MNS4ZT,2,3,http://www.wikidata.org/entity/Q2678076
82MNS4ZT,3,3,http://www.wikidata.org/entity/Q1754567
82MNS4ZT,4,3,http://www.wikidata.org/entity/Q1707886
82MNS4ZT,5,3,http://www.wikidata.org/entity/Q1696238
82MNS4ZT,6,3,http://www.wikidata.org/entity/Q1680062
82MNS4ZT,7,3,http://www.wikidata.org/entity/Q1676936
82MNS4ZT,8,3,http://www.wikidata.org/entity/Q1670134
82MNS4ZT,9,3,http://www.wikidata.org/entity/Q1639197
82MNS4ZT,10,3,http://www.wikidata.org/entity/Q1609469
82MNS4ZT,11,3,http://www.wikidata.org/entity/Q1508490
82MNS4ZT,12,3,http://www.wikidata.org/entity/Q1270070
82MNS4ZT,13,3,http://www.wikidata.org/entity/Q1270063
82MNS4ZT,14,3,http://www.wikidata.org/entity/Q1270062
82MNS4ZT,15,3,http://www.wikidata.org/entity/Q1270049
4GCQ6V5J,1,0,http://www.wikidata.org/entity/Q218593
4GCQ6V5J,2,0,http://www.wikidata.org/entity/Q218593
4GCQ6V5J,3,0,http://www.wikidata.org/entity/Q218593
4GCQ6V5J,1,1,http://www.wikidata.org/entity/Q16
4GCQ6V5J,2,1,http://www.wikidata.org/entity/Q66458650
4GCQ6V5J,3,1,http://www.wikidata.org/entity/Q247123
4GCQ6V5J,1,2,http://www.wikidata.org/entity/Q36074
4GCQ6V5J,2,2,http://www.wikidata.org/entity/Q55440668
4GCQ6V5J,3,2,http://www.wikidata.org/entity/Q3224
4GCQ6V5J,1,3,http://www.wikidata.org/entity/Q145
4GCQ6V5J,2,3,http://www.wikidata.org/entity/Q40553563
4GCQ6V5J,3,3,http://www.wikidata.org/entity/Q24826
4GCQ6V5J,1,4,http://www.wikidata.org/entity/Q928
4GCQ6V5J,2,4,http://www.wikidata.org/entity/Q15634883
4GCQ6V5J,3,4,http://www.wikidata.org/entity/Q1461
4GXHK0RZ,1,0,http://www.wikidata.org/entity/Q488941
4GXHK0RZ,2,0,http://www.wikidata.org/entity/Q815283
4GXHK0RZ,3,0,http://www.wikidata.org/entity/Q793072
4GXHK0RZ,4,0,http://www.wikidata.org/entity/Q794253
4GXHK0RZ,1,1,http://www.wikidata.org/entity/Q18467989
4GXHK0RZ,2,1,http://www.wikidata.org/entity/Q18389925
4GXHK0RZ,3,1,http://www.wikidata.org/entity/Q16497821
4GXHK0RZ,4,1,http://www.wikidata.org/entity/Q16495947
4GXHK0RZ,1,3,http://www.wikidata.org/entity/Q18467989
4GXHK0RZ,2,3,http://www.wikidata.org/entity/Q18389925
4GXHK0RZ,3,3,http://www.wikidata.org/entity/Q16497821
4GXHK0RZ,4,3,http://www.wikidata.org/entity/Q16495947
MXPMLLVD,1,0,http://www.wikidata.org/entity/Q4057862
MXPMLLVD,2,0,http://www.wikidata.org/entity/Q4297187
MXPMLLVD,3,0,http://www.wikidata.org/entity/Q2469359
MXPMLLVD,4,0,http://www.wikidata.org/entity/Q4297187
MXPMLLVD,1,1,http://www.wikidata.org/entity/Q186203
MXPMLLVD,2,1,http://www.wikidata.org/entity/Q185801
MXPMLLVD,3,1,http://www.wikidata.org/entity/Q1763
MXPMLLVD,4,1,http://www.wikidata.org/entity/Q185801
MXPMLLVD,1,2,http://www.wikidata.org/entity/Q778129
MXPMLLVD,2,2,http://www.wikidata.org/entity/Q778129
MXPMLLVD,3,2,http://www.wikidata.org/entity/Q778129
MXPMLLVD,4,2,http://www.wikidata.org/entity/Q15276
MXPMLLVD,1,4,http://www.wikidata.org/entity/Q2292711
MXPMLLVD,2,4,http://www.wikidata.org/entity/Q2634589
MXPMLLVD,3,4,http://www.wikidata.org/entity/Q2628643
MXPMLLVD,4,4,http://www.wikidata.org/entity/Q2634589
JNZGC11K,1,0,http://www.wikidata.org/entity/Q28380401
JNZGC11K,2,0,http://www.wikidata.org/entity/Q28464501
JNZGC11K,3,0,http://www.wikidata.org/entity/Q1578835
JNZGC11K,4,0,http://www.wikidata.org/entity/Q28360177
JNZGC11K,5,0,http://www.wikidata.org/entity/Q28132266
JNZGC11K,6,0,http://www.wikidata.org/entity/Q28180156
JNZGC11K,7,0,http://www.wikidata.org/entity/Q28325789
JNZGC11K,8,0,http://www.wikidata.org/entity/Q28379811
JNZGC11K,9,0,http://www.wikidata.org/entity/Q28474059
JNZGC11K,10,0,http://www.wikidata.org/entity/Q28333711
JNZGC11K,11,0,http://www.wikidata.org/entity/Q28131542
JNZGC11K,12,0,http://www.wikidata.org/entity/Q17224778
JNZGC11K,13,0,http://www.wikidata.org/entity/Q28656589
JNZGC11K,14,0,http://www.wikidata.org/entity/Q28286377
JNZGC11K,1,1,http://www.wikidata.org/entity/Q11642762
JNZGC11K,2,1,http://www.wikidata.org/entity/Q11563558
JNZGC11K,3,1,http://www.wikidata.org/entity/Q1575395
JNZGC11K,4,1,http://www.wikidata.org/entity/Q10902984
JNZGC11K,5,1,http://www.wikidata.org/entity/Q11049398
JNZGC11K,6,1,http://www.wikidata.org/entity/Q11673303
JNZGC11K,7,1,http://www.wikidata.org/entity/Q11670499
JNZGC11K,8,1,http://www.wikidata.org/entity/Q10867000
JNZGC11K,9,1,http://www.wikidata.org/entity/Q2369745
JNZGC11K,10,1,http://www.wikidata.org/entity/Q10927607
JNZGC11K,11,1,http://www.wikidata.org/entity/Q10893294
JNZGC11K,12,1,http://www.wikidata.org/entity/Q11174029
JNZGC11K,13,1,http://www.wikidata.org/entity/Q11609168
JNZGC11K,14,1,http://www.wikidata.org/entity/Q10927749
JNZGC11K,1,2,http://www.wikidata.org/entity/Q17
JNZGC11K,2,2,http://www.wikidata.org/entity/Q17
JNZGC11K,3,2,http://www.wikidata.org/entity/Q17
JNZGC11K,4,2,http://www.wikidata.org/entity/Q17
JNZGC11K,5,2,http://www.wikidata.org/entity/Q17
JNZGC11K,6,2,http://www.wikidata.org/entity/Q17
JNZGC11K,7,2,http://www.wikidata.org/entity/Q17
JNZGC11K,8,2,http://www.wikidata.org/entity/Q17
JNZGC11K,9,2,http://www.wikidata.org/entity/Q17
JNZGC11K,10,2,http://www.wikidata.org/entity/Q17
JNZGC11K,11,2,http://www.wikidata.org/entity/Q17
JNZGC11K,12,2,http://www.wikidata.org/entity/Q17
JNZGC11K,13,2,http://www.wikidata.org/entity/Q17
JNZGC11K,14,2,http://www.wikidata.org/entity/Q17
JNZGC11K,1,3,http://www.wikidata.org/entity/Q622620
JNZGC11K,2,3,http://www.wikidata.org/entity/Q990455
JNZGC11K,3,3,http://www.wikidata.org/entity/Q990431
JNZGC11K,4,3,http://www.wikidata.org/entity/Q873596
JNZGC11K,5,3,http://www.wikidata.org/entity/Q857256
JNZGC11K,6,3,http://www.wikidata.org/entity/Q857243
JNZGC11K,7,3,http://www.wikidata.org/entity/Q855059
JNZGC11K,8,3,http://www.wikidata.org/entity/Q853061
JNZGC11K,9,3,http://www.wikidata.org/entity/Q851668
JNZGC11K,10,3,http://www.wikidata.org/entity/Q851163
JNZGC11K,11,3,http://www.wikidata.org/entity/Q850524
JNZGC11K,12,3,http://www.wikidata.org/entity/Q850344
JNZGC11K,13,3,http://www.wikidata.org/entity/Q847581
JNZGC11K,14,3,http://www.wikidata.org/entity/Q847332
TFZV7UF5,1,0,http://www.wikidata.org/entity/Q5173999
TFZV7UF5,2,0,http://www.wikidata.org/entity/Q2638983
TFZV7UF5,3,0,http://www.wikidata.org/entity/Q83404696
TFZV7UF5,4,0,http://www.wikidata.org/entity/Q18392949
TFZV7UF5,5,0,http://www.wikidata.org/entity/Q74910310
TFZV7UF5,6,0,http://www.wikidata.org/entity/Q18448613
TFZV7UF5,7,0,http://www.wikidata.org/entity/Q5173697
TFZV7UF5,8,0,http://www.wikidata.org/entity/Q18449579
TFZV7UF5,9,0,http://www.wikidata.org/entity/Q4645135
TFZV7UF5,10,0,http://www.wikidata.org/entity/Q80722580
TFZV7UF5,11,0,http://www.wikidata.org/entity/Q4002423
TFZV7UF5,12,0,http://www.wikidata.org/entity/Q18210648
TFZV7UF5,13,0,http://www.wikidata.org/entity/Q80975499
TFZV7UF5,14,0,http://www.wikidata.org/entity/Q66621668
TFZV7UF5,1,1,http://www.wikidata.org/entity/Q920941
TFZV7UF5,2,1,http://www.wikidata.org/entity/Q727379
TFZV7UF5,3,1,http://www.wikidata.org/entity/Q1054411
TFZV7UF5,4,1,http://www.wikidata.org/entity/Q920941
TFZV7UF5,5,1,http://www.wikidata.org/entity/Q66095735
TFZV7UF5,6,1,http://www.wikidata.org/entity/Q920941
TFZV7UF5,7,1,http://www.wikidata.org/entity/Q920941
TFZV7UF5,8,1,http://www.wikidata.org/entity/Q920941
TFZV7UF5,9,1,http://www.wikidata.org/entity/Q66725430
TFZV7UF5,10,1,http://www.wikidata.org/entity/Q66095735
TFZV7UF5,11,1,http://www.wikidata.org/entity/Q727379
TFZV7UF5,12,1,http://www.wikidata.org/entity/Q920941
TFZV7UF5,13,1,http://www.wikidata.org/entity/Q66095735
TFZV7UF5,14,1,http://www.wikidata.org/entity/Q66725430
TFZV7UF5,1,3,http://www.wikidata.org/entity/Q10576
TFZV7UF5,2,3,http://www.wikidata.org/entity/Q10570
TFZV7UF5,3,3,http://www.wikidata.org/entity/Q10567
TFZV7UF5,4,3,http://www.wikidata.org/entity/Q10546
TFZV7UF5,5,3,http://www.wikidata.org/entity/Q10519
TFZV7UF5,6,3,http://www.wikidata.org/entity/Q10506
TFZV7UF5,7,3,http://www.wikidata.org/entity/Q10481
TFZV7UF5,8,3,http://www.wikidata.org/entity/Q10464
TFZV7UF5,9,3,http://www.wikidata.org/entity/Q10448
TFZV7UF5,10,3,http://www.wikidata.org/entity/Q10446
TFZV7UF5,11,3,http://www.wikidata.org/entity/Q10428
TFZV7UF5,12,3,http://www.wikidata.org/entity/Q10413
TFZV7UF5,13,3,http://www.wikidata.org/entity/Q9253
TFZV7UF5,14,3,http://www.wikidata.org/entity/Q8923
QT7SVVKF,1,0,http://www.wikidata.org/entity/Q28153342
QT7SVVKF,2,0,http://www.wikidata.org/entity/Q28006237
QT7SVVKF,3,0,http://www.wikidata.org/entity/Q18386263
QT7SVVKF,4,0,http://www.wikidata.org/entity/Q17514671
QT7SVVKF,1,1,http://www.wikidata.org/entity/Q19558910
QT7SVVKF,2,1,http://www.wikidata.org/entity/Q19558910
QT7SVVKF,3,1,http://www.wikidata.org/entity/Q19558910
QT7SVVKF,4,1,http://www.wikidata.org/entity/Q19558910
QT7SVVKF,1,2,http://www.wikidata.org/entity/Q17033394
QT7SVVKF,2,2,http://www.wikidata.org/entity/Q18150707
QT7SVVKF,3,2,http://www.wikidata.org/entity/Q20679854
QT7SVVKF,4,2,http://www.wikidata.org/entity/Q17510442
QT7SVVKF,1,3,http://www.wikidata.org/entity/Q499401
QT7SVVKF,2,3,http://www.wikidata.org/entity/Q745120
QT7SVVKF,3,3,http://www.wikidata.org/entity/Q29445
QT7SVVKF,4,3,http://www.wikidata.org/entity/Q1016633
QT7SVVKF,1,4,http://www.wikidata.org/entity/Q30
QT7SVVKF,2,4,http://www.wikidata.org/entity/Q30
QT7SVVKF,3,4,http://www.wikidata.org/entity/Q30
QT7SVVKF,4,4,http://www.wikidata.org/entity/Q30
QT7SVVKF,1,5,http://www.wikidata.org/entity/Q1050303
QT7SVVKF,2,5,http://www.wikidata.org/entity/Q1050303
QT7SVVKF,3,5,http://www.wikidata.org/entity/Q1050303
QT7SVVKF,4,5,http://www.wikidata.org/entity/Q1050303
6WKAVTP8,1,0,http://www.wikidata.org/entity/Q28606333
6WKAVTP8,2,0,http://www.wikidata.org/entity/Q22319897
6WKAVTP8,3,0,http://www.wikidata.org/entity/Q18890126
6WKAVTP8,4,0,http://www.wikidata.org/entity/Q15637428
6WKAVTP8,5,0,http://www.wikidata.org/entity/Q3535031
6WKAVTP8,6,0,http://www.wikidata.org/entity/Q3510816
6WKAVTP8,7,0,http://www.wikidata.org/entity/Q3034535
6WKAVTP8,1,1,http://www.wikidata.org/entity/Q47345468
6WKAVTP8,2,1,http://www.wikidata.org/entity/Q47345468
6WKAVTP8,3,1,http://www.wikidata.org/entity/Q47345468
6WKAVTP8,4,1,http://www.wikidata.org/entity/Q47345468
6WKAVTP8,5,1,http://www.wikidata.org/entity/Q47345468
6WKAVTP8,6,1,http://www.wikidata.org/entity/Q47345468
6WKAVTP8,7,1,http://www.wikidata.org/entity/Q47345468
6WKAVTP8,1,3,http://www.wikidata.org/entity/Q2680952
6WKAVTP8,2,3,http://www.wikidata.org/entity/Q2680952
6WKAVTP8,3,3,http://www.wikidata.org/entity/Q2680952
6WKAVTP8,4,3,http://www.wikidata.org/entity/Q2680952
6WKAVTP8,5,3,http://www.wikidata.org/entity/Q2680952
6WKAVTP8,6,3,http://www.wikidata.org/entity/Q2680952
6WKAVTP8,7,3,http://www.wikidata.org/entity/Q2680952
B77T7LBM,1,0,http://www.wikidata.org/entity/Q1913743
B77T7LBM,2,0,http://www.wikidata.org/entity/Q1112746
B77T7LBM,3,0,http://www.wikidata.org/entity/Q821601
B77T7LBM,4,0,http://www.wikidata.org/entity/Q609835
B77T7LBM,1,1,http://www.wikidata.org/entity/Q17297633
B77T7LBM,2,1,http://www.wikidata.org/entity/Q24284072
B77T7LBM,3,1,http://www.wikidata.org/entity/Q19558910
B77T7LBM,4,1,http://www.wikidata.org/entity/Q15700818
B77T7LBM,1,2,http://www.wikidata.org/entity/Q1585948
B77T7LBM,2,2,http://www.wikidata.org/entity/Q10663209
B77T7LBM,3,2,http://www.wikidata.org/entity/Q5062314
B77T7LBM,4,2,http://www.wikidata.org/entity/Q756819
B77T7LBM,1,3,http://www.wikidata.org/entity/Q236122
B77T7LBM,2,3,http://www.wikidata.org/entity/Q34636
B77T7LBM,3,3,http://www.wikidata.org/entity/Q14378
B77T7LBM,4,3,http://www.wikidata.org/entity/Q186363
B77T7LBM,1,4,http://www.wikidata.org/entity/Q1137809
B77T7LBM,2,4,http://www.wikidata.org/entity/Q1137809
B77T7LBM,3,4,http://www.wikidata.org/entity/Q1137809
B77T7LBM,4,4,http://www.wikidata.org/entity/Q1137809
6HRPS9CN,1,0,http://www.wikidata.org/entity/Q218593
6HRPS9CN,2,0,http://www.wikidata.org/entity/Q218593
6HRPS9CN,3,0,http://www.wikidata.org/entity/Q218593
6HRPS9CN,4,0,http://www.wikidata.org/entity/Q218593
6HRPS9CN,1,1,http://www.wikidata.org/entity/Q34095
6HRPS9CN,2,1,http://www.wikidata.org/entity/Q1015149
6HRPS9CN,3,1,http://www.wikidata.org/entity/Q691007
6HRPS9CN,4,1,http://www.wikidata.org/entity/Q220659
6HRPS9CN,1,2,http://www.wikidata.org/entity/Q40861
6HRPS9CN,2,2,http://www.wikidata.org/entity/Q3558925
6HRPS9CN,3,2,http://www.wikidata.org/entity/Q1376
6HRPS9CN,4,2,http://www.wikidata.org/entity/Q220659
6HRPS9CN,1,3,http://www.wikidata.org/entity/Q40861
6HRPS9CN,2,3,http://www.wikidata.org/entity/Q6555
6HRPS9CN,3,3,http://www.wikidata.org/entity/Q1376
6HRPS9CN,4,3,http://www.wikidata.org/entity/Q220659
6HRPS9CN,1,4,http://www.wikidata.org/entity/Q143447
6HRPS9CN,2,4,http://www.wikidata.org/entity/Q237614
6HRPS9CN,3,4,http://www.wikidata.org/entity/Q3044751
6HRPS9CN,4,4,http://www.wikidata.org/entity/Q220659
88TWZGSB,0,0,http://www.wikidata.org/entity/Q218593
88TWZGSB,1,0,http://www.wikidata.org/entity/Q627256
88TWZGSB,2,0,http://www.wikidata.org/entity/Q698297
88TWZGSB,3,0,http://www.wikidata.org/entity/Q24349
88TWZGSB,4,0,http://www.wikidata.org/entity/Q1203248
88TWZGSB,5,0,http://www.wikidata.org/entity/Q1204645
88TWZGSB,6,0,http://www.wikidata.org/entity/Q698297
88TWZGSB,7,0,http://www.wikidata.org/entity/Q628337
88TWZGSB,8,0,http://www.wikidata.org/entity/Q422599
88TWZGSB,9,0,http://www.wikidata.org/entity/Q293510
88TWZGSB,10,0,http://www.wikidata.org/entity/Q1202883
88TWZGSB,11,0,http://www.wikidata.org/entity/Q1203248
88TWZGSB,12,0,http://www.wikidata.org/entity/Q1202297
88TWZGSB,13,0,http://www.wikidata.org/entity/Q24349
88TWZGSB,0,1,http://www.wikidata.org/entity/Q218593
88TWZGSB,1,1,http://www.wikidata.org/entity/Q64
88TWZGSB,2,1,http://www.wikidata.org/entity/Q64
88TWZGSB,3,1,http://www.wikidata.org/entity/Q24879
88TWZGSB,4,1,http://www.wikidata.org/entity/Q64
88TWZGSB,5,1,http://www.wikidata.org/entity/Q64
88TWZGSB,6,1,http://www.wikidata.org/entity/Q64
88TWZGSB,7,1,http://www.wikidata.org/entity/Q64
88TWZGSB,8,1,http://www.wikidata.org/entity/Q64
88TWZGSB,9,1,http://www.wikidata.org/entity/Q64
88TWZGSB,10,1,http://www.wikidata.org/entity/Q3869
88TWZGSB,11,1,http://www.wikidata.org/entity/Q64
88TWZGSB,12,1,http://www.wikidata.org/entity/Q64
88TWZGSB,13,1,http://www.wikidata.org/entity/Q24879
88TWZGSB,0,2,http://www.wikidata.org/entity/Q14877683
88TWZGSB,1,2,http://www.wikidata.org/entity/Q627651
88TWZGSB,2,2,http://www.wikidata.org/entity/Q61713545
88TWZGSB,3,2,http://www.wikidata.org/entity/Q967832
88TWZGSB,4,2,http://www.wikidata.org/entity/Q1784143
88TWZGSB,5,2,http://www.wikidata.org/entity/Q1780343
88TWZGSB,6,2,http://www.wikidata.org/entity/Q1663590
88TWZGSB,7,2,http://www.wikidata.org/entity/Q1663590
88TWZGSB,8,2,http://www.wikidata.org/entity/Q1663590
88TWZGSB,9,2,http://www.wikidata.org/entity/Q1663590
88TWZGSB,10,2,http://www.wikidata.org/entity/Q1559701
88TWZGSB,11,2,http://www.wikidata.org/entity/Q1559701
88TWZGSB,12,2,http://www.wikidata.org/entity/Q1559701
88TWZGSB,13,2,http://www.wikidata.org/entity/Q1376524
88TWZGSB,0,3,http://www.wikidata.org/entity/Q218593
88TWZGSB,1,3,http://www.wikidata.org/entity/Q11513034
88TWZGSB,2,3,http://www.wikidata.org/entity/Q9299236
88TWZGSB,3,3,http://www.wikidata.org/entity/Q9299236
88TWZGSB,4,3,http://www.wikidata.org/entity/Q9299236
88TWZGSB,5,3,http://www.wikidata.org/entity/Q9299236
88TWZGSB,6,3,http://www.wikidata.org/entity/Q9299236
88TWZGSB,7,3,http://www.wikidata.org/entity/Q9299236
88TWZGSB,8,3,http://www.wikidata.org/entity/Q9299236
88TWZGSB,9,3,http://www.wikidata.org/entity/Q9299236
88TWZGSB,10,3,http://www.wikidata.org/entity/Q9299236
88TWZGSB,11,3,http://www.wikidata.org/entity/Q9299236
88TWZGSB,12,3,http://www.wikidata.org/entity/Q9299236
88TWZGSB,13,3,http://www.wikidata.org/entity/Q9299236
AJO4ZZEI,1,0,http://www.wikidata.org/entity/Q77839276
AJO4ZZEI,2,0,http://www.wikidata.org/entity/Q77583396
AJO4ZZEI,3,0,http://www.wikidata.org/entity/Q77047772
AJO4ZZEI,4,0,http://www.wikidata.org/entity/Q66613600
AJO4ZZEI,5,0,http://www.wikidata.org/entity/Q66491524
AJO4ZZEI,6,0,http://www.wikidata.org/entity/Q15939392
AJO4ZZEI,7,0,http://www.wikidata.org/entity/Q10940902
AJO4ZZEI,8,0,http://www.wikidata.org/entity/Q10850292
AJO4ZZEI,9,0,http://www.wikidata.org/entity/Q10848673
AJO4ZZEI,1,5,http://www.wikidata.org/entity/Q830831
AJO4ZZEI,2,5,http://www.wikidata.org/entity/Q830831
AJO4ZZEI,3,5,http://www.wikidata.org/entity/Q830831
AJO4ZZEI,4,5,http://www.wikidata.org/entity/Q67206691
AJO4ZZEI,5,5,http://www.wikidata.org/entity/Q67206691
AJO4ZZEI,6,5,http://www.wikidata.org/entity/Q67206691
AJO4ZZEI,7,5,http://www.wikidata.org/entity/Q67206691
AJO4ZZEI,8,5,http://www.wikidata.org/entity/Q67206691
AJO4ZZEI,9,5,http://www.wikidata.org/entity/Q67206691
1ZFCVLIJ,0,0,http://www.wikidata.org/entity/Q218593
1ZFCVLIJ,1,0,http://www.wikidata.org/entity/Q4558406
1ZFCVLIJ,2,0,http://www.wikidata.org/entity/Q4558256
1ZFCVLIJ,3,0,http://www.wikidata.org/entity/Q4605659
1ZFCVLIJ,4,0,http://www.wikidata.org/entity/Q4589189
1ZFCVLIJ,5,0,http://www.wikidata.org/entity/Q4587478
1ZFCVLIJ,6,0,http://www.wikidata.org/entity/Q4602443
1ZFCVLIJ,7,0,http://www.wikidata.org/entity/Q4594444
1ZFCVLIJ,8,0,http://www.wikidata.org/entity/Q4591140
1ZFCVLIJ,9,0,http://www.wikidata.org/entity/Q4577845
1ZFCVLIJ,10,0,http://www.wikidata.org/entity/Q4565274
1ZFCVLIJ,0,1,http://www.wikidata.org/entity/Q220543
1ZFCVLIJ,1,1,http://www.wikidata.org/entity/Q50776
1ZFCVLIJ,2,1,http://www.wikidata.org/entity/Q50776
1ZFCVLIJ,3,1,http://www.wikidata.org/entity/Q50776
1ZFCVLIJ,4,1,http://www.wikidata.org/entity/Q50776
1ZFCVLIJ,5,1,http://www.wikidata.org/entity/Q50776
1ZFCVLIJ,6,1,http://www.wikidata.org/entity/Q50776
1ZFCVLIJ,7,1,http://www.wikidata.org/entity/Q50776
1ZFCVLIJ,8,1,http://www.wikidata.org/entity/Q50776
1ZFCVLIJ,9,1,http://www.wikidata.org/entity/Q50776
1ZFCVLIJ,10,1,http://www.wikidata.org/entity/Q50776
1ZFCVLIJ,0,2,http://www.wikidata.org/entity/Q14877683
1ZFCVLIJ,1,2,http://www.wikidata.org/entity/Q330136
1ZFCVLIJ,2,2,http://www.wikidata.org/entity/Q330136
1ZFCVLIJ,3,2,http://www.wikidata.org/entity/Q330136
1ZFCVLIJ,4,2,http://www.wikidata.org/entity/Q330136
1ZFCVLIJ,5,2,http://www.wikidata.org/entity/Q330136
1ZFCVLIJ,6,2,http://www.wikidata.org/entity/Q330136
1ZFCVLIJ,7,2,http://www.wikidata.org/entity/Q330136
1ZFCVLIJ,8,2,http://www.wikidata.org/entity/Q330136
1ZFCVLIJ,9,2,http://www.wikidata.org/entity/Q330136
1ZFCVLIJ,10,2,http://www.wikidata.org/entity/Q619041
1ZFCVLIJ,0,3,http://www.wikidata.org/entity/Q218593
1ZFCVLIJ,1,3,http://www.wikidata.org/entity/Q3044572
1ZFCVLIJ,2,3,http://www.wikidata.org/entity/Q3044572
1ZFCVLIJ,3,3,http://www.wikidata.org/entity/Q2742645
1ZFCVLIJ,4,3,http://www.wikidata.org/entity/Q2742645
1ZFCVLIJ,5,3,http://www.wikidata.org/entity/Q2742645
1ZFCVLIJ,6,3,http://www.wikidata.org/entity/Q2738554
1ZFCVLIJ,7,3,http://www.wikidata.org/entity/Q2736412
1ZFCVLIJ,8,3,http://www.wikidata.org/entity/Q2736412
1ZFCVLIJ,9,3,http://www.wikidata.org/entity/Q2736412
1ZFCVLIJ,10,3,http://www.wikidata.org/entity/Q2521385
HSEF5COC,1,0,http://www.wikidata.org/entity/Q4916640
HSEF5COC,2,0,http://www.wikidata.org/entity/Q17096630
HSEF5COC,3,0,http://www.wikidata.org/entity/Q3735528
HSEF5COC,4,0,http://www.wikidata.org/entity/Q6673204
HSEF5COC,1,3,http://www.wikidata.org/entity/Q20986424
HSEF5COC,2,3,http://www.wikidata.org/entity/Q2096
HSEF5COC,3,3,http://www.wikidata.org/entity/Q1757
HSEF5COC,4,3,http://www.wikidata.org/entity/Q1581
W8PLSCPW,1,0,http://www.wikidata.org/entity/Q218593
W8PLSCPW,2,0,http://www.wikidata.org/entity/Q218593
W8PLSCPW,3,0,http://www.wikidata.org/entity/Q218593
W8PLSCPW,1,1,http://www.wikidata.org/entity/Q42744322
W8PLSCPW,2,1,http://www.wikidata.org/entity/Q314510
W8PLSCPW,3,1,http://www.wikidata.org/entity/Q183
W8PLSCPW,1,2,http://www.wikidata.org/entity/Q42744322
W8PLSCPW,2,2,http://www.wikidata.org/entity/Q129279
W8PLSCPW,3,2,http://www.wikidata.org/entity/Q183
W8PLSCPW,1,3,http://www.wikidata.org/entity/Q42744322
W8PLSCPW,2,3,http://www.wikidata.org/entity/Q1907114
W8PLSCPW,3,3,http://www.wikidata.org/entity/Q183
W8PLSCPW,1,4,http://www.wikidata.org/entity/Q2327515
W8PLSCPW,2,4,http://www.wikidata.org/entity/Q448881
W8PLSCPW,3,4,http://www.wikidata.org/entity/Q183
W8PLSCPW,1,5,http://www.wikidata.org/entity/Q34692
W8PLSCPW,2,5,http://www.wikidata.org/entity/Q27899821
W8PLSCPW,3,5,http://www.wikidata.org/entity/Q183
4UQ81C4N,1,0,http://www.wikidata.org/entity/Q60691642
4UQ81C4N,2,0,http://www.wikidata.org/entity/Q58058018
4UQ81C4N,3,0,http://www.wikidata.org/entity/Q57305587
4UQ81C4N,4,0,http://www.wikidata.org/entity/Q57258179
4UQ81C4N,5,0,http://www.wikidata.org/entity/Q57257840
4UQ81C4N,6,0,http://www.wikidata.org/entity/Q54869543
4UQ81C4N,7,0,http://www.wikidata.org/entity/Q24702349
4UQ81C4N,8,0,http://www.wikidata.org/entity/Q19775816
4UQ81C4N,1,1,http://www.wikidata.org/entity/Q30
4UQ81C4N,2,1,http://www.wikidata.org/entity/Q155
4UQ81C4N,3,1,http://www.wikidata.org/entity/Q155
4UQ81C4N,4,1,http://www.wikidata.org/entity/Q155
4UQ81C4N,5,1,http://www.wikidata.org/entity/Q96
4UQ81C4N,6,1,http://www.wikidata.org/entity/Q41470
4UQ81C4N,7,1,http://www.wikidata.org/entity/Q29
4UQ81C4N,8,1,http://www.wikidata.org/entity/Q794
4UQ81C4N,1,2,http://www.wikidata.org/entity/Q39367
4UQ81C4N,2,2,http://www.wikidata.org/entity/Q39367
4UQ81C4N,3,2,http://www.wikidata.org/entity/Q39367
4UQ81C4N,4,2,http://www.wikidata.org/entity/Q39367
4UQ81C4N,5,2,http://www.wikidata.org/entity/Q39367
4UQ81C4N,6,2,http://www.wikidata.org/entity/Q39367
4UQ81C4N,7,2,http://www.wikidata.org/entity/Q39367
4UQ81C4N,8,2,http://www.wikidata.org/entity/Q39367
4UQ81C4N,1,3,http://www.wikidata.org/entity/Q144
4UQ81C4N,2,3,http://www.wikidata.org/entity/Q144
4UQ81C4N,3,3,http://www.wikidata.org/entity/Q144
4UQ81C4N,4,3,http://www.wikidata.org/entity/Q144
4UQ81C4N,5,3,http://www.wikidata.org/entity/Q1068902
4UQ81C4N,6,3,http://www.wikidata.org/entity/Q144
4UQ81C4N,7,3,http://www.wikidata.org/entity/Q144
4UQ81C4N,8,3,http://www.wikidata.org/entity/Q144
OEGPCLV8,1,0,http://www.wikidata.org/entity/Q253716
OEGPCLV8,2,0,http://www.wikidata.org/entity/Q3182527
OEGPCLV8,3,0,http://www.wikidata.org/entity/Q664500
OEGPCLV8,4,0,http://www.wikidata.org/entity/Q5446924
OEGPCLV8,1,1,http://www.wikidata.org/entity/Q44086
OEGPCLV8,2,1,http://www.wikidata.org/entity/Q3400851
OEGPCLV8,3,1,http://www.wikidata.org/entity/Q154770
OEGPCLV8,4,1,http://www.wikidata.org/entity/Q1444405
OEGPCLV8,1,2,http://www.wikidata.org/entity/Q35222
OEGPCLV8,2,2,http://www.wikidata.org/entity/Q9309
OEGPCLV8,3,2,http://www.wikidata.org/entity/Q9288
OEGPCLV8,4,2,http://www.wikidata.org/entity/Q9056
1WY359S8,1,0,http://www.wikidata.org/entity/Q679568
1WY359S8,2,0,http://www.wikidata.org/entity/Q885558
1WY359S8,3,0,http://www.wikidata.org/entity/Q1000715
1WY359S8,4,0,http://www.wikidata.org/entity/Q1009440
1WY359S8,1,1,http://www.wikidata.org/entity/Q992686
1WY359S8,2,1,http://www.wikidata.org/entity/Q1530148
1WY359S8,3,1,http://www.wikidata.org/entity/Q2923580
1WY359S8,4,1,http://www.wikidata.org/entity/Q35001
1WY359S8,1,2,http://www.wikidata.org/entity/Q21538546
1WY359S8,2,2,http://www.wikidata.org/entity/Q108872274
1WY359S8,3,2,http://www.wikidata.org/entity/Q108872274
1WY359S8,4,2,http://www.wikidata.org/entity/Q108872274
37IRMLJM,1,0,http://www.wikidata.org/entity/Q218593
37IRMLJM,2,0,http://www.wikidata.org/entity/Q218593
37IRMLJM,3,0,http://www.wikidata.org/entity/Q218593
37IRMLJM,1,1,http://www.wikidata.org/entity/Q2733699
37IRMLJM,2,1,http://www.wikidata.org/entity/Q188712
37IRMLJM,3,1,http://www.wikidata.org/entity/Q27798432
37IRMLJM,1,2,http://www.wikidata.org/entity/Q2733700
37IRMLJM,2,2,http://www.wikidata.org/entity/Q17
37IRMLJM,3,2,http://www.wikidata.org/entity/Q27798432
37IRMLJM,1,3,http://www.wikidata.org/entity/Q2733699
37IRMLJM,2,3,http://www.wikidata.org/entity/Q188712
37IRMLJM,3,3,http://www.wikidata.org/entity/Q27798433
37IRMLJM,1,4,http://www.wikidata.org/entity/Q2733699
37IRMLJM,2,4,http://www.wikidata.org/entity/Q17
37IRMLJM,3,4,http://www.wikidata.org/entity/Q27798434
37IRMLJM,1,5,http://www.wikidata.org/entity/Q2733700
37IRMLJM,2,5,http://www.wikidata.org/entity/Q17
37IRMLJM,3,5,http://www.wikidata.org/entity/Q27798434
37IRMLJM,1,6,http://www.wikidata.org/entity/Q2733700
37IRMLJM,2,6,http://www.wikidata.org/entity/Q17
37IRMLJM,3,6,http://www.wikidata.org/entity/Q27798434
37IRMLJM,1,7,http://www.wikidata.org/entity/Q2733699
37IRMLJM,2,7,http://www.wikidata.org/entity/Q188712
37IRMLJM,3,7,http://www.wikidata.org/entity/Q27798433
37IRMLJM,1,8,http://www.wikidata.org/entity/Q2733699
37IRMLJM,2,8,http://www.wikidata.org/entity/Q188712
37IRMLJM,3,8,http://www.wikidata.org/entity/Q27798431
37IRMLJM,1,9,http://www.wikidata.org/entity/Q2733699
37IRMLJM,2,9,http://www.wikidata.org/entity/Q188712
37IRMLJM,3,9,http://www.wikidata.org/entity/Q27798400
37IRMLJM,1,10,http://www.wikidata.org/entity/Q2733699
37IRMLJM,2,10,http://www.wikidata.org/entity/Q17
37IRMLJM,3,10,http://www.wikidata.org/entity/Q27798401
37IRMLJM,1,11,http://www.wikidata.org/entity/Q2733699
37IRMLJM,2,11,http://www.wikidata.org/entity/Q188712
37IRMLJM,3,11,http://www.wikidata.org/entity/Q27798411
6YNK06VH,1,0,http://www.wikidata.org/entity/Q230604
6YNK06VH,2,0,http://www.wikidata.org/entity/Q230133
6YNK06VH,3,0,http://www.wikidata.org/entity/Q230014
6YNK06VH,4,0,http://www.wikidata.org/entity/Q221081
6YNK06VH,5,0,http://www.wikidata.org/entity/Q220770
6YNK06VH,6,0,http://www.wikidata.org/entity/Q220733
6YNK06VH,7,0,http://www.wikidata.org/entity/Q220716
6YNK06VH,1,1,http://www.wikidata.org/entity/Q13955
6YNK06VH,2,1,http://www.wikidata.org/entity/Q13955
6YNK06VH,3,1,http://www.wikidata.org/entity/Q13955
6YNK06VH,4,1,http://www.wikidata.org/entity/Q13955
6YNK06VH,5,1,http://www.wikidata.org/entity/Q13955
6YNK06VH,6,1,http://www.wikidata.org/entity/Q13955
6YNK06VH,7,1,http://www.wikidata.org/entity/Q13955
6YNK06VH,1,2,http://www.wikidata.org/entity/Q31203719
6YNK06VH,2,2,http://www.wikidata.org/entity/Q31203708
6YNK06VH,3,2,http://www.wikidata.org/entity/Q31203706
6YNK06VH,4,2,http://www.wikidata.org/entity/Q31203699
6YNK06VH,5,2,http://www.wikidata.org/entity/Q31203688
6YNK06VH,6,2,http://www.wikidata.org/entity/Q31203687
6YNK06VH,7,2,http://www.wikidata.org/entity/Q31203685
6YNK06VH,1,3,http://www.wikidata.org/entity/Q9458
6YNK06VH,4,3,http://www.wikidata.org/entity/Q12544
6YNK06VH,5,3,http://www.wikidata.org/entity/Q234915
6YNK06VH,7,3,http://www.wikidata.org/entity/Q1478857
6YNK06VH,1,4,http://www.wikidata.org/entity/Q234262
6YNK06VH,2,4,http://www.wikidata.org/entity/Q234262
6YNK06VH,3,4,http://www.wikidata.org/entity/Q234262
6YNK06VH,4,4,http://www.wikidata.org/entity/Q234262
6YNK06VH,5,4,http://www.wikidata.org/entity/Q234262
6YNK06VH,6,4,http://www.wikidata.org/entity/Q234262
6YNK06VH,7,4,http://www.wikidata.org/entity/Q234262
X5RBUOJK,1,0,http://www.wikidata.org/entity/Q6346
X5RBUOJK,2,0,http://www.wikidata.org/entity/Q131612
X5RBUOJK,3,0,http://www.wikidata.org/entity/Q6346
X5RBUOJK,4,0,http://www.wikidata.org/entity/Q131612
X5RBUOJK,1,1,http://www.wikidata.org/entity/Q30
X5RBUOJK,2,1,http://www.wikidata.org/entity/Q40
X5RBUOJK,3,1,http://www.wikidata.org/entity/Q30
X5RBUOJK,4,1,http://www.wikidata.org/entity/Q40
X5RBUOJK,1,2,http://www.wikidata.org/entity/Q431826
X5RBUOJK,2,2,http://www.wikidata.org/entity/Q141428
X5RBUOJK,3,2,http://www.wikidata.org/entity/Q431826
X5RBUOJK,4,2,http://www.wikidata.org/entity/Q141428
X5RBUOJK,1,3,http://www.wikidata.org/entity/Q506230
X5RBUOJK,2,3,http://www.wikidata.org/entity/Q42497
X5RBUOJK,3,3,http://www.wikidata.org/entity/Q506230
X5RBUOJK,4,3,http://www.wikidata.org/entity/Q42497
X5RBUOJK,1,4,http://www.wikidata.org/entity/Q21518270
X5RBUOJK,2,4,http://www.wikidata.org/entity/Q13539802
X5RBUOJK,3,4,http://www.wikidata.org/entity/Q1093829
X5RBUOJK,4,4,http://www.wikidata.org/entity/Q1074523
Z00K44WE,1,0,http://www.wikidata.org/entity/Q3785634
Z00K44WE,2,0,http://www.wikidata.org/entity/Q5252736
Z00K44WE,3,0,http://www.wikidata.org/entity/Q11693
Z00K44WE,4,0,http://www.wikidata.org/entity/Q5641361
Z00K44WE,5,0,http://www.wikidata.org/entity/Q3297296
Z00K44WE,6,0,http://www.wikidata.org/entity/Q5951027
Z00K44WE,7,0,http://www.wikidata.org/entity/Q5850291
Z00K44WE,8,0,http://www.wikidata.org/entity/Q4597794
Z00K44WE,9,0,http://www.wikidata.org/entity/Q3298542
Z00K44WE,10,0,http://www.wikidata.org/entity/Q5884071
Z00K44WE,11,0,http://www.wikidata.org/entity/Q3335767
Z00K44WE,12,0,http://www.wikidata.org/entity/Q3569462
Z00K44WE,13,0,http://www.wikidata.org/entity/Q5675451
Z00K44WE,14,0,http://www.wikidata.org/entity/Q3298575
Z00K44WE,15,0,http://www.wikidata.org/entity/Q16567
Z00K44WE,1,1,http://www.wikidata.org/entity/Q3054209
Z00K44WE,2,1,http://www.wikidata.org/entity/Q19838113
Z00K44WE,3,1,http://www.wikidata.org/entity/Q3055653
Z00K44WE,4,1,http://www.wikidata.org/entity/Q3055653
Z00K44WE,5,1,http://www.wikidata.org/entity/Q3054248
Z00K44WE,6,1,http://www.wikidata.org/entity/Q3055631
Z00K44WE,7,1,http://www.wikidata.org/entity/Q3054248
Z00K44WE,8,1,http://www.wikidata.org/entity/Q3055631
Z00K44WE,9,1,http://www.wikidata.org/entity/Q3054539
Z00K44WE,10,1,http://www.wikidata.org/entity/Q3055638
Z00K44WE,11,1,http://www.wikidata.org/entity/Q3055669
Z00K44WE,12,1,http://www.wikidata.org/entity/Q3039427
Z00K44WE,13,1,http://www.wikidata.org/entity/Q3055653
Z00K44WE,14,1,http://www.wikidata.org/entity/Q3055681
Z00K44WE,15,1,http://www.wikidata.org/entity/Q19838113
Z00K44WE,1,3,http://www.wikidata.org/entity/Q111
Z00K44WE,2,3,http://www.wikidata.org/entity/Q111
Z00K44WE,3,3,http://www.wikidata.org/entity/Q111
Z00K44WE,4,3,http://www.wikidata.org/entity/Q111
Z00K44WE,5,3,http://www.wikidata.org/entity/Q111
Z00K44WE,6,3,http://www.wikidata.org/entity/Q111
Z00K44WE,7,3,http://www.wikidata.org/entity/Q111
Z00K44WE,8,3,http://www.wikidata.org/entity/Q111
Z00K44WE,9,3,http://www.wikidata.org/entity/Q111
Z00K44WE,10,3,http://www.wikidata.org/entity/Q111
Z00K44WE,11,3,http://www.wikidata.org/entity/Q111
Z00K44WE,12,3,http://www.wikidata.org/entity/Q111
Z00K44WE,13,3,http://www.wikidata.org/entity/Q111
Z00K44WE,14,3,http://www.wikidata.org/entity/Q111
Z00K44WE,15,3,http://www.wikidata.org/entity/Q111
Z00K44WE,1,4,http://www.wikidata.org/entity/Q338131
Z00K44WE,2,4,http://www.wikidata.org/entity/Q333210
Z00K44WE,3,4,http://www.wikidata.org/entity/Q314667
Z00K44WE,4,4,http://www.wikidata.org/entity/Q312288
Z00K44WE,5,4,http://www.wikidata.org/entity/Q218575
Z00K44WE,6,4,http://www.wikidata.org/entity/Q192927
Z00K44WE,7,4,http://www.wikidata.org/entity/Q185150
Z00K44WE,8,4,http://www.wikidata.org/entity/Q148234
Z00K44WE,9,4,http://www.wikidata.org/entity/Q123078
Z00K44WE,10,4,http://www.wikidata.org/entity/Q85237
Z00K44WE,11,4,http://www.wikidata.org/entity/Q72292
Z00K44WE,12,4,http://www.wikidata.org/entity/Q70255
Z00K44WE,13,4,http://www.wikidata.org/entity/Q29061
Z00K44WE,14,4,http://www.wikidata.org/entity/Q8963
Z00K44WE,15,4,http://www.wikidata.org/entity/Q7322
B2OG62SE,1,0,http://www.wikidata.org/entity/Q3164791
B2OG62SE,2,0,http://www.wikidata.org/entity/Q3167926
B2OG62SE,3,0,http://www.wikidata.org/entity/Q1499767
B2OG62SE,4,0,http://www.wikidata.org/entity/Q728200
B2OG62SE,1,1,http://www.wikidata.org/entity/Q1243157
B2OG62SE,2,1,http://www.wikidata.org/entity/Q12308941
B2OG62SE,3,1,http://www.wikidata.org/entity/Q1243157
B2OG62SE,4,1,http://www.wikidata.org/entity/Q12308941
B2OG62SE,1,2,http://www.wikidata.org/entity/Q7521081
B2OG62SE,2,2,http://www.wikidata.org/entity/Q7521081
B2OG62SE,3,2,http://www.wikidata.org/entity/Q180309
B2OG62SE,4,2,http://www.wikidata.org/entity/Q180309
B2OG62SE,1,3,http://www.wikidata.org/entity/Q151
B2OG62SE,2,3,http://www.wikidata.org/entity/Q151
B2OG62SE,3,3,http://www.wikidata.org/entity/Q3181656
B2OG62SE,4,3,http://www.wikidata.org/entity/Q151
NSMSXNB6,1,0,http://www.wikidata.org/entity/Q177732
NSMSXNB6,2,0,http://www.wikidata.org/entity/Q7317400
NSMSXNB6,3,0,http://www.wikidata.org/entity/Q1164269
NSMSXNB6,4,0,http://www.wikidata.org/entity/Q261058
NSMSXNB6,5,0,http://www.wikidata.org/entity/Q7317400
NSMSXNB6,6,0,http://www.wikidata.org/entity/Q7072721
NSMSXNB6,7,0,http://www.wikidata.org/entity/Q35794
NSMSXNB6,8,0,http://www.wikidata.org/entity/Q6332405
NSMSXNB6,9,0,http://www.wikidata.org/entity/Q1164269
NSMSXNB6,10,0,http://www.wikidata.org/entity/Q1140055
NSMSXNB6,1,1,http://www.wikidata.org/entity/Q2336819
NSMSXNB6,2,1,http://www.wikidata.org/entity/Q11366
NSMSXNB6,3,1,http://www.wikidata.org/entity/Q11399
NSMSXNB6,4,1,http://www.wikidata.org/entity/Q58339
NSMSXNB6,5,1,http://www.wikidata.org/entity/Q11366
NSMSXNB6,6,1,http://www.wikidata.org/entity/Q45981
NSMSXNB6,7,1,http://www.wikidata.org/entity/Q45981
NSMSXNB6,8,1,http://www.wikidata.org/entity/Q37073
NSMSXNB6,9,1,http://www.wikidata.org/entity/Q11399
NSMSXNB6,10,1,http://www.wikidata.org/entity/Q8341
NSMSXNB6,1,2,http://www.wikidata.org/entity/Q1460
NSMSXNB6,2,2,http://www.wikidata.org/entity/Q741400
NSMSXNB6,3,2,http://www.wikidata.org/entity/Q172
NSMSXNB6,4,2,http://www.wikidata.org/entity/Q3042
NSMSXNB6,5,2,http://www.wikidata.org/entity/Q741400
NSMSXNB6,6,2,http://www.wikidata.org/entity/Q23556
NSMSXNB6,7,2,http://www.wikidata.org/entity/Q486868
NSMSXNB6,8,2,http://www.wikidata.org/entity/Q174
NSMSXNB6,9,2,http://www.wikidata.org/entity/Q172
NSMSXNB6,10,2,http://www.wikidata.org/entity/Q21
NSMSXNB6,1,4,http://www.wikidata.org/entity/Q15851525
NSMSXNB6,2,4,http://www.wikidata.org/entity/Q5741069
NSMSXNB6,3,4,http://www.wikidata.org/entity/Q215380
NSMSXNB6,4,4,http://www.wikidata.org/entity/Q641066
NSMSXNB6,5,4,http://www.wikidata.org/entity/Q281643
NSMSXNB6,6,4,http://www.wikidata.org/entity/Q281643
NSMSXNB6,7,4,http://www.wikidata.org/entity/Q281643
NSMSXNB6,8,4,http://www.wikidata.org/entity/Q281643
NSMSXNB6,9,4,http://www.wikidata.org/entity/Q281643
NSMSXNB6,10,4,http://www.wikidata.org/entity/Q281643
NSMSXNB6,1,6,http://www.wikidata.org/entity/Q38
NSMSXNB6,2,6,http://www.wikidata.org/entity/Q145
NSMSXNB6,3,6,http://www.wikidata.org/entity/Q16
NSMSXNB6,4,6,http://www.wikidata.org/entity/Q713750
NSMSXNB6,5,6,http://www.wikidata.org/entity/Q145
NSMSXNB6,6,6,http://www.wikidata.org/entity/Q30
NSMSXNB6,7,6,http://www.wikidata.org/entity/Q30
NSMSXNB6,8,6,http://www.wikidata.org/entity/Q155
NSMSXNB6,9,6,http://www.wikidata.org/entity/Q16
NSMSXNB6,10,6,http://www.wikidata.org/entity/Q145
9MKT0VMQ,1,0,http://www.wikidata.org/entity/Q218593
9MKT0VMQ,2,0,http://www.wikidata.org/entity/Q218593
9MKT0VMQ,3,0,http://www.wikidata.org/entity/Q218593
9MKT0VMQ,1,1,http://www.wikidata.org/entity/Q170467
9MKT0VMQ,2,1,http://www.wikidata.org/entity/Q185088
9MKT0VMQ,3,1,http://www.wikidata.org/entity/Q28911979
9MKT0VMQ,1,2,http://www.wikidata.org/entity/Q31
9MKT0VMQ,2,2,http://www.wikidata.org/entity/Q3133
9MKT0VMQ,3,2,http://www.wikidata.org/entity/Q47468909
9MKT0VMQ,1,3,http://www.wikidata.org/entity/Q183
9MKT0VMQ,2,3,http://www.wikidata.org/entity/Q49768
9MKT0VMQ,3,3,http://www.wikidata.org/entity/Q43567875
9MKT0VMQ,1,4,http://www.wikidata.org/entity/Q31
9MKT0VMQ,2,4,http://www.wikidata.org/entity/Q3133
9MKT0VMQ,3,4,http://www.wikidata.org/entity/Q2633390
2BK7ZIY7,1,0,http://www.wikidata.org/entity/Q837894
2BK7ZIY7,2,0,http://www.wikidata.org/entity/Q830991
2BK7ZIY7,3,0,http://www.wikidata.org/entity/Q837894
2BK7ZIY7,4,0,http://www.wikidata.org/entity/Q830991
2BK7ZIY7,1,1,http://www.wikidata.org/entity/Q181342
2BK7ZIY7,2,1,http://www.wikidata.org/entity/Q186295
2BK7ZIY7,3,1,http://www.wikidata.org/entity/Q181342
2BK7ZIY7,4,1,http://www.wikidata.org/entity/Q186295
2BK7ZIY7,1,2,http://www.wikidata.org/entity/Q222976
2BK7ZIY7,2,2,http://www.wikidata.org/entity/Q970225
2BK7ZIY7,3,2,http://www.wikidata.org/entity/Q278145
2BK7ZIY7,4,2,http://www.wikidata.org/entity/Q241125
2BK7ZIY7,1,3,http://www.wikidata.org/entity/Q649076
2BK7ZIY7,2,3,http://www.wikidata.org/entity/Q241125
2BK7ZIY7,3,3,http://www.wikidata.org/entity/Q649076
2BK7ZIY7,4,3,http://www.wikidata.org/entity/Q241125
2BK7ZIY7,1,4,http://www.wikidata.org/entity/Q321778
2BK7ZIY7,2,4,http://www.wikidata.org/entity/Q379320
2BK7ZIY7,3,4,http://www.wikidata.org/entity/Q321778
2BK7ZIY7,4,4,http://www.wikidata.org/entity/Q379320
2BK7ZIY7,1,5,http://www.wikidata.org/entity/Q837894
2BK7ZIY7,2,5,http://www.wikidata.org/entity/Q830991
2BK7ZIY7,3,5,http://www.wikidata.org/entity/Q837894
2BK7ZIY7,4,5,http://www.wikidata.org/entity/Q830991
9HS9TGIB,1,0,http://www.wikidata.org/entity/Q3028493
9HS9TGIB,2,0,http://www.wikidata.org/entity/Q3028633
9HS9TGIB,3,0,http://www.wikidata.org/entity/Q3028563
9HS9TGIB,4,0,http://www.wikidata.org/entity/Q867646
9HS9TGIB,1,1,http://www.wikidata.org/entity/Q145
9HS9TGIB,2,1,http://www.wikidata.org/entity/Q145
9HS9TGIB,3,1,http://www.wikidata.org/entity/Q145
9HS9TGIB,4,1,http://www.wikidata.org/entity/Q145
9HS9TGIB,1,3,http://www.wikidata.org/entity/Q82708
9HS9TGIB,2,3,http://www.wikidata.org/entity/Q82708
9HS9TGIB,3,3,http://www.wikidata.org/entity/Q82708
9HS9TGIB,4,3,http://www.wikidata.org/entity/Q82708
9HS9TGIB,1,4,http://www.wikidata.org/entity/Q2967665
9HS9TGIB,2,4,http://www.wikidata.org/entity/Q764754
9HS9TGIB,3,4,http://www.wikidata.org/entity/Q213465
9HS9TGIB,4,4,http://www.wikidata.org/entity/Q192896
AK4Y9CBH,1,0,http://www.wikidata.org/entity/Q83302623
AK4Y9CBH,2,0,http://www.wikidata.org/entity/Q54817658
AK4Y9CBH,3,0,http://www.wikidata.org/entity/Q71993034
AK4Y9CBH,4,0,http://www.wikidata.org/entity/Q71319108
AK4Y9CBH,5,0,http://www.wikidata.org/entity/Q70387686
AK4Y9CBH,1,2,http://www.wikidata.org/entity/Q54817658
AK4Y9CBH,2,2,http://www.wikidata.org/entity/Q70229681
AK4Y9CBH,3,2,http://www.wikidata.org/entity/Q16932983
AK4Y9CBH,4,2,http://www.wikidata.org/entity/Q54817658
AK4Y9CBH,5,2,http://www.wikidata.org/entity/Q54817658
AK4Y9CBH,1,4,http://www.wikidata.org/entity/Q24039296
AK4Y9CBH,2,4,http://www.wikidata.org/entity/Q24039296
AK4Y9CBH,3,4,http://www.wikidata.org/entity/Q7404377
AK4Y9CBH,4,4,http://www.wikidata.org/entity/Q24039296
AK4Y9CBH,5,4,http://www.wikidata.org/entity/Q24039296
AK4Y9CBH,1,6,http://www.wikidata.org/entity/Q7404395
AK4Y9CBH,2,6,http://www.wikidata.org/entity/Q7404395
AK4Y9CBH,3,6,http://www.wikidata.org/entity/Q7404395
AK4Y9CBH,4,6,http://www.wikidata.org/entity/Q7404395
AK4Y9CBH,5,6,http://www.wikidata.org/entity/Q7404395
3G2MJ8N7,1,0,http://www.wikidata.org/entity/Q218593
3G2MJ8N7,2,0,http://www.wikidata.org/entity/Q218593
3G2MJ8N7,3,0,http://www.wikidata.org/entity/Q218593
3G2MJ8N7,4,0,http://www.wikidata.org/entity/Q218593
3G2MJ8N7,5,0,http://www.wikidata.org/entity/Q218593
3G2MJ8N7,1,1,http://www.wikidata.org/entity/Q545703
3G2MJ8N7,2,1,http://www.wikidata.org/entity/Q144761
3G2MJ8N7,3,1,http://www.wikidata.org/entity/Q53785303
3G2MJ8N7,4,1,http://www.wikidata.org/entity/Q6498184
3G2MJ8N7,1,2,http://www.wikidata.org/entity/Q545703
3G2MJ8N7,2,2,http://www.wikidata.org/entity/Q143822
3G2MJ8N7,3,2,http://www.wikidata.org/entity/Q53785303
3G2MJ8N7,4,2,http://www.wikidata.org/entity/Q485267
3G2MJ8N7,1,3,http://www.wikidata.org/entity/Q2494132
3G2MJ8N7,2,3,http://www.wikidata.org/entity/Q144817
3G2MJ8N7,3,3,http://www.wikidata.org/entity/Q53785303
3G2MJ8N7,4,3,http://www.wikidata.org/entity/Q56145673
3G2MJ8N7,1,4,http://www.wikidata.org/entity/Q796156
3G2MJ8N7,2,4,http://www.wikidata.org/entity/Q243443
3G2MJ8N7,3,4,http://www.wikidata.org/entity/Q875368
3G2MJ8N7,4,4,http://www.wikidata.org/entity/Q485267
3G2MJ8N7,1,5,http://www.wikidata.org/entity/Q2494132
3G2MJ8N7,2,5,http://www.wikidata.org/entity/Q144817
3G2MJ8N7,3,5,http://www.wikidata.org/entity/Q53785303
3G2MJ8N7,4,5,http://www.wikidata.org/entity/Q56145673
3G2MJ8N7,1,6,http://www.wikidata.org/entity/Q796156
3G2MJ8N7,2,6,http://www.wikidata.org/entity/Q132729
3G2MJ8N7,3,6,http://www.wikidata.org/entity/Q1439720
3G2MJ8N7,4,6,http://www.wikidata.org/entity/Q485267
3G2MJ8N7,1,7,http://www.wikidata.org/entity/Q796156
3G2MJ8N7,2,7,http://www.wikidata.org/entity/Q185056
3G2MJ8N7,3,7,http://www.wikidata.org/entity/Q53785308
3G2MJ8N7,4,7,http://www.wikidata.org/entity/Q485267
3G2MJ8N7,1,8,http://www.wikidata.org/entity/Q2494132
3G2MJ8N7,2,8,http://www.wikidata.org/entity/Q144817
3G2MJ8N7,3,8,http://www.wikidata.org/entity/Q53785303
3G2MJ8N7,4,8,http://www.wikidata.org/entity/Q56145673
3G2MJ8N7,1,9,http://www.wikidata.org/entity/Q796156
3G2MJ8N7,2,9,http://www.wikidata.org/entity/Q243443
3G2MJ8N7,3,9,http://www.wikidata.org/entity/Q875368
3G2MJ8N7,4,9,http://www.wikidata.org/entity/Q485267
GS0BXGQU,1,0,http://www.wikidata.org/entity/Q8555806
GS0BXGQU,2,0,http://www.wikidata.org/entity/Q12005801
GS0BXGQU,3,0,http://www.wikidata.org/entity/Q12004524
GS0BXGQU,4,0,http://www.wikidata.org/entity/Q7596262
GS0BXGQU,1,1,http://www.wikidata.org/entity/Q3947
GS0BXGQU,2,1,http://www.wikidata.org/entity/Q3947
GS0BXGQU,3,1,http://www.wikidata.org/entity/Q3947
GS0BXGQU,4,1,http://www.wikidata.org/entity/Q3947
GS0BXGQU,1,2,http://www.wikidata.org/entity/Q61089180
GS0BXGQU,2,2,http://www.wikidata.org/entity/Q61089180
GS0BXGQU,3,2,http://www.wikidata.org/entity/Q61089180
GS0BXGQU,4,2,http://www.wikidata.org/entity/Q61089180
GS0BXGQU,1,3,http://www.wikidata.org/entity/Q1256096
GS0BXGQU,2,3,http://www.wikidata.org/entity/Q1868578
GS0BXGQU,3,3,http://www.wikidata.org/entity/Q2649105
GS0BXGQU,4,3,http://www.wikidata.org/entity/Q386792
GS0BXGQU,1,4,http://www.wikidata.org/entity/Q213
GS0BXGQU,2,4,http://www.wikidata.org/entity/Q213
GS0BXGQU,3,4,http://www.wikidata.org/entity/Q213
GS0BXGQU,4,4,http://www.wikidata.org/entity/Q213
SP5FWAYN,1,0,http://www.wikidata.org/entity/Q1406235
SP5FWAYN,2,0,http://www.wikidata.org/entity/Q1151382
SP5FWAYN,3,0,http://www.wikidata.org/entity/Q877321
SP5FWAYN,4,0,http://www.wikidata.org/entity/Q846694
SP5FWAYN,1,1,http://www.wikidata.org/entity/Q145
SP5FWAYN,2,1,http://www.wikidata.org/entity/Q145
SP5FWAYN,3,1,http://www.wikidata.org/entity/Q183
SP5FWAYN,4,1,http://www.wikidata.org/entity/Q30
SP5FWAYN,1,2,http://www.wikidata.org/entity/Q1786145
SP5FWAYN,2,2,http://www.wikidata.org/entity/Q5600557
SP5FWAYN,3,2,http://www.wikidata.org/entity/Q3518
SP5FWAYN,4,2,http://www.wikidata.org/entity/Q1345
SP5FWAYN,1,4,http://www.wikidata.org/entity/Q16274795
SP5FWAYN,2,4,http://www.wikidata.org/entity/Q16274795
SP5FWAYN,3,4,http://www.wikidata.org/entity/Q16274795
SP5FWAYN,4,4,http://www.wikidata.org/entity/Q16274795
SP5FWAYN,1,5,http://www.wikidata.org/entity/Q474200
SP5FWAYN,2,5,http://www.wikidata.org/entity/Q118291
SP5FWAYN,3,5,http://www.wikidata.org/entity/Q474200
SP5FWAYN,4,5,http://www.wikidata.org/entity/Q474200
VMUAQXV5,1,0,http://www.wikidata.org/entity/Q83853445
VMUAQXV5,2,0,http://www.wikidata.org/entity/Q83849640
VMUAQXV5,3,0,http://www.wikidata.org/entity/Q83806417
VMUAQXV5,4,0,http://www.wikidata.org/entity/Q83783250
VMUAQXV5,5,0,http://www.wikidata.org/entity/Q83781364
VMUAQXV5,6,0,http://www.wikidata.org/entity/Q81855626
VMUAQXV5,7,0,http://www.wikidata.org/entity/Q81830752
VMUAQXV5,8,0,http://www.wikidata.org/entity/Q81794964
VMUAQXV5,9,0,http://www.wikidata.org/entity/Q81656995
VMUAQXV5,10,0,http://www.wikidata.org/entity/Q81227755
VMUAQXV5,1,6,http://www.wikidata.org/entity/Q1059564
VMUAQXV5,2,6,http://www.wikidata.org/entity/Q1059564
VMUAQXV5,3,6,http://www.wikidata.org/entity/Q1059564
VMUAQXV5,4,6,http://www.wikidata.org/entity/Q1059564
VMUAQXV5,5,6,http://www.wikidata.org/entity/Q1059564
VMUAQXV5,6,6,http://www.wikidata.org/entity/Q1059564
VMUAQXV5,7,6,http://www.wikidata.org/entity/Q1059564
VMUAQXV5,8,6,http://www.wikidata.org/entity/Q1059564
VMUAQXV5,9,6,http://www.wikidata.org/entity/Q1059564
VMUAQXV5,10,6,http://www.wikidata.org/entity/Q1059564
E1JIKHKK,1,0,http://www.wikidata.org/entity/Q218593
E1JIKHKK,2,0,http://www.wikidata.org/entity/Q218593
E1JIKHKK,3,0,http://www.wikidata.org/entity/Q218593
E1JIKHKK,1,1,http://www.wikidata.org/entity/Q17
E1JIKHKK,2,1,http://www.wikidata.org/entity/Q19474404
E1JIKHKK,3,1,http://www.wikidata.org/entity/Q13429212
E1JIKHKK,1,2,http://www.wikidata.org/entity/Q17
E1JIKHKK,2,2,http://www.wikidata.org/entity/Q19474404
E1JIKHKK,3,2,http://www.wikidata.org/entity/Q11413568
E1JIKHKK,1,3,http://www.wikidata.org/entity/Q17
E1JIKHKK,2,3,http://www.wikidata.org/entity/Q19474404
E1JIKHKK,3,3,http://www.wikidata.org/entity/Q7662978
E1JIKHKK,1,4,http://www.wikidata.org/entity/Q38
E1JIKHKK,2,4,http://www.wikidata.org/entity/Q19474404
E1JIKHKK,3,4,http://www.wikidata.org/entity/Q524644
E1JIKHKK,1,5,http://www.wikidata.org/entity/Q30
E1JIKHKK,2,5,http://www.wikidata.org/entity/Q19474404
E1JIKHKK,3,5,http://www.wikidata.org/entity/Q440500
E1JIKHKK,1,6,http://www.wikidata.org/entity/Q17
E1JIKHKK,2,6,http://www.wikidata.org/entity/Q19474404
E1JIKHKK,3,6,http://www.wikidata.org/entity/Q275130
E1JIKHKK,1,7,http://www.wikidata.org/entity/Q27
E1JIKHKK,2,7,http://www.wikidata.org/entity/Q21503247
E1JIKHKK,3,7,http://www.wikidata.org/entity/Q42531650
01R46F57,1,0,http://www.wikidata.org/entity/Q3473840
01R46F57,2,0,http://www.wikidata.org/entity/Q108052844
01R46F57,3,0,http://www.wikidata.org/entity/Q3521758
01R46F57,4,0,http://www.wikidata.org/entity/Q15087935
01R46F57,5,0,http://www.wikidata.org/entity/Q1065457
01R46F57,6,0,http://www.wikidata.org/entity/Q15087935
01R46F57,7,0,http://www.wikidata.org/entity/Q887856
01R46F57,8,0,http://www.wikidata.org/entity/Q15087935
01R46F57,9,0,http://www.wikidata.org/entity/Q1065457
01R46F57,10,0,http://www.wikidata.org/entity/Q6463530
01R46F57,11,0,http://www.wikidata.org/entity/Q7091139
01R46F57,12,0,http://www.wikidata.org/entity/Q5421091
01R46F57,1,1,http://www.wikidata.org/entity/Q56054644
01R46F57,2,1,http://www.wikidata.org/entity/Q1754603
01R46F57,3,1,http://www.wikidata.org/entity/Q1632944
01R46F57,4,1,http://www.wikidata.org/entity/Q381119
01R46F57,5,1,http://www.wikidata.org/entity/Q1065457
01R46F57,6,1,http://www.wikidata.org/entity/Q381119
01R46F57,7,1,http://www.wikidata.org/entity/Q69909588
01R46F57,8,1,http://www.wikidata.org/entity/Q381119
01R46F57,9,1,http://www.wikidata.org/entity/Q1065457
01R46F57,10,1,http://www.wikidata.org/entity/Q7379655
01R46F57,11,1,http://www.wikidata.org/entity/Q56122164
01R46F57,12,1,http://www.wikidata.org/entity/Q55958850
01R46F57,1,2,http://www.wikidata.org/entity/Q27
01R46F57,2,2,http://www.wikidata.org/entity/Q27
01R46F57,3,2,http://www.wikidata.org/entity/Q27
01R46F57,4,2,http://www.wikidata.org/entity/Q46
01R46F57,5,2,http://www.wikidata.org/entity/Q145
01R46F57,6,2,http://www.wikidata.org/entity/Q46
01R46F57,7,2,http://www.wikidata.org/entity/Q13780930
01R46F57,8,2,http://www.wikidata.org/entity/Q46
01R46F57,9,2,http://www.wikidata.org/entity/Q145
01R46F57,10,2,http://www.wikidata.org/entity/Q145
01R46F57,11,2,http://www.wikidata.org/entity/Q27
01R46F57,12,2,http://www.wikidata.org/entity/Q27
01R46F57,1,3,http://www.wikidata.org/entity/Q11198290
01R46F57,2,3,http://www.wikidata.org/entity/Q11198290
01R46F57,3,3,http://www.wikidata.org/entity/Q11198290
01R46F57,4,3,http://www.wikidata.org/entity/Q11198290
01R46F57,5,3,http://www.wikidata.org/entity/Q11198290
01R46F57,6,3,http://www.wikidata.org/entity/Q11198290
01R46F57,7,3,http://www.wikidata.org/entity/Q636
01R46F57,8,3,http://www.wikidata.org/entity/Q11198290
01R46F57,9,3,http://www.wikidata.org/entity/Q11198290
01R46F57,10,3,http://www.wikidata.org/entity/Q203059
01R46F57,11,3,http://www.wikidata.org/entity/Q11198290
01R46F57,12,3,http://www.wikidata.org/entity/Q11198290
01R46F57,1,5,http://www.wikidata.org/entity/Q56033324
01R46F57,2,5,http://www.wikidata.org/entity/Q55973941
01R46F57,3,5,http://www.wikidata.org/entity/Q6927031
01R46F57,4,5,http://www.wikidata.org/entity/Q56088812
01R46F57,5,5,http://www.wikidata.org/entity/Q56056516
01R46F57,6,5,http://www.wikidata.org/entity/Q56088812
01R46F57,7,5,http://www.wikidata.org/entity/Q56043656
01R46F57,8,5,http://www.wikidata.org/entity/Q56088812
01R46F57,9,5,http://www.wikidata.org/entity/Q56056516
01R46F57,10,5,http://www.wikidata.org/entity/Q3820947
01R46F57,11,5,http://www.wikidata.org/entity/Q56122617
01R46F57,12,5,http://www.wikidata.org/entity/Q55777670
01R46F57,1,6,http://www.wikidata.org/entity/Q193259
01R46F57,2,6,http://www.wikidata.org/entity/Q193259
01R46F57,3,6,http://www.wikidata.org/entity/Q193259
01R46F57,4,6,http://www.wikidata.org/entity/Q1056800
01R46F57,5,6,http://www.wikidata.org/entity/Q1056800
01R46F57,6,6,http://www.wikidata.org/entity/Q266102
01R46F57,7,6,http://www.wikidata.org/entity/Q193259
01R46F57,8,6,http://www.wikidata.org/entity/Q193259
01R46F57,9,6,http://www.wikidata.org/entity/Q193259
01R46F57,10,6,http://www.wikidata.org/entity/Q2072779
01R46F57,11,6,http://www.wikidata.org/entity/Q1056800
01R46F57,12,6,http://www.wikidata.org/entity/Q1056800
5PEYT5QH,1,0,http://www.wikidata.org/entity/Q218593
5PEYT5QH,2,0,http://www.wikidata.org/entity/Q218593
5PEYT5QH,3,0,http://www.wikidata.org/entity/Q218593
5PEYT5QH,1,1,http://www.wikidata.org/entity/Q84944079
5PEYT5QH,2,1,http://www.wikidata.org/entity/Q68056325
5PEYT5QH,3,1,http://www.wikidata.org/entity/Q46039260
5PEYT5QH,1,2,http://www.wikidata.org/entity/Q50223355
5PEYT5QH,2,2,http://www.wikidata.org/entity/Q145903
5PEYT5QH,3,2,http://www.wikidata.org/entity/Q145903
5PEYT5QH,1,3,http://www.wikidata.org/entity/Q19074
5PEYT5QH,2,3,http://www.wikidata.org/entity/Q36442
5PEYT5QH,3,3,http://www.wikidata.org/entity/Q36442
5PEYT5QH,1,4,http://www.wikidata.org/entity/Q3169951
5PEYT5QH,2,4,http://www.wikidata.org/entity/Q1071
5PEYT5QH,3,4,http://www.wikidata.org/entity/Q1071
2CHYEIVN,1,0,http://www.wikidata.org/entity/Q52159895
2CHYEIVN,2,0,http://www.wikidata.org/entity/Q48834238
2CHYEIVN,3,0,http://www.wikidata.org/entity/Q31177583
2CHYEIVN,4,0,http://www.wikidata.org/entity/Q20900198
2CHYEIVN,1,2,http://www.wikidata.org/entity/Q1066670
2CHYEIVN,2,2,http://www.wikidata.org/entity/Q1066670
2CHYEIVN,3,2,http://www.wikidata.org/entity/Q1066670
2CHYEIVN,4,2,http://www.wikidata.org/entity/Q1066670
2CHYEIVN,1,3,http://www.wikidata.org/entity/Q131359
2CHYEIVN,2,3,http://www.wikidata.org/entity/Q131359
2CHYEIVN,3,3,http://www.wikidata.org/entity/Q131359
2CHYEIVN,4,3,http://www.wikidata.org/entity/Q131359
2CHYEIVN,1,4,http://www.wikidata.org/entity/Q3808158
2CHYEIVN,2,4,http://www.wikidata.org/entity/Q17161649
2CHYEIVN,3,4,http://www.wikidata.org/entity/Q438400
2CHYEIVN,4,4,http://www.wikidata.org/entity/Q3852026
2CHYEIVN,1,5,http://www.wikidata.org/entity/Q408
2CHYEIVN,2,5,http://www.wikidata.org/entity/Q30
2CHYEIVN,3,5,http://www.wikidata.org/entity/Q30
2CHYEIVN,4,5,http://www.wikidata.org/entity/Q30
42KZBHR6,1,0,http://www.wikidata.org/entity/Q506700
42KZBHR6,2,0,http://www.wikidata.org/entity/Q490453
42KZBHR6,3,0,http://www.wikidata.org/entity/Q606485
42KZBHR6,4,0,http://www.wikidata.org/entity/Q405153
42KZBHR6,5,0,http://www.wikidata.org/entity/Q147938
42KZBHR6,6,0,http://www.wikidata.org/entity/Q1352711
42KZBHR6,7,0,http://www.wikidata.org/entity/Q606485
42KZBHR6,8,0,http://www.wikidata.org/entity/Q1352711
42KZBHR6,9,0,http://www.wikidata.org/entity/Q606485
42KZBHR6,10,0,http://www.wikidata.org/entity/Q1352711
42KZBHR6,11,0,http://www.wikidata.org/entity/Q1022281
42KZBHR6,1,1,http://www.wikidata.org/entity/Q2917
42KZBHR6,2,1,http://www.wikidata.org/entity/Q2967
42KZBHR6,3,1,http://www.wikidata.org/entity/Q193436
42KZBHR6,4,1,http://www.wikidata.org/entity/Q369220
42KZBHR6,5,1,http://www.wikidata.org/entity/Q369220
42KZBHR6,6,1,http://www.wikidata.org/entity/Q10083
42KZBHR6,7,1,http://www.wikidata.org/entity/Q193436
42KZBHR6,8,1,http://www.wikidata.org/entity/Q10083
42KZBHR6,9,1,http://www.wikidata.org/entity/Q193436
42KZBHR6,10,1,http://www.wikidata.org/entity/Q10083
42KZBHR6,11,1,http://www.wikidata.org/entity/Q369220
42KZBHR6,1,2,http://www.wikidata.org/entity/Q42744322
42KZBHR6,2,2,http://www.wikidata.org/entity/Q42744322
42KZBHR6,3,2,http://www.wikidata.org/entity/Q28017630
42KZBHR6,4,2,http://www.wikidata.org/entity/Q15303838
42KZBHR6,5,2,http://www.wikidata.org/entity/Q15303838
42KZBHR6,6,2,http://www.wikidata.org/entity/Q13539802
42KZBHR6,7,2,http://www.wikidata.org/entity/Q2264924
42KZBHR6,8,2,http://www.wikidata.org/entity/Q2195811
42KZBHR6,9,2,http://www.wikidata.org/entity/Q768307
42KZBHR6,10,2,http://www.wikidata.org/entity/Q1021711
42KZBHR6,11,2,http://www.wikidata.org/entity/Q1021711
42KZBHR6,1,4,http://www.wikidata.org/entity/Q704775
42KZBHR6,2,4,http://www.wikidata.org/entity/Q524958
42KZBHR6,3,4,http://www.wikidata.org/entity/Q13924
42KZBHR6,4,4,http://www.wikidata.org/entity/Q166
42KZBHR6,5,4,http://www.wikidata.org/entity/Q166
42KZBHR6,6,4,http://www.wikidata.org/entity/Q1693
42KZBHR6,7,4,http://www.wikidata.org/entity/Q13924
42KZBHR6,8,4,http://www.wikidata.org/entity/Q1693
42KZBHR6,9,4,http://www.wikidata.org/entity/Q13924
42KZBHR6,10,4,http://www.wikidata.org/entity/Q1693
42KZBHR6,11,4,http://www.wikidata.org/entity/Q166
GUCEIO0S,1,0,http://www.wikidata.org/entity/Q26242264
GUCEIO0S,2,0,http://www.wikidata.org/entity/Q25397472
GUCEIO0S,3,0,http://www.wikidata.org/entity/Q22329182
GUCEIO0S,4,0,http://www.wikidata.org/entity/Q25397472
GUCEIO0S,5,0,http://www.wikidata.org/entity/Q22319718
GUCEIO0S,6,0,http://www.wikidata.org/entity/Q22324035
GUCEIO0S,7,0,http://www.wikidata.org/entity/Q22318967
GUCEIO0S,8,0,http://www.wikidata.org/entity/Q22324035
GUCEIO0S,9,0,http://www.wikidata.org/entity/Q22321341
GUCEIO0S,10,0,http://www.wikidata.org/entity/Q22318967
GUCEIO0S,11,0,http://www.wikidata.org/entity/Q22318003
GUCEIO0S,1,1,http://www.wikidata.org/entity/Q31
GUCEIO0S,2,1,http://www.wikidata.org/entity/Q21
GUCEIO0S,3,1,http://www.wikidata.org/entity/Q2026366
GUCEIO0S,4,1,http://www.wikidata.org/entity/Q21
GUCEIO0S,5,1,http://www.wikidata.org/entity/Q572999
GUCEIO0S,6,1,http://www.wikidata.org/entity/Q862565
GUCEIO0S,7,1,http://www.wikidata.org/entity/Q12589
GUCEIO0S,8,1,http://www.wikidata.org/entity/Q862565
GUCEIO0S,9,1,http://www.wikidata.org/entity/Q183
GUCEIO0S,10,1,http://www.wikidata.org/entity/Q12589
GUCEIO0S,11,1,http://www.wikidata.org/entity/Q389517
GUCEIO0S,1,3,http://www.wikidata.org/entity/Q22338223
GUCEIO0S,2,3,http://www.wikidata.org/entity/Q22312429
GUCEIO0S,3,3,http://www.wikidata.org/entity/Q20731586
GUCEIO0S,4,3,http://www.wikidata.org/entity/Q3267981
GUCEIO0S,5,3,http://www.wikidata.org/entity/Q65964612
GUCEIO0S,6,3,http://www.wikidata.org/entity/Q65964452
GUCEIO0S,7,3,http://www.wikidata.org/entity/Q52842548
GUCEIO0S,8,3,http://www.wikidata.org/entity/Q26244634
GUCEIO0S,9,3,http://www.wikidata.org/entity/Q25909338
GUCEIO0S,10,3,http://www.wikidata.org/entity/Q22323821
GUCEIO0S,11,3,http://www.wikidata.org/entity/Q22320983
U73J8YBJ,1,0,http://www.wikidata.org/entity/Q63694692
U73J8YBJ,2,0,http://www.wikidata.org/entity/Q55383333
U73J8YBJ,3,0,http://www.wikidata.org/entity/Q63694692
U73J8YBJ,4,0,http://www.wikidata.org/entity/Q55383333
U73J8YBJ,1,1,http://www.wikidata.org/entity/Q236744
U73J8YBJ,2,1,http://www.wikidata.org/entity/Q48278
U73J8YBJ,3,1,http://www.wikidata.org/entity/Q236744
U73J8YBJ,4,1,http://www.wikidata.org/entity/Q48278
U73J8YBJ,1,2,http://www.wikidata.org/entity/Q28026469
U73J8YBJ,2,2,http://www.wikidata.org/entity/Q28058753
U73J8YBJ,3,2,http://www.wikidata.org/entity/Q28026469
U73J8YBJ,4,2,http://www.wikidata.org/entity/Q28026420
U73J8YBJ,1,3,http://www.wikidata.org/entity/Q2035477
U73J8YBJ,2,3,http://www.wikidata.org/entity/Q2035477
U73J8YBJ,3,3,http://www.wikidata.org/entity/Q2035477
U73J8YBJ,4,3,http://www.wikidata.org/entity/Q2035477
U73J8YBJ,1,4,http://www.wikidata.org/entity/Q2555720
U73J8YBJ,2,4,http://www.wikidata.org/entity/Q2648053
U73J8YBJ,3,4,http://www.wikidata.org/entity/Q2555720
U73J8YBJ,4,4,http://www.wikidata.org/entity/Q2648053
U73J8YBJ,1,5,http://www.wikidata.org/entity/Q58235483
U73J8YBJ,2,5,http://www.wikidata.org/entity/Q28026420
U73J8YBJ,3,5,http://www.wikidata.org/entity/Q2555720
U73J8YBJ,4,5,http://www.wikidata.org/entity/Q28026420
U73J8YBJ,1,6,http://www.wikidata.org/entity/Q13591
U73J8YBJ,2,6,http://www.wikidata.org/entity/Q51111
U73J8YBJ,3,6,http://www.wikidata.org/entity/Q13591
U73J8YBJ,4,6,http://www.wikidata.org/entity/Q51111
IDDHVEP4,1,0,http://www.wikidata.org/entity/Q326254
IDDHVEP4,2,0,http://www.wikidata.org/entity/Q690880
IDDHVEP4,3,0,http://www.wikidata.org/entity/Q853664
IDDHVEP4,4,0,http://www.wikidata.org/entity/Q849812
IDDHVEP4,5,0,http://www.wikidata.org/entity/Q849790
IDDHVEP4,6,0,http://www.wikidata.org/entity/Q849801
IDDHVEP4,7,0,http://www.wikidata.org/entity/Q849790
IDDHVEP4,8,0,http://www.wikidata.org/entity/Q753689
IDDHVEP4,9,0,http://www.wikidata.org/entity/Q326254
IDDHVEP4,10,0,http://www.wikidata.org/entity/Q849790
IDDHVEP4,11,0,http://www.wikidata.org/entity/Q753689
IDDHVEP4,12,0,http://www.wikidata.org/entity/Q326254
IDDHVEP4,13,0,http://www.wikidata.org/entity/Q874980
IDDHVEP4,14,0,http://www.wikidata.org/entity/Q874962
IDDHVEP4,15,0,http://www.wikidata.org/entity/Q849812
IDDHVEP4,1,1,http://www.wikidata.org/entity/Q691
IDDHVEP4,2,1,http://www.wikidata.org/entity/Q691
IDDHVEP4,3,1,http://www.wikidata.org/entity/Q691
IDDHVEP4,4,1,http://www.wikidata.org/entity/Q691
IDDHVEP4,5,1,http://www.wikidata.org/entity/Q691
IDDHVEP4,6,1,http://www.wikidata.org/entity/Q691
IDDHVEP4,7,1,http://www.wikidata.org/entity/Q691
IDDHVEP4,8,1,http://www.wikidata.org/entity/Q691
IDDHVEP4,9,1,http://www.wikidata.org/entity/Q691
IDDHVEP4,10,1,http://www.wikidata.org/entity/Q691
IDDHVEP4,11,1,http://www.wikidata.org/entity/Q691
IDDHVEP4,12,1,http://www.wikidata.org/entity/Q691
IDDHVEP4,13,1,http://www.wikidata.org/entity/Q691
IDDHVEP4,14,1,http://www.wikidata.org/entity/Q691
IDDHVEP4,15,1,http://www.wikidata.org/entity/Q691
IDDHVEP4,1,2,http://www.wikidata.org/entity/Q11732496
IDDHVEP4,2,2,http://www.wikidata.org/entity/Q56688
IDDHVEP4,3,2,http://www.wikidata.org/entity/Q11732752
IDDHVEP4,4,2,http://www.wikidata.org/entity/Q3571231
IDDHVEP4,5,2,http://www.wikidata.org/entity/Q5988630
IDDHVEP4,6,2,http://www.wikidata.org/entity/Q1068097
IDDHVEP4,7,2,http://www.wikidata.org/entity/Q11732691
IDDHVEP4,8,2,http://www.wikidata.org/entity/Q11732527
IDDHVEP4,9,2,http://www.wikidata.org/entity/Q7363236
IDDHVEP4,10,2,http://www.wikidata.org/entity/Q7207578
IDDHVEP4,11,2,http://www.wikidata.org/entity/Q12627242
IDDHVEP4,12,2,http://www.wikidata.org/entity/Q7967057
IDDHVEP4,13,2,http://www.wikidata.org/entity/Q5464843
IDDHVEP4,14,2,http://www.wikidata.org/entity/Q5310448
IDDHVEP4,15,2,http://www.wikidata.org/entity/Q137525
IDDHVEP4,1,3,http://www.wikidata.org/entity/Q691
IDDHVEP4,2,3,http://www.wikidata.org/entity/Q691
IDDHVEP4,3,3,http://www.wikidata.org/entity/Q691
IDDHVEP4,4,3,http://www.wikidata.org/entity/Q691
IDDHVEP4,5,3,http://www.wikidata.org/entity/Q691
IDDHVEP4,6,3,http://www.wikidata.org/entity/Q691
IDDHVEP4,7,3,http://www.wikidata.org/entity/Q691
IDDHVEP4,8,3,http://www.wikidata.org/entity/Q691
IDDHVEP4,9,3,http://www.wikidata.org/entity/Q691
IDDHVEP4,10,3,http://www.wikidata.org/entity/Q691
IDDHVEP4,11,3,http://www.wikidata.org/entity/Q691
IDDHVEP4,12,3,http://www.wikidata.org/entity/Q691
IDDHVEP4,13,3,http://www.wikidata.org/entity/Q691
IDDHVEP4,14,3,http://www.wikidata.org/entity/Q691
IDDHVEP4,15,3,http://www.wikidata.org/entity/Q691
IDDHVEP4,1,4,http://www.wikidata.org/entity/Q691
IDDHVEP4,2,4,http://www.wikidata.org/entity/Q1400599
IDDHVEP4,3,4,http://www.wikidata.org/entity/Q691
IDDHVEP4,4,4,http://www.wikidata.org/entity/Q691
IDDHVEP4,5,4,http://www.wikidata.org/entity/Q691
IDDHVEP4,6,4,http://www.wikidata.org/entity/Q691
IDDHVEP4,7,4,http://www.wikidata.org/entity/Q691
IDDHVEP4,8,4,http://www.wikidata.org/entity/Q848308
IDDHVEP4,9,4,http://www.wikidata.org/entity/Q691
IDDHVEP4,10,4,http://www.wikidata.org/entity/Q691
IDDHVEP4,11,4,http://www.wikidata.org/entity/Q691
IDDHVEP4,12,4,http://www.wikidata.org/entity/Q691
IDDHVEP4,13,4,http://www.wikidata.org/entity/Q691
IDDHVEP4,14,4,http://www.wikidata.org/entity/Q691
IDDHVEP4,15,4,http://www.wikidata.org/entity/Q691
IDDHVEP4,1,5,http://www.wikidata.org/entity/Q849807
IDDHVEP4,2,5,http://www.wikidata.org/entity/Q326254
IDDHVEP4,3,5,http://www.wikidata.org/entity/Q753686
IDDHVEP4,4,5,http://www.wikidata.org/entity/Q874980
IDDHVEP4,5,5,http://www.wikidata.org/entity/Q5095
IDDHVEP4,6,5,http://www.wikidata.org/entity/Q599448
IDDHVEP4,7,5,http://www.wikidata.org/entity/Q874980
IDDHVEP4,8,5,http://www.wikidata.org/entity/Q5095
IDDHVEP4,9,5,http://www.wikidata.org/entity/Q599448
IDDHVEP4,10,5,http://www.wikidata.org/entity/Q849801
IDDHVEP4,11,5,http://www.wikidata.org/entity/Q849790
IDDHVEP4,12,5,http://www.wikidata.org/entity/Q690880
IDDHVEP4,13,5,http://www.wikidata.org/entity/Q599448
IDDHVEP4,14,5,http://www.wikidata.org/entity/Q874942
IDDHVEP4,15,5,http://www.wikidata.org/entity/Q326254
IDDHVEP4,1,6,http://www.wikidata.org/entity/Q586673
IDDHVEP4,2,6,http://www.wikidata.org/entity/Q1017763
IDDHVEP4,3,6,http://www.wikidata.org/entity/Q612250
IDDHVEP4,4,6,http://www.wikidata.org/entity/Q498192
IDDHVEP4,5,6,http://www.wikidata.org/entity/Q499375
IDDHVEP4,6,6,http://www.wikidata.org/entity/Q1017120
IDDHVEP4,7,6,http://www.wikidata.org/entity/Q499375
IDDHVEP4,8,6,http://www.wikidata.org/entity/Q1017354
IDDHVEP4,9,6,http://www.wikidata.org/entity/Q586673
IDDHVEP4,10,6,http://www.wikidata.org/entity/Q499375
IDDHVEP4,11,6,http://www.wikidata.org/entity/Q1017354
IDDHVEP4,12,6,http://www.wikidata.org/entity/Q586673
IDDHVEP4,13,6,http://www.wikidata.org/entity/Q1280242
IDDHVEP4,14,6,http://www.wikidata.org/entity/Q568137
IDDHVEP4,15,6,http://www.wikidata.org/entity/Q498192
9IZGGN4A,1,0,http://www.wikidata.org/entity/Q208500
9IZGGN4A,2,0,http://www.wikidata.org/entity/Q172
9IZGGN4A,3,0,http://www.wikidata.org/entity/Q1930
9IZGGN4A,4,0,http://www.wikidata.org/entity/Q2373358
9IZGGN4A,5,0,http://www.wikidata.org/entity/Q2273431
9IZGGN4A,1,1,http://www.wikidata.org/entity/Q2140691
9IZGGN4A,2,1,http://www.wikidata.org/entity/Q1904
9IZGGN4A,3,1,http://www.wikidata.org/entity/Q1904
9IZGGN4A,4,1,http://www.wikidata.org/entity/Q1904
9IZGGN4A,5,1,http://www.wikidata.org/entity/Q1105193
9IZGGN4A,1,2,http://www.wikidata.org/entity/Q16
9IZGGN4A,2,2,http://www.wikidata.org/entity/Q16
9IZGGN4A,3,2,http://www.wikidata.org/entity/Q16
9IZGGN4A,4,2,http://www.wikidata.org/entity/Q16
9IZGGN4A,5,2,http://www.wikidata.org/entity/Q16
9IZGGN4A,1,3,http://www.wikidata.org/entity/Q55774719
9IZGGN4A,2,3,http://www.wikidata.org/entity/Q21507383
9IZGGN4A,3,3,http://www.wikidata.org/entity/Q17457753
9IZGGN4A,4,3,http://www.wikidata.org/entity/Q14762300
9IZGGN4A,5,3,http://www.wikidata.org/entity/Q14762300
I9POJKUH,1,0,http://www.wikidata.org/entity/Q4930732
I9POJKUH,2,0,http://www.wikidata.org/entity/Q4083256
I9POJKUH,3,0,http://www.wikidata.org/entity/Q3259532
I9POJKUH,4,0,http://www.wikidata.org/entity/Q3180369
I9POJKUH,1,1,http://www.wikidata.org/entity/Q1948
I9POJKUH,2,1,http://www.wikidata.org/entity/Q1631665
I9POJKUH,3,1,http://www.wikidata.org/entity/Q1661655
I9POJKUH,4,1,http://www.wikidata.org/entity/Q1904
I9POJKUH,1,2,http://www.wikidata.org/entity/Q956318
I9POJKUH,2,2,http://www.wikidata.org/entity/Q956318
I9POJKUH,3,2,http://www.wikidata.org/entity/Q956318
I9POJKUH,4,2,http://www.wikidata.org/entity/Q956318
I9POJKUH,1,5,http://www.wikidata.org/entity/Q16
I9POJKUH,2,5,http://www.wikidata.org/entity/Q16
I9POJKUH,3,5,http://www.wikidata.org/entity/Q16
I9POJKUH,4,5,http://www.wikidata.org/entity/Q16
1CJL9OA0,0,0,http://www.wikidata.org/entity/Q218593
1CJL9OA0,1,0,http://www.wikidata.org/entity/Q19362
1CJL9OA0,2,0,http://www.wikidata.org/entity/Q160082
1CJL9OA0,3,0,http://www.wikidata.org/entity/Q6759373
1CJL9OA0,4,0,http://www.wikidata.org/entity/Q160082
1CJL9OA0,0,2,http://www.wikidata.org/entity/Q14877683
1CJL9OA0,1,2,http://www.wikidata.org/entity/Q44107
1CJL9OA0,2,2,http://www.wikidata.org/entity/Q13914
1CJL9OA0,3,2,http://www.wikidata.org/entity/Q46248
1CJL9OA0,4,2,http://www.wikidata.org/entity/Q449028
1CJL9OA0,0,4,http://www.wikidata.org/entity/Q218593
1CJL9OA0,1,4,http://www.wikidata.org/entity/Q12055645
1CJL9OA0,2,4,http://www.wikidata.org/entity/Q1407658
1CJL9OA0,3,4,http://www.wikidata.org/entity/Q465584
1CJL9OA0,4,4,http://www.wikidata.org/entity/Q1407658
XEX0JXTU,1,0,http://www.wikidata.org/entity/Q7242055
XEX0JXTU,2,0,http://www.wikidata.org/entity/Q6661685
XEX0JXTU,3,0,http://www.wikidata.org/entity/Q6661403
XEX0JXTU,4,0,http://www.wikidata.org/entity/Q6661359
XEX0JXTU,5,0,http://www.wikidata.org/entity/Q6661212
XEX0JXTU,6,0,http://www.wikidata.org/entity/Q6413749
XEX0JXTU,7,0,http://www.wikidata.org/entity/Q5571199
XEX0JXTU,8,0,http://www.wikidata.org/entity/Q5137116
XEX0JXTU,9,0,http://www.wikidata.org/entity/Q3404200
XEX0JXTU,10,0,http://www.wikidata.org/entity/Q3402138
XEX0JXTU,11,0,http://www.wikidata.org/entity/Q2880785
XEX0JXTU,12,0,http://www.wikidata.org/entity/Q2588223
XEX0JXTU,13,0,http://www.wikidata.org/entity/Q2304575
XEX0JXTU,14,0,http://www.wikidata.org/entity/Q2281103
XEX0JXTU,15,0,http://www.wikidata.org/entity/Q2049578
XEX0JXTU,1,1,http://www.wikidata.org/entity/Q1968403
XEX0JXTU,2,1,http://www.wikidata.org/entity/Q1968403
XEX0JXTU,3,1,http://www.wikidata.org/entity/Q1968403
XEX0JXTU,4,1,http://www.wikidata.org/entity/Q1968403
XEX0JXTU,5,1,http://www.wikidata.org/entity/Q1968403
XEX0JXTU,6,1,http://www.wikidata.org/entity/Q1968403
XEX0JXTU,7,1,http://www.wikidata.org/entity/Q1968403
XEX0JXTU,8,1,http://www.wikidata.org/entity/Q1968403
XEX0JXTU,9,1,http://www.wikidata.org/entity/Q1968403
XEX0JXTU,10,1,http://www.wikidata.org/entity/Q1968403
XEX0JXTU,11,1,http://www.wikidata.org/entity/Q1968403
XEX0JXTU,12,1,http://www.wikidata.org/entity/Q1968403
XEX0JXTU,13,1,http://www.wikidata.org/entity/Q1968403
XEX0JXTU,14,1,http://www.wikidata.org/entity/Q1968403
XEX0JXTU,15,1,http://www.wikidata.org/entity/Q1968403
XEX0JXTU,1,2,http://www.wikidata.org/entity/Q145
XEX0JXTU,2,2,http://www.wikidata.org/entity/Q145
XEX0JXTU,3,2,http://www.wikidata.org/entity/Q145
XEX0JXTU,4,2,http://www.wikidata.org/entity/Q145
XEX0JXTU,5,2,http://www.wikidata.org/entity/Q145
XEX0JXTU,6,2,http://www.wikidata.org/entity/Q145
XEX0JXTU,7,2,http://www.wikidata.org/entity/Q145
XEX0JXTU,8,2,http://www.wikidata.org/entity/Q145
XEX0JXTU,9,2,http://www.wikidata.org/entity/Q145
XEX0JXTU,10,2,http://www.wikidata.org/entity/Q145
XEX0JXTU,11,2,http://www.wikidata.org/entity/Q145
XEX0JXTU,12,2,http://www.wikidata.org/entity/Q145
XEX0JXTU,13,2,http://www.wikidata.org/entity/Q145
XEX0JXTU,14,2,http://www.wikidata.org/entity/Q145
XEX0JXTU,15,2,http://www.wikidata.org/entity/Q145
XEX0JXTU,1,3,http://www.wikidata.org/entity/Q207257
XEX0JXTU,2,3,http://www.wikidata.org/entity/Q217829
XEX0JXTU,3,3,http://www.wikidata.org/entity/Q213361
XEX0JXTU,4,3,http://www.wikidata.org/entity/Q156150
XEX0JXTU,5,3,http://www.wikidata.org/entity/Q156150
XEX0JXTU,6,3,http://www.wikidata.org/entity/Q1617704
XEX0JXTU,7,3,http://www.wikidata.org/entity/Q213361
XEX0JXTU,8,3,http://www.wikidata.org/entity/Q213361
XEX0JXTU,9,3,http://www.wikidata.org/entity/Q817960
XEX0JXTU,10,3,http://www.wikidata.org/entity/Q217829
XEX0JXTU,11,3,http://www.wikidata.org/entity/Q2379199
XEX0JXTU,12,3,http://www.wikidata.org/entity/Q156150
XEX0JXTU,13,3,http://www.wikidata.org/entity/Q23064
XEX0JXTU,14,3,http://www.wikidata.org/entity/Q23140
XEX0JXTU,15,3,http://www.wikidata.org/entity/Q1693090
H591A763,1,0,http://www.wikidata.org/entity/Q69777278
H591A763,2,0,http://www.wikidata.org/entity/Q69777275
H591A763,3,0,http://www.wikidata.org/entity/Q69777273
H591A763,4,0,http://www.wikidata.org/entity/Q69777268
H591A763,5,0,http://www.wikidata.org/entity/Q69777265
H591A763,6,0,http://www.wikidata.org/entity/Q69777248
H591A763,7,0,http://www.wikidata.org/entity/Q69777247
H591A763,8,0,http://www.wikidata.org/entity/Q69777243
H591A763,9,0,http://www.wikidata.org/entity/Q69777241
H591A763,10,0,http://www.wikidata.org/entity/Q69777238
H591A763,1,1,http://www.wikidata.org/entity/Q1553
H591A763,2,1,http://www.wikidata.org/entity/Q1553
H591A763,3,1,http://www.wikidata.org/entity/Q1553
H591A763,4,1,http://www.wikidata.org/entity/Q1553
H591A763,5,1,http://www.wikidata.org/entity/Q1553
H591A763,6,1,http://www.wikidata.org/entity/Q1553
H591A763,7,1,http://www.wikidata.org/entity/Q1553
H591A763,8,1,http://www.wikidata.org/entity/Q1553
H591A763,9,1,http://www.wikidata.org/entity/Q1553
H591A763,10,1,http://www.wikidata.org/entity/Q1553
H591A763,1,2,http://www.wikidata.org/entity/Q30
H591A763,2,2,http://www.wikidata.org/entity/Q30
H591A763,3,2,http://www.wikidata.org/entity/Q30
H591A763,4,2,http://www.wikidata.org/entity/Q30
H591A763,5,2,http://www.wikidata.org/entity/Q30
H591A763,6,2,http://www.wikidata.org/entity/Q30
H591A763,7,2,http://www.wikidata.org/entity/Q30
H591A763,8,2,http://www.wikidata.org/entity/Q30
H591A763,9,2,http://www.wikidata.org/entity/Q30
H591A763,10,2,http://www.wikidata.org/entity/Q30
H591A763,1,3,http://www.wikidata.org/entity/Q12317349
H591A763,2,3,http://www.wikidata.org/entity/Q12317349
H591A763,3,3,http://www.wikidata.org/entity/Q12317349
H591A763,4,3,http://www.wikidata.org/entity/Q12317349
H591A763,5,3,http://www.wikidata.org/entity/Q12317349
H591A763,6,3,http://www.wikidata.org/entity/Q12317349
H591A763,7,3,http://www.wikidata.org/entity/Q12317349
H591A763,8,3,http://www.wikidata.org/entity/Q12317349
H591A763,9,3,http://www.wikidata.org/entity/Q12317349
H591A763,10,3,http://www.wikidata.org/entity/Q12317349
YIXGR15K,1,0,http://www.wikidata.org/entity/Q397177
YIXGR15K,2,0,http://www.wikidata.org/entity/Q7865722
YIXGR15K,3,0,http://www.wikidata.org/entity/Q4045597
YIXGR15K,4,0,http://www.wikidata.org/entity/Q3006236
YIXGR15K,5,0,http://www.wikidata.org/entity/Q642627
YIXGR15K,6,0,http://www.wikidata.org/entity/Q7390288
YIXGR15K,7,0,http://www.wikidata.org/entity/Q5779771
YIXGR15K,8,0,http://www.wikidata.org/entity/Q5513694
YIXGR15K,9,0,http://www.wikidata.org/entity/Q5380322
YIXGR15K,10,0,http://www.wikidata.org/entity/Q4783384
YIXGR15K,11,0,http://www.wikidata.org/entity/Q4045597
YIXGR15K,12,0,http://www.wikidata.org/entity/Q4036130
YIXGR15K,13,0,http://www.wikidata.org/entity/Q3006236
YIXGR15K,1,1,http://www.wikidata.org/entity/Q39
YIXGR15K,2,1,http://www.wikidata.org/entity/Q30
YIXGR15K,3,1,http://www.wikidata.org/entity/Q33
YIXGR15K,4,1,http://www.wikidata.org/entity/Q142
YIXGR15K,5,1,http://www.wikidata.org/entity/Q142
YIXGR15K,6,1,http://www.wikidata.org/entity/Q117
YIXGR15K,7,1,http://www.wikidata.org/entity/Q29
YIXGR15K,8,1,http://www.wikidata.org/entity/Q30
YIXGR15K,9,1,http://www.wikidata.org/entity/Q117
YIXGR15K,10,1,http://www.wikidata.org/entity/Q851
YIXGR15K,11,1,http://www.wikidata.org/entity/Q33
YIXGR15K,12,1,http://www.wikidata.org/entity/Q148
YIXGR15K,13,1,http://www.wikidata.org/entity/Q142
YIXGR15K,1,2,http://www.wikidata.org/entity/Q2518196
YIXGR15K,2,2,http://www.wikidata.org/entity/Q837171
YIXGR15K,3,2,http://www.wikidata.org/entity/Q837171
YIXGR15K,4,2,http://www.wikidata.org/entity/Q837171
YIXGR15K,5,2,http://www.wikidata.org/entity/Q837171
YIXGR15K,6,2,http://www.wikidata.org/entity/Q2518196
YIXGR15K,7,2,http://www.wikidata.org/entity/Q837171
YIXGR15K,8,2,http://www.wikidata.org/entity/Q43183
YIXGR15K,9,2,http://www.wikidata.org/entity/Q43183
YIXGR15K,10,2,http://www.wikidata.org/entity/Q43183
YIXGR15K,11,2,http://www.wikidata.org/entity/Q837171
YIXGR15K,12,2,http://www.wikidata.org/entity/Q43183
YIXGR15K,13,2,http://www.wikidata.org/entity/Q837171
YIXGR15K,1,3,http://www.wikidata.org/entity/Q157031
YIXGR15K,2,3,http://www.wikidata.org/entity/Q22687
YIXGR15K,3,3,http://www.wikidata.org/entity/Q22687
YIXGR15K,4,3,http://www.wikidata.org/entity/Q22687
YIXGR15K,5,3,http://www.wikidata.org/entity/Q22687
YIXGR15K,6,3,http://www.wikidata.org/entity/Q2143354
YIXGR15K,7,3,http://www.wikidata.org/entity/Q2143354
YIXGR15K,8,3,http://www.wikidata.org/entity/Q2143354
YIXGR15K,9,3,http://www.wikidata.org/entity/Q2143354
YIXGR15K,10,3,http://www.wikidata.org/entity/Q2143354
YIXGR15K,11,3,http://www.wikidata.org/entity/Q2143354
YIXGR15K,12,3,http://www.wikidata.org/entity/Q2143354
YIXGR15K,13,3,http://www.wikidata.org/entity/Q2143354
AHTJKHRB,1,0,http://www.wikidata.org/entity/Q489702
AHTJKHRB,2,0,http://www.wikidata.org/entity/Q113117
AHTJKHRB,3,0,http://www.wikidata.org/entity/Q496025
AHTJKHRB,4,0,http://www.wikidata.org/entity/Q495990
AHTJKHRB,1,2,http://www.wikidata.org/entity/Q490769
AHTJKHRB,2,2,http://www.wikidata.org/entity/Q113151
AHTJKHRB,3,2,http://www.wikidata.org/entity/Q484440
AHTJKHRB,4,2,http://www.wikidata.org/entity/Q338424
AHTJKHRB,1,3,http://www.wikidata.org/entity/Q3134980
AHTJKHRB,2,3,http://www.wikidata.org/entity/Q2086913
AHTJKHRB,3,3,http://www.wikidata.org/entity/Q3134980
AHTJKHRB,4,3,http://www.wikidata.org/entity/Q28145790
AHTJKHRB,1,5,http://www.wikidata.org/entity/Q30
AHTJKHRB,2,5,http://www.wikidata.org/entity/Q30
AHTJKHRB,3,5,http://www.wikidata.org/entity/Q30
AHTJKHRB,4,5,http://www.wikidata.org/entity/Q30
AHTJKHRB,1,6,http://www.wikidata.org/entity/Q13414361
AHTJKHRB,2,6,http://www.wikidata.org/entity/Q13414361
AHTJKHRB,3,6,http://www.wikidata.org/entity/Q13414361
AHTJKHRB,4,6,http://www.wikidata.org/entity/Q13414361
AY3HXIQ8,1,0,http://www.wikidata.org/entity/Q665330
AY3HXIQ8,2,0,http://www.wikidata.org/entity/Q671557
AY3HXIQ8,3,0,http://www.wikidata.org/entity/Q868637
AY3HXIQ8,4,0,http://www.wikidata.org/entity/Q658902
AY3HXIQ8,5,0,http://www.wikidata.org/entity/Q806160
AY3HXIQ8,6,0,http://www.wikidata.org/entity/Q914000
AY3HXIQ8,7,0,http://www.wikidata.org/entity/Q648810
AY3HXIQ8,8,0,http://www.wikidata.org/entity/Q839811
AY3HXIQ8,9,0,http://www.wikidata.org/entity/Q844062
AY3HXIQ8,10,0,http://www.wikidata.org/entity/Q806160
AY3HXIQ8,11,0,http://www.wikidata.org/entity/Q2396339
AY3HXIQ8,12,0,http://www.wikidata.org/entity/Q2046537
AY3HXIQ8,1,1,http://www.wikidata.org/entity/Q206988
AY3HXIQ8,2,1,http://www.wikidata.org/entity/Q195955
AY3HXIQ8,3,1,http://www.wikidata.org/entity/Q18632
AY3HXIQ8,4,1,http://www.wikidata.org/entity/Q7337953
AY3HXIQ8,5,1,http://www.wikidata.org/entity/Q34217
AY3HXIQ8,6,1,http://www.wikidata.org/entity/Q267054
AY3HXIQ8,7,1,http://www.wikidata.org/entity/Q1364552
AY3HXIQ8,8,1,http://www.wikidata.org/entity/Q869556
AY3HXIQ8,9,1,http://www.wikidata.org/entity/Q8030557
AY3HXIQ8,10,1,http://www.wikidata.org/entity/Q34217
AY3HXIQ8,11,1,http://www.wikidata.org/entity/Q4954491
AY3HXIQ8,12,1,http://www.wikidata.org/entity/Q2265789
AY3HXIQ8,1,2,http://www.wikidata.org/entity/Q6574
AY3HXIQ8,2,2,http://www.wikidata.org/entity/Q6574
AY3HXIQ8,3,2,http://www.wikidata.org/entity/Q6574
AY3HXIQ8,4,2,http://www.wikidata.org/entity/Q6574
AY3HXIQ8,5,2,http://www.wikidata.org/entity/Q6574
AY3HXIQ8,6,2,http://www.wikidata.org/entity/Q6574
AY3HXIQ8,7,2,http://www.wikidata.org/entity/Q6574
AY3HXIQ8,8,2,http://www.wikidata.org/entity/Q6574
AY3HXIQ8,9,2,http://www.wikidata.org/entity/Q6574
AY3HXIQ8,10,2,http://www.wikidata.org/entity/Q6574
AY3HXIQ8,11,2,http://www.wikidata.org/entity/Q6574
AY3HXIQ8,12,2,http://www.wikidata.org/entity/Q6574
AY3HXIQ8,1,3,http://www.wikidata.org/entity/Q501424
AY3HXIQ8,2,3,http://www.wikidata.org/entity/Q498043
AY3HXIQ8,3,3,http://www.wikidata.org/entity/Q490453
AY3HXIQ8,4,3,http://www.wikidata.org/entity/Q242191
AY3HXIQ8,5,3,http://www.wikidata.org/entity/Q239123
AY3HXIQ8,6,3,http://www.wikidata.org/entity/Q217174
AY3HXIQ8,7,3,http://www.wikidata.org/entity/Q174247
AY3HXIQ8,8,3,http://www.wikidata.org/entity/Q47881
AY3HXIQ8,9,3,http://www.wikidata.org/entity/Q21159
AY3HXIQ8,10,3,http://www.wikidata.org/entity/Q6961
AY3HXIQ8,11,3,http://www.wikidata.org/entity/Q243079
AY3HXIQ8,12,3,http://www.wikidata.org/entity/Q217159
Q5SAYLZE,1,0,http://www.wikidata.org/entity/Q67285329
Q5SAYLZE,2,0,http://www.wikidata.org/entity/Q23220
Q5SAYLZE,3,0,http://www.wikidata.org/entity/Q67266168
Q5SAYLZE,4,0,http://www.wikidata.org/entity/Q23112
Q5SAYLZE,5,0,http://www.wikidata.org/entity/Q23082
Q5SAYLZE,6,0,http://www.wikidata.org/entity/Q67287495
Q5SAYLZE,7,0,http://www.wikidata.org/entity/Q67285329
Q5SAYLZE,8,0,http://www.wikidata.org/entity/Q23220
Q5SAYLZE,9,0,http://www.wikidata.org/entity/Q67266168
Q5SAYLZE,10,0,http://www.wikidata.org/entity/Q30612390
Q5SAYLZE,11,0,http://www.wikidata.org/entity/Q23240
Q5SAYLZE,12,0,http://www.wikidata.org/entity/Q23082
Q5SAYLZE,13,0,http://www.wikidata.org/entity/Q67287495
Q5SAYLZE,14,0,http://www.wikidata.org/entity/Q23240
Q5SAYLZE,1,1,http://www.wikidata.org/entity/Q19186
Q5SAYLZE,2,1,http://www.wikidata.org/entity/Q23276
Q5SAYLZE,3,1,http://www.wikidata.org/entity/Q30612390
Q5SAYLZE,4,1,http://www.wikidata.org/entity/Q23143
Q5SAYLZE,5,1,http://www.wikidata.org/entity/Q23066
Q5SAYLZE,6,1,http://www.wikidata.org/entity/Q163
Q5SAYLZE,7,1,http://www.wikidata.org/entity/Q19186
Q5SAYLZE,8,1,http://www.wikidata.org/entity/Q23276
Q5SAYLZE,9,1,http://www.wikidata.org/entity/Q30612390
Q5SAYLZE,10,1,http://www.wikidata.org/entity/Q23143
Q5SAYLZE,11,1,http://www.wikidata.org/entity/Q3410
Q5SAYLZE,12,1,http://www.wikidata.org/entity/Q23066
Q5SAYLZE,13,1,http://www.wikidata.org/entity/Q23098
Q5SAYLZE,14,1,http://www.wikidata.org/entity/Q3410
Q5SAYLZE,1,3,http://www.wikidata.org/entity/Q67285329
Q5SAYLZE,2,3,http://www.wikidata.org/entity/Q23220
Q5SAYLZE,3,3,http://www.wikidata.org/entity/Q67266168
Q5SAYLZE,4,3,http://www.wikidata.org/entity/Q23112
Q5SAYLZE,5,3,http://www.wikidata.org/entity/Q23082
Q5SAYLZE,6,3,http://www.wikidata.org/entity/Q67287495
Q5SAYLZE,7,3,http://www.wikidata.org/entity/Q67285329
Q5SAYLZE,8,3,http://www.wikidata.org/entity/Q23220
Q5SAYLZE,9,3,http://www.wikidata.org/entity/Q67266168
Q5SAYLZE,10,3,http://www.wikidata.org/entity/Q23112
Q5SAYLZE,11,3,http://www.wikidata.org/entity/Q23240
Q5SAYLZE,12,3,http://www.wikidata.org/entity/Q23082
Q5SAYLZE,13,3,http://www.wikidata.org/entity/Q23064
Q5SAYLZE,14,3,http://www.wikidata.org/entity/Q23240
Q5SAYLZE,1,4,http://www.wikidata.org/entity/Q145
Q5SAYLZE,2,4,http://www.wikidata.org/entity/Q145
Q5SAYLZE,3,4,http://www.wikidata.org/entity/Q145
Q5SAYLZE,4,4,http://www.wikidata.org/entity/Q145
Q5SAYLZE,5,4,http://www.wikidata.org/entity/Q145
Q5SAYLZE,6,4,http://www.wikidata.org/entity/Q145
Q5SAYLZE,7,4,http://www.wikidata.org/entity/Q145
Q5SAYLZE,8,4,http://www.wikidata.org/entity/Q145
Q5SAYLZE,9,4,http://www.wikidata.org/entity/Q145
Q5SAYLZE,10,4,http://www.wikidata.org/entity/Q145
Q5SAYLZE,11,4,http://www.wikidata.org/entity/Q145
Q5SAYLZE,12,4,http://www.wikidata.org/entity/Q145
Q5SAYLZE,13,4,http://www.wikidata.org/entity/Q145
Q5SAYLZE,14,4,http://www.wikidata.org/entity/Q145
Q5SAYLZE,1,5,http://www.wikidata.org/entity/Q67376938
Q5SAYLZE,2,5,http://www.wikidata.org/entity/Q67376938
Q5SAYLZE,3,5,http://www.wikidata.org/entity/Q67376938
Q5SAYLZE,4,5,http://www.wikidata.org/entity/Q67376938
Q5SAYLZE,5,5,http://www.wikidata.org/entity/Q7925010
Q5SAYLZE,6,5,http://www.wikidata.org/entity/Q1138494
Q5SAYLZE,7,5,http://www.wikidata.org/entity/Q1138494
Q5SAYLZE,8,5,http://www.wikidata.org/entity/Q1138494
Q5SAYLZE,9,5,http://www.wikidata.org/entity/Q1138494
Q5SAYLZE,10,5,http://www.wikidata.org/entity/Q1138494
Q5SAYLZE,11,5,http://www.wikidata.org/entity/Q1138494
Q5SAYLZE,12,5,http://www.wikidata.org/entity/Q1138494
Q5SAYLZE,13,5,http://www.wikidata.org/entity/Q1138494
Q5SAYLZE,14,5,http://www.wikidata.org/entity/Q180673
9TB7SNVJ,1,0,http://www.wikidata.org/entity/Q218593
9TB7SNVJ,2,0,http://www.wikidata.org/entity/Q218593
9TB7SNVJ,3,0,http://www.wikidata.org/entity/Q218593
9TB7SNVJ,1,1,http://www.wikidata.org/entity/Q10999
9TB7SNVJ,2,1,http://www.wikidata.org/entity/Q2070717
9TB7SNVJ,3,1,http://www.wikidata.org/entity/Q5003028
9TB7SNVJ,1,2,http://www.wikidata.org/entity/Q18511725
9TB7SNVJ,2,2,http://www.wikidata.org/entity/Q852772
9TB7SNVJ,3,2,http://www.wikidata.org/entity/Q301833
9TB7SNVJ,1,3,http://www.wikidata.org/entity/Q10999
9TB7SNVJ,2,3,http://www.wikidata.org/entity/Q806160
9TB7SNVJ,3,3,http://www.wikidata.org/entity/Q1640591
9TB7SNVJ,1,4,http://www.wikidata.org/entity/Q62049
9TB7SNVJ,2,4,http://www.wikidata.org/entity/Q1084814
9TB7SNVJ,3,4,http://www.wikidata.org/entity/Q17581864
9TB7SNVJ,1,5,http://www.wikidata.org/entity/Q4976993
9TB7SNVJ,2,5,http://www.wikidata.org/entity/Q1807269
9TB7SNVJ,3,5,http://www.wikidata.org/entity/Q7994088
9TB7SNVJ,1,6,http://www.wikidata.org/entity/Q1115575
9TB7SNVJ,2,6,http://www.wikidata.org/entity/Q852772
9TB7SNVJ,3,6,http://www.wikidata.org/entity/Q301833
IUMR0AYR,1,0,http://www.wikidata.org/entity/Q28895790
IUMR0AYR,2,0,http://www.wikidata.org/entity/Q28895569
IUMR0AYR,3,0,http://www.wikidata.org/entity/Q28895486
IUMR0AYR,4,0,http://www.wikidata.org/entity/Q28895368
IUMR0AYR,5,0,http://www.wikidata.org/entity/Q28895281
IUMR0AYR,6,0,http://www.wikidata.org/entity/Q28895022
IUMR0AYR,7,0,http://www.wikidata.org/entity/Q28894909
IUMR0AYR,8,0,http://www.wikidata.org/entity/Q28894700
IUMR0AYR,9,0,http://www.wikidata.org/entity/Q20875700
IUMR0AYR,10,0,http://www.wikidata.org/entity/Q28894152
IUMR0AYR,11,0,http://www.wikidata.org/entity/Q28894066
IUMR0AYR,12,0,http://www.wikidata.org/entity/Q28893935
IUMR0AYR,13,0,http://www.wikidata.org/entity/Q28893791
IUMR0AYR,1,1,http://www.wikidata.org/entity/Q201904
IUMR0AYR,2,1,http://www.wikidata.org/entity/Q201904
IUMR0AYR,3,1,http://www.wikidata.org/entity/Q201904
IUMR0AYR,4,1,http://www.wikidata.org/entity/Q201904
IUMR0AYR,5,1,http://www.wikidata.org/entity/Q201904
IUMR0AYR,6,1,http://www.wikidata.org/entity/Q201904
IUMR0AYR,7,1,http://www.wikidata.org/entity/Q201904
IUMR0AYR,8,1,http://www.wikidata.org/entity/Q201904
IUMR0AYR,9,1,http://www.wikidata.org/entity/Q201904
IUMR0AYR,10,1,http://www.wikidata.org/entity/Q201904
IUMR0AYR,11,1,http://www.wikidata.org/entity/Q201904
IUMR0AYR,12,1,http://www.wikidata.org/entity/Q201904
IUMR0AYR,13,1,http://www.wikidata.org/entity/Q201904
IUMR0AYR,1,2,http://www.wikidata.org/entity/Q166142
IUMR0AYR,2,2,http://www.wikidata.org/entity/Q166142
IUMR0AYR,3,2,http://www.wikidata.org/entity/Q166142
IUMR0AYR,4,2,http://www.wikidata.org/entity/Q166142
IUMR0AYR,5,2,http://www.wikidata.org/entity/Q166142
IUMR0AYR,6,2,http://www.wikidata.org/entity/Q166142
IUMR0AYR,7,2,http://www.wikidata.org/entity/Q166142
IUMR0AYR,8,2,http://www.wikidata.org/entity/Q166142
IUMR0AYR,9,2,http://www.wikidata.org/entity/Q166142
IUMR0AYR,10,2,http://www.wikidata.org/entity/Q166142
IUMR0AYR,11,2,http://www.wikidata.org/entity/Q166142
IUMR0AYR,12,2,http://www.wikidata.org/entity/Q166142
IUMR0AYR,13,2,http://www.wikidata.org/entity/Q166142
IUMR0AYR,1,3,http://www.wikidata.org/entity/Q20712193
IUMR0AYR,2,3,http://www.wikidata.org/entity/Q20712193
IUMR0AYR,3,3,http://www.wikidata.org/entity/Q20712193
IUMR0AYR,4,3,http://www.wikidata.org/entity/Q20712193
IUMR0AYR,5,3,http://www.wikidata.org/entity/Q20712193
IUMR0AYR,6,3,http://www.wikidata.org/entity/Q20712193
IUMR0AYR,7,3,http://www.wikidata.org/entity/Q20712193
IUMR0AYR,8,3,http://www.wikidata.org/entity/Q20712193
IUMR0AYR,9,3,http://www.wikidata.org/entity/Q20712193
IUMR0AYR,10,3,http://www.wikidata.org/entity/Q609331
IUMR0AYR,11,3,http://www.wikidata.org/entity/Q20712193
IUMR0AYR,12,3,http://www.wikidata.org/entity/Q20712193
IUMR0AYR,13,3,http://www.wikidata.org/entity/Q20712193
IUMR0AYR,1,4,http://www.wikidata.org/entity/Q10513450
IUMR0AYR,2,4,http://www.wikidata.org/entity/Q10513450
IUMR0AYR,3,4,http://www.wikidata.org/entity/Q27016752
IUMR0AYR,4,4,http://www.wikidata.org/entity/Q10513450
IUMR0AYR,5,4,http://www.wikidata.org/entity/Q27016752
IUMR0AYR,6,4,http://www.wikidata.org/entity/Q10513450
IUMR0AYR,7,4,http://www.wikidata.org/entity/Q10513450
IUMR0AYR,8,4,http://www.wikidata.org/entity/Q10513450
IUMR0AYR,9,4,http://www.wikidata.org/entity/Q10513450
IUMR0AYR,10,4,http://www.wikidata.org/entity/Q10513450
IUMR0AYR,11,4,http://www.wikidata.org/entity/Q10513450
IUMR0AYR,12,4,http://www.wikidata.org/entity/Q10513450
IUMR0AYR,13,4,http://www.wikidata.org/entity/Q10513450
U5D1H5A6,1,0,http://www.wikidata.org/entity/Q581478
U5D1H5A6,2,0,http://www.wikidata.org/entity/Q214956
U5D1H5A6,3,0,http://www.wikidata.org/entity/Q581478
U5D1H5A6,4,0,http://www.wikidata.org/entity/Q384544
U5D1H5A6,5,0,http://www.wikidata.org/entity/Q191805
U5D1H5A6,6,0,http://www.wikidata.org/entity/Q954611
U5D1H5A6,7,0,http://www.wikidata.org/entity/Q1085
U5D1H5A6,8,0,http://www.wikidata.org/entity/Q43453
U5D1H5A6,9,0,http://www.wikidata.org/entity/Q193721
U5D1H5A6,10,0,http://www.wikidata.org/entity/Q616877
U5D1H5A6,11,0,http://www.wikidata.org/entity/Q384544
U5D1H5A6,12,0,http://www.wikidata.org/entity/Q193719
U5D1H5A6,13,0,http://www.wikidata.org/entity/Q16506
U5D1H5A6,14,0,http://www.wikidata.org/entity/Q1085
U5D1H5A6,15,0,http://www.wikidata.org/entity/Q180139
U5D1H5A6,1,1,http://www.wikidata.org/entity/Q43266
U5D1H5A6,2,1,http://www.wikidata.org/entity/Q43266
U5D1H5A6,3,1,http://www.wikidata.org/entity/Q42497
U5D1H5A6,4,1,http://www.wikidata.org/entity/Q39193
U5D1H5A6,5,1,http://www.wikidata.org/entity/Q39193
U5D1H5A6,6,1,http://www.wikidata.org/entity/Q45551
U5D1H5A6,7,1,http://www.wikidata.org/entity/Q39193
U5D1H5A6,8,1,http://www.wikidata.org/entity/Q39193
U5D1H5A6,9,1,http://www.wikidata.org/entity/Q39193
U5D1H5A6,10,1,http://www.wikidata.org/entity/Q39193
U5D1H5A6,11,1,http://www.wikidata.org/entity/Q39193
U5D1H5A6,12,1,http://www.wikidata.org/entity/Q39193
U5D1H5A6,13,1,http://www.wikidata.org/entity/Q39193
U5D1H5A6,14,1,http://www.wikidata.org/entity/Q39193
U5D1H5A6,15,1,http://www.wikidata.org/entity/Q39193
U5D1H5A6,1,2,http://www.wikidata.org/entity/Q213
U5D1H5A6,2,2,http://www.wikidata.org/entity/Q213
U5D1H5A6,3,2,http://www.wikidata.org/entity/Q213
U5D1H5A6,4,2,http://www.wikidata.org/entity/Q213
U5D1H5A6,5,2,http://www.wikidata.org/entity/Q213
U5D1H5A6,6,2,http://www.wikidata.org/entity/Q213
U5D1H5A6,7,2,http://www.wikidata.org/entity/Q213
U5D1H5A6,8,2,http://www.wikidata.org/entity/Q213
U5D1H5A6,9,2,http://www.wikidata.org/entity/Q213
U5D1H5A6,10,2,http://www.wikidata.org/entity/Q213
U5D1H5A6,11,2,http://www.wikidata.org/entity/Q213
U5D1H5A6,12,2,http://www.wikidata.org/entity/Q213
U5D1H5A6,13,2,http://www.wikidata.org/entity/Q213
U5D1H5A6,14,2,http://www.wikidata.org/entity/Q213
U5D1H5A6,15,2,http://www.wikidata.org/entity/Q213
U5D1H5A6,1,3,http://www.wikidata.org/entity/Q660208
U5D1H5A6,2,3,http://www.wikidata.org/entity/Q660208
U5D1H5A6,3,3,http://www.wikidata.org/entity/Q660208
U5D1H5A6,4,3,http://www.wikidata.org/entity/Q607053
U5D1H5A6,5,3,http://www.wikidata.org/entity/Q582675
U5D1H5A6,6,3,http://www.wikidata.org/entity/Q562369
U5D1H5A6,7,3,http://www.wikidata.org/entity/Q339660
U5D1H5A6,8,3,http://www.wikidata.org/entity/Q330277
U5D1H5A6,9,3,http://www.wikidata.org/entity/Q279943
U5D1H5A6,10,3,http://www.wikidata.org/entity/Q155045
U5D1H5A6,11,3,http://www.wikidata.org/entity/Q155045
U5D1H5A6,12,3,http://www.wikidata.org/entity/Q155045
U5D1H5A6,13,3,http://www.wikidata.org/entity/Q131574
U5D1H5A6,14,3,http://www.wikidata.org/entity/Q131574
U5D1H5A6,15,3,http://www.wikidata.org/entity/Q45653
U5D1H5A6,1,4,http://www.wikidata.org/entity/Q18915527
U5D1H5A6,2,4,http://www.wikidata.org/entity/Q18915527
U5D1H5A6,3,4,http://www.wikidata.org/entity/Q18915527
U5D1H5A6,4,4,http://www.wikidata.org/entity/Q18915527
U5D1H5A6,5,4,http://www.wikidata.org/entity/Q18915527
U5D1H5A6,6,4,http://www.wikidata.org/entity/Q18915527
U5D1H5A6,7,4,http://www.wikidata.org/entity/Q18915527
U5D1H5A6,8,4,http://www.wikidata.org/entity/Q18915527
U5D1H5A6,9,4,http://www.wikidata.org/entity/Q18915527
U5D1H5A6,10,4,http://www.wikidata.org/entity/Q18915527
U5D1H5A6,11,4,http://www.wikidata.org/entity/Q18915527
U5D1H5A6,12,4,http://www.wikidata.org/entity/Q18915527
U5D1H5A6,13,4,http://www.wikidata.org/entity/Q18915527
U5D1H5A6,14,4,http://www.wikidata.org/entity/Q18915527
U5D1H5A6,15,4,http://www.wikidata.org/entity/Q18915527
9XUYLOJ8,1,0,http://www.wikidata.org/entity/Q78919470
9XUYLOJ8,2,0,http://www.wikidata.org/entity/Q60781124
9XUYLOJ8,3,0,http://www.wikidata.org/entity/Q20197912
9XUYLOJ8,4,0,http://www.wikidata.org/entity/Q60745767
9XUYLOJ8,1,1,http://www.wikidata.org/entity/Q657415
9XUYLOJ8,2,1,http://www.wikidata.org/entity/Q657415
9XUYLOJ8,3,1,http://www.wikidata.org/entity/Q160236
9XUYLOJ8,4,1,http://www.wikidata.org/entity/Q657415
9XUYLOJ8,1,2,http://www.wikidata.org/entity/Q28921809
9XUYLOJ8,2,2,http://www.wikidata.org/entity/Q182589
9XUYLOJ8,3,2,http://www.wikidata.org/entity/Q64355134
9XUYLOJ8,4,2,http://www.wikidata.org/entity/Q182589
9XUYLOJ8,1,3,http://www.wikidata.org/entity/Q6913576
9XUYLOJ8,2,3,http://www.wikidata.org/entity/Q6913576
9XUYLOJ8,3,3,http://www.wikidata.org/entity/Q64355147
9XUYLOJ8,4,3,http://www.wikidata.org/entity/Q6913576
9XUYLOJ8,1,5,http://www.wikidata.org/entity/Q11457
9XUYLOJ8,2,5,http://www.wikidata.org/entity/Q11547758
9XUYLOJ8,3,5,http://www.wikidata.org/entity/Q910194
9XUYLOJ8,4,5,http://www.wikidata.org/entity/Q8231603
9XUYLOJ8,1,6,http://www.wikidata.org/entity/Q78919470
9XUYLOJ8,2,6,http://www.wikidata.org/entity/Q60781124
9XUYLOJ8,3,6,http://www.wikidata.org/entity/Q211669
9XUYLOJ8,4,6,http://www.wikidata.org/entity/Q60745767
MBJOEOPZ,1,0,http://www.wikidata.org/entity/Q4092754
MBJOEOPZ,2,0,http://www.wikidata.org/entity/Q3907993
MBJOEOPZ,3,0,http://www.wikidata.org/entity/Q3397056
MBJOEOPZ,4,0,http://www.wikidata.org/entity/Q2103760
MBJOEOPZ,5,0,http://www.wikidata.org/entity/Q2090374
MBJOEOPZ,6,0,http://www.wikidata.org/entity/Q1570866
MBJOEOPZ,7,0,http://www.wikidata.org/entity/Q1272855
MBJOEOPZ,8,0,http://www.wikidata.org/entity/Q1074863
MBJOEOPZ,9,0,http://www.wikidata.org/entity/Q1070563
MBJOEOPZ,10,0,http://www.wikidata.org/entity/Q1067603
MBJOEOPZ,11,0,http://www.wikidata.org/entity/Q996209
MBJOEOPZ,12,0,http://www.wikidata.org/entity/Q885469
MBJOEOPZ,13,0,http://www.wikidata.org/entity/Q871751
MBJOEOPZ,14,0,http://www.wikidata.org/entity/Q108487363
MBJOEOPZ,15,0,http://www.wikidata.org/entity/Q682049
MBJOEOPZ,1,2,http://www.wikidata.org/entity/Q175117
MBJOEOPZ,2,2,http://www.wikidata.org/entity/Q547206
MBJOEOPZ,3,2,http://www.wikidata.org/entity/Q754718
MBJOEOPZ,4,2,http://www.wikidata.org/entity/Q13712
MBJOEOPZ,5,2,http://www.wikidata.org/entity/Q591224
MBJOEOPZ,6,2,http://www.wikidata.org/entity/Q1675
MBJOEOPZ,7,2,http://www.wikidata.org/entity/Q14383
MBJOEOPZ,8,2,http://www.wikidata.org/entity/Q19686
MBJOEOPZ,9,2,http://www.wikidata.org/entity/Q216868
MBJOEOPZ,10,2,http://www.wikidata.org/entity/Q1653
MBJOEOPZ,11,2,http://www.wikidata.org/entity/Q31901357
MBJOEOPZ,12,2,http://www.wikidata.org/entity/Q3642230
MBJOEOPZ,13,2,http://www.wikidata.org/entity/Q584
MBJOEOPZ,14,2,http://www.wikidata.org/entity/Q1653
MBJOEOPZ,15,2,http://www.wikidata.org/entity/Q3073819
MBJOEOPZ,1,3,http://www.wikidata.org/entity/Q3397516
MBJOEOPZ,2,3,http://www.wikidata.org/entity/Q3397516
MBJOEOPZ,3,3,http://www.wikidata.org/entity/Q3397516
MBJOEOPZ,4,3,http://www.wikidata.org/entity/Q3397516
MBJOEOPZ,5,3,http://www.wikidata.org/entity/Q3397516
MBJOEOPZ,6,3,http://www.wikidata.org/entity/Q3397516
MBJOEOPZ,7,3,http://www.wikidata.org/entity/Q3397516
MBJOEOPZ,8,3,http://www.wikidata.org/entity/Q3397516
MBJOEOPZ,9,3,http://www.wikidata.org/entity/Q3397516
MBJOEOPZ,10,3,http://www.wikidata.org/entity/Q3397516
MBJOEOPZ,11,3,http://www.wikidata.org/entity/Q3397516
MBJOEOPZ,12,3,http://www.wikidata.org/entity/Q3397516
MBJOEOPZ,13,3,http://www.wikidata.org/entity/Q3397516
MBJOEOPZ,14,3,http://www.wikidata.org/entity/Q3397516
MBJOEOPZ,15,3,http://www.wikidata.org/entity/Q3397516
WZBTPIWG,1,0,http://www.wikidata.org/entity/Q15123
WZBTPIWG,2,0,http://www.wikidata.org/entity/Q3558578
WZBTPIWG,3,0,http://www.wikidata.org/entity/Q3094674
WZBTPIWG,4,0,http://www.wikidata.org/entity/Q2982834
WZBTPIWG,5,0,http://www.wikidata.org/entity/Q15123
WZBTPIWG,6,0,http://www.wikidata.org/entity/Q3558578
WZBTPIWG,7,0,http://www.wikidata.org/entity/Q3094674
WZBTPIWG,8,0,http://www.wikidata.org/entity/Q3558578
WZBTPIWG,9,0,http://www.wikidata.org/entity/Q1320131
WZBTPIWG,10,0,http://www.wikidata.org/entity/Q3558578
WZBTPIWG,11,0,http://www.wikidata.org/entity/Q684846
WZBTPIWG,12,0,http://www.wikidata.org/entity/Q2217399
WZBTPIWG,13,0,http://www.wikidata.org/entity/Q812285
WZBTPIWG,14,0,http://www.wikidata.org/entity/Q733389
WZBTPIWG,1,1,http://www.wikidata.org/entity/Q7328910
WZBTPIWG,2,1,http://www.wikidata.org/entity/Q7328910
WZBTPIWG,3,1,http://www.wikidata.org/entity/Q7328910
WZBTPIWG,4,1,http://www.wikidata.org/entity/Q7328910
WZBTPIWG,5,1,http://www.wikidata.org/entity/Q4830453
WZBTPIWG,6,1,http://www.wikidata.org/entity/Q1574516
WZBTPIWG,7,1,http://www.wikidata.org/entity/Q180516
WZBTPIWG,8,1,http://www.wikidata.org/entity/Q31855
WZBTPIWG,9,1,http://www.wikidata.org/entity/Q22687
WZBTPIWG,10,1,http://www.wikidata.org/entity/Q3950
WZBTPIWG,11,1,http://www.wikidata.org/entity/Q24699794
WZBTPIWG,12,1,http://www.wikidata.org/entity/Q7328910
WZBTPIWG,13,1,http://www.wikidata.org/entity/Q7328910
WZBTPIWG,14,1,http://www.wikidata.org/entity/Q7328910
WZBTPIWG,1,3,http://www.wikidata.org/entity/Q1343118
WZBTPIWG,2,3,http://www.wikidata.org/entity/Q13371
WZBTPIWG,3,3,http://www.wikidata.org/entity/Q7771
WZBTPIWG,4,3,http://www.wikidata.org/entity/Q487488
WZBTPIWG,5,3,http://www.wikidata.org/entity/Q1343118
WZBTPIWG,6,3,http://www.wikidata.org/entity/Q13371
WZBTPIWG,7,3,http://www.wikidata.org/entity/Q7771
WZBTPIWG,8,3,http://www.wikidata.org/entity/Q13371
WZBTPIWG,9,3,http://www.wikidata.org/entity/Q1343118
WZBTPIWG,10,3,http://www.wikidata.org/entity/Q13371
WZBTPIWG,11,3,http://www.wikidata.org/entity/Q171480
WZBTPIWG,12,3,http://www.wikidata.org/entity/Q1913493
WZBTPIWG,13,3,http://www.wikidata.org/entity/Q980
WZBTPIWG,14,3,http://www.wikidata.org/entity/Q38
7YUGEQB5,1,0,http://www.wikidata.org/entity/Q2683797
7YUGEQB5,2,0,http://www.wikidata.org/entity/Q29868661
7YUGEQB5,3,0,http://www.wikidata.org/entity/Q1260146
7YUGEQB5,4,0,http://www.wikidata.org/entity/Q1975458
7YUGEQB5,1,1,http://www.wikidata.org/entity/Q55
7YUGEQB5,2,1,http://www.wikidata.org/entity/Q29
7YUGEQB5,3,1,http://www.wikidata.org/entity/Q55
7YUGEQB5,4,1,http://www.wikidata.org/entity/Q55
7YUGEQB5,1,2,http://www.wikidata.org/entity/Q25
7YUGEQB5,2,2,http://www.wikidata.org/entity/Q2884002
7YUGEQB5,3,2,http://www.wikidata.org/entity/Q19404732
7YUGEQB5,4,2,http://www.wikidata.org/entity/Q18925564
7YUGEQB5,1,3,http://www.wikidata.org/entity/Q478036
7YUGEQB5,2,3,http://www.wikidata.org/entity/Q2884002
7YUGEQB5,3,3,http://www.wikidata.org/entity/Q9918
7YUGEQB5,4,3,http://www.wikidata.org/entity/Q10014
U962O8UK,1,0,http://www.wikidata.org/entity/Q18888499
U962O8UK,2,0,http://www.wikidata.org/entity/Q4387827
U962O8UK,3,0,http://www.wikidata.org/entity/Q3280563
U962O8UK,4,0,http://www.wikidata.org/entity/Q2823620
U962O8UK,1,5,http://www.wikidata.org/entity/Q2334543
U962O8UK,2,5,http://www.wikidata.org/entity/Q2334543
U962O8UK,3,5,http://www.wikidata.org/entity/Q2334543
U962O8UK,4,5,http://www.wikidata.org/entity/Q108149
4EUNBDBB,1,0,http://www.wikidata.org/entity/Q49439422
4EUNBDBB,2,0,http://www.wikidata.org/entity/Q49445736
4EUNBDBB,3,0,http://www.wikidata.org/entity/Q49445065
4EUNBDBB,4,0,http://www.wikidata.org/entity/Q49443942
4EUNBDBB,5,0,http://www.wikidata.org/entity/Q49443117
4EUNBDBB,6,0,http://www.wikidata.org/entity/Q49439881
4EUNBDBB,7,0,http://www.wikidata.org/entity/Q49439422
4EUNBDBB,8,0,http://www.wikidata.org/entity/Q49438959
4EUNBDBB,1,1,http://www.wikidata.org/entity/Q1440300
4EUNBDBB,2,1,http://www.wikidata.org/entity/Q1161707
4EUNBDBB,3,1,http://www.wikidata.org/entity/Q1161707
4EUNBDBB,4,1,http://www.wikidata.org/entity/Q1161707
4EUNBDBB,5,1,http://www.wikidata.org/entity/Q1161707
4EUNBDBB,6,1,http://www.wikidata.org/entity/Q1161707
4EUNBDBB,7,1,http://www.wikidata.org/entity/Q1161707
4EUNBDBB,8,1,http://www.wikidata.org/entity/Q1161707
4EUNBDBB,1,3,http://www.wikidata.org/entity/Q11691318
4EUNBDBB,2,3,http://www.wikidata.org/entity/Q11691318
4EUNBDBB,3,3,http://www.wikidata.org/entity/Q19413851
4EUNBDBB,4,3,http://www.wikidata.org/entity/Q11691318
4EUNBDBB,5,3,http://www.wikidata.org/entity/Q19413851
4EUNBDBB,6,3,http://www.wikidata.org/entity/Q11691318
4EUNBDBB,7,3,http://www.wikidata.org/entity/Q11691318
4EUNBDBB,8,3,http://www.wikidata.org/entity/Q11691318
RCODI3GQ,1,0,http://www.wikidata.org/entity/Q1078387
RCODI3GQ,2,0,http://www.wikidata.org/entity/Q887467
RCODI3GQ,3,0,http://www.wikidata.org/entity/Q212419
RCODI3GQ,4,0,http://www.wikidata.org/entity/Q838033
RCODI3GQ,1,2,http://www.wikidata.org/entity/Q252
RCODI3GQ,2,2,http://www.wikidata.org/entity/Q252
RCODI3GQ,3,2,http://www.wikidata.org/entity/Q252
RCODI3GQ,4,2,http://www.wikidata.org/entity/Q252
RCODI3GQ,1,3,http://www.wikidata.org/entity/Q10380
RCODI3GQ,2,3,http://www.wikidata.org/entity/Q10377
RCODI3GQ,3,3,http://www.wikidata.org/entity/Q10332
RCODI3GQ,4,3,http://www.wikidata.org/entity/Q10374
RCODI3GQ,1,4,http://www.wikidata.org/entity/Q10380
RCODI3GQ,2,4,http://www.wikidata.org/entity/Q10377
RCODI3GQ,3,4,http://www.wikidata.org/entity/Q10332
RCODI3GQ,4,4,http://www.wikidata.org/entity/Q10374
1GID7YMT,0,0,http://www.wikidata.org/entity/Q218593
1GID7YMT,1,0,http://www.wikidata.org/entity/Q14682275
1GID7YMT,2,0,http://www.wikidata.org/entity/Q5906051
1GID7YMT,3,0,http://www.wikidata.org/entity/Q5597893
1GID7YMT,4,0,http://www.wikidata.org/entity/Q5364267
1GID7YMT,5,0,http://www.wikidata.org/entity/Q7306514
1GID7YMT,6,0,http://www.wikidata.org/entity/Q14682275
1GID7YMT,7,0,http://www.wikidata.org/entity/Q8000519
1GID7YMT,8,0,http://www.wikidata.org/entity/Q7969775
1GID7YMT,0,1,http://www.wikidata.org/entity/Q218593
1GID7YMT,1,1,http://www.wikidata.org/entity/Q6974748
1GID7YMT,2,1,http://www.wikidata.org/entity/Q2657199
1GID7YMT,3,1,http://www.wikidata.org/entity/Q2657199
1GID7YMT,4,1,http://www.wikidata.org/entity/Q2657199
1GID7YMT,5,1,http://www.wikidata.org/entity/Q6974748
1GID7YMT,6,1,http://www.wikidata.org/entity/Q6974748
1GID7YMT,7,1,http://www.wikidata.org/entity/Q6974748
1GID7YMT,8,1,http://www.wikidata.org/entity/Q2657199
1GID7YMT,0,2,http://www.wikidata.org/entity/Q14877683
1GID7YMT,1,2,http://www.wikidata.org/entity/Q19558910
1GID7YMT,2,2,http://www.wikidata.org/entity/Q19558910
1GID7YMT,3,2,http://www.wikidata.org/entity/Q19558910
1GID7YMT,4,2,http://www.wikidata.org/entity/Q19558910
1GID7YMT,5,2,http://www.wikidata.org/entity/Q19558910
1GID7YMT,6,2,http://www.wikidata.org/entity/Q19558910
1GID7YMT,7,2,http://www.wikidata.org/entity/Q19558910
1GID7YMT,8,2,http://www.wikidata.org/entity/Q19558910
1GID7YMT,0,3,http://www.wikidata.org/entity/Q218593
1GID7YMT,1,3,http://www.wikidata.org/entity/Q308439
1GID7YMT,2,3,http://www.wikidata.org/entity/Q308439
1GID7YMT,3,3,http://www.wikidata.org/entity/Q308439
1GID7YMT,4,3,http://www.wikidata.org/entity/Q308439
1GID7YMT,5,3,http://www.wikidata.org/entity/Q308439
1GID7YMT,6,3,http://www.wikidata.org/entity/Q308439
1GID7YMT,7,3,http://www.wikidata.org/entity/Q308439
1GID7YMT,8,3,http://www.wikidata.org/entity/Q308439
1GID7YMT,0,4,http://www.wikidata.org/entity/Q218593
1GID7YMT,1,4,http://www.wikidata.org/entity/Q1094508
1GID7YMT,2,4,http://www.wikidata.org/entity/Q1094508
1GID7YMT,3,4,http://www.wikidata.org/entity/Q1094508
1GID7YMT,4,4,http://www.wikidata.org/entity/Q1094508
1GID7YMT,5,4,http://www.wikidata.org/entity/Q308439
1GID7YMT,6,4,http://www.wikidata.org/entity/Q308439
1GID7YMT,7,4,http://www.wikidata.org/entity/Q308439
1GID7YMT,8,4,http://www.wikidata.org/entity/Q308439
1GID7YMT,0,5,http://www.wikidata.org/entity/Q218593
1GID7YMT,1,5,http://www.wikidata.org/entity/Q14682275
1GID7YMT,2,5,http://www.wikidata.org/entity/Q5906051
1GID7YMT,3,5,http://www.wikidata.org/entity/Q5597893
1GID7YMT,4,5,http://www.wikidata.org/entity/Q5364267
1GID7YMT,5,5,http://www.wikidata.org/entity/Q7306514
1GID7YMT,6,5,http://www.wikidata.org/entity/Q14682275
1GID7YMT,7,5,http://www.wikidata.org/entity/Q8000519
1GID7YMT,8,5,http://www.wikidata.org/entity/Q7969775
EW4F3WIB,1,0,http://www.wikidata.org/entity/Q314808
EW4F3WIB,2,0,http://www.wikidata.org/entity/Q192670
EW4F3WIB,3,0,http://www.wikidata.org/entity/Q104037
EW4F3WIB,4,0,http://www.wikidata.org/entity/Q51494
EW4F3WIB,1,1,http://www.wikidata.org/entity/Q33239
EW4F3WIB,2,1,http://www.wikidata.org/entity/Q34057
EW4F3WIB,3,1,http://www.wikidata.org/entity/Q34057
EW4F3WIB,4,1,http://www.wikidata.org/entity/Q34057
EW4F3WIB,1,2,http://www.wikidata.org/entity/Q6985
EW4F3WIB,2,2,http://www.wikidata.org/entity/Q6985
EW4F3WIB,3,2,http://www.wikidata.org/entity/Q6985
EW4F3WIB,4,2,http://www.wikidata.org/entity/Q2204
EW4F3WIB,1,4,http://www.wikidata.org/entity/Q314808
EW4F3WIB,2,4,http://www.wikidata.org/entity/Q2608369
EW4F3WIB,3,4,http://www.wikidata.org/entity/Q104037
EW4F3WIB,4,4,http://www.wikidata.org/entity/Q51494
5ILUBNPI,1,0,http://www.wikidata.org/entity/Q13548460
5ILUBNPI,2,0,http://www.wikidata.org/entity/Q47747912
5ILUBNPI,3,0,http://www.wikidata.org/entity/Q13548460
5ILUBNPI,4,0,http://www.wikidata.org/entity/Q47747912
5ILUBNPI,1,1,http://www.wikidata.org/entity/Q3762342
5ILUBNPI,2,1,http://www.wikidata.org/entity/Q28471258
5ILUBNPI,3,1,http://www.wikidata.org/entity/Q277949
5ILUBNPI,4,1,http://www.wikidata.org/entity/Q19661913
5ILUBNPI,1,2,http://www.wikidata.org/entity/Q462104
5ILUBNPI,2,2,http://www.wikidata.org/entity/Q26144677
5ILUBNPI,3,2,http://www.wikidata.org/entity/Q462104
5ILUBNPI,4,2,http://www.wikidata.org/entity/Q26144677
5ILUBNPI,1,4,http://www.wikidata.org/entity/Q920057
5ILUBNPI,2,4,http://www.wikidata.org/entity/Q920057
5ILUBNPI,3,4,http://www.wikidata.org/entity/Q920057
5ILUBNPI,4,4,http://www.wikidata.org/entity/Q920057
5ILUBNPI,1,5,http://www.wikidata.org/entity/Q6425932
5ILUBNPI,2,5,http://www.wikidata.org/entity/Q47005682
5ILUBNPI,3,5,http://www.wikidata.org/entity/Q6425932
5ILUBNPI,4,5,http://www.wikidata.org/entity/Q15831496
0078OBYT,1,1,http://www.wikidata.org/entity/Q8842
0078OBYT,2,1,http://www.wikidata.org/entity/Q8667
0078OBYT,3,1,http://www.wikidata.org/entity/Q8842
0078OBYT,4,1,http://www.wikidata.org/entity/Q8842
0078OBYT,5,1,http://www.wikidata.org/entity/Q8842
0078OBYT,6,1,http://www.wikidata.org/entity/Q8842
0078OBYT,7,1,http://www.wikidata.org/entity/Q8842
0078OBYT,8,1,http://www.wikidata.org/entity/Q8842
0078OBYT,9,1,http://www.wikidata.org/entity/Q8842
0078OBYT,10,1,http://www.wikidata.org/entity/Q8667
0078OBYT,11,1,http://www.wikidata.org/entity/Q10428
0078OBYT,12,1,http://www.wikidata.org/entity/Q8842
0078OBYT,13,1,http://www.wikidata.org/entity/Q8842
0078OBYT,14,1,http://www.wikidata.org/entity/Q8842
0078OBYT,15,1,http://www.wikidata.org/entity/Q8842
0078OBYT,1,4,http://www.wikidata.org/entity/Q7399307
0078OBYT,2,4,http://www.wikidata.org/entity/Q7399307
0078OBYT,3,4,http://www.wikidata.org/entity/Q7399307
0078OBYT,4,4,http://www.wikidata.org/entity/Q7399307
0078OBYT,5,4,http://www.wikidata.org/entity/Q7399307
0078OBYT,6,4,http://www.wikidata.org/entity/Q7399307
0078OBYT,7,4,http://www.wikidata.org/entity/Q7399307
0078OBYT,8,4,http://www.wikidata.org/entity/Q7399307
0078OBYT,9,4,http://www.wikidata.org/entity/Q7399307
0078OBYT,10,4,http://www.wikidata.org/entity/Q7399307
0078OBYT,11,4,http://www.wikidata.org/entity/Q226134
0078OBYT,12,4,http://www.wikidata.org/entity/Q32873
0078OBYT,13,4,http://www.wikidata.org/entity/Q32873
0078OBYT,14,4,http://www.wikidata.org/entity/Q7399307
0078OBYT,15,4,http://www.wikidata.org/entity/Q7399307
29G93FYR,1,0,http://www.wikidata.org/entity/Q55212542
29G93FYR,2,0,http://www.wikidata.org/entity/Q55212541
29G93FYR,3,0,http://www.wikidata.org/entity/Q55212540
29G93FYR,4,0,http://www.wikidata.org/entity/Q55212539
29G93FYR,5,0,http://www.wikidata.org/entity/Q55212537
29G93FYR,6,0,http://www.wikidata.org/entity/Q55212536
29G93FYR,7,0,http://www.wikidata.org/entity/Q55212535
29G93FYR,8,0,http://www.wikidata.org/entity/Q55212534
29G93FYR,9,0,http://www.wikidata.org/entity/Q55212533
29G93FYR,10,0,http://www.wikidata.org/entity/Q55212532
29G93FYR,11,0,http://www.wikidata.org/entity/Q55212531
29G93FYR,1,2,http://www.wikidata.org/entity/Q371803
29G93FYR,2,2,http://www.wikidata.org/entity/Q371803
29G93FYR,3,2,http://www.wikidata.org/entity/Q371803
29G93FYR,4,2,http://www.wikidata.org/entity/Q371803
29G93FYR,5,2,http://www.wikidata.org/entity/Q371803
29G93FYR,6,2,http://www.wikidata.org/entity/Q371803
29G93FYR,7,2,http://www.wikidata.org/entity/Q371803
29G93FYR,8,2,http://www.wikidata.org/entity/Q371803
29G93FYR,9,2,http://www.wikidata.org/entity/Q371803
29G93FYR,10,2,http://www.wikidata.org/entity/Q371803
29G93FYR,11,2,http://www.wikidata.org/entity/Q371803
29G93FYR,1,3,http://www.wikidata.org/entity/Q1261026
29G93FYR,2,3,http://www.wikidata.org/entity/Q1261026
29G93FYR,3,3,http://www.wikidata.org/entity/Q1261026
29G93FYR,4,3,http://www.wikidata.org/entity/Q1261026
29G93FYR,5,3,http://www.wikidata.org/entity/Q1261026
29G93FYR,6,3,http://www.wikidata.org/entity/Q1261026
29G93FYR,7,3,http://www.wikidata.org/entity/Q1261026
29G93FYR,8,3,http://www.wikidata.org/entity/Q1261026
29G93FYR,9,3,http://www.wikidata.org/entity/Q1261026
29G93FYR,10,3,http://www.wikidata.org/entity/Q1261026
29G93FYR,11,3,http://www.wikidata.org/entity/Q1261026
XETMWISG,1,0,http://www.wikidata.org/entity/Q103679
XETMWISG,2,0,http://www.wikidata.org/entity/Q103686
XETMWISG,3,0,http://www.wikidata.org/entity/Q103707
XETMWISG,4,0,http://www.wikidata.org/entity/Q103672
XETMWISG,5,0,http://www.wikidata.org/entity/Q103691
XETMWISG,6,0,http://www.wikidata.org/entity/Q103699
XETMWISG,1,1,http://www.wikidata.org/entity/Q34
XETMWISG,2,1,http://www.wikidata.org/entity/Q34
XETMWISG,3,1,http://www.wikidata.org/entity/Q34
XETMWISG,4,1,http://www.wikidata.org/entity/Q34
XETMWISG,5,1,http://www.wikidata.org/entity/Q34
XETMWISG,6,1,http://www.wikidata.org/entity/Q34
XETMWISG,1,2,http://www.wikidata.org/entity/Q5819312
XETMWISG,2,2,http://www.wikidata.org/entity/Q6009880
XETMWISG,3,2,http://www.wikidata.org/entity/Q39160966
XETMWISG,4,2,http://www.wikidata.org/entity/Q44616521
XETMWISG,5,2,http://www.wikidata.org/entity/Q537342
XETMWISG,6,2,http://www.wikidata.org/entity/Q5575977
XETMWISG,1,3,http://www.wikidata.org/entity/Q11285861
XETMWISG,2,3,http://www.wikidata.org/entity/Q3232292
XETMWISG,3,3,http://www.wikidata.org/entity/Q3231675
XETMWISG,4,3,http://www.wikidata.org/entity/Q3231587
XETMWISG,5,3,http://www.wikidata.org/entity/Q3232501
XETMWISG,6,3,http://www.wikidata.org/entity/Q3231382
II43NTAG,1,0,http://www.wikidata.org/entity/Q3743554
II43NTAG,2,0,http://www.wikidata.org/entity/Q3743637
II43NTAG,3,0,http://www.wikidata.org/entity/Q3743415
II43NTAG,4,0,http://www.wikidata.org/entity/Q3743637
II43NTAG,5,0,http://www.wikidata.org/entity/Q3743415
II43NTAG,6,0,http://www.wikidata.org/entity/Q3743582
II43NTAG,7,0,http://www.wikidata.org/entity/Q3743581
II43NTAG,8,0,http://www.wikidata.org/entity/Q3743580
II43NTAG,9,0,http://www.wikidata.org/entity/Q3743582
II43NTAG,10,0,http://www.wikidata.org/entity/Q3743581
II43NTAG,11,0,http://www.wikidata.org/entity/Q3743580
II43NTAG,12,0,http://www.wikidata.org/entity/Q3743559
II43NTAG,1,1,http://www.wikidata.org/entity/Q1077360
II43NTAG,2,1,http://www.wikidata.org/entity/Q1077360
II43NTAG,3,1,http://www.wikidata.org/entity/Q1077360
II43NTAG,4,1,http://www.wikidata.org/entity/Q1077360
II43NTAG,5,1,http://www.wikidata.org/entity/Q1077360
II43NTAG,6,1,http://www.wikidata.org/entity/Q1077360
II43NTAG,7,1,http://www.wikidata.org/entity/Q1077360
II43NTAG,8,1,http://www.wikidata.org/entity/Q1077360
II43NTAG,9,1,http://www.wikidata.org/entity/Q1077360
II43NTAG,10,1,http://www.wikidata.org/entity/Q1077360
II43NTAG,11,1,http://www.wikidata.org/entity/Q1077360
II43NTAG,12,1,http://www.wikidata.org/entity/Q1060049
II43NTAG,1,4,http://www.wikidata.org/entity/Q42425
II43NTAG,2,4,http://www.wikidata.org/entity/Q13362
II43NTAG,3,4,http://www.wikidata.org/entity/Q13362
II43NTAG,4,4,http://www.wikidata.org/entity/Q13362
II43NTAG,5,4,http://www.wikidata.org/entity/Q13362
II43NTAG,6,4,http://www.wikidata.org/entity/Q13360
II43NTAG,7,4,http://www.wikidata.org/entity/Q13360
II43NTAG,8,4,http://www.wikidata.org/entity/Q13360
II43NTAG,9,4,http://www.wikidata.org/entity/Q13360
II43NTAG,10,4,http://www.wikidata.org/entity/Q13360
II43NTAG,11,4,http://www.wikidata.org/entity/Q13360
II43NTAG,12,4,http://www.wikidata.org/entity/Q13329
4D4BSHUQ,1,0,http://www.wikidata.org/entity/Q68150
4D4BSHUQ,2,0,http://www.wikidata.org/entity/Q68144
4D4BSHUQ,3,0,http://www.wikidata.org/entity/Q68136
4D4BSHUQ,4,0,http://www.wikidata.org/entity/Q68120
4D4BSHUQ,5,0,http://www.wikidata.org/entity/Q63896
4D4BSHUQ,6,0,http://www.wikidata.org/entity/Q36378
4D4BSHUQ,7,0,http://www.wikidata.org/entity/Q25607
4D4BSHUQ,8,0,http://www.wikidata.org/entity/Q14274
4D4BSHUQ,9,0,http://www.wikidata.org/entity/Q68965
4D4BSHUQ,10,0,http://www.wikidata.org/entity/Q68150
4D4BSHUQ,11,0,http://www.wikidata.org/entity/Q68144
4D4BSHUQ,12,0,http://www.wikidata.org/entity/Q68136
4D4BSHUQ,13,0,http://www.wikidata.org/entity/Q68120
4D4BSHUQ,1,1,http://www.wikidata.org/entity/Q54935504
4D4BSHUQ,2,1,http://www.wikidata.org/entity/Q54935504
4D4BSHUQ,3,1,http://www.wikidata.org/entity/Q54935504
4D4BSHUQ,4,1,http://www.wikidata.org/entity/Q54935504
4D4BSHUQ,5,1,http://www.wikidata.org/entity/Q54935504
4D4BSHUQ,6,1,http://www.wikidata.org/entity/Q54935504
4D4BSHUQ,7,1,http://www.wikidata.org/entity/Q54935504
4D4BSHUQ,8,1,http://www.wikidata.org/entity/Q54935504
4D4BSHUQ,9,1,http://www.wikidata.org/entity/Q14770218
4D4BSHUQ,10,1,http://www.wikidata.org/entity/Q14770218
4D4BSHUQ,11,1,http://www.wikidata.org/entity/Q14770218
4D4BSHUQ,12,1,http://www.wikidata.org/entity/Q14770218
4D4BSHUQ,13,1,http://www.wikidata.org/entity/Q14770218
4D4BSHUQ,1,2,http://www.wikidata.org/entity/Q435295
4D4BSHUQ,2,2,http://www.wikidata.org/entity/Q661272
4D4BSHUQ,3,2,http://www.wikidata.org/entity/Q239870
4D4BSHUQ,4,2,http://www.wikidata.org/entity/Q486341
4D4BSHUQ,5,2,http://www.wikidata.org/entity/Q171545
4D4BSHUQ,6,2,http://www.wikidata.org/entity/Q174091
4D4BSHUQ,7,2,http://www.wikidata.org/entity/Q146351
4D4BSHUQ,8,2,http://www.wikidata.org/entity/Q690
4D4BSHUQ,9,2,http://www.wikidata.org/entity/Q715
4D4BSHUQ,10,2,http://www.wikidata.org/entity/Q435295
4D4BSHUQ,11,2,http://www.wikidata.org/entity/Q661272
4D4BSHUQ,12,2,http://www.wikidata.org/entity/Q239870
4D4BSHUQ,13,2,http://www.wikidata.org/entity/Q486341
4D4BSHUQ,1,3,http://www.wikidata.org/entity/Q12404
4D4BSHUQ,2,3,http://www.wikidata.org/entity/Q11933
4D4BSHUQ,3,3,http://www.wikidata.org/entity/Q834
4D4BSHUQ,4,3,http://www.wikidata.org/entity/Q12713
4D4BSHUQ,5,3,http://www.wikidata.org/entity/Q12755
4D4BSHUQ,6,3,http://www.wikidata.org/entity/Q660688
4D4BSHUQ,7,3,http://www.wikidata.org/entity/Q12746
4D4BSHUQ,8,3,http://www.wikidata.org/entity/Q11972
4D4BSHUQ,9,3,http://www.wikidata.org/entity/Q11929
4D4BSHUQ,10,3,http://www.wikidata.org/entity/Q12404
4D4BSHUQ,11,3,http://www.wikidata.org/entity/Q11933
4D4BSHUQ,12,3,http://www.wikidata.org/entity/Q834
4D4BSHUQ,13,3,http://www.wikidata.org/entity/Q12713
JO167I97,1,0,http://www.wikidata.org/entity/Q18883347
JO167I97,2,0,http://www.wikidata.org/entity/Q18883346
JO167I97,3,0,http://www.wikidata.org/entity/Q18883345
JO167I97,4,0,http://www.wikidata.org/entity/Q18883344
JO167I97,5,0,http://www.wikidata.org/entity/Q18883340
JO167I97,6,0,http://www.wikidata.org/entity/Q18883338
JO167I97,1,4,http://www.wikidata.org/entity/Q18888062
JO167I97,2,4,http://www.wikidata.org/entity/Q18888061
JO167I97,3,4,http://www.wikidata.org/entity/Q18888056
JO167I97,4,4,http://www.wikidata.org/entity/Q18888056
JO167I97,5,4,http://www.wikidata.org/entity/Q18883443
JO167I97,6,4,http://www.wikidata.org/entity/Q18883438
U7UBSVHX,1,0,http://www.wikidata.org/entity/Q12543
U7UBSVHX,2,0,http://www.wikidata.org/entity/Q12652
U7UBSVHX,3,0,http://www.wikidata.org/entity/Q12543
U7UBSVHX,4,0,http://www.wikidata.org/entity/Q90
U7UBSVHX,1,1,http://www.wikidata.org/entity/Q1383590
U7UBSVHX,2,1,http://www.wikidata.org/entity/Q3380226
U7UBSVHX,3,1,http://www.wikidata.org/entity/Q1383590
U7UBSVHX,4,1,http://www.wikidata.org/entity/Q2851133
U7UBSVHX,1,2,http://www.wikidata.org/entity/Q12543
U7UBSVHX,3,2,http://www.wikidata.org/entity/Q12543
U7UBSVHX,4,2,http://www.wikidata.org/entity/Q52677041
U7UBSVHX,1,3,http://www.wikidata.org/entity/Q23090514
U7UBSVHX,2,3,http://www.wikidata.org/entity/Q23090514
U7UBSVHX,3,3,http://www.wikidata.org/entity/Q23090514
U7UBSVHX,4,3,http://www.wikidata.org/entity/Q12371988
U7UBSVHX,1,4,http://www.wikidata.org/entity/Q12820
U7UBSVHX,2,4,http://www.wikidata.org/entity/Q2900529
U7UBSVHX,3,4,http://www.wikidata.org/entity/Q1142326
U7UBSVHX,4,4,http://www.wikidata.org/entity/Q270273
U7UBSVHX,1,5,http://www.wikidata.org/entity/Q6723
U7UBSVHX,2,5,http://www.wikidata.org/entity/Q6655
U7UBSVHX,3,5,http://www.wikidata.org/entity/Q6655
U7UBSVHX,4,5,http://www.wikidata.org/entity/Q6655
Z0EO84P2,1,0,http://www.wikidata.org/entity/Q13474305
Z0EO84P2,2,0,http://www.wikidata.org/entity/Q1998866
Z0EO84P2,3,0,http://www.wikidata.org/entity/Q178038
Z0EO84P2,4,0,http://www.wikidata.org/entity/Q43287
Z0EO84P2,1,1,http://www.wikidata.org/entity/Q1321
Z0EO84P2,2,1,http://www.wikidata.org/entity/Q9056
Z0EO84P2,3,1,http://www.wikidata.org/entity/Q1321
Z0EO84P2,4,1,http://www.wikidata.org/entity/Q188
Z0EO84P2,1,2,http://www.wikidata.org/entity/Q874209
Z0EO84P2,2,2,http://www.wikidata.org/entity/Q213
Z0EO84P2,3,2,http://www.wikidata.org/entity/Q13474305
Z0EO84P2,4,2,http://www.wikidata.org/entity/Q207272
Z0EO84P2,1,4,http://www.wikidata.org/entity/Q2807
Z0EO84P2,2,4,http://www.wikidata.org/entity/Q1085
Z0EO84P2,3,4,http://www.wikidata.org/entity/Q2807
Z0EO84P2,4,4,http://www.wikidata.org/entity/Q64
4I5HJCVY,1,0,http://www.wikidata.org/entity/Q40603
4I5HJCVY,2,0,http://www.wikidata.org/entity/Q592634
4I5HJCVY,3,0,http://www.wikidata.org/entity/Q249439
4I5HJCVY,4,0,http://www.wikidata.org/entity/Q913365
4I5HJCVY,1,2,http://www.wikidata.org/entity/Q103835
4I5HJCVY,2,2,http://www.wikidata.org/entity/Q9021
4I5HJCVY,3,2,http://www.wikidata.org/entity/Q9021
4I5HJCVY,4,2,http://www.wikidata.org/entity/Q9021
YZNV05KI,0,0,http://www.wikidata.org/entity/Q218593
YZNV05KI,1,0,http://www.wikidata.org/entity/Q1152922
YZNV05KI,2,0,http://www.wikidata.org/entity/Q650935
YZNV05KI,3,0,http://www.wikidata.org/entity/Q7855290
YZNV05KI,4,0,http://www.wikidata.org/entity/Q10577606
YZNV05KI,0,2,http://www.wikidata.org/entity/Q14877683
YZNV05KI,1,2,http://www.wikidata.org/entity/Q159
YZNV05KI,2,2,http://www.wikidata.org/entity/Q30
YZNV05KI,3,2,http://www.wikidata.org/entity/Q43
YZNV05KI,4,2,http://www.wikidata.org/entity/Q33
YZNV05KI,0,3,http://www.wikidata.org/entity/Q218593
YZNV05KI,1,3,http://www.wikidata.org/entity/Q649
YZNV05KI,2,3,http://www.wikidata.org/entity/Q49146
YZNV05KI,3,3,http://www.wikidata.org/entity/Q3640
YZNV05KI,4,3,http://www.wikidata.org/entity/Q181854
YZNV05KI,0,4,http://www.wikidata.org/entity/Q9633
YZNV05KI,1,4,http://www.wikidata.org/entity/Q193159
YZNV05KI,2,4,http://www.wikidata.org/entity/Q11224
YZNV05KI,3,4,http://www.wikidata.org/entity/Q28846425
YZNV05KI,4,4,http://www.wikidata.org/entity/Q2383264
LMHD1TRJ,1,0,http://www.wikidata.org/entity/Q975655
LMHD1TRJ,2,0,http://www.wikidata.org/entity/Q694468
LMHD1TRJ,3,0,http://www.wikidata.org/entity/Q697619
LMHD1TRJ,4,0,http://www.wikidata.org/entity/Q694468
LMHD1TRJ,1,2,http://www.wikidata.org/entity/Q34
LMHD1TRJ,2,2,http://www.wikidata.org/entity/Q28513
LMHD1TRJ,3,2,http://www.wikidata.org/entity/Q40
LMHD1TRJ,4,2,http://www.wikidata.org/entity/Q40
LMHD1TRJ,1,3,http://www.wikidata.org/entity/Q837171
LMHD1TRJ,2,3,http://www.wikidata.org/entity/Q806718
LMHD1TRJ,3,3,http://www.wikidata.org/entity/Q806718
LMHD1TRJ,4,3,http://www.wikidata.org/entity/Q806718
LMHD1TRJ,1,4,http://www.wikidata.org/entity/Q1754
LMHD1TRJ,2,4,http://www.wikidata.org/entity/Q1741
LMHD1TRJ,3,4,http://www.wikidata.org/entity/Q1741
LMHD1TRJ,4,4,http://www.wikidata.org/entity/Q1741
L0XXXO85,1,0,http://www.wikidata.org/entity/Q3710
L0XXXO85,2,0,http://www.wikidata.org/entity/Q482798
L0XXXO85,3,0,http://www.wikidata.org/entity/Q253276
L0XXXO85,4,0,http://www.wikidata.org/entity/Q174728
L0XXXO85,1,2,http://www.wikidata.org/entity/Q1978718
L0XXXO85,2,2,http://www.wikidata.org/entity/Q641227
L0XXXO85,3,2,http://www.wikidata.org/entity/Q1978718
L0XXXO85,4,2,http://www.wikidata.org/entity/Q208469
L0XXXO85,1,3,http://www.wikidata.org/entity/Q435964
L0XXXO85,2,3,http://www.wikidata.org/entity/Q641227
L0XXXO85,3,3,http://www.wikidata.org/entity/Q435964
L0XXXO85,4,3,http://www.wikidata.org/entity/Q26240
L0XXXO85,1,4,http://www.wikidata.org/entity/Q3710
L0XXXO85,2,4,http://www.wikidata.org/entity/Q482798
L0XXXO85,3,4,http://www.wikidata.org/entity/Q253276
L0XXXO85,4,4,http://www.wikidata.org/entity/Q174728
7Y28NPA8,1,0,http://www.wikidata.org/entity/Q896041
7Y28NPA8,2,0,http://www.wikidata.org/entity/Q750292
7Y28NPA8,3,0,http://www.wikidata.org/entity/Q448199
7Y28NPA8,4,0,http://www.wikidata.org/entity/Q315451
7Y28NPA8,5,0,http://www.wikidata.org/entity/Q300763
7Y28NPA8,6,0,http://www.wikidata.org/entity/Q259000
7Y28NPA8,7,0,http://www.wikidata.org/entity/Q1146109
7Y28NPA8,1,1,http://www.wikidata.org/entity/Q7835189
7Y28NPA8,2,1,http://www.wikidata.org/entity/Q7835189
7Y28NPA8,3,1,http://www.wikidata.org/entity/Q7835189
7Y28NPA8,4,1,http://www.wikidata.org/entity/Q7835189
7Y28NPA8,5,1,http://www.wikidata.org/entity/Q7835189
7Y28NPA8,6,1,http://www.wikidata.org/entity/Q7835189
7Y28NPA8,7,1,http://www.wikidata.org/entity/Q7015127
7Y28NPA8,1,2,http://www.wikidata.org/entity/Q15829892
7Y28NPA8,2,2,http://www.wikidata.org/entity/Q15042660
7Y28NPA8,3,2,http://www.wikidata.org/entity/Q67207116
7Y28NPA8,4,2,http://www.wikidata.org/entity/Q460178
7Y28NPA8,5,2,http://www.wikidata.org/entity/Q25099037
7Y28NPA8,6,2,http://www.wikidata.org/entity/Q460178
7Y28NPA8,7,2,http://www.wikidata.org/entity/Q270791
UPOXA2DX,1,0,http://www.wikidata.org/entity/Q389143
UPOXA2DX,2,0,http://www.wikidata.org/entity/Q895960
UPOXA2DX,3,0,http://www.wikidata.org/entity/Q832780
UPOXA2DX,4,0,http://www.wikidata.org/entity/Q1636610
UPOXA2DX,5,0,http://www.wikidata.org/entity/Q1438623
UPOXA2DX,6,0,http://www.wikidata.org/entity/Q1912086
UPOXA2DX,7,0,http://www.wikidata.org/entity/Q1912091
UPOXA2DX,8,0,http://www.wikidata.org/entity/Q881238
UPOXA2DX,9,0,http://www.wikidata.org/entity/Q565400
UPOXA2DX,10,0,http://www.wikidata.org/entity/Q876629
UPOXA2DX,11,0,http://www.wikidata.org/entity/Q832808
UPOXA2DX,12,0,http://www.wikidata.org/entity/Q881977
UPOXA2DX,13,0,http://www.wikidata.org/entity/Q1912093
UPOXA2DX,14,0,http://www.wikidata.org/entity/Q835529
UPOXA2DX,1,2,http://www.wikidata.org/entity/Q183
UPOXA2DX,2,2,http://www.wikidata.org/entity/Q183
UPOXA2DX,3,2,http://www.wikidata.org/entity/Q183
UPOXA2DX,4,2,http://www.wikidata.org/entity/Q183
UPOXA2DX,5,2,http://www.wikidata.org/entity/Q183
UPOXA2DX,6,2,http://www.wikidata.org/entity/Q183
UPOXA2DX,7,2,http://www.wikidata.org/entity/Q183
UPOXA2DX,8,2,http://www.wikidata.org/entity/Q183
UPOXA2DX,9,2,http://www.wikidata.org/entity/Q183
UPOXA2DX,10,2,http://www.wikidata.org/entity/Q183
UPOXA2DX,11,2,http://www.wikidata.org/entity/Q183
UPOXA2DX,12,2,http://www.wikidata.org/entity/Q183
UPOXA2DX,13,2,http://www.wikidata.org/entity/Q183
UPOXA2DX,14,2,http://www.wikidata.org/entity/Q183
UPOXA2DX,1,3,http://www.wikidata.org/entity/Q2966
UPOXA2DX,2,3,http://www.wikidata.org/entity/Q2899
UPOXA2DX,3,3,http://www.wikidata.org/entity/Q2833
UPOXA2DX,4,3,http://www.wikidata.org/entity/Q2814
UPOXA2DX,5,3,http://www.wikidata.org/entity/Q1733
UPOXA2DX,6,3,http://www.wikidata.org/entity/Q1731
UPOXA2DX,7,3,http://www.wikidata.org/entity/Q1726
UPOXA2DX,8,3,http://www.wikidata.org/entity/Q1724
UPOXA2DX,9,3,http://www.wikidata.org/entity/Q1724
UPOXA2DX,10,3,http://www.wikidata.org/entity/Q1720
UPOXA2DX,11,3,http://www.wikidata.org/entity/Q1720
UPOXA2DX,12,3,http://www.wikidata.org/entity/Q1718
UPOXA2DX,13,3,http://www.wikidata.org/entity/Q1055
UPOXA2DX,14,3,http://www.wikidata.org/entity/Q1022
2K2M7T07,1,0,http://www.wikidata.org/entity/Q2288105
2K2M7T07,2,0,http://www.wikidata.org/entity/Q268072
2K2M7T07,3,0,http://www.wikidata.org/entity/Q8349961
2K2M7T07,4,0,http://www.wikidata.org/entity/Q4354957
2K2M7T07,1,1,http://www.wikidata.org/entity/Q2659904
2K2M7T07,2,1,http://www.wikidata.org/entity/Q480242
2K2M7T07,3,1,http://www.wikidata.org/entity/Q2659904
2K2M7T07,4,1,http://www.wikidata.org/entity/Q327333
2K2M7T07,1,2,http://www.wikidata.org/entity/Q803
2K2M7T07,2,2,http://www.wikidata.org/entity/Q8678
2K2M7T07,3,2,http://www.wikidata.org/entity/Q8757
2K2M7T07,4,2,http://www.wikidata.org/entity/Q3068512
2K2M7T07,1,3,http://www.wikidata.org/entity/Q2793644
2K2M7T07,2,3,http://www.wikidata.org/entity/Q55497028
2K2M7T07,3,3,http://www.wikidata.org/entity/Q1779601
2K2M7T07,4,3,http://www.wikidata.org/entity/Q55580751
293L7JHA,1,0,http://www.wikidata.org/entity/Q7130388
293L7JHA,2,0,http://www.wikidata.org/entity/Q6147492
293L7JHA,3,0,http://www.wikidata.org/entity/Q6147472
293L7JHA,4,0,http://www.wikidata.org/entity/Q6132525
293L7JHA,5,0,http://www.wikidata.org/entity/Q5447743
293L7JHA,6,0,http://www.wikidata.org/entity/Q5319061
293L7JHA,7,0,http://www.wikidata.org/entity/Q5319060
293L7JHA,8,0,http://www.wikidata.org/entity/Q5319059
293L7JHA,9,0,http://www.wikidata.org/entity/Q5306297
293L7JHA,10,0,http://www.wikidata.org/entity/Q5306295
293L7JHA,11,0,http://www.wikidata.org/entity/Q5306294
293L7JHA,12,0,http://www.wikidata.org/entity/Q5306291
293L7JHA,13,0,http://www.wikidata.org/entity/Q5306289
293L7JHA,1,2,http://www.wikidata.org/entity/Q114466
293L7JHA,2,2,http://www.wikidata.org/entity/Q114466
293L7JHA,3,2,http://www.wikidata.org/entity/Q114466
293L7JHA,4,2,http://www.wikidata.org/entity/Q114466
293L7JHA,5,2,http://www.wikidata.org/entity/Q114466
293L7JHA,6,2,http://www.wikidata.org/entity/Q114466
293L7JHA,7,2,http://www.wikidata.org/entity/Q114466
293L7JHA,8,2,http://www.wikidata.org/entity/Q114466
293L7JHA,9,2,http://www.wikidata.org/entity/Q114466
293L7JHA,10,2,http://www.wikidata.org/entity/Q114466
293L7JHA,11,2,http://www.wikidata.org/entity/Q114466
293L7JHA,12,2,http://www.wikidata.org/entity/Q114466
293L7JHA,13,2,http://www.wikidata.org/entity/Q114466
293L7JHA,1,3,http://www.wikidata.org/entity/Q114466
293L7JHA,2,3,http://www.wikidata.org/entity/Q114466
293L7JHA,3,3,http://www.wikidata.org/entity/Q114466
293L7JHA,4,3,http://www.wikidata.org/entity/Q114466
293L7JHA,5,3,http://www.wikidata.org/entity/Q114466
293L7JHA,6,3,http://www.wikidata.org/entity/Q114466
293L7JHA,7,3,http://www.wikidata.org/entity/Q114466
293L7JHA,8,3,http://www.wikidata.org/entity/Q114466
293L7JHA,9,3,http://www.wikidata.org/entity/Q114466
293L7JHA,10,3,http://www.wikidata.org/entity/Q114466
293L7JHA,11,3,http://www.wikidata.org/entity/Q114466
293L7JHA,12,3,http://www.wikidata.org/entity/Q114466
293L7JHA,13,3,http://www.wikidata.org/entity/Q114466
W4VU4JP1,1,0,http://www.wikidata.org/entity/Q1486272
W4VU4JP1,2,0,http://www.wikidata.org/entity/Q3895646
W4VU4JP1,3,0,http://www.wikidata.org/entity/Q3895639
W4VU4JP1,4,0,http://www.wikidata.org/entity/Q3895633
W4VU4JP1,5,0,http://www.wikidata.org/entity/Q3895632
W4VU4JP1,6,0,http://www.wikidata.org/entity/Q3895625
W4VU4JP1,1,1,http://www.wikidata.org/entity/Q13320
W4VU4JP1,2,1,http://www.wikidata.org/entity/Q1449
W4VU4JP1,3,1,http://www.wikidata.org/entity/Q22079
W4VU4JP1,4,1,http://www.wikidata.org/entity/Q495
W4VU4JP1,5,1,http://www.wikidata.org/entity/Q22052
W4VU4JP1,6,1,http://www.wikidata.org/entity/Q24848
W4VU4JP1,1,2,http://www.wikidata.org/entity/Q14545646
W4VU4JP1,2,2,http://www.wikidata.org/entity/Q14545639
W4VU4JP1,3,2,http://www.wikidata.org/entity/Q14545646
W4VU4JP1,4,2,http://www.wikidata.org/entity/Q14545646
W4VU4JP1,5,2,http://www.wikidata.org/entity/Q14545639
W4VU4JP1,6,2,http://www.wikidata.org/entity/Q14545639
W4VU4JP1,1,3,http://www.wikidata.org/entity/Q53444003
W4VU4JP1,2,3,http://www.wikidata.org/entity/Q6063204
W4VU4JP1,3,3,http://www.wikidata.org/entity/Q6063204
W4VU4JP1,4,3,http://www.wikidata.org/entity/Q6063204
W4VU4JP1,5,3,http://www.wikidata.org/entity/Q6063204
W4VU4JP1,6,3,http://www.wikidata.org/entity/Q6063204
1Z5HW9RE,1,0,http://www.wikidata.org/entity/Q584449
1Z5HW9RE,2,0,http://www.wikidata.org/entity/Q1381914
1Z5HW9RE,3,0,http://www.wikidata.org/entity/Q1628115
1Z5HW9RE,4,0,http://www.wikidata.org/entity/Q117006
1Z5HW9RE,5,0,http://www.wikidata.org/entity/Q733589
1Z5HW9RE,6,0,http://www.wikidata.org/entity/Q634297
1Z5HW9RE,7,0,http://www.wikidata.org/entity/Q540849
1Z5HW9RE,8,0,http://www.wikidata.org/entity/Q596416
1Z5HW9RE,1,2,http://www.wikidata.org/entity/Q106374
1Z5HW9RE,2,2,http://www.wikidata.org/entity/Q104148
1Z5HW9RE,3,2,http://www.wikidata.org/entity/Q102664
1Z5HW9RE,4,2,http://www.wikidata.org/entity/Q57095
1Z5HW9RE,5,2,http://www.wikidata.org/entity/Q45747
1Z5HW9RE,6,2,http://www.wikidata.org/entity/Q45747
1Z5HW9RE,7,2,http://www.wikidata.org/entity/Q45747
1Z5HW9RE,8,2,http://www.wikidata.org/entity/Q41314
EWPIOCVX,1,0,http://www.wikidata.org/entity/Q18881408
EWPIOCVX,2,0,http://www.wikidata.org/entity/Q18881410
EWPIOCVX,3,0,http://www.wikidata.org/entity/Q18881408
EWPIOCVX,4,0,http://www.wikidata.org/entity/Q18881407
EWPIOCVX,5,0,http://www.wikidata.org/entity/Q18881401
EWPIOCVX,6,0,http://www.wikidata.org/entity/Q18881392
EWPIOCVX,7,0,http://www.wikidata.org/entity/Q18881386
EWPIOCVX,8,0,http://www.wikidata.org/entity/Q18881366
EWPIOCVX,9,0,http://www.wikidata.org/entity/Q18881348
EWPIOCVX,10,0,http://www.wikidata.org/entity/Q2944016
EWPIOCVX,1,4,http://www.wikidata.org/entity/Q1094
EWPIOCVX,2,4,http://www.wikidata.org/entity/Q1094
EWPIOCVX,3,4,http://www.wikidata.org/entity/Q1094
EWPIOCVX,4,4,http://www.wikidata.org/entity/Q1094
EWPIOCVX,5,4,http://www.wikidata.org/entity/Q1094
EWPIOCVX,6,4,http://www.wikidata.org/entity/Q1094
EWPIOCVX,7,4,http://www.wikidata.org/entity/Q1094
EWPIOCVX,8,4,http://www.wikidata.org/entity/Q1094
EWPIOCVX,9,4,http://www.wikidata.org/entity/Q1094
EWPIOCVX,10,4,http://www.wikidata.org/entity/Q1094
EWPIOCVX,1,5,http://www.wikidata.org/entity/Q18845489
EWPIOCVX,2,5,http://www.wikidata.org/entity/Q18845488
EWPIOCVX,3,5,http://www.wikidata.org/entity/Q18845488
EWPIOCVX,4,5,http://www.wikidata.org/entity/Q18845487
EWPIOCVX,5,5,http://www.wikidata.org/entity/Q18845486
EWPIOCVX,6,5,http://www.wikidata.org/entity/Q18845484
EWPIOCVX,7,5,http://www.wikidata.org/entity/Q14493104
EWPIOCVX,8,5,http://www.wikidata.org/entity/Q5618951
EWPIOCVX,9,5,http://www.wikidata.org/entity/Q4970255
EWPIOCVX,10,5,http://www.wikidata.org/entity/Q4419716
7V1UPEKN,1,0,http://www.wikidata.org/entity/Q218593
7V1UPEKN,2,0,http://www.wikidata.org/entity/Q218593
7V1UPEKN,3,0,http://www.wikidata.org/entity/Q218593
7V1UPEKN,1,1,http://www.wikidata.org/entity/Q2351623
7V1UPEKN,2,1,http://www.wikidata.org/entity/Q2351623
7V1UPEKN,3,1,http://www.wikidata.org/entity/Q488865
7V1UPEKN,1,2,http://www.wikidata.org/entity/Q1085
7V1UPEKN,2,2,http://www.wikidata.org/entity/Q11785838
7V1UPEKN,3,2,http://www.wikidata.org/entity/Q188399
7V1UPEKN,1,3,http://www.wikidata.org/entity/Q590484
7V1UPEKN,2,3,http://www.wikidata.org/entity/Q193570
7V1UPEKN,3,3,http://www.wikidata.org/entity/Q117590
7V1UPEKN,1,4,http://www.wikidata.org/entity/Q1085
7V1UPEKN,2,4,http://www.wikidata.org/entity/Q11785838
7V1UPEKN,3,4,http://www.wikidata.org/entity/Q1085
V1J83IXH,1,0,http://www.wikidata.org/entity/Q186125
V1J83IXH,2,0,http://www.wikidata.org/entity/Q898327
V1J83IXH,3,0,http://www.wikidata.org/entity/Q5042905
V1J83IXH,4,0,http://www.wikidata.org/entity/Q6658517
V1J83IXH,1,1,http://www.wikidata.org/entity/Q11299
V1J83IXH,2,1,http://www.wikidata.org/entity/Q2123
V1J83IXH,3,1,http://www.wikidata.org/entity/Q512901
V1J83IXH,4,1,http://www.wikidata.org/entity/Q21665571
V1J83IXH,1,3,http://www.wikidata.org/entity/Q54451
V1J83IXH,2,3,http://www.wikidata.org/entity/Q56622929
V1J83IXH,3,3,http://www.wikidata.org/entity/Q18152585
V1J83IXH,4,3,http://www.wikidata.org/entity/Q726186
Z8UTJAQH,1,0,http://www.wikidata.org/entity/Q73091800
Z8UTJAQH,2,0,http://www.wikidata.org/entity/Q18006176
Z8UTJAQH,3,0,http://www.wikidata.org/entity/Q390006
Z8UTJAQH,4,0,http://www.wikidata.org/entity/Q373275
Z8UTJAQH,1,2,http://www.wikidata.org/entity/Q182676
Z8UTJAQH,2,2,http://www.wikidata.org/entity/Q182676
Z8UTJAQH,3,2,http://www.wikidata.org/entity/Q182676
Z8UTJAQH,4,2,http://www.wikidata.org/entity/Q182676
Z8UTJAQH,1,4,http://www.wikidata.org/entity/Q42177
Z8UTJAQH,2,4,http://www.wikidata.org/entity/Q382899
Z8UTJAQH,3,4,http://www.wikidata.org/entity/Q42177
Z8UTJAQH,4,4,http://www.wikidata.org/entity/Q382899
K6HAAULE,1,3,http://www.wikidata.org/entity/Q245102
K6HAAULE,2,3,http://www.wikidata.org/entity/Q245102
K6HAAULE,3,3,http://www.wikidata.org/entity/Q245102
K6HAAULE,4,3,http://www.wikidata.org/entity/Q245102
K6HAAULE,5,3,http://www.wikidata.org/entity/Q145134
K6HAAULE,6,3,http://www.wikidata.org/entity/Q50707
K6HAAULE,7,3,http://www.wikidata.org/entity/Q50707
K6HAAULE,8,3,http://www.wikidata.org/entity/Q50707
K6HAAULE,9,3,http://www.wikidata.org/entity/Q50707
K6HAAULE,10,3,http://www.wikidata.org/entity/Q50707
K6HAAULE,11,3,http://www.wikidata.org/entity/Q50707
K6HAAULE,12,3,http://www.wikidata.org/entity/Q21199
K6HAAULE,13,3,http://www.wikidata.org/entity/Q21199
UO9OFJTT,0,0,http://www.wikidata.org/entity/Q218593
UO9OFJTT,1,0,http://www.wikidata.org/entity/Q50818544
UO9OFJTT,2,0,http://www.wikidata.org/entity/Q50811521
UO9OFJTT,3,0,http://www.wikidata.org/entity/Q50818647
UO9OFJTT,4,0,http://www.wikidata.org/entity/Q79159977
UO9OFJTT,5,0,http://www.wikidata.org/entity/Q333291
UO9OFJTT,6,0,http://www.wikidata.org/entity/Q50818619
UO9OFJTT,0,1,http://www.wikidata.org/entity/Q134041
UO9OFJTT,1,1,http://www.wikidata.org/entity/Q11472
UO9OFJTT,2,1,http://www.wikidata.org/entity/Q11472
UO9OFJTT,3,1,http://www.wikidata.org/entity/Q11472
UO9OFJTT,4,1,http://www.wikidata.org/entity/Q11472
UO9OFJTT,5,1,http://www.wikidata.org/entity/Q11472
UO9OFJTT,6,1,http://www.wikidata.org/entity/Q11472
UO9OFJTT,0,2,http://www.wikidata.org/entity/Q270952
UO9OFJTT,1,2,http://www.wikidata.org/entity/Q636400
UO9OFJTT,2,2,http://www.wikidata.org/entity/Q636400
UO9OFJTT,3,2,http://www.wikidata.org/entity/Q636400
UO9OFJTT,4,2,http://www.wikidata.org/entity/Q636400
UO9OFJTT,5,2,http://www.wikidata.org/entity/Q636400
UO9OFJTT,6,2,http://www.wikidata.org/entity/Q636400
UO9OFJTT,0,3,http://www.wikidata.org/entity/Q218593
UO9OFJTT,1,3,http://www.wikidata.org/entity/Q61218066
UO9OFJTT,2,3,http://www.wikidata.org/entity/Q43140144
UO9OFJTT,3,3,http://www.wikidata.org/entity/Q43137234
UO9OFJTT,4,3,http://www.wikidata.org/entity/Q43137234
UO9OFJTT,5,3,http://www.wikidata.org/entity/Q43137234
UO9OFJTT,6,3,http://www.wikidata.org/entity/Q43137234
C3SCHU5R,1,0,http://www.wikidata.org/entity/Q1516510
C3SCHU5R,2,0,http://www.wikidata.org/entity/Q155805
C3SCHU5R,3,0,http://www.wikidata.org/entity/Q108678151
C3SCHU5R,4,0,http://www.wikidata.org/entity/Q2379285
C3SCHU5R,1,1,http://www.wikidata.org/entity/Q214
C3SCHU5R,2,1,http://www.wikidata.org/entity/Q145
C3SCHU5R,3,1,http://www.wikidata.org/entity/Q41
C3SCHU5R,4,1,http://www.wikidata.org/entity/Q30
C3SCHU5R,1,3,http://www.wikidata.org/entity/Q214
C3SCHU5R,2,3,http://www.wikidata.org/entity/Q145
C3SCHU5R,3,3,http://www.wikidata.org/entity/Q41
C3SCHU5R,4,3,http://www.wikidata.org/entity/Q30
ZFX08OT8,1,0,http://www.wikidata.org/entity/Q1023264
ZFX08OT8,2,0,http://www.wikidata.org/entity/Q1023263
ZFX08OT8,3,0,http://www.wikidata.org/entity/Q546838
ZFX08OT8,4,0,http://www.wikidata.org/entity/Q20647012
ZFX08OT8,1,1,http://www.wikidata.org/entity/Q169333
ZFX08OT8,2,1,http://www.wikidata.org/entity/Q169333
ZFX08OT8,3,1,http://www.wikidata.org/entity/Q169333
ZFX08OT8,4,1,http://www.wikidata.org/entity/Q169333
ZFX08OT8,1,2,http://www.wikidata.org/entity/Q1023266
ZFX08OT8,2,2,http://www.wikidata.org/entity/Q1023261
ZFX08OT8,3,2,http://www.wikidata.org/entity/Q1023295
ZFX08OT8,4,2,http://www.wikidata.org/entity/Q15732349
ZFX08OT8,1,3,http://www.wikidata.org/entity/Q3609019
ZFX08OT8,2,3,http://www.wikidata.org/entity/Q3609019
ZFX08OT8,3,3,http://www.wikidata.org/entity/Q3609019
ZFX08OT8,4,3,http://www.wikidata.org/entity/Q3609019
ZFX08OT8,1,6,http://www.wikidata.org/entity/Q1023267
ZFX08OT8,2,6,http://www.wikidata.org/entity/Q385827
ZFX08OT8,3,6,http://www.wikidata.org/entity/Q1023299
ZFX08OT8,4,6,http://www.wikidata.org/entity/Q23022182
8LS8FU3B,1,0,http://www.wikidata.org/entity/Q117694
8LS8FU3B,2,0,http://www.wikidata.org/entity/Q2485421
8LS8FU3B,3,0,http://www.wikidata.org/entity/Q2686184
8LS8FU3B,4,0,http://www.wikidata.org/entity/Q2082964
8LS8FU3B,5,0,http://www.wikidata.org/entity/Q801364
8LS8FU3B,6,0,http://www.wikidata.org/entity/Q3970675
8LS8FU3B,7,0,http://www.wikidata.org/entity/Q3097393
8LS8FU3B,1,1,http://www.wikidata.org/entity/Q117694
8LS8FU3B,2,1,http://www.wikidata.org/entity/Q84755292
8LS8FU3B,3,1,http://www.wikidata.org/entity/Q48996332
8LS8FU3B,4,1,http://www.wikidata.org/entity/Q33511938
8LS8FU3B,5,1,http://www.wikidata.org/entity/Q77441479
8LS8FU3B,6,1,http://www.wikidata.org/entity/Q77441361
8LS8FU3B,7,1,http://www.wikidata.org/entity/Q29861836
8LS8FU3B,1,2,http://www.wikidata.org/entity/Q25607
8LS8FU3B,2,2,http://www.wikidata.org/entity/Q15623
8LS8FU3B,3,2,http://www.wikidata.org/entity/Q15602
8LS8FU3B,4,2,http://www.wikidata.org/entity/Q15583
8LS8FU3B,5,2,http://www.wikidata.org/entity/Q13369
8LS8FU3B,6,2,http://www.wikidata.org/entity/Q13369
8LS8FU3B,7,2,http://www.wikidata.org/entity/Q12771
QQHVCRI5,1,0,http://www.wikidata.org/entity/Q1123201
QQHVCRI5,2,0,http://www.wikidata.org/entity/Q704886
QQHVCRI5,3,0,http://www.wikidata.org/entity/Q1123201
QQHVCRI5,4,0,http://www.wikidata.org/entity/Q704886
QQHVCRI5,1,2,http://www.wikidata.org/entity/Q3202164
QQHVCRI5,2,2,http://www.wikidata.org/entity/Q659991
QQHVCRI5,3,2,http://www.wikidata.org/entity/Q3202164
QQHVCRI5,4,2,http://www.wikidata.org/entity/Q659991
QQHVCRI5,1,3,http://www.wikidata.org/entity/Q5558443
QQHVCRI5,2,3,http://www.wikidata.org/entity/Q3636641
QQHVCRI5,3,3,http://www.wikidata.org/entity/Q3063789
QQHVCRI5,4,3,http://www.wikidata.org/entity/Q2896257
ZRELJXUQ,1,0,http://www.wikidata.org/entity/Q1262119
ZRELJXUQ,2,0,http://www.wikidata.org/entity/Q840462
ZRELJXUQ,3,0,http://www.wikidata.org/entity/Q823412
ZRELJXUQ,4,0,http://www.wikidata.org/entity/Q519614
ZRELJXUQ,1,1,http://www.wikidata.org/entity/Q55231693
ZRELJXUQ,2,1,http://www.wikidata.org/entity/Q1094104
ZRELJXUQ,3,1,http://www.wikidata.org/entity/Q179351
ZRELJXUQ,4,1,http://www.wikidata.org/entity/Q212283
ZRELJXUQ,1,3,http://www.wikidata.org/entity/Q2564064
ZRELJXUQ,2,3,http://www.wikidata.org/entity/Q2066595
ZRELJXUQ,3,3,http://www.wikidata.org/entity/Q14946379
ZRELJXUQ,4,3,http://www.wikidata.org/entity/Q867023
ZRELJXUQ,1,4,http://www.wikidata.org/entity/Q145
ZRELJXUQ,2,4,http://www.wikidata.org/entity/Q145
ZRELJXUQ,3,4,http://www.wikidata.org/entity/Q145
ZRELJXUQ,4,4,http://www.wikidata.org/entity/Q145
ZRELJXUQ,1,5,http://www.wikidata.org/entity/Q219538
ZRELJXUQ,2,5,http://www.wikidata.org/entity/Q15700818
ZRELJXUQ,3,5,http://www.wikidata.org/entity/Q15700818
ZRELJXUQ,4,5,http://www.wikidata.org/entity/Q15700818
ZRELJXUQ,1,6,http://www.wikidata.org/entity/Q5116872
ZRELJXUQ,2,6,http://www.wikidata.org/entity/Q5116872
ZRELJXUQ,3,6,http://www.wikidata.org/entity/Q5116872
ZRELJXUQ,4,6,http://www.wikidata.org/entity/Q5116872
91JNRL3Q,1,2,http://www.wikidata.org/entity/Q18845019
91JNRL3Q,2,2,http://www.wikidata.org/entity/Q18845021
91JNRL3Q,3,2,http://www.wikidata.org/entity/Q18845019
91JNRL3Q,4,2,http://www.wikidata.org/entity/Q18845015
91JNRL3Q,5,2,http://www.wikidata.org/entity/Q18845014
91JNRL3Q,6,2,http://www.wikidata.org/entity/Q2783861
91JNRL3Q,7,2,http://www.wikidata.org/entity/Q18844445
91JNRL3Q,1,3,http://www.wikidata.org/entity/Q776396
91JNRL3Q,2,3,http://www.wikidata.org/entity/Q776396
91JNRL3Q,3,3,http://www.wikidata.org/entity/Q776396
91JNRL3Q,4,3,http://www.wikidata.org/entity/Q776396
91JNRL3Q,5,3,http://www.wikidata.org/entity/Q776396
91JNRL3Q,6,3,http://www.wikidata.org/entity/Q776396
91JNRL3Q,7,3,http://www.wikidata.org/entity/Q776396
BYBEZ1I3,1,0,http://www.wikidata.org/entity/Q3239125
BYBEZ1I3,2,0,http://www.wikidata.org/entity/Q3153248
BYBEZ1I3,3,0,http://www.wikidata.org/entity/Q866332
BYBEZ1I3,4,0,http://www.wikidata.org/entity/Q866332
BYBEZ1I3,5,0,http://www.wikidata.org/entity/Q2932425
BYBEZ1I3,6,0,http://www.wikidata.org/entity/Q866332
BYBEZ1I3,7,0,http://www.wikidata.org/entity/Q2555601
BYBEZ1I3,8,0,http://www.wikidata.org/entity/Q866332
BYBEZ1I3,9,0,http://www.wikidata.org/entity/Q866332
BYBEZ1I3,1,1,http://www.wikidata.org/entity/Q833
BYBEZ1I3,2,1,http://www.wikidata.org/entity/Q30
BYBEZ1I3,3,1,http://www.wikidata.org/entity/Q16
BYBEZ1I3,4,1,http://www.wikidata.org/entity/Q30
BYBEZ1I3,5,1,http://www.wikidata.org/entity/Q31
BYBEZ1I3,6,1,http://www.wikidata.org/entity/Q55
BYBEZ1I3,7,1,http://www.wikidata.org/entity/Q30
BYBEZ1I3,8,1,http://www.wikidata.org/entity/Q408
BYBEZ1I3,9,1,http://www.wikidata.org/entity/Q55
BYBEZ1I3,1,2,http://www.wikidata.org/entity/Q123705
BYBEZ1I3,2,2,http://www.wikidata.org/entity/Q123705
BYBEZ1I3,3,2,http://www.wikidata.org/entity/Q123705
BYBEZ1I3,4,2,http://www.wikidata.org/entity/Q123705
BYBEZ1I3,5,2,http://www.wikidata.org/entity/Q123705
BYBEZ1I3,6,2,http://www.wikidata.org/entity/Q123705
BYBEZ1I3,7,2,http://www.wikidata.org/entity/Q123705
BYBEZ1I3,8,2,http://www.wikidata.org/entity/Q123705
BYBEZ1I3,9,2,http://www.wikidata.org/entity/Q123705
BYBEZ1I3,1,3,http://www.wikidata.org/entity/Q1865
BYBEZ1I3,2,3,http://www.wikidata.org/entity/Q5083
BYBEZ1I3,3,3,http://www.wikidata.org/entity/Q172
BYBEZ1I3,4,3,http://www.wikidata.org/entity/Q1297
BYBEZ1I3,5,3,http://www.wikidata.org/entity/Q12892
BYBEZ1I3,6,3,http://www.wikidata.org/entity/Q41795540
BYBEZ1I3,7,3,http://www.wikidata.org/entity/Q65
BYBEZ1I3,8,3,http://www.wikidata.org/entity/Q36687
BYBEZ1I3,9,3,http://www.wikidata.org/entity/Q34370
7TTRWLYB,1,0,http://www.wikidata.org/entity/Q171919
7TTRWLYB,2,0,http://www.wikidata.org/entity/Q172942
7TTRWLYB,3,0,http://www.wikidata.org/entity/Q19936556
7TTRWLYB,4,0,http://www.wikidata.org/entity/Q17195693
7TTRWLYB,1,1,http://www.wikidata.org/entity/Q171919
7TTRWLYB,2,1,http://www.wikidata.org/entity/Q172942
7TTRWLYB,3,1,http://www.wikidata.org/entity/Q19936556
7TTRWLYB,4,1,http://www.wikidata.org/entity/Q17195693
7TTRWLYB,1,3,http://www.wikidata.org/entity/Q38
7TTRWLYB,2,3,http://www.wikidata.org/entity/Q38
7TTRWLYB,3,3,http://www.wikidata.org/entity/Q38
7TTRWLYB,4,3,http://www.wikidata.org/entity/Q38
7TTRWLYB,1,5,http://www.wikidata.org/entity/Q171443
7TTRWLYB,2,5,http://www.wikidata.org/entity/Q10514
7TTRWLYB,3,5,http://www.wikidata.org/entity/Q9673
7TTRWLYB,4,5,http://www.wikidata.org/entity/Q9673
X1QC0XRX,1,0,http://www.wikidata.org/entity/Q11178224
X1QC0XRX,2,0,http://www.wikidata.org/entity/Q11178215
X1QC0XRX,3,0,http://www.wikidata.org/entity/Q11178206
X1QC0XRX,4,0,http://www.wikidata.org/entity/Q11178197
X1QC0XRX,5,0,http://www.wikidata.org/entity/Q11178186
X1QC0XRX,6,0,http://www.wikidata.org/entity/Q11178177
X1QC0XRX,7,0,http://www.wikidata.org/entity/Q11178167
X1QC0XRX,8,0,http://www.wikidata.org/entity/Q11178153
X1QC0XRX,9,0,http://www.wikidata.org/entity/Q11178144
X1QC0XRX,10,0,http://www.wikidata.org/entity/Q11178134
X1QC0XRX,1,4,http://www.wikidata.org/entity/Q1329981
X1QC0XRX,2,4,http://www.wikidata.org/entity/Q1329981
X1QC0XRX,3,4,http://www.wikidata.org/entity/Q1329981
X1QC0XRX,4,4,http://www.wikidata.org/entity/Q1329981
X1QC0XRX,5,4,http://www.wikidata.org/entity/Q1329981
X1QC0XRX,6,4,http://www.wikidata.org/entity/Q1329981
X1QC0XRX,7,4,http://www.wikidata.org/entity/Q1329981
X1QC0XRX,8,4,http://www.wikidata.org/entity/Q1329981
X1QC0XRX,9,4,http://www.wikidata.org/entity/Q1329981
X1QC0XRX,10,4,http://www.wikidata.org/entity/Q1329981
5EUEJ64M,1,0,http://www.wikidata.org/entity/Q1136194
5EUEJ64M,2,0,http://www.wikidata.org/entity/Q14205360
5EUEJ64M,3,0,http://www.wikidata.org/entity/Q1140343
5EUEJ64M,4,0,http://www.wikidata.org/entity/Q2722261
5EUEJ64M,5,0,http://www.wikidata.org/entity/Q2597617
5EUEJ64M,6,0,http://www.wikidata.org/entity/Q2597398
5EUEJ64M,7,0,http://www.wikidata.org/entity/Q2597374
5EUEJ64M,8,0,http://www.wikidata.org/entity/Q2597363
5EUEJ64M,9,0,http://www.wikidata.org/entity/Q2597313
5EUEJ64M,10,0,http://www.wikidata.org/entity/Q2597286
5EUEJ64M,11,0,http://www.wikidata.org/entity/Q2597244
5EUEJ64M,1,1,http://www.wikidata.org/entity/Q1503450
5EUEJ64M,2,1,http://www.wikidata.org/entity/Q1503450
5EUEJ64M,3,1,http://www.wikidata.org/entity/Q1503450
5EUEJ64M,4,1,http://www.wikidata.org/entity/Q1503450
5EUEJ64M,5,1,http://www.wikidata.org/entity/Q1503450
5EUEJ64M,6,1,http://www.wikidata.org/entity/Q1503450
5EUEJ64M,7,1,http://www.wikidata.org/entity/Q1503450
5EUEJ64M,8,1,http://www.wikidata.org/entity/Q1503450
5EUEJ64M,9,1,http://www.wikidata.org/entity/Q1503450
5EUEJ64M,10,1,http://www.wikidata.org/entity/Q1503450
5EUEJ64M,11,1,http://www.wikidata.org/entity/Q1503450
5EUEJ64M,1,3,http://www.wikidata.org/entity/Q155
5EUEJ64M,2,3,http://www.wikidata.org/entity/Q155
5EUEJ64M,3,3,http://www.wikidata.org/entity/Q155
5EUEJ64M,4,3,http://www.wikidata.org/entity/Q155
5EUEJ64M,5,3,http://www.wikidata.org/entity/Q155
5EUEJ64M,6,3,http://www.wikidata.org/entity/Q155
5EUEJ64M,7,3,http://www.wikidata.org/entity/Q155
5EUEJ64M,8,3,http://www.wikidata.org/entity/Q155
5EUEJ64M,9,3,http://www.wikidata.org/entity/Q155
5EUEJ64M,10,3,http://www.wikidata.org/entity/Q155
5EUEJ64M,11,3,http://www.wikidata.org/entity/Q155
5EUEJ64M,1,4,http://www.wikidata.org/entity/Q40430
5EUEJ64M,2,4,http://www.wikidata.org/entity/Q40430
5EUEJ64M,3,4,http://www.wikidata.org/entity/Q40430
5EUEJ64M,4,4,http://www.wikidata.org/entity/Q40030
5EUEJ64M,5,4,http://www.wikidata.org/entity/Q40030
5EUEJ64M,6,4,http://www.wikidata.org/entity/Q43255
5EUEJ64M,7,4,http://www.wikidata.org/entity/Q43255
5EUEJ64M,8,4,http://www.wikidata.org/entity/Q175
5EUEJ64M,9,4,http://www.wikidata.org/entity/Q40030
5EUEJ64M,10,4,http://www.wikidata.org/entity/Q40030
5EUEJ64M,11,4,http://www.wikidata.org/entity/Q175
E4FBCOFK,1,0,http://www.wikidata.org/entity/Q3886
E4FBCOFK,2,0,http://www.wikidata.org/entity/Q3898
E4FBCOFK,3,0,http://www.wikidata.org/entity/Q3893
E4FBCOFK,4,0,http://www.wikidata.org/entity/Q3890
E4FBCOFK,1,1,http://www.wikidata.org/entity/Q2359812
E4FBCOFK,2,1,http://www.wikidata.org/entity/Q747279
E4FBCOFK,3,1,http://www.wikidata.org/entity/Q1768108
E4FBCOFK,4,1,http://www.wikidata.org/entity/Q1768108
E4FBCOFK,1,2,http://www.wikidata.org/entity/Q6655
E4FBCOFK,2,2,http://www.wikidata.org/entity/Q6655
E4FBCOFK,3,2,http://www.wikidata.org/entity/Q6655
E4FBCOFK,4,2,http://www.wikidata.org/entity/Q6655
E4FBCOFK,1,4,http://www.wikidata.org/entity/Q1548518
E4FBCOFK,2,4,http://www.wikidata.org/entity/Q1375749
E4FBCOFK,3,4,http://www.wikidata.org/entity/Q707813
E4FBCOFK,4,4,http://www.wikidata.org/entity/Q707813
6PV1OZZP,1,0,http://www.wikidata.org/entity/Q30937876
6PV1OZZP,2,0,http://www.wikidata.org/entity/Q20052816
6PV1OZZP,3,0,http://www.wikidata.org/entity/Q30939696
6PV1OZZP,4,0,http://www.wikidata.org/entity/Q30937876
6PV1OZZP,5,0,http://www.wikidata.org/entity/Q30937857
6PV1OZZP,6,0,http://www.wikidata.org/entity/Q30937856
6PV1OZZP,7,0,http://www.wikidata.org/entity/Q25421065
6PV1OZZP,8,0,http://www.wikidata.org/entity/Q20052816
6PV1OZZP,9,0,http://www.wikidata.org/entity/Q30939696
6PV1OZZP,10,0,http://www.wikidata.org/entity/Q30937876
6PV1OZZP,11,0,http://www.wikidata.org/entity/Q30937857
6PV1OZZP,12,0,http://www.wikidata.org/entity/Q30937856
6PV1OZZP,1,1,http://www.wikidata.org/entity/Q10350132
6PV1OZZP,2,1,http://www.wikidata.org/entity/Q65016976
6PV1OZZP,3,1,http://www.wikidata.org/entity/Q10380661
6PV1OZZP,4,1,http://www.wikidata.org/entity/Q10350132
6PV1OZZP,5,1,http://www.wikidata.org/entity/Q10348716
6PV1OZZP,6,1,http://www.wikidata.org/entity/Q10301465
6PV1OZZP,7,1,http://www.wikidata.org/entity/Q9640035
6PV1OZZP,8,1,http://www.wikidata.org/entity/Q65016976
6PV1OZZP,9,1,http://www.wikidata.org/entity/Q10380661
6PV1OZZP,10,1,http://www.wikidata.org/entity/Q10350132
6PV1OZZP,11,1,http://www.wikidata.org/entity/Q10348716
6PV1OZZP,12,1,http://www.wikidata.org/entity/Q10301465
6PV1OZZP,1,2,http://www.wikidata.org/entity/Q155
6PV1OZZP,2,2,http://www.wikidata.org/entity/Q155
6PV1OZZP,3,2,http://www.wikidata.org/entity/Q155
6PV1OZZP,4,2,http://www.wikidata.org/entity/Q155
6PV1OZZP,5,2,http://www.wikidata.org/entity/Q155
6PV1OZZP,6,2,http://www.wikidata.org/entity/Q155
6PV1OZZP,7,2,http://www.wikidata.org/entity/Q155
6PV1OZZP,8,2,http://www.wikidata.org/entity/Q155
6PV1OZZP,9,2,http://www.wikidata.org/entity/Q155
6PV1OZZP,10,2,http://www.wikidata.org/entity/Q155
6PV1OZZP,11,2,http://www.wikidata.org/entity/Q155
6PV1OZZP,12,2,http://www.wikidata.org/entity/Q155
6PV1OZZP,1,3,http://www.wikidata.org/entity/Q494829
6PV1OZZP,2,3,http://www.wikidata.org/entity/Q132911
6PV1OZZP,3,3,http://www.wikidata.org/entity/Q132911
6PV1OZZP,4,3,http://www.wikidata.org/entity/Q132911
6PV1OZZP,5,3,http://www.wikidata.org/entity/Q132911
6PV1OZZP,6,3,http://www.wikidata.org/entity/Q132911
6PV1OZZP,7,3,http://www.wikidata.org/entity/Q132911
6PV1OZZP,8,3,http://www.wikidata.org/entity/Q15003
6PV1OZZP,9,3,http://www.wikidata.org/entity/Q15003
6PV1OZZP,10,3,http://www.wikidata.org/entity/Q15003
6PV1OZZP,11,3,http://www.wikidata.org/entity/Q15003
6PV1OZZP,12,3,http://www.wikidata.org/entity/Q15003
LXQCD5PP,1,0,http://www.wikidata.org/entity/Q7567581
LXQCD5PP,2,0,http://www.wikidata.org/entity/Q7535077
LXQCD5PP,3,0,http://www.wikidata.org/entity/Q130167
LXQCD5PP,4,0,http://www.wikidata.org/entity/Q7367910
LXQCD5PP,5,0,http://www.wikidata.org/entity/Q7355697
LXQCD5PP,6,0,http://www.wikidata.org/entity/Q2800895
LXQCD5PP,7,0,http://www.wikidata.org/entity/Q7196793
LXQCD5PP,8,0,http://www.wikidata.org/entity/Q7196676
LXQCD5PP,9,0,http://www.wikidata.org/entity/Q7120773
LXQCD5PP,10,0,http://www.wikidata.org/entity/Q7101572
LXQCD5PP,11,0,http://www.wikidata.org/entity/Q7101529
LXQCD5PP,1,1,http://www.wikidata.org/entity/Q953806
LXQCD5PP,2,1,http://www.wikidata.org/entity/Q953806
LXQCD5PP,3,1,http://www.wikidata.org/entity/Q953806
LXQCD5PP,4,1,http://www.wikidata.org/entity/Q953806
LXQCD5PP,5,1,http://www.wikidata.org/entity/Q953806
LXQCD5PP,6,1,http://www.wikidata.org/entity/Q953806
LXQCD5PP,7,1,http://www.wikidata.org/entity/Q953806
LXQCD5PP,8,1,http://www.wikidata.org/entity/Q953806
LXQCD5PP,9,1,http://www.wikidata.org/entity/Q953806
LXQCD5PP,10,1,http://www.wikidata.org/entity/Q953806
LXQCD5PP,11,1,http://www.wikidata.org/entity/Q953806
7SGJWY37,1,0,http://www.wikidata.org/entity/Q218593
7SGJWY37,2,0,http://www.wikidata.org/entity/Q218593
7SGJWY37,3,0,http://www.wikidata.org/entity/Q218593
7SGJWY37,1,1,http://www.wikidata.org/entity/Q170779
7SGJWY37,2,1,http://www.wikidata.org/entity/Q13419376
7SGJWY37,3,1,http://www.wikidata.org/entity/Q3758329
7SGJWY37,1,2,http://www.wikidata.org/entity/Q3663043
7SGJWY37,2,2,http://www.wikidata.org/entity/Q322639
7SGJWY37,3,2,http://www.wikidata.org/entity/Q3758329
7SGJWY37,1,3,http://www.wikidata.org/entity/Q164061
7SGJWY37,2,3,http://www.wikidata.org/entity/Q212827
7SGJWY37,3,3,http://www.wikidata.org/entity/Q3758329
7SGJWY37,1,4,http://www.wikidata.org/entity/Q1801762
7SGJWY37,2,4,http://www.wikidata.org/entity/Q192407
7SGJWY37,3,4,http://www.wikidata.org/entity/Q3758329
T7U8D04U,1,0,http://www.wikidata.org/entity/Q651676
T7U8D04U,2,0,http://www.wikidata.org/entity/Q732090
T7U8D04U,3,0,http://www.wikidata.org/entity/Q174833
T7U8D04U,4,0,http://www.wikidata.org/entity/Q176504
T7U8D04U,1,1,http://www.wikidata.org/entity/Q651676
T7U8D04U,2,1,http://www.wikidata.org/entity/Q732090
T7U8D04U,3,1,http://www.wikidata.org/entity/Q174833
T7U8D04U,4,1,http://www.wikidata.org/entity/Q176504
T7U8D04U,1,3,http://www.wikidata.org/entity/Q692787
T7U8D04U,2,3,http://www.wikidata.org/entity/Q988707
T7U8D04U,3,3,http://www.wikidata.org/entity/Q431456
T7U8D04U,4,3,http://www.wikidata.org/entity/Q504580
T7U8D04U,1,5,http://www.wikidata.org/entity/Q14012761
T7U8D04U,2,5,http://www.wikidata.org/entity/Q12391099
T7U8D04U,3,5,http://www.wikidata.org/entity/Q12390957
T7U8D04U,4,5,http://www.wikidata.org/entity/Q8123831
JNDWS2JB,1,0,http://www.wikidata.org/entity/Q55415934
JNDWS2JB,2,0,http://www.wikidata.org/entity/Q55413464
JNDWS2JB,3,0,http://www.wikidata.org/entity/Q55413026
JNDWS2JB,4,0,http://www.wikidata.org/entity/Q55413007
JNDWS2JB,5,0,http://www.wikidata.org/entity/Q55412960
JNDWS2JB,6,0,http://www.wikidata.org/entity/Q55412918
JNDWS2JB,7,0,http://www.wikidata.org/entity/Q27979335
JNDWS2JB,8,0,http://www.wikidata.org/entity/Q55412229
JNDWS2JB,9,0,http://www.wikidata.org/entity/Q55412011
JNDWS2JB,10,0,http://www.wikidata.org/entity/Q55411976
JNDWS2JB,11,0,http://www.wikidata.org/entity/Q55411905
JNDWS2JB,12,0,http://www.wikidata.org/entity/Q3630735
JNDWS2JB,13,0,http://www.wikidata.org/entity/Q55424945
JNDWS2JB,14,0,http://www.wikidata.org/entity/Q55411289
JNDWS2JB,15,0,http://www.wikidata.org/entity/Q5849818
JNDWS2JB,1,3,http://www.wikidata.org/entity/Q22340494
JNDWS2JB,2,3,http://www.wikidata.org/entity/Q22340494
JNDWS2JB,3,3,http://www.wikidata.org/entity/Q22340494
JNDWS2JB,4,3,http://www.wikidata.org/entity/Q22340494
JNDWS2JB,5,3,http://www.wikidata.org/entity/Q22340494
JNDWS2JB,6,3,http://www.wikidata.org/entity/Q22340494
JNDWS2JB,7,3,http://www.wikidata.org/entity/Q1362753
JNDWS2JB,8,3,http://www.wikidata.org/entity/Q22340494
JNDWS2JB,9,3,http://www.wikidata.org/entity/Q22340494
JNDWS2JB,10,3,http://www.wikidata.org/entity/Q22340494
JNDWS2JB,11,3,http://www.wikidata.org/entity/Q22340494
JNDWS2JB,12,3,http://www.wikidata.org/entity/Q1362753
JNDWS2JB,13,3,http://www.wikidata.org/entity/Q1362753
JNDWS2JB,14,3,http://www.wikidata.org/entity/Q22340494
JNDWS2JB,15,3,http://www.wikidata.org/entity/Q1362753
BAU5O34F,1,0,http://www.wikidata.org/entity/Q11886402
BAU5O34F,2,0,http://www.wikidata.org/entity/Q18564445
BAU5O34F,3,0,http://www.wikidata.org/entity/Q39080761
BAU5O34F,4,0,http://www.wikidata.org/entity/Q843883
BAU5O34F,5,0,http://www.wikidata.org/entity/Q909939
BAU5O34F,6,0,http://www.wikidata.org/entity/Q900205
BAU5O34F,7,0,http://www.wikidata.org/entity/Q900273
BAU5O34F,1,2,http://www.wikidata.org/entity/Q193341
BAU5O34F,2,2,http://www.wikidata.org/entity/Q190233
BAU5O34F,3,2,http://www.wikidata.org/entity/Q11894270
BAU5O34F,4,2,http://www.wikidata.org/entity/Q579203
BAU5O34F,5,2,http://www.wikidata.org/entity/Q222264
BAU5O34F,6,2,http://www.wikidata.org/entity/Q647629
BAU5O34F,7,2,http://www.wikidata.org/entity/Q570821
BAU5O34F,1,5,http://www.wikidata.org/entity/Q8613
BAU5O34F,2,5,http://www.wikidata.org/entity/Q8613
BAU5O34F,3,5,http://www.wikidata.org/entity/Q181278
BAU5O34F,4,5,http://www.wikidata.org/entity/Q8531
BAU5O34F,5,5,http://www.wikidata.org/entity/Q8456
BAU5O34F,6,5,http://www.wikidata.org/entity/Q8420
BAU5O34F,7,5,http://www.wikidata.org/entity/Q8407
5NZCVF4V,1,0,http://www.wikidata.org/entity/Q62061768
5NZCVF4V,2,0,http://www.wikidata.org/entity/Q62061767
5NZCVF4V,3,0,http://www.wikidata.org/entity/Q62061766
5NZCVF4V,4,0,http://www.wikidata.org/entity/Q62061765
5NZCVF4V,5,0,http://www.wikidata.org/entity/Q62061764
5NZCVF4V,6,0,http://www.wikidata.org/entity/Q62061761
5NZCVF4V,7,0,http://www.wikidata.org/entity/Q62061758
5NZCVF4V,1,1,http://www.wikidata.org/entity/Q3232931
5NZCVF4V,2,1,http://www.wikidata.org/entity/Q3232931
5NZCVF4V,3,1,http://www.wikidata.org/entity/Q3232931
5NZCVF4V,4,1,http://www.wikidata.org/entity/Q3232931
5NZCVF4V,5,1,http://www.wikidata.org/entity/Q3232931
5NZCVF4V,6,1,http://www.wikidata.org/entity/Q3232931
5NZCVF4V,7,1,http://www.wikidata.org/entity/Q3232931
5NZCVF4V,1,2,http://www.wikidata.org/entity/Q56753859
5NZCVF4V,2,2,http://www.wikidata.org/entity/Q56753859
5NZCVF4V,3,2,http://www.wikidata.org/entity/Q56753859
5NZCVF4V,4,2,http://www.wikidata.org/entity/Q56753859
5NZCVF4V,5,2,http://www.wikidata.org/entity/Q56753859
5NZCVF4V,6,2,http://www.wikidata.org/entity/Q56753859
5NZCVF4V,7,2,http://www.wikidata.org/entity/Q56753859
5NZCVF4V,1,4,http://www.wikidata.org/entity/Q3057567
5NZCVF4V,2,4,http://www.wikidata.org/entity/Q3057567
5NZCVF4V,3,4,http://www.wikidata.org/entity/Q3057567
5NZCVF4V,4,4,http://www.wikidata.org/entity/Q61930465
5NZCVF4V,5,4,http://www.wikidata.org/entity/Q3057567
5NZCVF4V,6,4,http://www.wikidata.org/entity/Q3057567
5NZCVF4V,7,4,http://www.wikidata.org/entity/Q3057567
XET0VQLX,1,0,http://www.wikidata.org/entity/Q985402
XET0VQLX,2,0,http://www.wikidata.org/entity/Q16010
XET0VQLX,3,0,http://www.wikidata.org/entity/Q985402
XET0VQLX,4,0,http://www.wikidata.org/entity/Q16050
XET0VQLX,5,0,http://www.wikidata.org/entity/Q985402
XET0VQLX,1,2,http://www.wikidata.org/entity/Q691741
XET0VQLX,2,2,http://www.wikidata.org/entity/Q188283
XET0VQLX,3,2,http://www.wikidata.org/entity/Q691741
XET0VQLX,4,2,http://www.wikidata.org/entity/Q691842
XET0VQLX,5,2,http://www.wikidata.org/entity/Q691741
XET0VQLX,1,3,http://www.wikidata.org/entity/Q44818587
XET0VQLX,2,3,http://www.wikidata.org/entity/Q34370
XET0VQLX,3,3,http://www.wikidata.org/entity/Q1000056
XET0VQLX,4,3,http://www.wikidata.org/entity/Q959398
XET0VQLX,5,3,http://www.wikidata.org/entity/Q954157
ASOVXE99,1,0,http://www.wikidata.org/entity/Q218593
ASOVXE99,2,0,http://www.wikidata.org/entity/Q218593
ASOVXE99,3,0,http://www.wikidata.org/entity/Q218593
ASOVXE99,4,0,http://www.wikidata.org/entity/Q218593
ASOVXE99,1,1,http://www.wikidata.org/entity/Q15950
ASOVXE99,2,1,http://www.wikidata.org/entity/Q825883
ASOVXE99,3,1,http://www.wikidata.org/entity/Q17711593
ASOVXE99,4,1,http://www.wikidata.org/entity/Q22661686
ASOVXE99,1,2,http://www.wikidata.org/entity/Q785949
ASOVXE99,2,2,http://www.wikidata.org/entity/Q24015076
ASOVXE99,3,2,http://www.wikidata.org/entity/Q57081670
ASOVXE99,4,2,http://www.wikidata.org/entity/Q20743779
ASOVXE99,1,3,http://www.wikidata.org/entity/Q15950
ASOVXE99,2,3,http://www.wikidata.org/entity/Q825883
ASOVXE99,3,3,http://www.wikidata.org/entity/Q17711593
ASOVXE99,4,3,http://www.wikidata.org/entity/Q16802251
ASOVXE99,1,4,http://www.wikidata.org/entity/Q785949
ASOVXE99,2,4,http://www.wikidata.org/entity/Q955799
ASOVXE99,3,4,http://www.wikidata.org/entity/Q57081670
ASOVXE99,4,4,http://www.wikidata.org/entity/Q16068749
ASOVXE99,1,5,http://www.wikidata.org/entity/Q193711
ASOVXE99,2,5,http://www.wikidata.org/entity/Q269023
ASOVXE99,3,5,http://www.wikidata.org/entity/Q57081670
ASOVXE99,4,5,http://www.wikidata.org/entity/Q15839596
ASOVXE99,1,6,http://www.wikidata.org/entity/Q16161
ASOVXE99,2,6,http://www.wikidata.org/entity/Q9409
ASOVXE99,3,6,http://www.wikidata.org/entity/Q110003936
ASOVXE99,4,6,http://www.wikidata.org/entity/Q15839596
ASOVXE99,1,7,http://www.wikidata.org/entity/Q193711
ASOVXE99,2,7,http://www.wikidata.org/entity/Q269023
ASOVXE99,3,7,http://www.wikidata.org/entity/Q57081670
ASOVXE99,4,7,http://www.wikidata.org/entity/Q3328610
ASOVXE99,1,8,http://www.wikidata.org/entity/Q1308
ASOVXE99,2,8,http://www.wikidata.org/entity/Q9409
ASOVXE99,3,8,http://www.wikidata.org/entity/Q26206919
ASOVXE99,4,8,http://www.wikidata.org/entity/Q3328610
ASOVXE99,1,9,http://www.wikidata.org/entity/Q193711
ASOVXE99,2,9,http://www.wikidata.org/entity/Q269023
ASOVXE99,3,9,http://www.wikidata.org/entity/Q552724
ASOVXE99,4,9,http://www.wikidata.org/entity/Q3328610
ASOVXE99,1,10,http://www.wikidata.org/entity/Q785949
ASOVXE99,2,10,http://www.wikidata.org/entity/Q955799
ASOVXE99,3,10,http://www.wikidata.org/entity/Q57081670
ASOVXE99,4,10,http://www.wikidata.org/entity/Q484231
ASOVXE99,1,11,http://www.wikidata.org/entity/Q15950
ASOVXE99,2,11,http://www.wikidata.org/entity/Q825883
ASOVXE99,3,11,http://www.wikidata.org/entity/Q17711593
ASOVXE99,4,11,http://www.wikidata.org/entity/Q2216398
ASOVXE99,1,12,http://www.wikidata.org/entity/Q785949
ASOVXE99,2,12,http://www.wikidata.org/entity/Q955799
ASOVXE99,3,12,http://www.wikidata.org/entity/Q57081670
ASOVXE99,4,12,http://www.wikidata.org/entity/Q2110167
ASOVXE99,1,13,http://www.wikidata.org/entity/Q193711
ASOVXE99,2,13,http://www.wikidata.org/entity/Q269023
ASOVXE99,3,13,http://www.wikidata.org/entity/Q57081670
ASOVXE99,4,13,http://www.wikidata.org/entity/Q2110167
ASOVXE99,1,14,http://www.wikidata.org/entity/Q1308
ASOVXE99,2,14,http://www.wikidata.org/entity/Q9409
ASOVXE99,3,14,http://www.wikidata.org/entity/Q26206919
ASOVXE99,4,14,http://www.wikidata.org/entity/Q2110167
ASOVXE99,1,15,http://www.wikidata.org/entity/Q193711
ASOVXE99,2,15,http://www.wikidata.org/entity/Q269023
ASOVXE99,3,15,http://www.wikidata.org/entity/Q19753729
ASOVXE99,4,15,http://www.wikidata.org/entity/Q2110167
ZJ0HKUT1,1,0,http://www.wikidata.org/entity/Q85120085
ZJ0HKUT1,2,0,http://www.wikidata.org/entity/Q85120036
ZJ0HKUT1,3,0,http://www.wikidata.org/entity/Q85052537
ZJ0HKUT1,4,0,http://www.wikidata.org/entity/Q85027235
ZJ0HKUT1,1,1,http://www.wikidata.org/entity/Q1332364
ZJ0HKUT1,2,1,http://www.wikidata.org/entity/Q726242
ZJ0HKUT1,3,1,http://www.wikidata.org/entity/Q1457376
ZJ0HKUT1,4,1,http://www.wikidata.org/entity/Q1332364
ZJ0HKUT1,1,3,http://www.wikidata.org/entity/Q72803622
ZJ0HKUT1,2,3,http://www.wikidata.org/entity/Q72803622
ZJ0HKUT1,3,3,http://www.wikidata.org/entity/Q72803622
ZJ0HKUT1,4,3,http://www.wikidata.org/entity/Q72803622
ZJ0HKUT1,1,4,http://www.wikidata.org/entity/Q10428
ZJ0HKUT1,2,4,http://www.wikidata.org/entity/Q10428
ZJ0HKUT1,3,4,http://www.wikidata.org/entity/Q8837
ZJ0HKUT1,4,4,http://www.wikidata.org/entity/Q10567
OWI9W5D2,1,0,http://www.wikidata.org/entity/Q48213678
OWI9W5D2,2,0,http://www.wikidata.org/entity/Q15741914
OWI9W5D2,3,0,http://www.wikidata.org/entity/Q21866828
OWI9W5D2,4,0,http://www.wikidata.org/entity/Q18888607
OWI9W5D2,5,0,http://www.wikidata.org/entity/Q15741914
OWI9W5D2,6,0,http://www.wikidata.org/entity/Q13506688
OWI9W5D2,7,0,http://www.wikidata.org/entity/Q13506687
OWI9W5D2,8,0,http://www.wikidata.org/entity/Q6388585
OWI9W5D2,9,0,http://www.wikidata.org/entity/Q2699432
OWI9W5D2,1,1,http://www.wikidata.org/entity/Q2899
OWI9W5D2,2,1,http://www.wikidata.org/entity/Q2899
OWI9W5D2,3,1,http://www.wikidata.org/entity/Q2899
OWI9W5D2,4,1,http://www.wikidata.org/entity/Q2899
OWI9W5D2,5,1,http://www.wikidata.org/entity/Q2899
OWI9W5D2,6,1,http://www.wikidata.org/entity/Q2899
OWI9W5D2,7,1,http://www.wikidata.org/entity/Q2899
OWI9W5D2,8,1,http://www.wikidata.org/entity/Q2899
OWI9W5D2,9,1,http://www.wikidata.org/entity/Q586
OWI9W5D2,1,2,http://www.wikidata.org/entity/Q55778881
OWI9W5D2,2,2,http://www.wikidata.org/entity/Q55778880
OWI9W5D2,3,2,http://www.wikidata.org/entity/Q27570366
OWI9W5D2,4,2,http://www.wikidata.org/entity/Q27570365
OWI9W5D2,5,2,http://www.wikidata.org/entity/Q27570364
OWI9W5D2,6,2,http://www.wikidata.org/entity/Q27570326
OWI9W5D2,7,2,http://www.wikidata.org/entity/Q27570324
OWI9W5D2,8,2,http://www.wikidata.org/entity/Q27570362
OWI9W5D2,9,2,http://www.wikidata.org/entity/Q27570306
OWI9W5D2,1,3,http://www.wikidata.org/entity/Q61113329
OWI9W5D2,2,3,http://www.wikidata.org/entity/Q48213678
OWI9W5D2,3,3,http://www.wikidata.org/entity/Q28531289
OWI9W5D2,4,3,http://www.wikidata.org/entity/Q21866828
OWI9W5D2,5,3,http://www.wikidata.org/entity/Q18888607
OWI9W5D2,6,3,http://www.wikidata.org/entity/Q1513982
OWI9W5D2,7,3,http://www.wikidata.org/entity/Q1513988
OWI9W5D2,8,3,http://www.wikidata.org/entity/Q15741914
OWI9W5D2,9,3,http://www.wikidata.org/entity/Q1513966
OWI9W5D2,1,4,http://www.wikidata.org/entity/Q7291
OWI9W5D2,2,4,http://www.wikidata.org/entity/Q7291
OWI9W5D2,3,4,http://www.wikidata.org/entity/Q7291
OWI9W5D2,4,4,http://www.wikidata.org/entity/Q7291
OWI9W5D2,5,4,http://www.wikidata.org/entity/Q7291
OWI9W5D2,6,4,http://www.wikidata.org/entity/Q7291
OWI9W5D2,7,4,http://www.wikidata.org/entity/Q7291
OWI9W5D2,8,4,http://www.wikidata.org/entity/Q7291
OWI9W5D2,9,4,http://www.wikidata.org/entity/Q7291
OWI9W5D2,1,5,http://www.wikidata.org/entity/Q28531289
OWI9W5D2,2,5,http://www.wikidata.org/entity/Q15741914
OWI9W5D2,3,5,http://www.wikidata.org/entity/Q18888607
OWI9W5D2,4,5,http://www.wikidata.org/entity/Q15741914
OWI9W5D2,5,5,http://www.wikidata.org/entity/Q6388585
OWI9W5D2,6,5,http://www.wikidata.org/entity/Q61113329
OWI9W5D2,7,5,http://www.wikidata.org/entity/Q61113329
OWI9W5D2,8,5,http://www.wikidata.org/entity/Q1171083
OWI9W5D2,9,5,http://www.wikidata.org/entity/Q61113329
OWI9W5D2,1,6,http://www.wikidata.org/entity/Q28828670
OWI9W5D2,2,6,http://www.wikidata.org/entity/Q28828670
OWI9W5D2,3,6,http://www.wikidata.org/entity/Q28828670
OWI9W5D2,4,6,http://www.wikidata.org/entity/Q28828670
OWI9W5D2,5,6,http://www.wikidata.org/entity/Q28828670
OWI9W5D2,6,6,http://www.wikidata.org/entity/Q28828670
OWI9W5D2,7,6,http://www.wikidata.org/entity/Q28828670
OWI9W5D2,8,6,http://www.wikidata.org/entity/Q28828670
OWI9W5D2,9,6,http://www.wikidata.org/entity/Q1585334
OMXDUEG0,1,0,http://www.wikidata.org/entity/Q77667594
OMXDUEG0,2,0,http://www.wikidata.org/entity/Q77667544
OMXDUEG0,3,0,http://www.wikidata.org/entity/Q77666677
OMXDUEG0,4,0,http://www.wikidata.org/entity/Q77664669
OMXDUEG0,5,0,http://www.wikidata.org/entity/Q77664691
OMXDUEG0,6,0,http://www.wikidata.org/entity/Q77664559
OMXDUEG0,7,0,http://www.wikidata.org/entity/Q77666861
OMXDUEG0,8,0,http://www.wikidata.org/entity/Q77664771
OMXDUEG0,9,0,http://www.wikidata.org/entity/Q77665097
OMXDUEG0,10,0,http://www.wikidata.org/entity/Q76831361
OMXDUEG0,1,2,http://www.wikidata.org/entity/Q8910
OMXDUEG0,2,2,http://www.wikidata.org/entity/Q10448
OMXDUEG0,3,2,http://www.wikidata.org/entity/Q8853
OMXDUEG0,4,2,http://www.wikidata.org/entity/Q8839
OMXDUEG0,5,2,http://www.wikidata.org/entity/Q10448
OMXDUEG0,6,2,http://www.wikidata.org/entity/Q8675
OMXDUEG0,7,2,http://www.wikidata.org/entity/Q8667
OMXDUEG0,8,2,http://www.wikidata.org/entity/Q10448
OMXDUEG0,9,2,http://www.wikidata.org/entity/Q9285
OMXDUEG0,10,2,http://www.wikidata.org/entity/Q8849
OMXDUEG0,1,4,http://www.wikidata.org/entity/Q67756325
OMXDUEG0,2,4,http://www.wikidata.org/entity/Q67756095
OMXDUEG0,3,4,http://www.wikidata.org/entity/Q67759806
OMXDUEG0,4,4,http://www.wikidata.org/entity/Q67759808
OMXDUEG0,5,4,http://www.wikidata.org/entity/Q67758186
OMXDUEG0,6,4,http://www.wikidata.org/entity/Q67756065
OMXDUEG0,7,4,http://www.wikidata.org/entity/Q67751012
OMXDUEG0,8,4,http://www.wikidata.org/entity/Q67755013
OMXDUEG0,9,4,http://www.wikidata.org/entity/Q67759099
OMXDUEG0,10,4,http://www.wikidata.org/entity/Q67670984
CDAI3C5T,0,0,http://www.wikidata.org/entity/Q218593
CDAI3C5T,1,0,http://www.wikidata.org/entity/Q745634
CDAI3C5T,2,0,http://www.wikidata.org/entity/Q942326
CDAI3C5T,3,0,http://www.wikidata.org/entity/Q491566
CDAI3C5T,4,0,http://www.wikidata.org/entity/Q21776840
CDAI3C5T,0,1,http://www.wikidata.org/entity/Q218593
CDAI3C5T,1,1,http://www.wikidata.org/entity/Q220
CDAI3C5T,2,1,http://www.wikidata.org/entity/Q15226468
CDAI3C5T,3,1,http://www.wikidata.org/entity/Q586
CDAI3C5T,4,1,http://www.wikidata.org/entity/Q64
CDAI3C5T,0,2,http://www.wikidata.org/entity/Q14877683
CDAI3C5T,1,2,http://www.wikidata.org/entity/Q38
CDAI3C5T,2,2,http://www.wikidata.org/entity/Q30
CDAI3C5T,3,2,http://www.wikidata.org/entity/Q183
CDAI3C5T,4,2,http://www.wikidata.org/entity/Q183
CDAI3C5T,0,3,http://www.wikidata.org/entity/Q218593
CDAI3C5T,1,3,http://www.wikidata.org/entity/Q16560401
CDAI3C5T,2,3,http://www.wikidata.org/entity/Q12014326
CDAI3C5T,3,3,http://www.wikidata.org/entity/Q86294
CDAI3C5T,4,3,http://www.wikidata.org/entity/Q1225461
CDAI3C5T,0,4,http://www.wikidata.org/entity/Q9633
CDAI3C5T,1,4,http://www.wikidata.org/entity/Q1112537
CDAI3C5T,2,4,http://www.wikidata.org/entity/Q910252
CDAI3C5T,3,4,http://www.wikidata.org/entity/Q896375
CDAI3C5T,4,4,http://www.wikidata.org/entity/Q1451816
I8K6NHUK,1,2,http://www.wikidata.org/entity/Q279892
I8K6NHUK,2,2,http://www.wikidata.org/entity/Q7273603
I8K6NHUK,3,2,http://www.wikidata.org/entity/Q7273603
I8K6NHUK,4,2,http://www.wikidata.org/entity/Q279892
I8K6NHUK,1,3,http://www.wikidata.org/entity/Q10338607
I8K6NHUK,2,3,http://www.wikidata.org/entity/Q186875
I8K6NHUK,3,3,http://www.wikidata.org/entity/Q186875
I8K6NHUK,4,3,http://www.wikidata.org/entity/Q186875
13XTJPB5,1,0,http://www.wikidata.org/entity/Q7604486
13XTJPB5,2,0,http://www.wikidata.org/entity/Q11823526
13XTJPB5,3,0,http://www.wikidata.org/entity/Q5564477
13XTJPB5,4,0,http://www.wikidata.org/entity/Q20747228
13XTJPB5,1,1,http://www.wikidata.org/entity/Q34095
13XTJPB5,2,1,http://www.wikidata.org/entity/Q34095
13XTJPB5,3,1,http://www.wikidata.org/entity/Q34095
13XTJPB5,4,1,http://www.wikidata.org/entity/Q34095
13XTJPB5,1,2,http://www.wikidata.org/entity/Q20986424
13XTJPB5,2,2,http://www.wikidata.org/entity/Q268
13XTJPB5,3,2,http://www.wikidata.org/entity/Q24639
13XTJPB5,4,2,http://www.wikidata.org/entity/Q334
13XTJPB5,1,3,http://www.wikidata.org/entity/Q145
13XTJPB5,2,3,http://www.wikidata.org/entity/Q36
13XTJPB5,3,3,http://www.wikidata.org/entity/Q16
13XTJPB5,4,3,http://www.wikidata.org/entity/Q334
6TQ732ER,1,0,http://www.wikidata.org/entity/Q857030
6TQ732ER,2,0,http://www.wikidata.org/entity/Q562173
6TQ732ER,3,0,http://www.wikidata.org/entity/Q757035
6TQ732ER,4,0,http://www.wikidata.org/entity/Q1424715
6TQ732ER,1,1,http://www.wikidata.org/entity/Q190795
6TQ732ER,2,1,http://www.wikidata.org/entity/Q190795
6TQ732ER,3,1,http://www.wikidata.org/entity/Q190795
6TQ732ER,4,1,http://www.wikidata.org/entity/Q190795
6TQ732ER,1,3,http://www.wikidata.org/entity/Q518760
6TQ732ER,2,3,http://www.wikidata.org/entity/Q507375
6TQ732ER,3,3,http://www.wikidata.org/entity/Q493983
6TQ732ER,4,3,http://www.wikidata.org/entity/Q1424721
SVKZ3BHI,1,0,http://www.wikidata.org/entity/Q17384048
SVKZ3BHI,2,0,http://www.wikidata.org/entity/Q23040121
SVKZ3BHI,3,0,http://www.wikidata.org/entity/Q2385515
SVKZ3BHI,4,0,http://www.wikidata.org/entity/Q1033446
SVKZ3BHI,1,1,http://www.wikidata.org/entity/Q245188
SVKZ3BHI,2,1,http://www.wikidata.org/entity/Q191105
SVKZ3BHI,3,1,http://www.wikidata.org/entity/Q548879
SVKZ3BHI,4,1,http://www.wikidata.org/entity/Q1513688
SVKZ3BHI,1,2,http://www.wikidata.org/entity/Q30141827
SVKZ3BHI,2,2,http://www.wikidata.org/entity/Q1402724
SVKZ3BHI,3,2,http://www.wikidata.org/entity/Q4905605
SVKZ3BHI,4,2,http://www.wikidata.org/entity/Q1054027
SVKZ3BHI,1,3,http://www.wikidata.org/entity/Q54824224
SVKZ3BHI,2,3,http://www.wikidata.org/entity/Q54824224
SVKZ3BHI,3,3,http://www.wikidata.org/entity/Q19558910
SVKZ3BHI,4,3,http://www.wikidata.org/entity/Q1129142
1E1HTTO7,1,0,http://www.wikidata.org/entity/Q6799682
1E1HTTO7,2,0,http://www.wikidata.org/entity/Q6785741
1E1HTTO7,3,0,http://www.wikidata.org/entity/Q6753411
1E1HTTO7,4,0,http://www.wikidata.org/entity/Q6673918
1E1HTTO7,5,0,http://www.wikidata.org/entity/Q6552506
1E1HTTO7,6,0,http://www.wikidata.org/entity/Q6450445
1E1HTTO7,7,0,http://www.wikidata.org/entity/Q6432493
1E1HTTO7,8,0,http://www.wikidata.org/entity/Q6416557
1E1HTTO7,9,0,http://www.wikidata.org/entity/Q6416417
1E1HTTO7,10,0,http://www.wikidata.org/entity/Q6408136
1E1HTTO7,11,0,http://www.wikidata.org/entity/Q6404057
1E1HTTO7,12,0,http://www.wikidata.org/entity/Q6403932
1E1HTTO7,13,0,http://www.wikidata.org/entity/Q6374890
1E1HTTO7,14,0,http://www.wikidata.org/entity/Q6350440
1E1HTTO7,15,0,http://www.wikidata.org/entity/Q6273464
1E1HTTO7,1,1,http://www.wikidata.org/entity/Q458382
1E1HTTO7,2,1,http://www.wikidata.org/entity/Q2787568
1E1HTTO7,3,1,http://www.wikidata.org/entity/Q153326
1E1HTTO7,4,1,http://www.wikidata.org/entity/Q329261
1E1HTTO7,5,1,http://www.wikidata.org/entity/Q309339
1E1HTTO7,6,1,http://www.wikidata.org/entity/Q331153
1E1HTTO7,7,1,http://www.wikidata.org/entity/Q389737
1E1HTTO7,8,1,http://www.wikidata.org/entity/Q153339
1E1HTTO7,9,1,http://www.wikidata.org/entity/Q458412
1E1HTTO7,10,1,http://www.wikidata.org/entity/Q458388
1E1HTTO7,11,1,http://www.wikidata.org/entity/Q747943
1E1HTTO7,12,1,http://www.wikidata.org/entity/Q458412
1E1HTTO7,13,1,http://www.wikidata.org/entity/Q747943
1E1HTTO7,14,1,http://www.wikidata.org/entity/Q153329
1E1HTTO7,15,1,http://www.wikidata.org/entity/Q309190
1E1HTTO7,1,2,http://www.wikidata.org/entity/Q924
1E1HTTO7,2,2,http://www.wikidata.org/entity/Q924
1E1HTTO7,3,2,http://www.wikidata.org/entity/Q924
1E1HTTO7,4,2,http://www.wikidata.org/entity/Q924
1E1HTTO7,5,2,http://www.wikidata.org/entity/Q924
1E1HTTO7,6,2,http://www.wikidata.org/entity/Q924
1E1HTTO7,7,2,http://www.wikidata.org/entity/Q924
1E1HTTO7,8,2,http://www.wikidata.org/entity/Q924
1E1HTTO7,9,2,http://www.wikidata.org/entity/Q924
1E1HTTO7,10,2,http://www.wikidata.org/entity/Q924
1E1HTTO7,11,2,http://www.wikidata.org/entity/Q924
1E1HTTO7,12,2,http://www.wikidata.org/entity/Q924
1E1HTTO7,13,2,http://www.wikidata.org/entity/Q924
1E1HTTO7,14,2,http://www.wikidata.org/entity/Q924
1E1HTTO7,15,2,http://www.wikidata.org/entity/Q924
1E1HTTO7,1,3,http://www.wikidata.org/entity/Q2409750
1E1HTTO7,2,3,http://www.wikidata.org/entity/Q2409750
1E1HTTO7,3,3,http://www.wikidata.org/entity/Q2409750
1E1HTTO7,4,3,http://www.wikidata.org/entity/Q2409750
1E1HTTO7,5,3,http://www.wikidata.org/entity/Q2409750
1E1HTTO7,6,3,http://www.wikidata.org/entity/Q2409750
1E1HTTO7,7,3,http://www.wikidata.org/entity/Q2409750
1E1HTTO7,8,3,http://www.wikidata.org/entity/Q2409750
1E1HTTO7,9,3,http://www.wikidata.org/entity/Q2409750
1E1HTTO7,10,3,http://www.wikidata.org/entity/Q2409750
1E1HTTO7,11,3,http://www.wikidata.org/entity/Q2409750
1E1HTTO7,12,3,http://www.wikidata.org/entity/Q2409750
1E1HTTO7,13,3,http://www.wikidata.org/entity/Q2409750
1E1HTTO7,14,3,http://www.wikidata.org/entity/Q2409750
1E1HTTO7,15,3,http://www.wikidata.org/entity/Q2409750
QQNLA3X2,0,0,http://www.wikidata.org/entity/Q9633
QQNLA3X2,1,0,http://www.wikidata.org/entity/Q5427480
QQNLA3X2,2,0,http://www.wikidata.org/entity/Q10497116
QQNLA3X2,3,0,http://www.wikidata.org/entity/Q31843330
QQNLA3X2,4,0,http://www.wikidata.org/entity/Q31843324
QQNLA3X2,5,0,http://www.wikidata.org/entity/Q10497116
QQNLA3X2,6,0,http://www.wikidata.org/entity/Q31843330
QQNLA3X2,7,0,http://www.wikidata.org/entity/Q31843324
QQNLA3X2,8,0,http://www.wikidata.org/entity/Q10497116
QQNLA3X2,9,0,http://www.wikidata.org/entity/Q31843330
QQNLA3X2,0,1,http://www.wikidata.org/entity/Q218593
QQNLA3X2,1,1,http://www.wikidata.org/entity/Q34
QQNLA3X2,2,1,http://www.wikidata.org/entity/Q34
QQNLA3X2,3,1,http://www.wikidata.org/entity/Q34
QQNLA3X2,4,1,http://www.wikidata.org/entity/Q34
QQNLA3X2,5,1,http://www.wikidata.org/entity/Q34
QQNLA3X2,6,1,http://www.wikidata.org/entity/Q34
QQNLA3X2,7,1,http://www.wikidata.org/entity/Q34
QQNLA3X2,8,1,http://www.wikidata.org/entity/Q34
QQNLA3X2,9,1,http://www.wikidata.org/entity/Q34
QQNLA3X2,0,2,http://www.wikidata.org/entity/Q14877683
QQNLA3X2,1,2,http://www.wikidata.org/entity/Q10568340
QQNLA3X2,2,2,http://www.wikidata.org/entity/Q60969754
QQNLA3X2,3,2,http://www.wikidata.org/entity/Q2181363
QQNLA3X2,4,2,http://www.wikidata.org/entity/Q2181363
QQNLA3X2,5,2,http://www.wikidata.org/entity/Q60969754
QQNLA3X2,6,2,http://www.wikidata.org/entity/Q2181363
QQNLA3X2,7,2,http://www.wikidata.org/entity/Q2181363
QQNLA3X2,8,2,http://www.wikidata.org/entity/Q60969754
QQNLA3X2,9,2,http://www.wikidata.org/entity/Q2181363
QQNLA3X2,0,3,http://www.wikidata.org/entity/Q218593
QQNLA3X2,1,3,http://www.wikidata.org/entity/Q78878789
QQNLA3X2,2,3,http://www.wikidata.org/entity/Q78865121
QQNLA3X2,3,3,http://www.wikidata.org/entity/Q78865121
QQNLA3X2,4,3,http://www.wikidata.org/entity/Q78865121
QQNLA3X2,5,3,http://www.wikidata.org/entity/Q78865078
QQNLA3X2,6,3,http://www.wikidata.org/entity/Q78865078
QQNLA3X2,7,3,http://www.wikidata.org/entity/Q78865078
QQNLA3X2,8,3,http://www.wikidata.org/entity/Q78865033
QQNLA3X2,9,3,http://www.wikidata.org/entity/Q78865033
QQNLA3X2,0,4,http://www.wikidata.org/entity/Q218593
QQNLA3X2,1,4,http://www.wikidata.org/entity/Q113525
QQNLA3X2,2,4,http://www.wikidata.org/entity/Q113525
QQNLA3X2,3,4,http://www.wikidata.org/entity/Q113525
QQNLA3X2,4,4,http://www.wikidata.org/entity/Q113525
QQNLA3X2,5,4,http://www.wikidata.org/entity/Q113525
QQNLA3X2,6,4,http://www.wikidata.org/entity/Q113525
QQNLA3X2,7,4,http://www.wikidata.org/entity/Q113525
QQNLA3X2,8,4,http://www.wikidata.org/entity/Q113525
QQNLA3X2,9,4,http://www.wikidata.org/entity/Q113525
4H7IJP3D,1,0,http://www.wikidata.org/entity/Q12560
4H7IJP3D,2,0,http://www.wikidata.org/entity/Q13053139
4H7IJP3D,3,0,http://www.wikidata.org/entity/Q7380487
4H7IJP3D,4,0,http://www.wikidata.org/entity/Q1986139
4H7IJP3D,5,0,http://www.wikidata.org/entity/Q1406298
4H7IJP3D,1,1,http://www.wikidata.org/entity/Q3624078
4H7IJP3D,2,1,http://www.wikidata.org/entity/Q3024240
4H7IJP3D,3,1,http://www.wikidata.org/entity/Q3024240
4H7IJP3D,4,1,http://www.wikidata.org/entity/Q3024240
4H7IJP3D,5,1,http://www.wikidata.org/entity/Q3024240
4H7IJP3D,1,3,http://www.wikidata.org/entity/Q432
4H7IJP3D,2,3,http://www.wikidata.org/entity/Q1142277
4H7IJP3D,3,3,http://www.wikidata.org/entity/Q172904
4H7IJP3D,4,3,http://www.wikidata.org/entity/Q9601
4H7IJP3D,5,3,http://www.wikidata.org/entity/Q188814
4H7IJP3D,1,4,http://www.wikidata.org/entity/Q36730
4H7IJP3D,2,4,http://www.wikidata.org/entity/Q10713
4H7IJP3D,3,4,http://www.wikidata.org/entity/Q35225
4H7IJP3D,4,4,http://www.wikidata.org/entity/Q25953
4H7IJP3D,5,4,http://www.wikidata.org/entity/Q8748
7MYF1B8A,1,0,http://www.wikidata.org/entity/Q10659232
7MYF1B8A,2,0,http://www.wikidata.org/entity/Q10573209
7MYF1B8A,3,0,http://www.wikidata.org/entity/Q10573202
7MYF1B8A,4,0,http://www.wikidata.org/entity/Q10573201
7MYF1B8A,5,0,http://www.wikidata.org/entity/Q10573200
7MYF1B8A,1,2,http://www.wikidata.org/entity/Q5389052
7MYF1B8A,2,2,http://www.wikidata.org/entity/Q820324
7MYF1B8A,3,2,http://www.wikidata.org/entity/Q7106970
7MYF1B8A,4,2,http://www.wikidata.org/entity/Q7106970
7MYF1B8A,5,2,http://www.wikidata.org/entity/Q1417678
7MYF1B8A,1,3,http://www.wikidata.org/entity/Q2072352
7MYF1B8A,2,3,http://www.wikidata.org/entity/Q2072352
7MYF1B8A,3,3,http://www.wikidata.org/entity/Q2072352
7MYF1B8A,4,3,http://www.wikidata.org/entity/Q2072352
7MYF1B8A,5,3,http://www.wikidata.org/entity/Q2072352
2GOIGA7S,1,0,http://www.wikidata.org/entity/Q218593
2GOIGA7S,2,0,http://www.wikidata.org/entity/Q218593
2GOIGA7S,3,0,http://www.wikidata.org/entity/Q218593
2GOIGA7S,1,1,http://www.wikidata.org/entity/Q8050905
2GOIGA7S,2,1,http://www.wikidata.org/entity/Q7772244
2GOIGA7S,3,1,http://www.wikidata.org/entity/Q85866791
2GOIGA7S,1,2,http://www.wikidata.org/entity/Q5179557
2GOIGA7S,2,2,http://www.wikidata.org/entity/Q7772244
2GOIGA7S,3,2,http://www.wikidata.org/entity/Q85866791
2GOIGA7S,1,3,http://www.wikidata.org/entity/Q4763026
2GOIGA7S,2,3,http://www.wikidata.org/entity/Q7772244
2GOIGA7S,3,3,http://www.wikidata.org/entity/Q85866791
2GOIGA7S,1,4,http://www.wikidata.org/entity/Q3284370
2GOIGA7S,2,4,http://www.wikidata.org/entity/Q7772244
2GOIGA7S,3,4,http://www.wikidata.org/entity/Q85866791
2GOIGA7S,1,5,http://www.wikidata.org/entity/Q3800734
2GOIGA7S,2,5,http://www.wikidata.org/entity/Q2559077
2GOIGA7S,3,5,http://www.wikidata.org/entity/Q2559077
2GOIGA7S,1,6,http://www.wikidata.org/entity/Q2117940
2GOIGA7S,2,6,http://www.wikidata.org/entity/Q7772244
2GOIGA7S,3,6,http://www.wikidata.org/entity/Q85866791
2GOIGA7S,1,7,http://www.wikidata.org/entity/Q16994754
2GOIGA7S,2,7,http://www.wikidata.org/entity/Q2559077
2GOIGA7S,3,7,http://www.wikidata.org/entity/Q2559077
2GOIGA7S,1,8,http://www.wikidata.org/entity/Q8048867
2GOIGA7S,2,8,http://www.wikidata.org/entity/Q7772244
2GOIGA7S,3,8,http://www.wikidata.org/entity/Q85866791
2GOIGA7S,1,9,http://www.wikidata.org/entity/Q6090795
2GOIGA7S,2,9,http://www.wikidata.org/entity/Q7772244
2GOIGA7S,3,9,http://www.wikidata.org/entity/Q85866791
2GOIGA7S,1,10,http://www.wikidata.org/entity/Q4638193
2GOIGA7S,2,10,http://www.wikidata.org/entity/Q7772244
2GOIGA7S,3,10,http://www.wikidata.org/entity/Q85866791
2GOIGA7S,1,11,http://www.wikidata.org/entity/Q5889015
2GOIGA7S,2,11,http://www.wikidata.org/entity/Q7772244
2GOIGA7S,3,11,http://www.wikidata.org/entity/Q85866791
2GOIGA7S,1,12,http://www.wikidata.org/entity/Q7717378
2GOIGA7S,2,12,http://www.wikidata.org/entity/Q7772244
2GOIGA7S,3,12,http://www.wikidata.org/entity/Q85866791
2GOIGA7S,1,13,http://www.wikidata.org/entity/Q6657571
2GOIGA7S,2,13,http://www.wikidata.org/entity/Q7772244
2GOIGA7S,3,13,http://www.wikidata.org/entity/Q85866791
2GOIGA7S,1,14,http://www.wikidata.org/entity/Q7785226
2GOIGA7S,2,14,http://www.wikidata.org/entity/Q7772244
2GOIGA7S,3,14,http://www.wikidata.org/entity/Q85866791
D2K1NQPE,1,0,http://www.wikidata.org/entity/Q22677835
D2K1NQPE,2,0,http://www.wikidata.org/entity/Q22676057
D2K1NQPE,3,0,http://www.wikidata.org/entity/Q22677835
D2K1NQPE,4,0,http://www.wikidata.org/entity/Q22677666
D2K1NQPE,5,0,http://www.wikidata.org/entity/Q22674620
D2K1NQPE,6,0,http://www.wikidata.org/entity/Q22677666
D2K1NQPE,7,0,http://www.wikidata.org/entity/Q22677061
D2K1NQPE,8,0,http://www.wikidata.org/entity/Q22677666
D2K1NQPE,9,0,http://www.wikidata.org/entity/Q22677061
D2K1NQPE,10,0,http://www.wikidata.org/entity/Q22677866
D2K1NQPE,11,0,http://www.wikidata.org/entity/Q22668811
D2K1NQPE,1,1,http://www.wikidata.org/entity/Q666063
D2K1NQPE,2,1,http://www.wikidata.org/entity/Q666063
D2K1NQPE,3,1,http://www.wikidata.org/entity/Q666063
D2K1NQPE,4,1,http://www.wikidata.org/entity/Q666063
D2K1NQPE,5,1,http://www.wikidata.org/entity/Q666063
D2K1NQPE,6,1,http://www.wikidata.org/entity/Q21651637
D2K1NQPE,7,1,http://www.wikidata.org/entity/Q21651637
D2K1NQPE,8,1,http://www.wikidata.org/entity/Q666063
D2K1NQPE,9,1,http://www.wikidata.org/entity/Q666063
D2K1NQPE,10,1,http://www.wikidata.org/entity/Q21651637
D2K1NQPE,11,1,http://www.wikidata.org/entity/Q21651637
D2K1NQPE,1,2,http://www.wikidata.org/entity/Q1339862
D2K1NQPE,2,2,http://www.wikidata.org/entity/Q627603
D2K1NQPE,3,2,http://www.wikidata.org/entity/Q583866
D2K1NQPE,4,2,http://www.wikidata.org/entity/Q170980
D2K1NQPE,5,2,http://www.wikidata.org/entity/Q130958
D2K1NQPE,6,2,http://www.wikidata.org/entity/Q125191
D2K1NQPE,7,2,http://www.wikidata.org/entity/Q125191
D2K1NQPE,8,2,http://www.wikidata.org/entity/Q125191
D2K1NQPE,9,2,http://www.wikidata.org/entity/Q125191
D2K1NQPE,10,2,http://www.wikidata.org/entity/Q87167
D2K1NQPE,11,2,http://www.wikidata.org/entity/Q87167
D2K1NQPE,1,3,http://www.wikidata.org/entity/Q3403561
D2K1NQPE,2,3,http://www.wikidata.org/entity/Q3403561
D2K1NQPE,3,3,http://www.wikidata.org/entity/Q3403561
D2K1NQPE,4,3,http://www.wikidata.org/entity/Q3403561
D2K1NQPE,5,3,http://www.wikidata.org/entity/Q3403561
D2K1NQPE,6,3,http://www.wikidata.org/entity/Q3403561
D2K1NQPE,7,3,http://www.wikidata.org/entity/Q3403561
D2K1NQPE,8,3,http://www.wikidata.org/entity/Q3403561
D2K1NQPE,9,3,http://www.wikidata.org/entity/Q3403561
D2K1NQPE,10,3,http://www.wikidata.org/entity/Q3403561
D2K1NQPE,11,3,http://www.wikidata.org/entity/Q3403561
D2K1NQPE,1,4,http://www.wikidata.org/entity/Q843958
D2K1NQPE,2,4,http://www.wikidata.org/entity/Q843958
D2K1NQPE,3,4,http://www.wikidata.org/entity/Q843958
D2K1NQPE,4,4,http://www.wikidata.org/entity/Q843958
D2K1NQPE,5,4,http://www.wikidata.org/entity/Q843958
D2K1NQPE,6,4,http://www.wikidata.org/entity/Q843958
D2K1NQPE,7,4,http://www.wikidata.org/entity/Q843958
D2K1NQPE,8,4,http://www.wikidata.org/entity/Q843958
D2K1NQPE,9,4,http://www.wikidata.org/entity/Q843958
D2K1NQPE,10,4,http://www.wikidata.org/entity/Q843958
D2K1NQPE,11,4,http://www.wikidata.org/entity/Q843958
D2K1NQPE,1,5,http://www.wikidata.org/entity/Q21651637
D2K1NQPE,2,5,http://www.wikidata.org/entity/Q21651637
D2K1NQPE,3,5,http://www.wikidata.org/entity/Q21651637
D2K1NQPE,4,5,http://www.wikidata.org/entity/Q21651637
D2K1NQPE,5,5,http://www.wikidata.org/entity/Q21651637
D2K1NQPE,6,5,http://www.wikidata.org/entity/Q21651637
D2K1NQPE,7,5,http://www.wikidata.org/entity/Q21651637
D2K1NQPE,8,5,http://www.wikidata.org/entity/Q21651637
D2K1NQPE,9,5,http://www.wikidata.org/entity/Q21651637
D2K1NQPE,10,5,http://www.wikidata.org/entity/Q21651637
D2K1NQPE,11,5,http://www.wikidata.org/entity/Q21651637
D2K1NQPE,1,6,http://www.wikidata.org/entity/Q666063
D2K1NQPE,2,6,http://www.wikidata.org/entity/Q666063
D2K1NQPE,3,6,http://www.wikidata.org/entity/Q666063
D2K1NQPE,4,6,http://www.wikidata.org/entity/Q666063
D2K1NQPE,5,6,http://www.wikidata.org/entity/Q666063
D2K1NQPE,6,6,http://www.wikidata.org/entity/Q666063
D2K1NQPE,7,6,http://www.wikidata.org/entity/Q666063
D2K1NQPE,8,6,http://www.wikidata.org/entity/Q666063
D2K1NQPE,9,6,http://www.wikidata.org/entity/Q666063
D2K1NQPE,10,6,http://www.wikidata.org/entity/Q666063
D2K1NQPE,11,6,http://www.wikidata.org/entity/Q666063
2WCEJV8L,1,0,http://www.wikidata.org/entity/Q19925164
2WCEJV8L,2,0,http://www.wikidata.org/entity/Q3900153
2WCEJV8L,3,0,http://www.wikidata.org/entity/Q19925704
2WCEJV8L,4,0,http://www.wikidata.org/entity/Q123935
2WCEJV8L,5,0,http://www.wikidata.org/entity/Q1206860
2WCEJV8L,6,0,http://www.wikidata.org/entity/Q19926216
2WCEJV8L,7,0,http://www.wikidata.org/entity/Q19926218
2WCEJV8L,8,0,http://www.wikidata.org/entity/Q19925169
2WCEJV8L,9,0,http://www.wikidata.org/entity/Q123935
2WCEJV8L,10,0,http://www.wikidata.org/entity/Q27701461
2WCEJV8L,11,0,http://www.wikidata.org/entity/Q19925629
2WCEJV8L,1,2,http://www.wikidata.org/entity/Q2864737
2WCEJV8L,2,2,http://www.wikidata.org/entity/Q3374376
2WCEJV8L,3,2,http://www.wikidata.org/entity/Q2864737
2WCEJV8L,4,2,http://www.wikidata.org/entity/Q3374376
2WCEJV8L,5,2,http://www.wikidata.org/entity/Q3374376
2WCEJV8L,6,2,http://www.wikidata.org/entity/Q3374376
2WCEJV8L,7,2,http://www.wikidata.org/entity/Q3374376
2WCEJV8L,8,2,http://www.wikidata.org/entity/Q3374376
2WCEJV8L,9,2,http://www.wikidata.org/entity/Q3374376
2WCEJV8L,10,2,http://www.wikidata.org/entity/Q3374376
2WCEJV8L,11,2,http://www.wikidata.org/entity/Q3374376
2WCEJV8L,1,4,http://www.wikidata.org/entity/Q5599
2WCEJV8L,2,4,http://www.wikidata.org/entity/Q5599
2WCEJV8L,3,4,http://www.wikidata.org/entity/Q5599
2WCEJV8L,4,4,http://www.wikidata.org/entity/Q5599
2WCEJV8L,5,4,http://www.wikidata.org/entity/Q5599
2WCEJV8L,6,4,http://www.wikidata.org/entity/Q5599
2WCEJV8L,7,4,http://www.wikidata.org/entity/Q5599
2WCEJV8L,8,4,http://www.wikidata.org/entity/Q5599
2WCEJV8L,9,4,http://www.wikidata.org/entity/Q5599
2WCEJV8L,10,4,http://www.wikidata.org/entity/Q5599
2WCEJV8L,11,4,http://www.wikidata.org/entity/Q4233718
2WCEJV8L,1,5,http://www.wikidata.org/entity/Q1093370
2WCEJV8L,2,5,http://www.wikidata.org/entity/Q920028
2WCEJV8L,3,5,http://www.wikidata.org/entity/Q720016
2WCEJV8L,4,5,http://www.wikidata.org/entity/Q645312
2WCEJV8L,5,5,http://www.wikidata.org/entity/Q645312
2WCEJV8L,6,5,http://www.wikidata.org/entity/Q577552
2WCEJV8L,7,5,http://www.wikidata.org/entity/Q542758
2WCEJV8L,8,5,http://www.wikidata.org/entity/Q486680
2WCEJV8L,9,5,http://www.wikidata.org/entity/Q464091
2WCEJV8L,10,5,http://www.wikidata.org/entity/Q208588
2WCEJV8L,11,5,http://www.wikidata.org/entity/Q193267
QK14WE5Q,1,0,http://www.wikidata.org/entity/Q55212530
QK14WE5Q,2,0,http://www.wikidata.org/entity/Q55212529
QK14WE5Q,3,0,http://www.wikidata.org/entity/Q55212528
QK14WE5Q,4,0,http://www.wikidata.org/entity/Q55212527
QK14WE5Q,5,0,http://www.wikidata.org/entity/Q55212526
QK14WE5Q,6,0,http://www.wikidata.org/entity/Q55212522
QK14WE5Q,7,0,http://www.wikidata.org/entity/Q55212446
QK14WE5Q,8,0,http://www.wikidata.org/entity/Q55212445
QK14WE5Q,9,0,http://www.wikidata.org/entity/Q55212444
QK14WE5Q,10,0,http://www.wikidata.org/entity/Q55212443
QK14WE5Q,1,2,http://www.wikidata.org/entity/Q371803
QK14WE5Q,2,2,http://www.wikidata.org/entity/Q371803
QK14WE5Q,3,2,http://www.wikidata.org/entity/Q371803
QK14WE5Q,4,2,http://www.wikidata.org/entity/Q371803
QK14WE5Q,5,2,http://www.wikidata.org/entity/Q371803
QK14WE5Q,6,2,http://www.wikidata.org/entity/Q371803
QK14WE5Q,7,2,http://www.wikidata.org/entity/Q371803
QK14WE5Q,8,2,http://www.wikidata.org/entity/Q371803
QK14WE5Q,9,2,http://www.wikidata.org/entity/Q371803
QK14WE5Q,10,2,http://www.wikidata.org/entity/Q371803
QK14WE5Q,1,3,http://www.wikidata.org/entity/Q1261026
QK14WE5Q,2,3,http://www.wikidata.org/entity/Q1261026
QK14WE5Q,3,3,http://www.wikidata.org/entity/Q1261026
QK14WE5Q,4,3,http://www.wikidata.org/entity/Q1261026
QK14WE5Q,5,3,http://www.wikidata.org/entity/Q1261026
QK14WE5Q,6,3,http://www.wikidata.org/entity/Q1261026
QK14WE5Q,7,3,http://www.wikidata.org/entity/Q1261026
QK14WE5Q,8,3,http://www.wikidata.org/entity/Q1261026
QK14WE5Q,9,3,http://www.wikidata.org/entity/Q1261026
QK14WE5Q,10,3,http://www.wikidata.org/entity/Q1261026
F1HKHX4U,1,0,http://www.wikidata.org/entity/Q15972446
F1HKHX4U,2,0,http://www.wikidata.org/entity/Q12056497
F1HKHX4U,3,0,http://www.wikidata.org/entity/Q15179675
F1HKHX4U,4,0,http://www.wikidata.org/entity/Q15972446
F1HKHX4U,5,0,http://www.wikidata.org/entity/Q879888
F1HKHX4U,6,0,http://www.wikidata.org/entity/Q1018499
F1HKHX4U,7,0,http://www.wikidata.org/entity/Q323310
F1HKHX4U,8,0,http://www.wikidata.org/entity/Q684927
F1HKHX4U,9,0,http://www.wikidata.org/entity/Q644421
F1HKHX4U,1,1,http://www.wikidata.org/entity/Q188806
F1HKHX4U,2,1,http://www.wikidata.org/entity/Q942842
F1HKHX4U,3,1,http://www.wikidata.org/entity/Q493811
F1HKHX4U,4,1,http://www.wikidata.org/entity/Q203308
F1HKHX4U,5,1,http://www.wikidata.org/entity/Q5245991
F1HKHX4U,6,1,http://www.wikidata.org/entity/Q25416
F1HKHX4U,7,1,http://www.wikidata.org/entity/Q1222
F1HKHX4U,8,1,http://www.wikidata.org/entity/Q12404
F1HKHX4U,9,1,http://www.wikidata.org/entity/Q834
F1HKHX4U,1,3,http://www.wikidata.org/entity/Q203308
F1HKHX4U,2,3,http://www.wikidata.org/entity/Q942842
F1HKHX4U,3,3,http://www.wikidata.org/entity/Q493811
F1HKHX4U,4,3,http://www.wikidata.org/entity/Q203308
F1HKHX4U,5,3,http://www.wikidata.org/entity/Q3267175
F1HKHX4U,6,3,http://www.wikidata.org/entity/Q492115
F1HKHX4U,7,3,http://www.wikidata.org/entity/Q83236
F1HKHX4U,8,3,http://www.wikidata.org/entity/Q69639
F1HKHX4U,9,3,http://www.wikidata.org/entity/Q35433
C4HFZ37Z,1,0,http://www.wikidata.org/entity/Q218593
C4HFZ37Z,2,0,http://www.wikidata.org/entity/Q218593
C4HFZ37Z,3,0,http://www.wikidata.org/entity/Q218593
C4HFZ37Z,1,1,http://www.wikidata.org/entity/Q38112
C4HFZ37Z,2,1,http://www.wikidata.org/entity/Q47398
C4HFZ37Z,3,1,http://www.wikidata.org/entity/Q38112
C4HFZ37Z,1,2,http://www.wikidata.org/entity/Q1776724
C4HFZ37Z,2,2,http://www.wikidata.org/entity/Q268592
C4HFZ37Z,3,2,http://www.wikidata.org/entity/Q11635
C4HFZ37Z,1,3,http://www.wikidata.org/entity/Q131512
C4HFZ37Z,2,3,http://www.wikidata.org/entity/Q268592
C4HFZ37Z,3,3,http://www.wikidata.org/entity/Q3606845
C4HFZ37Z,1,4,http://www.wikidata.org/entity/Q11030
C4HFZ37Z,2,4,http://www.wikidata.org/entity/Q268592
C4HFZ37Z,3,4,http://www.wikidata.org/entity/Q276099
2N10U6I8,0,0,http://www.wikidata.org/entity/Q218593
2N10U6I8,1,0,http://www.wikidata.org/entity/Q26756659
2N10U6I8,2,0,http://www.wikidata.org/entity/Q26756630
2N10U6I8,3,0,http://www.wikidata.org/entity/Q26756602
2N10U6I8,4,0,http://www.wikidata.org/entity/Q26756573
2N10U6I8,5,0,http://www.wikidata.org/entity/Q26756546
2N10U6I8,6,0,http://www.wikidata.org/entity/Q26756516
2N10U6I8,7,0,http://www.wikidata.org/entity/Q26756486
2N10U6I8,8,0,http://www.wikidata.org/entity/Q26756766
2N10U6I8,9,0,http://www.wikidata.org/entity/Q26756764
2N10U6I8,10,0,http://www.wikidata.org/entity/Q26756762
2N10U6I8,11,0,http://www.wikidata.org/entity/Q26756761
2N10U6I8,12,0,http://www.wikidata.org/entity/Q26756759
2N10U6I8,13,0,http://www.wikidata.org/entity/Q26756742
2N10U6I8,14,0,http://www.wikidata.org/entity/Q26756714
2N10U6I8,15,0,http://www.wikidata.org/entity/Q26756687
2N10U6I8,0,1,http://www.wikidata.org/entity/Q270952
2N10U6I8,1,1,http://www.wikidata.org/entity/Q621642
2N10U6I8,2,1,http://www.wikidata.org/entity/Q621642
2N10U6I8,3,1,http://www.wikidata.org/entity/Q621642
2N10U6I8,4,1,http://www.wikidata.org/entity/Q621642
2N10U6I8,5,1,http://www.wikidata.org/entity/Q621642
2N10U6I8,6,1,http://www.wikidata.org/entity/Q621642
2N10U6I8,7,1,http://www.wikidata.org/entity/Q621642
2N10U6I8,8,1,http://www.wikidata.org/entity/Q1412495
2N10U6I8,9,1,http://www.wikidata.org/entity/Q1412495
2N10U6I8,10,1,http://www.wikidata.org/entity/Q1412495
2N10U6I8,11,1,http://www.wikidata.org/entity/Q1412495
2N10U6I8,12,1,http://www.wikidata.org/entity/Q1412495
2N10U6I8,13,1,http://www.wikidata.org/entity/Q1412495
2N10U6I8,14,1,http://www.wikidata.org/entity/Q1412495
2N10U6I8,15,1,http://www.wikidata.org/entity/Q1412495
2N10U6I8,0,2,http://www.wikidata.org/entity/Q270952
2N10U6I8,1,2,http://www.wikidata.org/entity/Q3826150
2N10U6I8,2,2,http://www.wikidata.org/entity/Q3826150
2N10U6I8,3,2,http://www.wikidata.org/entity/Q3826150
2N10U6I8,4,2,http://www.wikidata.org/entity/Q3826150
2N10U6I8,5,2,http://www.wikidata.org/entity/Q3826150
2N10U6I8,6,2,http://www.wikidata.org/entity/Q3826150
2N10U6I8,7,2,http://www.wikidata.org/entity/Q3826150
2N10U6I8,8,2,http://www.wikidata.org/entity/Q3826150
2N10U6I8,9,2,http://www.wikidata.org/entity/Q3826150
2N10U6I8,10,2,http://www.wikidata.org/entity/Q3826150
2N10U6I8,11,2,http://www.wikidata.org/entity/Q3826150
2N10U6I8,12,2,http://www.wikidata.org/entity/Q3826150
2N10U6I8,13,2,http://www.wikidata.org/entity/Q3826150
2N10U6I8,14,2,http://www.wikidata.org/entity/Q3826150
2N10U6I8,15,2,http://www.wikidata.org/entity/Q3826150
2N10U6I8,0,4,http://www.wikidata.org/entity/Q270952
2N10U6I8,1,4,http://www.wikidata.org/entity/Q34636
2N10U6I8,2,4,http://www.wikidata.org/entity/Q34636
2N10U6I8,3,4,http://www.wikidata.org/entity/Q34636
2N10U6I8,4,4,http://www.wikidata.org/entity/Q34636
2N10U6I8,5,4,http://www.wikidata.org/entity/Q34636
2N10U6I8,6,4,http://www.wikidata.org/entity/Q34636
2N10U6I8,7,4,http://www.wikidata.org/entity/Q34636
2N10U6I8,8,4,http://www.wikidata.org/entity/Q34636
2N10U6I8,9,4,http://www.wikidata.org/entity/Q34636
2N10U6I8,10,4,http://www.wikidata.org/entity/Q34636
2N10U6I8,11,4,http://www.wikidata.org/entity/Q34636
2N10U6I8,12,4,http://www.wikidata.org/entity/Q34636
2N10U6I8,13,4,http://www.wikidata.org/entity/Q34636
2N10U6I8,14,4,http://www.wikidata.org/entity/Q34636
2N10U6I8,15,4,http://www.wikidata.org/entity/Q34636
2N10U6I8,0,5,http://www.wikidata.org/entity/Q218593
2N10U6I8,1,5,http://www.wikidata.org/entity/Q19301062
2N10U6I8,2,5,http://www.wikidata.org/entity/Q19301062
2N10U6I8,3,5,http://www.wikidata.org/entity/Q19301062
2N10U6I8,4,5,http://www.wikidata.org/entity/Q23809791
2N10U6I8,5,5,http://www.wikidata.org/entity/Q19301062
2N10U6I8,6,5,http://www.wikidata.org/entity/Q19301062
2N10U6I8,7,5,http://www.wikidata.org/entity/Q19301062
2N10U6I8,8,5,http://www.wikidata.org/entity/Q19301062
2N10U6I8,9,5,http://www.wikidata.org/entity/Q19301062
2N10U6I8,10,5,http://www.wikidata.org/entity/Q19301062
2N10U6I8,11,5,http://www.wikidata.org/entity/Q23809791
2N10U6I8,12,5,http://www.wikidata.org/entity/Q19301062
2N10U6I8,13,5,http://www.wikidata.org/entity/Q23809791
2N10U6I8,14,5,http://www.wikidata.org/entity/Q23809791
2N10U6I8,15,5,http://www.wikidata.org/entity/Q23809791
2N10U6I8,0,6,http://www.wikidata.org/entity/Q35051
2N10U6I8,1,6,http://www.wikidata.org/entity/Q11457
2N10U6I8,2,6,http://www.wikidata.org/entity/Q11457
2N10U6I8,3,6,http://www.wikidata.org/entity/Q11457
2N10U6I8,4,6,http://www.wikidata.org/entity/Q11457
2N10U6I8,5,6,http://www.wikidata.org/entity/Q11457
2N10U6I8,6,6,http://www.wikidata.org/entity/Q11457
2N10U6I8,7,6,http://www.wikidata.org/entity/Q11457
2N10U6I8,8,6,http://www.wikidata.org/entity/Q11457
2N10U6I8,9,6,http://www.wikidata.org/entity/Q11457
2N10U6I8,10,6,http://www.wikidata.org/entity/Q11457
2N10U6I8,11,6,http://www.wikidata.org/entity/Q11457
2N10U6I8,12,6,http://www.wikidata.org/entity/Q11457
2N10U6I8,13,6,http://www.wikidata.org/entity/Q11457
2N10U6I8,14,6,http://www.wikidata.org/entity/Q11457
2N10U6I8,15,6,http://www.wikidata.org/entity/Q1412495
2N10U6I8,0,7,http://www.wikidata.org/entity/Q218593
2N10U6I8,1,7,http://www.wikidata.org/entity/Q29
2N10U6I8,2,7,http://www.wikidata.org/entity/Q29
2N10U6I8,3,7,http://www.wikidata.org/entity/Q29
2N10U6I8,4,7,http://www.wikidata.org/entity/Q29
2N10U6I8,5,7,http://www.wikidata.org/entity/Q29
2N10U6I8,6,7,http://www.wikidata.org/entity/Q29
2N10U6I8,7,7,http://www.wikidata.org/entity/Q29
2N10U6I8,8,7,http://www.wikidata.org/entity/Q29
2N10U6I8,9,7,http://www.wikidata.org/entity/Q29
2N10U6I8,10,7,http://www.wikidata.org/entity/Q29
2N10U6I8,11,7,http://www.wikidata.org/entity/Q29
2N10U6I8,12,7,http://www.wikidata.org/entity/Q29
2N10U6I8,13,7,http://www.wikidata.org/entity/Q29
2N10U6I8,14,7,http://www.wikidata.org/entity/Q29
2N10U6I8,15,7,http://www.wikidata.org/entity/Q29
ZND7E225,0,0,http://www.wikidata.org/entity/Q218593
ZND7E225,1,0,http://www.wikidata.org/entity/Q20044058
ZND7E225,2,0,http://www.wikidata.org/entity/Q19941368
ZND7E225,3,0,http://www.wikidata.org/entity/Q19758662
ZND7E225,4,0,http://www.wikidata.org/entity/Q19548352
ZND7E225,5,0,http://www.wikidata.org/entity/Q18141920
ZND7E225,6,0,http://www.wikidata.org/entity/Q17212489
ZND7E225,7,0,http://www.wikidata.org/entity/Q17199570
ZND7E225,0,1,http://www.wikidata.org/entity/Q270952
ZND7E225,1,1,http://www.wikidata.org/entity/Q11201247
ZND7E225,2,1,http://www.wikidata.org/entity/Q494775
ZND7E225,3,1,http://www.wikidata.org/entity/Q6414357
ZND7E225,4,1,http://www.wikidata.org/entity/Q28956333
ZND7E225,5,1,http://www.wikidata.org/entity/Q490142
ZND7E225,6,1,http://www.wikidata.org/entity/Q10801453
ZND7E225,7,1,http://www.wikidata.org/entity/Q908436
ZND7E225,0,2,http://www.wikidata.org/entity/Q14877683
ZND7E225,1,2,http://www.wikidata.org/entity/Q20044058
ZND7E225,2,2,http://www.wikidata.org/entity/Q19941368
ZND7E225,3,2,http://www.wikidata.org/entity/Q19758662
ZND7E225,4,2,http://www.wikidata.org/entity/Q860580
ZND7E225,5,2,http://www.wikidata.org/entity/Q18141920
ZND7E225,6,2,http://www.wikidata.org/entity/Q17212489
ZND7E225,7,2,http://www.wikidata.org/entity/Q17199570
ZND7E225,0,3,http://www.wikidata.org/entity/Q9633
ZND7E225,1,3,http://www.wikidata.org/entity/Q219577
ZND7E225,2,3,http://www.wikidata.org/entity/Q219577
ZND7E225,3,3,http://www.wikidata.org/entity/Q219577
ZND7E225,4,3,http://www.wikidata.org/entity/Q219577
ZND7E225,5,3,http://www.wikidata.org/entity/Q219577
ZND7E225,6,3,http://www.wikidata.org/entity/Q219577
ZND7E225,7,3,http://www.wikidata.org/entity/Q219577
94ULNGY1,1,0,http://www.wikidata.org/entity/Q15617371
94ULNGY1,2,0,http://www.wikidata.org/entity/Q8684
94ULNGY1,3,0,http://www.wikidata.org/entity/Q72461736
94ULNGY1,4,0,http://www.wikidata.org/entity/Q4660669
94ULNGY1,5,0,http://www.wikidata.org/entity/Q6691262
94ULNGY1,6,0,http://www.wikidata.org/entity/Q65512034
94ULNGY1,7,0,http://www.wikidata.org/entity/Q11794516
94ULNGY1,8,0,http://www.wikidata.org/entity/Q75043532
94ULNGY1,9,0,http://www.wikidata.org/entity/Q3266403
94ULNGY1,10,0,http://www.wikidata.org/entity/Q72931509
94ULNGY1,11,0,http://www.wikidata.org/entity/Q2412660
94ULNGY1,12,0,http://www.wikidata.org/entity/Q2428833
94ULNGY1,13,0,http://www.wikidata.org/entity/Q68916971
94ULNGY1,14,0,http://www.wikidata.org/entity/Q4660669
94ULNGY1,15,0,http://www.wikidata.org/entity/Q2824142
94ULNGY1,1,1,http://www.wikidata.org/entity/Q134556
94ULNGY1,2,1,http://www.wikidata.org/entity/Q134556
94ULNGY1,3,1,http://www.wikidata.org/entity/Q134556
94ULNGY1,4,1,http://www.wikidata.org/entity/Q134556
94ULNGY1,5,1,http://www.wikidata.org/entity/Q134556
94ULNGY1,6,1,http://www.wikidata.org/entity/Q719645
94ULNGY1,7,1,http://www.wikidata.org/entity/Q169930
94ULNGY1,8,1,http://www.wikidata.org/entity/Q134556
94ULNGY1,9,1,http://www.wikidata.org/entity/Q134556
94ULNGY1,10,1,http://www.wikidata.org/entity/Q134556
94ULNGY1,11,1,http://www.wikidata.org/entity/Q134556
94ULNGY1,12,1,http://www.wikidata.org/entity/Q134556
94ULNGY1,13,1,http://www.wikidata.org/entity/Q134556
94ULNGY1,14,1,http://www.wikidata.org/entity/Q134556
94ULNGY1,15,1,http://www.wikidata.org/entity/Q134556
94ULNGY1,1,2,http://www.wikidata.org/entity/Q38277913
94ULNGY1,2,2,http://www.wikidata.org/entity/Q65532716
94ULNGY1,3,2,http://www.wikidata.org/entity/Q72468088
94ULNGY1,4,2,http://www.wikidata.org/entity/Q67206300
94ULNGY1,5,2,http://www.wikidata.org/entity/Q66625273
94ULNGY1,6,2,http://www.wikidata.org/entity/Q65512421
94ULNGY1,7,2,http://www.wikidata.org/entity/Q60559428
94ULNGY1,8,2,http://www.wikidata.org/entity/Q75044070
94ULNGY1,9,2,http://www.wikidata.org/entity/Q3266403
94ULNGY1,10,2,http://www.wikidata.org/entity/Q72934544
94ULNGY1,11,2,http://www.wikidata.org/entity/Q1619439
94ULNGY1,12,2,http://www.wikidata.org/entity/Q2428833
94ULNGY1,13,2,http://www.wikidata.org/entity/Q68916257
94ULNGY1,14,2,http://www.wikidata.org/entity/Q67206123
94ULNGY1,15,2,http://www.wikidata.org/entity/Q66686047
94ULNGY1,1,4,http://www.wikidata.org/entity/Q29790517
94ULNGY1,2,4,http://www.wikidata.org/entity/Q45824446
94ULNGY1,3,4,http://www.wikidata.org/entity/Q2630434
94ULNGY1,4,4,http://www.wikidata.org/entity/Q463227
94ULNGY1,5,4,http://www.wikidata.org/entity/Q276136
94ULNGY1,6,4,http://www.wikidata.org/entity/Q96415345
94ULNGY1,7,4,http://www.wikidata.org/entity/Q59653365
94ULNGY1,8,4,http://www.wikidata.org/entity/Q3576586
94ULNGY1,9,4,http://www.wikidata.org/entity/Q3266403
94ULNGY1,10,4,http://www.wikidata.org/entity/Q3084166
94ULNGY1,11,4,http://www.wikidata.org/entity/Q1619439
94ULNGY1,12,4,http://www.wikidata.org/entity/Q4770236
94ULNGY1,13,4,http://www.wikidata.org/entity/Q21665181
94ULNGY1,14,4,http://www.wikidata.org/entity/Q463227
94ULNGY1,15,4,http://www.wikidata.org/entity/Q66686023
FXZU1N7F,1,0,http://www.wikidata.org/entity/Q4028917
FXZU1N7F,2,0,http://www.wikidata.org/entity/Q4028695
FXZU1N7F,3,0,http://www.wikidata.org/entity/Q3415570
FXZU1N7F,4,0,http://www.wikidata.org/entity/Q2365683
FXZU1N7F,5,0,http://www.wikidata.org/entity/Q2064528
FXZU1N7F,6,0,http://www.wikidata.org/entity/Q1133044
FXZU1N7F,7,0,http://www.wikidata.org/entity/Q4028917
FXZU1N7F,1,1,http://www.wikidata.org/entity/Q362
FXZU1N7F,2,1,http://www.wikidata.org/entity/Q362
FXZU1N7F,3,1,http://www.wikidata.org/entity/Q362
FXZU1N7F,4,1,http://www.wikidata.org/entity/Q362
FXZU1N7F,5,1,http://www.wikidata.org/entity/Q362
FXZU1N7F,6,1,http://www.wikidata.org/entity/Q38789
FXZU1N7F,7,1,http://www.wikidata.org/entity/Q362
FXZU1N7F,1,2,http://www.wikidata.org/entity/Q15180
FXZU1N7F,2,2,http://www.wikidata.org/entity/Q15180
FXZU1N7F,3,2,http://www.wikidata.org/entity/Q15180
FXZU1N7F,4,2,http://www.wikidata.org/entity/Q15180
FXZU1N7F,5,2,http://www.wikidata.org/entity/Q15180
FXZU1N7F,6,2,http://www.wikidata.org/entity/Q15180
FXZU1N7F,7,2,http://www.wikidata.org/entity/Q15180
FXZU1N7F,1,3,http://www.wikidata.org/entity/Q29171
FXZU1N7F,2,3,http://www.wikidata.org/entity/Q29171
FXZU1N7F,3,3,http://www.wikidata.org/entity/Q29171
FXZU1N7F,4,3,http://www.wikidata.org/entity/Q37726
FXZU1N7F,5,3,http://www.wikidata.org/entity/Q37726
FXZU1N7F,6,3,http://www.wikidata.org/entity/Q3505278
FXZU1N7F,7,3,http://www.wikidata.org/entity/Q29171
FXZU1N7F,1,4,http://www.wikidata.org/entity/Q4443691
FXZU1N7F,2,4,http://www.wikidata.org/entity/Q4443691
FXZU1N7F,3,4,http://www.wikidata.org/entity/Q4443691
FXZU1N7F,4,4,http://www.wikidata.org/entity/Q4443691
FXZU1N7F,5,4,http://www.wikidata.org/entity/Q4443691
FXZU1N7F,6,4,http://www.wikidata.org/entity/Q4443691
FXZU1N7F,7,4,http://www.wikidata.org/entity/Q169534
MU2FYM2C,1,0,http://www.wikidata.org/entity/Q64286275
MU2FYM2C,2,0,http://www.wikidata.org/entity/Q64261675
MU2FYM2C,3,0,http://www.wikidata.org/entity/Q64213635
MU2FYM2C,4,0,http://www.wikidata.org/entity/Q64213626
MU2FYM2C,5,0,http://www.wikidata.org/entity/Q64182470
MU2FYM2C,6,0,http://www.wikidata.org/entity/Q63919322
MU2FYM2C,7,0,http://www.wikidata.org/entity/Q63848754
MU2FYM2C,1,1,http://www.wikidata.org/entity/Q41
MU2FYM2C,2,1,http://www.wikidata.org/entity/Q41
MU2FYM2C,3,1,http://www.wikidata.org/entity/Q41
MU2FYM2C,4,1,http://www.wikidata.org/entity/Q41
MU2FYM2C,5,1,http://www.wikidata.org/entity/Q41
MU2FYM2C,6,1,http://www.wikidata.org/entity/Q41
MU2FYM2C,7,1,http://www.wikidata.org/entity/Q41
MU2FYM2C,1,2,http://www.wikidata.org/entity/Q11812394
MU2FYM2C,2,2,http://www.wikidata.org/entity/Q11812394
MU2FYM2C,3,2,http://www.wikidata.org/entity/Q11812394
MU2FYM2C,4,2,http://www.wikidata.org/entity/Q11812394
MU2FYM2C,5,2,http://www.wikidata.org/entity/Q11812394
MU2FYM2C,6,2,http://www.wikidata.org/entity/Q11812394
MU2FYM2C,7,2,http://www.wikidata.org/entity/Q11812394
MU2FYM2C,1,3,http://www.wikidata.org/entity/Q61468263
MU2FYM2C,2,3,http://www.wikidata.org/entity/Q61599377
MU2FYM2C,3,3,http://www.wikidata.org/entity/Q62121351
MU2FYM2C,4,3,http://www.wikidata.org/entity/Q3206907
MU2FYM2C,5,3,http://www.wikidata.org/entity/Q47165635
MU2FYM2C,6,3,http://www.wikidata.org/entity/Q16330359
MU2FYM2C,7,3,http://www.wikidata.org/entity/Q47165635
1T04LU78,1,0,http://www.wikidata.org/entity/Q10371430
1T04LU78,2,0,http://www.wikidata.org/entity/Q9001764
1T04LU78,3,0,http://www.wikidata.org/entity/Q5880952
1T04LU78,4,0,http://www.wikidata.org/entity/Q15881478
1T04LU78,1,2,http://www.wikidata.org/entity/Q8864
1T04LU78,2,2,http://www.wikidata.org/entity/Q8864
1T04LU78,3,2,http://www.wikidata.org/entity/Q8864
1T04LU78,4,2,http://www.wikidata.org/entity/Q8860
JHY6ISIS,1,0,http://www.wikidata.org/entity/Q2403444
JHY6ISIS,2,0,http://www.wikidata.org/entity/Q1759003
JHY6ISIS,3,0,http://www.wikidata.org/entity/Q1563446
JHY6ISIS,4,0,http://www.wikidata.org/entity/Q1563070
JHY6ISIS,5,0,http://www.wikidata.org/entity/Q1418245
JHY6ISIS,6,0,http://www.wikidata.org/entity/Q1326441
JHY6ISIS,7,0,http://www.wikidata.org/entity/Q75047900
JHY6ISIS,8,0,http://www.wikidata.org/entity/Q1195333
JHY6ISIS,9,0,http://www.wikidata.org/entity/Q1153662
JHY6ISIS,10,0,http://www.wikidata.org/entity/Q845609
JHY6ISIS,11,0,http://www.wikidata.org/entity/Q781947
JHY6ISIS,12,0,http://www.wikidata.org/entity/Q749234
JHY6ISIS,1,1,http://www.wikidata.org/entity/Q1264450
JHY6ISIS,2,1,http://www.wikidata.org/entity/Q1264450
JHY6ISIS,3,1,http://www.wikidata.org/entity/Q1264450
JHY6ISIS,4,1,http://www.wikidata.org/entity/Q1264450
JHY6ISIS,5,1,http://www.wikidata.org/entity/Q1264450
JHY6ISIS,6,1,http://www.wikidata.org/entity/Q1264450
JHY6ISIS,7,1,http://www.wikidata.org/entity/Q1264450
JHY6ISIS,8,1,http://www.wikidata.org/entity/Q1264450
JHY6ISIS,9,1,http://www.wikidata.org/entity/Q1264450
JHY6ISIS,10,1,http://www.wikidata.org/entity/Q1264450
JHY6ISIS,11,1,http://www.wikidata.org/entity/Q1264450
JHY6ISIS,12,1,http://www.wikidata.org/entity/Q1264450
Y6ZTMMUV,1,0,http://www.wikidata.org/entity/Q224164
Y6ZTMMUV,2,0,http://www.wikidata.org/entity/Q221150
Y6ZTMMUV,3,0,http://www.wikidata.org/entity/Q224164
Y6ZTMMUV,4,0,http://www.wikidata.org/entity/Q272059
Y6ZTMMUV,1,1,http://www.wikidata.org/entity/Q41323
Y6ZTMMUV,2,1,http://www.wikidata.org/entity/Q41323
Y6ZTMMUV,3,1,http://www.wikidata.org/entity/Q41323
Y6ZTMMUV,4,1,http://www.wikidata.org/entity/Q41323
Y6ZTMMUV,1,2,http://www.wikidata.org/entity/Q51682
Y6ZTMMUV,2,2,http://www.wikidata.org/entity/Q1527
Y6ZTMMUV,3,2,http://www.wikidata.org/entity/Q51682
Y6ZTMMUV,4,2,http://www.wikidata.org/entity/Q23556
Y6ZTMMUV,1,3,http://www.wikidata.org/entity/Q16980328
Y6ZTMMUV,2,3,http://www.wikidata.org/entity/Q15042671
Y6ZTMMUV,3,3,http://www.wikidata.org/entity/Q5869212
Y6ZTMMUV,4,3,http://www.wikidata.org/entity/Q5869102
TVDGBY4J,1,0,http://www.wikidata.org/entity/Q218593
TVDGBY4J,2,0,http://www.wikidata.org/entity/Q218593
TVDGBY4J,3,0,http://www.wikidata.org/entity/Q218593
TVDGBY4J,1,1,http://www.wikidata.org/entity/Q15094531
TVDGBY4J,2,1,http://www.wikidata.org/entity/Q57750246
TVDGBY4J,3,1,http://www.wikidata.org/entity/Q869
TVDGBY4J,1,2,http://www.wikidata.org/entity/Q16271314
TVDGBY4J,2,2,http://www.wikidata.org/entity/Q57750246
TVDGBY4J,3,2,http://www.wikidata.org/entity/Q833
TVDGBY4J,1,3,http://www.wikidata.org/entity/Q2363304
TVDGBY4J,2,3,http://www.wikidata.org/entity/Q57750246
TVDGBY4J,3,3,http://www.wikidata.org/entity/Q833
TVDGBY4J,1,4,http://www.wikidata.org/entity/Q2423258
TVDGBY4J,2,4,http://www.wikidata.org/entity/Q57749193
TVDGBY4J,3,4,http://www.wikidata.org/entity/Q833
U4ICAX8M,1,0,http://www.wikidata.org/entity/Q218593
U4ICAX8M,2,0,http://www.wikidata.org/entity/Q218593
U4ICAX8M,3,0,http://www.wikidata.org/entity/Q218593
U4ICAX8M,1,1,http://www.wikidata.org/entity/Q73357989
U4ICAX8M,2,1,http://www.wikidata.org/entity/Q34
U4ICAX8M,3,1,http://www.wikidata.org/entity/Q374794
U4ICAX8M,1,2,http://www.wikidata.org/entity/Q73357989
U4ICAX8M,2,2,http://www.wikidata.org/entity/Q34
U4ICAX8M,3,2,http://www.wikidata.org/entity/Q509568
U4ICAX8M,1,3,http://www.wikidata.org/entity/Q73357989
U4ICAX8M,2,3,http://www.wikidata.org/entity/Q34
U4ICAX8M,3,3,http://www.wikidata.org/entity/Q504626
U4ICAX8M,1,4,http://www.wikidata.org/entity/Q73357989
U4ICAX8M,2,4,http://www.wikidata.org/entity/Q34
U4ICAX8M,3,4,http://www.wikidata.org/entity/Q59091
LF7FAH9C,1,0,http://www.wikidata.org/entity/Q28966712
LF7FAH9C,2,0,http://www.wikidata.org/entity/Q22406364
LF7FAH9C,3,0,http://www.wikidata.org/entity/Q28395315
LF7FAH9C,4,0,http://www.wikidata.org/entity/Q24224080
LF7FAH9C,5,0,http://www.wikidata.org/entity/Q22655423
LF7FAH9C,6,0,http://www.wikidata.org/entity/Q22652497
LF7FAH9C,7,0,http://www.wikidata.org/entity/Q22647509
LF7FAH9C,8,0,http://www.wikidata.org/entity/Q22635293
LF7FAH9C,9,0,http://www.wikidata.org/entity/Q22628930
LF7FAH9C,10,0,http://www.wikidata.org/entity/Q22611751
LF7FAH9C,1,1,http://www.wikidata.org/entity/Q16
LF7FAH9C,2,1,http://www.wikidata.org/entity/Q16
LF7FAH9C,3,1,http://www.wikidata.org/entity/Q16
LF7FAH9C,4,1,http://www.wikidata.org/entity/Q16
LF7FAH9C,5,1,http://www.wikidata.org/entity/Q16
LF7FAH9C,6,1,http://www.wikidata.org/entity/Q16
LF7FAH9C,7,1,http://www.wikidata.org/entity/Q16
LF7FAH9C,8,1,http://www.wikidata.org/entity/Q16
LF7FAH9C,9,1,http://www.wikidata.org/entity/Q16
LF7FAH9C,10,1,http://www.wikidata.org/entity/Q16
LF7FAH9C,1,3,http://www.wikidata.org/entity/Q1277221
LF7FAH9C,2,3,http://www.wikidata.org/entity/Q1277221
LF7FAH9C,3,3,http://www.wikidata.org/entity/Q1277221
LF7FAH9C,4,3,http://www.wikidata.org/entity/Q1277221
LF7FAH9C,5,3,http://www.wikidata.org/entity/Q1277221
LF7FAH9C,6,3,http://www.wikidata.org/entity/Q1277221
LF7FAH9C,7,3,http://www.wikidata.org/entity/Q1277221
LF7FAH9C,8,3,http://www.wikidata.org/entity/Q1277221
LF7FAH9C,9,3,http://www.wikidata.org/entity/Q1277221
LF7FAH9C,10,3,http://www.wikidata.org/entity/Q1277221
LF7FAH9C,1,4,http://www.wikidata.org/entity/Q1948
LF7FAH9C,2,4,http://www.wikidata.org/entity/Q1948
LF7FAH9C,3,4,http://www.wikidata.org/entity/Q4120896
LF7FAH9C,4,4,http://www.wikidata.org/entity/Q1948
LF7FAH9C,5,4,http://www.wikidata.org/entity/Q1948
LF7FAH9C,6,4,http://www.wikidata.org/entity/Q1659481
LF7FAH9C,7,4,http://www.wikidata.org/entity/Q1017624
LF7FAH9C,8,4,http://www.wikidata.org/entity/Q1660974
LF7FAH9C,9,4,http://www.wikidata.org/entity/Q18378140
LF7FAH9C,10,4,http://www.wikidata.org/entity/Q1660473
H6JX3LZH,1,0,http://www.wikidata.org/entity/Q4868742
H6JX3LZH,2,0,http://www.wikidata.org/entity/Q27958512
H6JX3LZH,3,0,http://www.wikidata.org/entity/Q4883219
H6JX3LZH,4,0,http://www.wikidata.org/entity/Q1967608
H6JX3LZH,5,0,http://www.wikidata.org/entity/Q3395851
H6JX3LZH,6,0,http://www.wikidata.org/entity/Q6088683
H6JX3LZH,7,0,http://www.wikidata.org/entity/Q15200807
H6JX3LZH,8,0,http://www.wikidata.org/entity/Q15260376
H6JX3LZH,9,0,http://www.wikidata.org/entity/Q15242418
H6JX3LZH,1,2,http://www.wikidata.org/entity/Q145
H6JX3LZH,2,2,http://www.wikidata.org/entity/Q145
H6JX3LZH,3,2,http://www.wikidata.org/entity/Q30
H6JX3LZH,4,2,http://www.wikidata.org/entity/Q55
H6JX3LZH,5,2,http://www.wikidata.org/entity/Q43
H6JX3LZH,6,2,http://www.wikidata.org/entity/Q43
H6JX3LZH,7,2,http://www.wikidata.org/entity/Q865
H6JX3LZH,8,2,http://www.wikidata.org/entity/Q865
H6JX3LZH,9,2,http://www.wikidata.org/entity/Q865
H6JX3LZH,1,3,http://www.wikidata.org/entity/Q7592292
H6JX3LZH,2,3,http://www.wikidata.org/entity/Q2357511
H6JX3LZH,3,3,http://www.wikidata.org/entity/Q1000232
H6JX3LZH,4,3,http://www.wikidata.org/entity/Q752
H6JX3LZH,5,3,http://www.wikidata.org/entity/Q857107
H6JX3LZH,6,3,http://www.wikidata.org/entity/Q732923
H6JX3LZH,7,3,http://www.wikidata.org/entity/Q706699
H6JX3LZH,8,3,http://www.wikidata.org/entity/Q700818
H6JX3LZH,9,3,http://www.wikidata.org/entity/Q569538
OQ91F8KF,1,0,http://www.wikidata.org/entity/Q17664258
OQ91F8KF,2,0,http://www.wikidata.org/entity/Q17663705
OQ91F8KF,3,0,http://www.wikidata.org/entity/Q17663618
OQ91F8KF,4,0,http://www.wikidata.org/entity/Q17663508
OQ91F8KF,5,0,http://www.wikidata.org/entity/Q5183832
OQ91F8KF,1,1,http://www.wikidata.org/entity/Q67393660
OQ91F8KF,2,1,http://www.wikidata.org/entity/Q67393660
OQ91F8KF,3,1,http://www.wikidata.org/entity/Q67311402
OQ91F8KF,4,1,http://www.wikidata.org/entity/Q67575300
OQ91F8KF,5,1,http://www.wikidata.org/entity/Q23157
OQ91F8KF,1,2,http://www.wikidata.org/entity/Q145
OQ91F8KF,2,2,http://www.wikidata.org/entity/Q145
OQ91F8KF,3,2,http://www.wikidata.org/entity/Q145
OQ91F8KF,4,2,http://www.wikidata.org/entity/Q145
OQ91F8KF,5,2,http://www.wikidata.org/entity/Q145
OQ91F8KF,1,3,http://www.wikidata.org/entity/Q219538
OQ91F8KF,2,3,http://www.wikidata.org/entity/Q219538
OQ91F8KF,3,3,http://www.wikidata.org/entity/Q219538
OQ91F8KF,4,3,http://www.wikidata.org/entity/Q219538
OQ91F8KF,5,3,http://www.wikidata.org/entity/Q219538
OQ91F8KF,1,4,http://www.wikidata.org/entity/Q31028314
OQ91F8KF,2,4,http://www.wikidata.org/entity/Q31028314
OQ91F8KF,3,4,http://www.wikidata.org/entity/Q31028314
OQ91F8KF,4,4,http://www.wikidata.org/entity/Q31028314
OQ91F8KF,5,4,http://www.wikidata.org/entity/Q31028314
G3SHUF86,1,0,http://www.wikidata.org/entity/Q1417592
G3SHUF86,2,0,http://www.wikidata.org/entity/Q997846
G3SHUF86,3,0,http://www.wikidata.org/entity/Q211062
G3SHUF86,4,0,http://www.wikidata.org/entity/Q20201150
G3SHUF86,1,2,http://www.wikidata.org/entity/Q1726
G3SHUF86,2,2,http://www.wikidata.org/entity/Q1761
G3SHUF86,3,2,http://www.wikidata.org/entity/Q126675
G3SHUF86,4,2,http://www.wikidata.org/entity/Q60
G3SHUF86,1,4,http://www.wikidata.org/entity/Q1909908
G3SHUF86,2,4,http://www.wikidata.org/entity/Q1568689
G3SHUF86,3,4,http://www.wikidata.org/entity/Q217816
G3SHUF86,4,4,http://www.wikidata.org/entity/Q4233718
XSVO6UPC,1,0,http://www.wikidata.org/entity/Q218593
XSVO6UPC,2,0,http://www.wikidata.org/entity/Q218593
XSVO6UPC,3,0,http://www.wikidata.org/entity/Q218593
XSVO6UPC,4,0,http://www.wikidata.org/entity/Q218593
HCLR47RJ,1,0,http://www.wikidata.org/entity/Q2440843
HCLR47RJ,2,0,http://www.wikidata.org/entity/Q2616197
HCLR47RJ,3,0,http://www.wikidata.org/entity/Q2603155
HCLR47RJ,4,0,http://www.wikidata.org/entity/Q2195796
HCLR47RJ,5,0,http://www.wikidata.org/entity/Q2292138
HCLR47RJ,1,1,http://www.wikidata.org/entity/Q488611
HCLR47RJ,2,1,http://www.wikidata.org/entity/Q488439
HCLR47RJ,3,1,http://www.wikidata.org/entity/Q488395
HCLR47RJ,4,1,http://www.wikidata.org/entity/Q488375
HCLR47RJ,5,1,http://www.wikidata.org/entity/Q487538
Y5V49CG6,1,0,http://www.wikidata.org/entity/Q151920
Y5V49CG6,2,0,http://www.wikidata.org/entity/Q134762
Y5V49CG6,3,0,http://www.wikidata.org/entity/Q33935
Y5V49CG6,4,0,http://www.wikidata.org/entity/Q151920
Y5V49CG6,5,0,http://www.wikidata.org/entity/Q33935
Y5V49CG6,6,0,http://www.wikidata.org/entity/Q1218
Y5V49CG6,7,0,http://www.wikidata.org/entity/Q33935
Y5V49CG6,8,0,http://www.wikidata.org/entity/Q1218
Y5V49CG6,9,0,http://www.wikidata.org/entity/Q33935
Y5V49CG6,10,0,http://www.wikidata.org/entity/Q1218
Y5V49CG6,11,0,http://www.wikidata.org/entity/Q167677
Y5V49CG6,12,0,http://www.wikidata.org/entity/Q152641
Y5V49CG6,13,0,http://www.wikidata.org/entity/Q152602
Y5V49CG6,1,1,http://www.wikidata.org/entity/Q6723
Y5V49CG6,2,1,http://www.wikidata.org/entity/Q2583609
Y5V49CG6,3,1,http://www.wikidata.org/entity/Q6723
Y5V49CG6,4,1,http://www.wikidata.org/entity/Q6723
Y5V49CG6,5,1,http://www.wikidata.org/entity/Q6723
Y5V49CG6,6,1,http://www.wikidata.org/entity/Q6723
Y5V49CG6,7,1,http://www.wikidata.org/entity/Q6723
Y5V49CG6,8,1,http://www.wikidata.org/entity/Q6723
Y5V49CG6,9,1,http://www.wikidata.org/entity/Q6723
Y5V49CG6,10,1,http://www.wikidata.org/entity/Q6723
Y5V49CG6,11,1,http://www.wikidata.org/entity/Q2583609
Y5V49CG6,12,1,http://www.wikidata.org/entity/Q6723
Y5V49CG6,13,1,http://www.wikidata.org/entity/Q6723
Y5V49CG6,1,4,http://www.wikidata.org/entity/Q3852
Y5V49CG6,2,4,http://www.wikidata.org/entity/Q65
Y5V49CG6,3,4,http://www.wikidata.org/entity/Q270
Y5V49CG6,4,4,http://www.wikidata.org/entity/Q3852
Y5V49CG6,5,4,http://www.wikidata.org/entity/Q60
Y5V49CG6,6,4,http://www.wikidata.org/entity/Q60
Y5V49CG6,7,4,http://www.wikidata.org/entity/Q60
Y5V49CG6,8,4,http://www.wikidata.org/entity/Q60
Y5V49CG6,9,4,http://www.wikidata.org/entity/Q60
Y5V49CG6,10,4,http://www.wikidata.org/entity/Q60
Y5V49CG6,11,4,http://www.wikidata.org/entity/Q6829
Y5V49CG6,12,4,http://www.wikidata.org/entity/Q6949
Y5V49CG6,13,4,http://www.wikidata.org/entity/Q158876
Y5V49CG6,1,5,http://www.wikidata.org/entity/Q3505887
Y5V49CG6,2,5,http://www.wikidata.org/entity/Q3505887
Y5V49CG6,3,5,http://www.wikidata.org/entity/Q3505887
Y5V49CG6,4,5,http://www.wikidata.org/entity/Q515
Y5V49CG6,5,5,http://www.wikidata.org/entity/Q3505887
Y5V49CG6,6,5,http://www.wikidata.org/entity/Q3154693
Y5V49CG6,7,5,http://www.wikidata.org/entity/Q1549591
Y5V49CG6,8,5,http://www.wikidata.org/entity/Q5119
Y5V49CG6,9,5,http://www.wikidata.org/entity/Q515
Y5V49CG6,10,5,http://www.wikidata.org/entity/Q515
Y5V49CG6,11,5,http://www.wikidata.org/entity/Q3505887
Y5V49CG6,12,5,http://www.wikidata.org/entity/Q3505887
Y5V49CG6,13,5,http://www.wikidata.org/entity/Q3505887
W14SQVUG,1,0,http://www.wikidata.org/entity/Q15140437
W14SQVUG,2,0,http://www.wikidata.org/entity/Q14171368
W14SQVUG,3,0,http://www.wikidata.org/entity/Q12049257
W14SQVUG,4,0,http://www.wikidata.org/entity/Q3512046
W14SQVUG,1,2,http://www.wikidata.org/entity/Q1860
W14SQVUG,2,2,http://www.wikidata.org/entity/Q1860
W14SQVUG,3,2,http://www.wikidata.org/entity/Q1860
W14SQVUG,4,2,http://www.wikidata.org/entity/Q1860
W14SQVUG,1,3,http://www.wikidata.org/entity/Q11660
W14SQVUG,2,3,http://www.wikidata.org/entity/Q11660
W14SQVUG,3,3,http://www.wikidata.org/entity/Q44512
W14SQVUG,4,3,http://www.wikidata.org/entity/Q430
W14SQVUG,1,4,http://www.wikidata.org/entity/Q191543
W14SQVUG,2,4,http://www.wikidata.org/entity/Q182218
W14SQVUG,3,4,http://www.wikidata.org/entity/Q83542
W14SQVUG,4,4,http://www.wikidata.org/entity/Q1102220
H1RT4713,1,0,http://www.wikidata.org/entity/Q76332688
H1RT4713,2,0,http://www.wikidata.org/entity/Q76332376
H1RT4713,3,0,http://www.wikidata.org/entity/Q76331692
H1RT4713,4,0,http://www.wikidata.org/entity/Q76331692
H1RT4713,5,0,http://www.wikidata.org/entity/Q76327699
H1RT4713,6,0,http://www.wikidata.org/entity/Q75787964
H1RT4713,7,0,http://www.wikidata.org/entity/Q75787356
H1RT4713,8,0,http://www.wikidata.org/entity/Q75786971
H1RT4713,1,1,http://www.wikidata.org/entity/Q30
H1RT4713,2,1,http://www.wikidata.org/entity/Q30
H1RT4713,3,1,http://www.wikidata.org/entity/Q30
H1RT4713,4,1,http://www.wikidata.org/entity/Q30
H1RT4713,5,1,http://www.wikidata.org/entity/Q30
H1RT4713,6,1,http://www.wikidata.org/entity/Q30
H1RT4713,7,1,http://www.wikidata.org/entity/Q30
H1RT4713,8,1,http://www.wikidata.org/entity/Q30
H1RT4713,1,2,http://www.wikidata.org/entity/Q61
H1RT4713,2,2,http://www.wikidata.org/entity/Q61
H1RT4713,3,2,http://www.wikidata.org/entity/Q61
H1RT4713,4,2,http://www.wikidata.org/entity/Q61
H1RT4713,5,2,http://www.wikidata.org/entity/Q61
H1RT4713,6,2,http://www.wikidata.org/entity/Q61
H1RT4713,7,2,http://www.wikidata.org/entity/Q61
H1RT4713,8,2,http://www.wikidata.org/entity/Q61
H1RT4713,1,3,http://www.wikidata.org/entity/Q76332688
H1RT4713,2,3,http://www.wikidata.org/entity/Q76334568
H1RT4713,3,3,http://www.wikidata.org/entity/Q76331692
H1RT4713,4,3,http://www.wikidata.org/entity/Q76331692
H1RT4713,5,3,http://www.wikidata.org/entity/Q76327699
H1RT4713,6,3,http://www.wikidata.org/entity/Q75787964
H1RT4713,7,3,http://www.wikidata.org/entity/Q75787356
H1RT4713,8,3,http://www.wikidata.org/entity/Q75786971
H1RT4713,1,4,http://www.wikidata.org/entity/Q1860
H1RT4713,2,4,http://www.wikidata.org/entity/Q1860
H1RT4713,3,4,http://www.wikidata.org/entity/Q1860
H1RT4713,4,4,http://www.wikidata.org/entity/Q1860
H1RT4713,5,4,http://www.wikidata.org/entity/Q1860
H1RT4713,6,4,http://www.wikidata.org/entity/Q1860
H1RT4713,7,4,http://www.wikidata.org/entity/Q1860
H1RT4713,8,4,http://www.wikidata.org/entity/Q1860
DFDKAZR7,1,0,http://www.wikidata.org/entity/Q66054796
DFDKAZR7,2,0,http://www.wikidata.org/entity/Q66054790
DFDKAZR7,3,0,http://www.wikidata.org/entity/Q66054780
DFDKAZR7,4,0,http://www.wikidata.org/entity/Q66054777
DFDKAZR7,5,0,http://www.wikidata.org/entity/Q66054740
DFDKAZR7,6,0,http://www.wikidata.org/entity/Q66054735
DFDKAZR7,1,1,http://www.wikidata.org/entity/Q1945612
DFDKAZR7,2,1,http://www.wikidata.org/entity/Q1945612
DFDKAZR7,3,1,http://www.wikidata.org/entity/Q1945612
DFDKAZR7,4,1,http://www.wikidata.org/entity/Q1945612
DFDKAZR7,5,1,http://www.wikidata.org/entity/Q1945612
DFDKAZR7,6,1,http://www.wikidata.org/entity/Q1945612
DFDKAZR7,1,2,http://www.wikidata.org/entity/Q183
DFDKAZR7,2,2,http://www.wikidata.org/entity/Q183
DFDKAZR7,3,2,http://www.wikidata.org/entity/Q183
DFDKAZR7,4,2,http://www.wikidata.org/entity/Q183
DFDKAZR7,5,2,http://www.wikidata.org/entity/Q183
DFDKAZR7,6,2,http://www.wikidata.org/entity/Q183
DFDKAZR7,1,3,http://www.wikidata.org/entity/Q1129474
DFDKAZR7,2,3,http://www.wikidata.org/entity/Q1129474
DFDKAZR7,3,3,http://www.wikidata.org/entity/Q1129474
DFDKAZR7,4,3,http://www.wikidata.org/entity/Q1129474
DFDKAZR7,5,3,http://www.wikidata.org/entity/Q1129474
DFDKAZR7,6,3,http://www.wikidata.org/entity/Q1129474
7T70OAU5,1,0,http://www.wikidata.org/entity/Q17591505
7T70OAU5,2,0,http://www.wikidata.org/entity/Q52386106
7T70OAU5,3,0,http://www.wikidata.org/entity/Q57244872
7T70OAU5,4,0,http://www.wikidata.org/entity/Q241267
7T70OAU5,5,0,http://www.wikidata.org/entity/Q26458300
7T70OAU5,6,0,http://www.wikidata.org/entity/Q17591505
7T70OAU5,7,0,http://www.wikidata.org/entity/Q52386106
7T70OAU5,8,0,http://www.wikidata.org/entity/Q17591505
7T70OAU5,9,0,http://www.wikidata.org/entity/Q29097577
7T70OAU5,10,0,http://www.wikidata.org/entity/Q26458300
7T70OAU5,11,0,http://www.wikidata.org/entity/Q19598869
7T70OAU5,12,0,http://www.wikidata.org/entity/Q57244872
7T70OAU5,13,0,http://www.wikidata.org/entity/Q12340594
7T70OAU5,1,1,http://www.wikidata.org/entity/Q15405524
7T70OAU5,2,1,http://www.wikidata.org/entity/Q37004180
7T70OAU5,3,1,http://www.wikidata.org/entity/Q57081319
7T70OAU5,4,1,http://www.wikidata.org/entity/Q176832
7T70OAU5,5,1,http://www.wikidata.org/entity/Q21770302
7T70OAU5,6,1,http://www.wikidata.org/entity/Q15405568
7T70OAU5,7,1,http://www.wikidata.org/entity/Q44631497
7T70OAU5,8,1,http://www.wikidata.org/entity/Q15405524
7T70OAU5,9,1,http://www.wikidata.org/entity/Q27067897
7T70OAU5,10,1,http://www.wikidata.org/entity/Q21000393
7T70OAU5,11,1,http://www.wikidata.org/entity/Q18649678
7T70OAU5,12,1,http://www.wikidata.org/entity/Q57081319
7T70OAU5,13,1,http://www.wikidata.org/entity/Q2205357
7T70OAU5,1,2,http://www.wikidata.org/entity/Q15091377
7T70OAU5,2,2,http://www.wikidata.org/entity/Q160683
7T70OAU5,3,2,http://www.wikidata.org/entity/Q22231106
7T70OAU5,4,2,http://www.wikidata.org/entity/Q160683
7T70OAU5,5,2,http://www.wikidata.org/entity/Q22231106
7T70OAU5,6,2,http://www.wikidata.org/entity/Q160683
7T70OAU5,7,2,http://www.wikidata.org/entity/Q160683
7T70OAU5,8,2,http://www.wikidata.org/entity/Q160683
7T70OAU5,9,2,http://www.wikidata.org/entity/Q160683
7T70OAU5,10,2,http://www.wikidata.org/entity/Q160683
7T70OAU5,11,2,http://www.wikidata.org/entity/Q160683
7T70OAU5,12,2,http://www.wikidata.org/entity/Q160683
7T70OAU5,13,2,http://www.wikidata.org/entity/Q160683
7T70OAU5,1,3,http://www.wikidata.org/entity/Q183
7T70OAU5,2,3,http://www.wikidata.org/entity/Q183
7T70OAU5,3,3,http://www.wikidata.org/entity/Q183
7T70OAU5,4,3,http://www.wikidata.org/entity/Q183
7T70OAU5,5,3,http://www.wikidata.org/entity/Q183
7T70OAU5,6,3,http://www.wikidata.org/entity/Q183
7T70OAU5,7,3,http://www.wikidata.org/entity/Q183
7T70OAU5,8,3,http://www.wikidata.org/entity/Q183
7T70OAU5,9,3,http://www.wikidata.org/entity/Q183
7T70OAU5,10,3,http://www.wikidata.org/entity/Q183
7T70OAU5,11,3,http://www.wikidata.org/entity/Q183
7T70OAU5,12,3,http://www.wikidata.org/entity/Q183
7T70OAU5,13,3,http://www.wikidata.org/entity/Q183
7T70OAU5,1,4,http://www.wikidata.org/entity/Q207713
7T70OAU5,2,4,http://www.wikidata.org/entity/Q77352
7T70OAU5,3,4,http://www.wikidata.org/entity/Q309911
7T70OAU5,4,4,http://www.wikidata.org/entity/Q174719
7T70OAU5,5,4,http://www.wikidata.org/entity/Q202259
7T70OAU5,6,4,http://www.wikidata.org/entity/Q207713
7T70OAU5,7,4,http://www.wikidata.org/entity/Q77352
7T70OAU5,8,4,http://www.wikidata.org/entity/Q207713
7T70OAU5,9,4,http://www.wikidata.org/entity/Q138069
7T70OAU5,10,4,http://www.wikidata.org/entity/Q202259
7T70OAU5,11,4,http://www.wikidata.org/entity/Q168712
7T70OAU5,12,4,http://www.wikidata.org/entity/Q309911
7T70OAU5,13,4,http://www.wikidata.org/entity/Q77352
7T70OAU5,1,5,http://www.wikidata.org/entity/Q12340594
7T70OAU5,2,5,http://www.wikidata.org/entity/Q29097577
7T70OAU5,3,5,http://www.wikidata.org/entity/Q52386106
7T70OAU5,4,5,http://www.wikidata.org/entity/Q266478
7T70OAU5,5,5,http://www.wikidata.org/entity/Q19598869
7T70OAU5,6,5,http://www.wikidata.org/entity/Q12340594
7T70OAU5,7,5,http://www.wikidata.org/entity/Q29097577
7T70OAU5,8,5,http://www.wikidata.org/entity/Q12340594
7T70OAU5,9,5,http://www.wikidata.org/entity/Q26458300
7T70OAU5,10,5,http://www.wikidata.org/entity/Q19598869
7T70OAU5,11,5,http://www.wikidata.org/entity/Q17591505
7T70OAU5,12,5,http://www.wikidata.org/entity/Q52386106
7T70OAU5,13,5,http://www.wikidata.org/entity/Q2266924
7T70OAU5,1,6,http://www.wikidata.org/entity/Q3609
7T70OAU5,2,6,http://www.wikidata.org/entity/Q3609
7T70OAU5,3,6,http://www.wikidata.org/entity/Q3609
7T70OAU5,4,6,http://www.wikidata.org/entity/Q3609
7T70OAU5,5,6,http://www.wikidata.org/entity/Q3609
7T70OAU5,6,6,http://www.wikidata.org/entity/Q3609
7T70OAU5,7,6,http://www.wikidata.org/entity/Q3609
7T70OAU5,8,6,http://www.wikidata.org/entity/Q3609
7T70OAU5,9,6,http://www.wikidata.org/entity/Q3609
7T70OAU5,10,6,http://www.wikidata.org/entity/Q3609
7T70OAU5,11,6,http://www.wikidata.org/entity/Q3609
7T70OAU5,12,6,http://www.wikidata.org/entity/Q3609
7T70OAU5,13,6,http://www.wikidata.org/entity/Q3609
0HIOJF2W,1,0,http://www.wikidata.org/entity/Q18845517
0HIOJF2W,2,0,http://www.wikidata.org/entity/Q18845516
0HIOJF2W,3,0,http://www.wikidata.org/entity/Q18845515
0HIOJF2W,4,0,http://www.wikidata.org/entity/Q18845514
0HIOJF2W,5,0,http://www.wikidata.org/entity/Q18845513
0HIOJF2W,6,0,http://www.wikidata.org/entity/Q18845512
0HIOJF2W,7,0,http://www.wikidata.org/entity/Q18845511
0HIOJF2W,8,0,http://www.wikidata.org/entity/Q18845510
0HIOJF2W,9,0,http://www.wikidata.org/entity/Q18845509
0HIOJF2W,10,0,http://www.wikidata.org/entity/Q18845508
0HIOJF2W,11,0,http://www.wikidata.org/entity/Q18845507
0HIOJF2W,12,0,http://www.wikidata.org/entity/Q18845506
0HIOJF2W,13,0,http://www.wikidata.org/entity/Q18845505
0HIOJF2W,1,1,http://www.wikidata.org/entity/Q2498986
0HIOJF2W,2,1,http://www.wikidata.org/entity/Q2498986
0HIOJF2W,3,1,http://www.wikidata.org/entity/Q2498986
0HIOJF2W,4,1,http://www.wikidata.org/entity/Q2498986
0HIOJF2W,5,1,http://www.wikidata.org/entity/Q2498986
0HIOJF2W,6,1,http://www.wikidata.org/entity/Q2498986
0HIOJF2W,7,1,http://www.wikidata.org/entity/Q2498986
0HIOJF2W,8,1,http://www.wikidata.org/entity/Q2498986
0HIOJF2W,9,1,http://www.wikidata.org/entity/Q2498986
0HIOJF2W,10,1,http://www.wikidata.org/entity/Q2498986
0HIOJF2W,11,1,http://www.wikidata.org/entity/Q2498986
0HIOJF2W,12,1,http://www.wikidata.org/entity/Q2498986
0HIOJF2W,13,1,http://www.wikidata.org/entity/Q2498986
4KQN8R3P,1,0,http://www.wikidata.org/entity/Q60368054
4KQN8R3P,2,0,http://www.wikidata.org/entity/Q56630974
4KQN8R3P,3,0,http://www.wikidata.org/entity/Q56630966
4KQN8R3P,4,0,http://www.wikidata.org/entity/Q56630752
4KQN8R3P,5,0,http://www.wikidata.org/entity/Q25858124
4KQN8R3P,6,0,http://www.wikidata.org/entity/Q25845794
4KQN8R3P,7,0,http://www.wikidata.org/entity/Q20760443
4KQN8R3P,8,0,http://www.wikidata.org/entity/Q108016550
4KQN8R3P,9,0,http://www.wikidata.org/entity/Q19317659
4KQN8R3P,10,0,http://www.wikidata.org/entity/Q19162020
4KQN8R3P,11,0,http://www.wikidata.org/entity/Q17530723
4KQN8R3P,12,0,http://www.wikidata.org/entity/Q1991448
4KQN8R3P,13,0,http://www.wikidata.org/entity/Q1668856
4KQN8R3P,1,1,http://www.wikidata.org/entity/Q165631
4KQN8R3P,2,1,http://www.wikidata.org/entity/Q3231356
4KQN8R3P,3,1,http://www.wikidata.org/entity/Q3231356
4KQN8R3P,4,1,http://www.wikidata.org/entity/Q3231356
4KQN8R3P,5,1,http://www.wikidata.org/entity/Q17307050
4KQN8R3P,6,1,http://www.wikidata.org/entity/Q17307050
4KQN8R3P,7,1,http://www.wikidata.org/entity/Q165631
4KQN8R3P,8,1,http://www.wikidata.org/entity/Q51252
4KQN8R3P,9,1,http://www.wikidata.org/entity/Q165631
4KQN8R3P,10,1,http://www.wikidata.org/entity/Q51252
4KQN8R3P,11,1,http://www.wikidata.org/entity/Q51252
4KQN8R3P,12,1,http://www.wikidata.org/entity/Q474563
4KQN8R3P,13,1,http://www.wikidata.org/entity/Q2729544
4KQN8R3P,1,2,http://www.wikidata.org/entity/Q15206795
4KQN8R3P,2,2,http://www.wikidata.org/entity/Q15206795
4KQN8R3P,3,2,http://www.wikidata.org/entity/Q15206795
4KQN8R3P,4,2,http://www.wikidata.org/entity/Q15206795
4KQN8R3P,5,2,http://www.wikidata.org/entity/Q15206795
4KQN8R3P,6,2,http://www.wikidata.org/entity/Q15206795
4KQN8R3P,7,2,http://www.wikidata.org/entity/Q15206795
4KQN8R3P,8,2,http://www.wikidata.org/entity/Q15206795
4KQN8R3P,9,2,http://www.wikidata.org/entity/Q15206795
4KQN8R3P,10,2,http://www.wikidata.org/entity/Q15206795
4KQN8R3P,11,2,http://www.wikidata.org/entity/Q15206795
4KQN8R3P,12,2,http://www.wikidata.org/entity/Q15206795
4KQN8R3P,13,2,http://www.wikidata.org/entity/Q15206795
4KQN8R3P,1,3,http://www.wikidata.org/entity/Q163966
4KQN8R3P,2,3,http://www.wikidata.org/entity/Q702196
4KQN8R3P,3,3,http://www.wikidata.org/entity/Q702196
4KQN8R3P,4,3,http://www.wikidata.org/entity/Q702196
4KQN8R3P,5,3,http://www.wikidata.org/entity/Q9899
4KQN8R3P,6,3,http://www.wikidata.org/entity/Q9899
4KQN8R3P,7,3,http://www.wikidata.org/entity/Q163966
4KQN8R3P,8,3,http://www.wikidata.org/entity/Q3927157
4KQN8R3P,9,3,http://www.wikidata.org/entity/Q163966
4KQN8R3P,10,3,http://www.wikidata.org/entity/Q3927157
4KQN8R3P,11,3,http://www.wikidata.org/entity/Q3927157
4KQN8R3P,12,3,http://www.wikidata.org/entity/Q9920
4KQN8R3P,13,3,http://www.wikidata.org/entity/Q2680952
FPNYXY9M,1,0,http://www.wikidata.org/entity/Q128586
FPNYXY9M,2,0,http://www.wikidata.org/entity/Q7688596
FPNYXY9M,3,0,http://www.wikidata.org/entity/Q5652643
FPNYXY9M,4,0,http://www.wikidata.org/entity/Q4031771
FPNYXY9M,1,3,http://www.wikidata.org/entity/Q764463
FPNYXY9M,2,3,http://www.wikidata.org/entity/Q764463
FPNYXY9M,3,3,http://www.wikidata.org/entity/Q764463
FPNYXY9M,4,3,http://www.wikidata.org/entity/Q764463
FPNYXY9M,1,5,http://www.wikidata.org/entity/Q6243
FPNYXY9M,2,5,http://www.wikidata.org/entity/Q523
FPNYXY9M,3,5,http://www.wikidata.org/entity/Q523
FPNYXY9M,4,5,http://www.wikidata.org/entity/Q523
FPNYXY9M,1,6,http://www.wikidata.org/entity/Q10430
FPNYXY9M,2,6,http://www.wikidata.org/entity/Q10571
FPNYXY9M,3,6,http://www.wikidata.org/entity/Q8679
FPNYXY9M,4,6,http://www.wikidata.org/entity/Q10511
QJAF40OA,1,0,http://www.wikidata.org/entity/Q6715
QJAF40OA,2,0,http://www.wikidata.org/entity/Q8248
QJAF40OA,3,0,http://www.wikidata.org/entity/Q6787
QJAF40OA,4,0,http://www.wikidata.org/entity/Q8248
QJAF40OA,5,0,http://www.wikidata.org/entity/Q8210
QJAF40OA,6,0,http://www.wikidata.org/entity/Q6715
QJAF40OA,7,0,http://www.wikidata.org/entity/Q8248
QJAF40OA,8,0,http://www.wikidata.org/entity/Q6787
QJAF40OA,9,0,http://www.wikidata.org/entity/Q8248
QJAF40OA,10,0,http://www.wikidata.org/entity/Q8218
QJAF40OA,11,0,http://www.wikidata.org/entity/Q6715
QJAF40OA,1,1,http://www.wikidata.org/entity/Q1958293
QJAF40OA,2,1,http://www.wikidata.org/entity/Q1942897
QJAF40OA,3,1,http://www.wikidata.org/entity/Q1877492
QJAF40OA,4,1,http://www.wikidata.org/entity/Q1825349
QJAF40OA,5,1,http://www.wikidata.org/entity/Q1804890
QJAF40OA,6,1,http://www.wikidata.org/entity/Q1773854
QJAF40OA,7,1,http://www.wikidata.org/entity/Q1746972
QJAF40OA,8,1,http://www.wikidata.org/entity/Q1746080
QJAF40OA,9,1,http://www.wikidata.org/entity/Q1736992
QJAF40OA,10,1,http://www.wikidata.org/entity/Q1734408
QJAF40OA,11,1,http://www.wikidata.org/entity/Q1724349
QJAF40OA,1,2,http://www.wikidata.org/entity/Q6323
QJAF40OA,2,2,http://www.wikidata.org/entity/Q6323
QJAF40OA,3,2,http://www.wikidata.org/entity/Q6323
QJAF40OA,4,2,http://www.wikidata.org/entity/Q6323
QJAF40OA,5,2,http://www.wikidata.org/entity/Q6323
QJAF40OA,6,2,http://www.wikidata.org/entity/Q6323
QJAF40OA,7,2,http://www.wikidata.org/entity/Q6323
QJAF40OA,8,2,http://www.wikidata.org/entity/Q6323
QJAF40OA,9,2,http://www.wikidata.org/entity/Q6323
QJAF40OA,10,2,http://www.wikidata.org/entity/Q6323
QJAF40OA,11,2,http://www.wikidata.org/entity/Q6323
QJAF40OA,1,3,http://www.wikidata.org/entity/Q183
QJAF40OA,2,3,http://www.wikidata.org/entity/Q183
QJAF40OA,3,3,http://www.wikidata.org/entity/Q183
QJAF40OA,4,3,http://www.wikidata.org/entity/Q183
QJAF40OA,5,3,http://www.wikidata.org/entity/Q183
QJAF40OA,6,3,http://www.wikidata.org/entity/Q183
QJAF40OA,7,3,http://www.wikidata.org/entity/Q183
QJAF40OA,8,3,http://www.wikidata.org/entity/Q183
QJAF40OA,9,3,http://www.wikidata.org/entity/Q183
QJAF40OA,10,3,http://www.wikidata.org/entity/Q183
QJAF40OA,11,3,http://www.wikidata.org/entity/Q183
QW0FI98F,1,0,http://www.wikidata.org/entity/Q669332
QW0FI98F,2,0,http://www.wikidata.org/entity/Q869624
QW0FI98F,3,0,http://www.wikidata.org/entity/Q669244
QW0FI98F,4,0,http://www.wikidata.org/entity/Q669332
QW0FI98F,5,0,http://www.wikidata.org/entity/Q869624
QW0FI98F,6,0,http://www.wikidata.org/entity/Q669244
QW0FI98F,7,0,http://www.wikidata.org/entity/Q669332
QW0FI98F,8,0,http://www.wikidata.org/entity/Q869624
QW0FI98F,9,0,http://www.wikidata.org/entity/Q669244
QW0FI98F,10,0,http://www.wikidata.org/entity/Q688652
QW0FI98F,11,0,http://www.wikidata.org/entity/Q669332
QW0FI98F,12,0,http://www.wikidata.org/entity/Q688652
QW0FI98F,13,0,http://www.wikidata.org/entity/Q669332
QW0FI98F,14,0,http://www.wikidata.org/entity/Q869624
QW0FI98F,1,1,http://www.wikidata.org/entity/Q7114
QW0FI98F,2,1,http://www.wikidata.org/entity/Q68864
QW0FI98F,3,1,http://www.wikidata.org/entity/Q68864
QW0FI98F,4,1,http://www.wikidata.org/entity/Q7114
QW0FI98F,5,1,http://www.wikidata.org/entity/Q68864
QW0FI98F,6,1,http://www.wikidata.org/entity/Q68864
QW0FI98F,7,1,http://www.wikidata.org/entity/Q7114
QW0FI98F,8,1,http://www.wikidata.org/entity/Q68864
QW0FI98F,9,1,http://www.wikidata.org/entity/Q68864
QW0FI98F,10,1,http://www.wikidata.org/entity/Q4191
QW0FI98F,11,1,http://www.wikidata.org/entity/Q7114
QW0FI98F,12,1,http://www.wikidata.org/entity/Q4191
QW0FI98F,13,1,http://www.wikidata.org/entity/Q7114
QW0FI98F,14,1,http://www.wikidata.org/entity/Q68864
QW0FI98F,1,2,http://www.wikidata.org/entity/Q669170
QW0FI98F,2,2,http://www.wikidata.org/entity/Q65631
QW0FI98F,3,2,http://www.wikidata.org/entity/Q65631
QW0FI98F,4,2,http://www.wikidata.org/entity/Q65024
QW0FI98F,5,2,http://www.wikidata.org/entity/Q64974
QW0FI98F,6,2,http://www.wikidata.org/entity/Q64974
QW0FI98F,7,2,http://www.wikidata.org/entity/Q64792
QW0FI98F,8,2,http://www.wikidata.org/entity/Q64622
QW0FI98F,9,2,http://www.wikidata.org/entity/Q64296
QW0FI98F,10,2,http://www.wikidata.org/entity/Q7128
QW0FI98F,11,2,http://www.wikidata.org/entity/Q7121
QW0FI98F,12,2,http://www.wikidata.org/entity/Q4225
QW0FI98F,13,2,http://www.wikidata.org/entity/Q669170
QW0FI98F,14,2,http://www.wikidata.org/entity/Q65631
QW0FI98F,1,3,http://www.wikidata.org/entity/Q6723
QW0FI98F,2,3,http://www.wikidata.org/entity/Q6723
QW0FI98F,3,3,http://www.wikidata.org/entity/Q6723
QW0FI98F,4,3,http://www.wikidata.org/entity/Q6723
QW0FI98F,5,3,http://www.wikidata.org/entity/Q6723
QW0FI98F,6,3,http://www.wikidata.org/entity/Q6723
QW0FI98F,7,3,http://www.wikidata.org/entity/Q6723
QW0FI98F,8,3,http://www.wikidata.org/entity/Q6723
QW0FI98F,9,3,http://www.wikidata.org/entity/Q6723
QW0FI98F,10,3,http://www.wikidata.org/entity/Q6723
QW0FI98F,11,3,http://www.wikidata.org/entity/Q6723
QW0FI98F,12,3,http://www.wikidata.org/entity/Q6723
QW0FI98F,13,3,http://www.wikidata.org/entity/Q6655
QW0FI98F,14,3,http://www.wikidata.org/entity/Q6655
W4BRTS53,1,0,http://www.wikidata.org/entity/Q218593
W4BRTS53,2,0,http://www.wikidata.org/entity/Q218593
W4BRTS53,3,0,http://www.wikidata.org/entity/Q218593
W4BRTS53,1,1,http://www.wikidata.org/entity/Q26828122
W4BRTS53,2,1,http://www.wikidata.org/entity/Q7291
W4BRTS53,3,1,http://www.wikidata.org/entity/Q865
W4BRTS53,1,2,http://www.wikidata.org/entity/Q26805189
W4BRTS53,2,2,http://www.wikidata.org/entity/Q7291
W4BRTS53,3,2,http://www.wikidata.org/entity/Q865
W4BRTS53,1,3,http://www.wikidata.org/entity/Q26479181
W4BRTS53,2,3,http://www.wikidata.org/entity/Q7291
W4BRTS53,3,3,http://www.wikidata.org/entity/Q865
W4BRTS53,1,4,http://www.wikidata.org/entity/Q26479146
W4BRTS53,2,4,http://www.wikidata.org/entity/Q7291
W4BRTS53,3,4,http://www.wikidata.org/entity/Q865
AK4VFTTB,1,0,http://www.wikidata.org/entity/Q666884
AK4VFTTB,2,0,http://www.wikidata.org/entity/Q602936
AK4VFTTB,3,0,http://www.wikidata.org/entity/Q508594
AK4VFTTB,4,0,http://www.wikidata.org/entity/Q130023
AK4VFTTB,1,1,http://www.wikidata.org/entity/Q148
AK4VFTTB,2,1,http://www.wikidata.org/entity/Q148
AK4VFTTB,3,1,http://www.wikidata.org/entity/Q148
AK4VFTTB,4,1,http://www.wikidata.org/entity/Q148
AK4VFTTB,1,2,http://www.wikidata.org/entity/Q788104
AK4VFTTB,2,2,http://www.wikidata.org/entity/Q788104
AK4VFTTB,3,2,http://www.wikidata.org/entity/Q788104
AK4VFTTB,4,2,http://www.wikidata.org/entity/Q788104
AK4VFTTB,1,3,http://www.wikidata.org/entity/Q6985
AK4VFTTB,2,3,http://www.wikidata.org/entity/Q6985
AK4VFTTB,3,3,http://www.wikidata.org/entity/Q6985
AK4VFTTB,4,3,http://www.wikidata.org/entity/Q6985
1OV3LYCF,1,0,http://www.wikidata.org/entity/Q11838430
1OV3LYCF,2,0,http://www.wikidata.org/entity/Q11825217
1OV3LYCF,3,0,http://www.wikidata.org/entity/Q11695513
1OV3LYCF,4,0,http://www.wikidata.org/entity/Q9182808
1OV3LYCF,5,0,http://www.wikidata.org/entity/Q8041561
1OV3LYCF,6,0,http://www.wikidata.org/entity/Q7260026
1OV3LYCF,7,0,http://www.wikidata.org/entity/Q7202845
1OV3LYCF,8,0,http://www.wikidata.org/entity/Q6737634
1OV3LYCF,9,0,http://www.wikidata.org/entity/Q6523439
1OV3LYCF,10,0,http://www.wikidata.org/entity/Q5432945
1OV3LYCF,11,0,http://www.wikidata.org/entity/Q3042143
1OV3LYCF,12,0,http://www.wikidata.org/entity/Q2753372
1OV3LYCF,1,1,http://www.wikidata.org/entity/Q18029745
1OV3LYCF,2,1,http://www.wikidata.org/entity/Q18033472
1OV3LYCF,3,1,http://www.wikidata.org/entity/Q15324120
1OV3LYCF,4,1,http://www.wikidata.org/entity/Q14914453
1OV3LYCF,5,1,http://www.wikidata.org/entity/Q17832136
1OV3LYCF,6,1,http://www.wikidata.org/entity/Q18046294
1OV3LYCF,7,1,http://www.wikidata.org/entity/Q14877683
1OV3LYCF,8,1,http://www.wikidata.org/entity/Q18034562
1OV3LYCF,9,1,http://www.wikidata.org/entity/Q18032787
1OV3LYCF,10,1,http://www.wikidata.org/entity/Q20970208
1OV3LYCF,11,1,http://www.wikidata.org/entity/Q17928815
1OV3LYCF,12,1,http://www.wikidata.org/entity/Q18030033
1OV3LYCF,1,2,http://www.wikidata.org/entity/Q18553375
1OV3LYCF,2,2,http://www.wikidata.org/entity/Q200779
1OV3LYCF,3,2,http://www.wikidata.org/entity/Q19309317
1OV3LYCF,4,2,http://www.wikidata.org/entity/Q55788810
1OV3LYCF,5,2,http://www.wikidata.org/entity/Q18987139
1OV3LYCF,6,2,http://www.wikidata.org/entity/Q7128426
1OV3LYCF,7,2,http://www.wikidata.org/entity/Q1787020
1OV3LYCF,8,2,http://www.wikidata.org/entity/Q55787012
1OV3LYCF,9,2,http://www.wikidata.org/entity/Q29982037
1OV3LYCF,10,2,http://www.wikidata.org/entity/Q53661802
1OV3LYCF,11,2,http://www.wikidata.org/entity/Q3281416
1OV3LYCF,12,2,http://www.wikidata.org/entity/Q4420146
1OV3LYCF,1,3,http://www.wikidata.org/entity/Q3311537
1OV3LYCF,2,3,http://www.wikidata.org/entity/Q3311537
1OV3LYCF,3,3,http://www.wikidata.org/entity/Q3311537
1OV3LYCF,4,3,http://www.wikidata.org/entity/Q3311537
1OV3LYCF,5,3,http://www.wikidata.org/entity/Q3311537
1OV3LYCF,6,3,http://www.wikidata.org/entity/Q3311537
1OV3LYCF,7,3,http://www.wikidata.org/entity/Q3311537
1OV3LYCF,8,3,http://www.wikidata.org/entity/Q3311537
1OV3LYCF,9,3,http://www.wikidata.org/entity/Q3311537
1OV3LYCF,10,3,http://www.wikidata.org/entity/Q3311537
1OV3LYCF,11,3,http://www.wikidata.org/entity/Q3311537
1OV3LYCF,12,3,http://www.wikidata.org/entity/Q3311537
T2XXLW0X,1,0,http://www.wikidata.org/entity/Q1194689
T2XXLW0X,2,0,http://www.wikidata.org/entity/Q684425
T2XXLW0X,3,0,http://www.wikidata.org/entity/Q200491
T2XXLW0X,4,0,http://www.wikidata.org/entity/Q94912
T2XXLW0X,1,1,http://www.wikidata.org/entity/Q2944021
T2XXLW0X,2,1,http://www.wikidata.org/entity/Q3300783
T2XXLW0X,3,1,http://www.wikidata.org/entity/Q1515682
T2XXLW0X,4,1,http://www.wikidata.org/entity/Q94893
T2XXLW0X,1,2,http://www.wikidata.org/entity/Q6782765
T2XXLW0X,2,2,http://www.wikidata.org/entity/Q5113396
T2XXLW0X,3,2,http://www.wikidata.org/entity/Q353582
T2XXLW0X,4,2,http://www.wikidata.org/entity/Q935340
T2XXLW0X,1,3,http://www.wikidata.org/entity/Q806259
T2XXLW0X,2,3,http://www.wikidata.org/entity/Q189557
T2XXLW0X,3,3,http://www.wikidata.org/entity/Q344341
T2XXLW0X,4,3,http://www.wikidata.org/entity/Q94933
T2XXLW0X,1,4,http://www.wikidata.org/entity/Q210167
T2XXLW0X,2,4,http://www.wikidata.org/entity/Q210167
T2XXLW0X,3,4,http://www.wikidata.org/entity/Q210167
T2XXLW0X,4,4,http://www.wikidata.org/entity/Q1137109
T2XXLW0X,1,5,http://www.wikidata.org/entity/Q3250369
T2XXLW0X,2,5,http://www.wikidata.org/entity/Q7397
T2XXLW0X,3,5,http://www.wikidata.org/entity/Q7397
T2XXLW0X,4,5,http://www.wikidata.org/entity/Q7397
T2XXLW0X,1,6,http://www.wikidata.org/entity/Q806259
T2XXLW0X,2,6,http://www.wikidata.org/entity/Q189557
T2XXLW0X,3,6,http://www.wikidata.org/entity/Q344341
T2XXLW0X,4,6,http://www.wikidata.org/entity/Q94933
NUZ0SSIX,1,0,http://www.wikidata.org/entity/Q5635911
NUZ0SSIX,2,0,http://www.wikidata.org/entity/Q52511536
NUZ0SSIX,3,0,http://www.wikidata.org/entity/Q30324831
NUZ0SSIX,4,0,http://www.wikidata.org/entity/Q25476624
NUZ0SSIX,5,0,http://www.wikidata.org/entity/Q24067182
NUZ0SSIX,6,0,http://www.wikidata.org/entity/Q24039486
NUZ0SSIX,1,1,http://www.wikidata.org/entity/Q34
NUZ0SSIX,2,1,http://www.wikidata.org/entity/Q41
NUZ0SSIX,3,1,http://www.wikidata.org/entity/Q77
NUZ0SSIX,4,1,http://www.wikidata.org/entity/Q35
NUZ0SSIX,5,1,http://www.wikidata.org/entity/Q35
NUZ0SSIX,6,1,http://www.wikidata.org/entity/Q41
NUZ0SSIX,1,2,http://www.wikidata.org/entity/Q913741
NUZ0SSIX,2,2,http://www.wikidata.org/entity/Q1516279
NUZ0SSIX,3,2,http://www.wikidata.org/entity/Q913741
NUZ0SSIX,4,2,http://www.wikidata.org/entity/Q780696
NUZ0SSIX,5,2,http://www.wikidata.org/entity/Q913741
NUZ0SSIX,6,2,http://www.wikidata.org/entity/Q913741
NUZ0SSIX,1,3,http://www.wikidata.org/entity/Q1917626
NUZ0SSIX,2,3,http://www.wikidata.org/entity/Q1617851
NUZ0SSIX,3,3,http://www.wikidata.org/entity/Q1617851
NUZ0SSIX,4,3,http://www.wikidata.org/entity/Q1617851
NUZ0SSIX,5,3,http://www.wikidata.org/entity/Q1617851
NUZ0SSIX,6,3,http://www.wikidata.org/entity/Q1617851
5IGDMFNH,1,0,http://www.wikidata.org/entity/Q807724
5IGDMFNH,2,0,http://www.wikidata.org/entity/Q803966
5IGDMFNH,3,0,http://www.wikidata.org/entity/Q786693
5IGDMFNH,4,0,http://www.wikidata.org/entity/Q704665
5IGDMFNH,5,0,http://www.wikidata.org/entity/Q570476
5IGDMFNH,6,0,http://www.wikidata.org/entity/Q551347
5IGDMFNH,7,0,http://www.wikidata.org/entity/Q437240
5IGDMFNH,1,1,http://www.wikidata.org/entity/Q40
5IGDMFNH,2,1,http://www.wikidata.org/entity/Q183
5IGDMFNH,3,1,http://www.wikidata.org/entity/Q183
5IGDMFNH,4,1,http://www.wikidata.org/entity/Q183
5IGDMFNH,5,1,http://www.wikidata.org/entity/Q183
5IGDMFNH,6,1,http://www.wikidata.org/entity/Q183
5IGDMFNH,7,1,http://www.wikidata.org/entity/Q183
5IGDMFNH,1,2,http://www.wikidata.org/entity/Q11800256
5IGDMFNH,2,2,http://www.wikidata.org/entity/Q11800256
5IGDMFNH,3,2,http://www.wikidata.org/entity/Q11800256
5IGDMFNH,4,2,http://www.wikidata.org/entity/Q11800256
5IGDMFNH,5,2,http://www.wikidata.org/entity/Q11800256
5IGDMFNH,6,2,http://www.wikidata.org/entity/Q11800256
5IGDMFNH,7,2,http://www.wikidata.org/entity/Q11800256
5IGDMFNH,1,3,http://www.wikidata.org/entity/Q661966
5IGDMFNH,2,3,http://www.wikidata.org/entity/Q1040
5IGDMFNH,3,3,http://www.wikidata.org/entity/Q1626
5IGDMFNH,4,3,http://www.wikidata.org/entity/Q1022
5IGDMFNH,5,3,http://www.wikidata.org/entity/Q558516
5IGDMFNH,6,3,http://www.wikidata.org/entity/Q163012
5IGDMFNH,7,3,http://www.wikidata.org/entity/Q2066
L1BBL0XP,1,0,http://www.wikidata.org/entity/Q218593
L1BBL0XP,2,0,http://www.wikidata.org/entity/Q218593
L1BBL0XP,3,0,http://www.wikidata.org/entity/Q218593
L1BBL0XP,4,0,http://www.wikidata.org/entity/Q218593
L1BBL0XP,1,1,http://www.wikidata.org/entity/Q3609
L1BBL0XP,2,1,http://www.wikidata.org/entity/Q3996798
L1BBL0XP,3,1,http://www.wikidata.org/entity/Q1685025
L1BBL0XP,4,1,http://www.wikidata.org/entity/Q142
L1BBL0XP,1,2,http://www.wikidata.org/entity/Q3609
L1BBL0XP,2,2,http://www.wikidata.org/entity/Q19833434
L1BBL0XP,3,2,http://www.wikidata.org/entity/Q1379509
L1BBL0XP,4,2,http://www.wikidata.org/entity/Q142
L1BBL0XP,1,3,http://www.wikidata.org/entity/Q3609
L1BBL0XP,2,3,http://www.wikidata.org/entity/Q28973079
L1BBL0XP,3,3,http://www.wikidata.org/entity/Q1364319
L1BBL0XP,4,3,http://www.wikidata.org/entity/Q142
L1BBL0XP,1,4,http://www.wikidata.org/entity/Q3609
L1BBL0XP,2,4,http://www.wikidata.org/entity/Q15666357
L1BBL0XP,3,4,http://www.wikidata.org/entity/Q1344488
L1BBL0XP,4,4,http://www.wikidata.org/entity/Q142
L1BBL0XP,1,5,http://www.wikidata.org/entity/Q3609
L1BBL0XP,2,5,http://www.wikidata.org/entity/Q19833434
L1BBL0XP,3,5,http://www.wikidata.org/entity/Q1338005
L1BBL0XP,4,5,http://www.wikidata.org/entity/Q142
L1BBL0XP,1,6,http://www.wikidata.org/entity/Q3609
L1BBL0XP,2,6,http://www.wikidata.org/entity/Q16499397
L1BBL0XP,3,6,http://www.wikidata.org/entity/Q1338005
L1BBL0XP,4,6,http://www.wikidata.org/entity/Q142
L1BBL0XP,1,7,http://www.wikidata.org/entity/Q3609
L1BBL0XP,2,7,http://www.wikidata.org/entity/Q24841181
L1BBL0XP,3,7,http://www.wikidata.org/entity/Q922656
L1BBL0XP,4,7,http://www.wikidata.org/entity/Q142
L1BBL0XP,1,8,http://www.wikidata.org/entity/Q3609
L1BBL0XP,2,8,http://www.wikidata.org/entity/Q19833434
L1BBL0XP,3,8,http://www.wikidata.org/entity/Q922656
L1BBL0XP,4,8,http://www.wikidata.org/entity/Q142
L1BBL0XP,1,9,http://www.wikidata.org/entity/Q3609
L1BBL0XP,2,9,http://www.wikidata.org/entity/Q16499397
L1BBL0XP,3,9,http://www.wikidata.org/entity/Q922656
L1BBL0XP,4,9,http://www.wikidata.org/entity/Q142
L1BBL0XP,1,10,http://www.wikidata.org/entity/Q3609
L1BBL0XP,2,10,http://www.wikidata.org/entity/Q15666357
L1BBL0XP,3,10,http://www.wikidata.org/entity/Q922656
L1BBL0XP,4,10,http://www.wikidata.org/entity/Q142
L1BBL0XP,1,11,http://www.wikidata.org/entity/Q3609
L1BBL0XP,2,11,http://www.wikidata.org/entity/Q3996799
L1BBL0XP,3,11,http://www.wikidata.org/entity/Q922656
L1BBL0XP,4,11,http://www.wikidata.org/entity/Q142
L1BBL0XP,1,12,http://www.wikidata.org/entity/Q3609
L1BBL0XP,2,12,http://www.wikidata.org/entity/Q19833434
L1BBL0XP,3,12,http://www.wikidata.org/entity/Q807114
L1BBL0XP,4,12,http://www.wikidata.org/entity/Q142
L1BBL0XP,1,13,http://www.wikidata.org/entity/Q3609
L1BBL0XP,2,13,http://www.wikidata.org/entity/Q28973079
L1BBL0XP,3,13,http://www.wikidata.org/entity/Q787400
L1BBL0XP,4,13,http://www.wikidata.org/entity/Q142
L1BBL0XP,1,14,http://www.wikidata.org/entity/Q3609
L1BBL0XP,2,14,http://www.wikidata.org/entity/Q3996798
L1BBL0XP,3,14,http://www.wikidata.org/entity/Q724845
L1BBL0XP,4,14,http://www.wikidata.org/entity/Q142
25E3I43C,1,0,http://www.wikidata.org/entity/Q22318967
25E3I43C,2,0,http://www.wikidata.org/entity/Q22318003
25E3I43C,3,0,http://www.wikidata.org/entity/Q22324035
25E3I43C,4,0,http://www.wikidata.org/entity/Q22319718
25E3I43C,5,0,http://www.wikidata.org/entity/Q22321341
25E3I43C,6,0,http://www.wikidata.org/entity/Q22318003
25E3I43C,7,0,http://www.wikidata.org/entity/Q22319718
25E3I43C,8,0,http://www.wikidata.org/entity/Q22306589
25E3I43C,9,0,http://www.wikidata.org/entity/Q21427676
25E3I43C,10,0,http://www.wikidata.org/entity/Q22306589
25E3I43C,11,0,http://www.wikidata.org/entity/Q22306558
25E3I43C,12,0,http://www.wikidata.org/entity/Q22306589
25E3I43C,13,0,http://www.wikidata.org/entity/Q41796302
25E3I43C,14,0,http://www.wikidata.org/entity/Q47268794
25E3I43C,1,1,http://www.wikidata.org/entity/Q12589
25E3I43C,2,1,http://www.wikidata.org/entity/Q389517
25E3I43C,3,1,http://www.wikidata.org/entity/Q862565
25E3I43C,4,1,http://www.wikidata.org/entity/Q572999
25E3I43C,5,1,http://www.wikidata.org/entity/Q183
25E3I43C,6,1,http://www.wikidata.org/entity/Q389517
25E3I43C,7,1,http://www.wikidata.org/entity/Q572999
25E3I43C,8,1,http://www.wikidata.org/entity/Q142
25E3I43C,9,1,http://www.wikidata.org/entity/Q950357
25E3I43C,10,1,http://www.wikidata.org/entity/Q142
25E3I43C,11,1,http://www.wikidata.org/entity/Q633861
25E3I43C,12,1,http://www.wikidata.org/entity/Q142
25E3I43C,13,1,http://www.wikidata.org/entity/Q1062349
25E3I43C,14,1,http://www.wikidata.org/entity/Q1003518
25E3I43C,1,3,http://www.wikidata.org/entity/Q22319070
25E3I43C,2,3,http://www.wikidata.org/entity/Q22317774
25E3I43C,3,3,http://www.wikidata.org/entity/Q20734754
25E3I43C,4,3,http://www.wikidata.org/entity/Q5286569
25E3I43C,5,3,http://www.wikidata.org/entity/Q3331409
25E3I43C,6,3,http://www.wikidata.org/entity/Q22324035
25E3I43C,7,3,http://www.wikidata.org/entity/Q22321341
25E3I43C,8,3,http://www.wikidata.org/entity/Q47258146
25E3I43C,9,3,http://www.wikidata.org/entity/Q22324001
25E3I43C,10,3,http://www.wikidata.org/entity/Q22321451
25E3I43C,11,3,http://www.wikidata.org/entity/Q19885842
25E3I43C,12,3,http://www.wikidata.org/entity/Q3227709
25E3I43C,13,3,http://www.wikidata.org/entity/Q52554965
25E3I43C,14,3,http://www.wikidata.org/entity/Q47156476
UWPZEVHE,1,0,http://www.wikidata.org/entity/Q1845
UWPZEVHE,2,0,http://www.wikidata.org/entity/Q428
UWPZEVHE,3,0,http://www.wikidata.org/entity/Q1845
UWPZEVHE,4,0,http://www.wikidata.org/entity/Q428
UWPZEVHE,5,0,http://www.wikidata.org/entity/Q1845
UWPZEVHE,6,0,http://www.wikidata.org/entity/Q428
UWPZEVHE,7,0,http://www.wikidata.org/entity/Q1845
UWPZEVHE,8,0,http://www.wikidata.org/entity/Q428
UWPZEVHE,9,0,http://www.wikidata.org/entity/Q1845
UWPZEVHE,10,0,http://www.wikidata.org/entity/Q428
UWPZEVHE,11,0,http://www.wikidata.org/entity/Q1845
UWPZEVHE,12,0,http://www.wikidata.org/entity/Q428
UWPZEVHE,1,1,http://www.wikidata.org/entity/Q302556
UWPZEVHE,2,1,http://www.wikidata.org/entity/Q602358
UWPZEVHE,3,1,http://www.wikidata.org/entity/Q602358
UWPZEVHE,4,1,http://www.wikidata.org/entity/Q334896
UWPZEVHE,5,1,http://www.wikidata.org/entity/Q302556
UWPZEVHE,6,1,http://www.wikidata.org/entity/Q302556
UWPZEVHE,7,1,http://www.wikidata.org/entity/Q602358
UWPZEVHE,8,1,http://www.wikidata.org/entity/Q20078554
UWPZEVHE,9,1,http://www.wikidata.org/entity/Q602358
UWPZEVHE,10,1,http://www.wikidata.org/entity/Q20961706
UWPZEVHE,11,1,http://www.wikidata.org/entity/Q19211082
UWPZEVHE,12,1,http://www.wikidata.org/entity/Q302556
UWPZEVHE,1,2,http://www.wikidata.org/entity/Q19523670
UWPZEVHE,2,2,http://www.wikidata.org/entity/Q6015255
UWPZEVHE,3,2,http://www.wikidata.org/entity/Q1756168
UWPZEVHE,4,2,http://www.wikidata.org/entity/Q1219621
UWPZEVHE,5,2,http://www.wikidata.org/entity/Q19523670
UWPZEVHE,6,2,http://www.wikidata.org/entity/Q1219621
UWPZEVHE,7,2,http://www.wikidata.org/entity/Q29334
UWPZEVHE,8,2,http://www.wikidata.org/entity/Q3237327
UWPZEVHE,9,2,http://www.wikidata.org/entity/Q29334
UWPZEVHE,10,2,http://www.wikidata.org/entity/Q1219621
UWPZEVHE,11,2,http://www.wikidata.org/entity/Q5083751
UWPZEVHE,12,2,http://www.wikidata.org/entity/Q1219621
UWPZEVHE,1,3,http://www.wikidata.org/entity/Q18813
UWPZEVHE,2,3,http://www.wikidata.org/entity/Q219786
UWPZEVHE,3,3,http://www.wikidata.org/entity/Q18813
UWPZEVHE,4,3,http://www.wikidata.org/entity/Q221044
UWPZEVHE,5,3,http://www.wikidata.org/entity/Q19786
UWPZEVHE,6,3,http://www.wikidata.org/entity/Q219682
UWPZEVHE,7,3,http://www.wikidata.org/entity/Q18813
UWPZEVHE,8,3,http://www.wikidata.org/entity/Q219696
UWPZEVHE,9,3,http://www.wikidata.org/entity/Q18813
UWPZEVHE,10,3,http://www.wikidata.org/entity/Q220495
UWPZEVHE,11,3,http://www.wikidata.org/entity/Q18813
UWPZEVHE,12,3,http://www.wikidata.org/entity/Q219675
5TJMLKPY,0,0,http://www.wikidata.org/entity/Q218593
5TJMLKPY,1,0,http://www.wikidata.org/entity/Q582203
5TJMLKPY,2,0,http://www.wikidata.org/entity/Q167566
5TJMLKPY,3,0,http://www.wikidata.org/entity/Q582203
5TJMLKPY,4,0,http://www.wikidata.org/entity/Q167566
5TJMLKPY,0,1,http://www.wikidata.org/entity/Q270952
5TJMLKPY,1,1,http://www.wikidata.org/entity/Q3152824
5TJMLKPY,2,1,http://www.wikidata.org/entity/Q5061188
5TJMLKPY,3,1,http://www.wikidata.org/entity/Q2319498
5TJMLKPY,4,1,http://www.wikidata.org/entity/Q2319498
5TJMLKPY,0,2,http://www.wikidata.org/entity/Q14877683
5TJMLKPY,1,2,http://www.wikidata.org/entity/Q41
5TJMLKPY,2,2,http://www.wikidata.org/entity/Q36
5TJMLKPY,3,2,http://www.wikidata.org/entity/Q41
5TJMLKPY,4,2,http://www.wikidata.org/entity/Q36
5TJMLKPY,0,4,http://www.wikidata.org/entity/Q218593
5TJMLKPY,1,4,http://www.wikidata.org/entity/Q108678151
5TJMLKPY,2,4,http://www.wikidata.org/entity/Q5160796
5TJMLKPY,3,4,http://www.wikidata.org/entity/Q108678151
5TJMLKPY,4,4,http://www.wikidata.org/entity/Q5160796
5TJMLKPY,0,5,http://www.wikidata.org/entity/Q218593
5TJMLKPY,1,5,http://www.wikidata.org/entity/Q12877048
5TJMLKPY,2,5,http://www.wikidata.org/entity/Q723343
5TJMLKPY,3,5,http://www.wikidata.org/entity/Q12877048
5TJMLKPY,4,5,http://www.wikidata.org/entity/Q723343
TY44OTAX,1,0,http://www.wikidata.org/entity/Q218593
TY44OTAX,2,0,http://www.wikidata.org/entity/Q218593
TY44OTAX,3,0,http://www.wikidata.org/entity/Q218593
TY44OTAX,1,1,http://www.wikidata.org/entity/Q47295669
TY44OTAX,2,1,http://www.wikidata.org/entity/Q26904312
TY44OTAX,3,1,http://www.wikidata.org/entity/Q228
TY44OTAX,1,2,http://www.wikidata.org/entity/Q26878348
TY44OTAX,2,2,http://www.wikidata.org/entity/Q17711593
TY44OTAX,3,2,http://www.wikidata.org/entity/Q228
TY44OTAX,1,3,http://www.wikidata.org/entity/Q47295669
TY44OTAX,2,3,http://www.wikidata.org/entity/Q12263605
TY44OTAX,3,3,http://www.wikidata.org/entity/Q228
TY44OTAX,1,4,http://www.wikidata.org/entity/Q26878348
TY44OTAX,2,4,http://www.wikidata.org/entity/Q816536
TY44OTAX,3,4,http://www.wikidata.org/entity/Q228
TY44OTAX,1,5,http://www.wikidata.org/entity/Q47295669
TY44OTAX,2,5,http://www.wikidata.org/entity/Q17354252
TY44OTAX,3,5,http://www.wikidata.org/entity/Q1863
TY44OTAX,1,6,http://www.wikidata.org/entity/Q26878348
TY44OTAX,2,6,http://www.wikidata.org/entity/Q380048
TY44OTAX,3,6,http://www.wikidata.org/entity/Q1863
TY44OTAX,1,7,http://www.wikidata.org/entity/Q47295669
TY44OTAX,2,7,http://www.wikidata.org/entity/Q26904312
TY44OTAX,3,7,http://www.wikidata.org/entity/Q29
OXCCBXY5,1,0,http://www.wikidata.org/entity/Q809
OXCCBXY5,2,0,http://www.wikidata.org/entity/Q397
OXCCBXY5,3,0,http://www.wikidata.org/entity/Q652
OXCCBXY5,4,0,http://www.wikidata.org/entity/Q7411
OXCCBXY5,1,1,http://www.wikidata.org/entity/Q36
OXCCBXY5,2,1,http://www.wikidata.org/entity/Q237
OXCCBXY5,3,1,http://www.wikidata.org/entity/Q38
OXCCBXY5,4,1,http://www.wikidata.org/entity/Q55
OXCCBXY5,1,2,http://www.wikidata.org/entity/Q2102593
OXCCBXY5,2,2,http://www.wikidata.org/entity/Q48509
OXCCBXY5,3,2,http://www.wikidata.org/entity/Q338489
OXCCBXY5,4,2,http://www.wikidata.org/entity/Q152299
OXCCBXY5,1,3,http://www.wikidata.org/entity/Q54298185
OXCCBXY5,2,3,http://www.wikidata.org/entity/Q53768605
OXCCBXY5,3,3,http://www.wikidata.org/entity/Q3921587
OXCCBXY5,4,3,http://www.wikidata.org/entity/Q56651337
RJM8XOJJ,1,0,http://www.wikidata.org/entity/Q1647331
RJM8XOJJ,2,0,http://www.wikidata.org/entity/Q1334381
RJM8XOJJ,3,0,http://www.wikidata.org/entity/Q1049265
RJM8XOJJ,4,0,http://www.wikidata.org/entity/Q9351
RJM8XOJJ,5,0,http://www.wikidata.org/entity/Q79272085
RJM8XOJJ,6,0,http://www.wikidata.org/entity/Q1334381
RJM8XOJJ,7,0,http://www.wikidata.org/entity/Q2363721
RJM8XOJJ,8,0,http://www.wikidata.org/entity/Q1334381
RJM8XOJJ,1,1,http://www.wikidata.org/entity/Q25930719
RJM8XOJJ,2,1,http://www.wikidata.org/entity/Q25930719
RJM8XOJJ,3,1,http://www.wikidata.org/entity/Q25930719
RJM8XOJJ,4,1,http://www.wikidata.org/entity/Q25930719
RJM8XOJJ,5,1,http://www.wikidata.org/entity/Q25930717
RJM8XOJJ,6,1,http://www.wikidata.org/entity/Q25930717
RJM8XOJJ,7,1,http://www.wikidata.org/entity/Q25930653
RJM8XOJJ,8,1,http://www.wikidata.org/entity/Q25930532
RJM8XOJJ,1,3,http://www.wikidata.org/entity/Q943
RJM8XOJJ,2,3,http://www.wikidata.org/entity/Q42519
RJM8XOJJ,3,3,http://www.wikidata.org/entity/Q23445
RJM8XOJJ,4,3,http://www.wikidata.org/entity/Q943
RJM8XOJJ,5,3,http://www.wikidata.org/entity/Q3257809
RJM8XOJJ,6,3,http://www.wikidata.org/entity/Q42519
RJM8XOJJ,7,3,http://www.wikidata.org/entity/Q3142
RJM8XOJJ,8,3,http://www.wikidata.org/entity/Q42519
N730E3FM,0,0,http://www.wikidata.org/entity/Q218593
N730E3FM,1,0,http://www.wikidata.org/entity/Q1051738
N730E3FM,2,0,http://www.wikidata.org/entity/Q672227
N730E3FM,3,0,http://www.wikidata.org/entity/Q671836
N730E3FM,4,0,http://www.wikidata.org/entity/Q147847
N730E3FM,0,1,http://www.wikidata.org/entity/Q218593
N730E3FM,1,1,http://www.wikidata.org/entity/Q30
N730E3FM,2,1,http://www.wikidata.org/entity/Q145
N730E3FM,3,1,http://www.wikidata.org/entity/Q801
N730E3FM,4,1,http://www.wikidata.org/entity/Q15180
N730E3FM,0,2,http://www.wikidata.org/entity/Q14877683
N730E3FM,1,2,http://www.wikidata.org/entity/Q156644
N730E3FM,2,2,http://www.wikidata.org/entity/Q654907
N730E3FM,3,2,http://www.wikidata.org/entity/Q876017
N730E3FM,4,2,http://www.wikidata.org/entity/Q3704976
N730E3FM,0,3,http://www.wikidata.org/entity/Q218593
N730E3FM,1,3,http://www.wikidata.org/entity/Q570607
N730E3FM,2,3,http://www.wikidata.org/entity/Q1187984
N730E3FM,3,3,http://www.wikidata.org/entity/Q1133809
N730E3FM,4,3,http://www.wikidata.org/entity/Q1366032
N730E3FM,0,5,http://www.wikidata.org/entity/Q9633
N730E3FM,1,5,http://www.wikidata.org/entity/Q466704
N730E3FM,2,5,http://www.wikidata.org/entity/Q466704
N730E3FM,3,5,http://www.wikidata.org/entity/Q466704
N730E3FM,4,5,http://www.wikidata.org/entity/Q466704
N730E3FM,0,6,http://www.wikidata.org/entity/Q218593
N730E3FM,1,6,http://www.wikidata.org/entity/Q11220
N730E3FM,2,6,http://www.wikidata.org/entity/Q113525
N730E3FM,3,6,http://www.wikidata.org/entity/Q462211
N730E3FM,4,6,http://www.wikidata.org/entity/Q43456
MPP5JJY2,1,0,http://www.wikidata.org/entity/Q3609397
MPP5JJY2,2,0,http://www.wikidata.org/entity/Q4352851
MPP5JJY2,3,0,http://www.wikidata.org/entity/Q3377814
MPP5JJY2,4,0,http://www.wikidata.org/entity/Q3782113
MPP5JJY2,5,0,http://www.wikidata.org/entity/Q5488005
MPP5JJY2,6,0,http://www.wikidata.org/entity/Q3621884
MPP5JJY2,7,0,http://www.wikidata.org/entity/Q4353238
MPP5JJY2,1,3,http://www.wikidata.org/entity/Q1393251
MPP5JJY2,2,3,http://www.wikidata.org/entity/Q1227511
MPP5JJY2,3,3,http://www.wikidata.org/entity/Q1029631
MPP5JJY2,4,3,http://www.wikidata.org/entity/Q763052
MPP5JJY2,5,3,http://www.wikidata.org/entity/Q703194
MPP5JJY2,6,3,http://www.wikidata.org/entity/Q573094
MPP5JJY2,7,3,http://www.wikidata.org/entity/Q551401
TPWII1ZP,1,0,http://www.wikidata.org/entity/Q218593
TPWII1ZP,2,0,http://www.wikidata.org/entity/Q218593
TPWII1ZP,3,0,http://www.wikidata.org/entity/Q218593
TPWII1ZP,4,0,http://www.wikidata.org/entity/Q218593
TPWII1ZP,1,1,http://www.wikidata.org/entity/Q19829908
TPWII1ZP,2,1,http://www.wikidata.org/entity/Q748604
TPWII1ZP,3,1,http://www.wikidata.org/entity/Q28493740
TPWII1ZP,4,1,http://www.wikidata.org/entity/Q19474404
TPWII1ZP,1,2,http://www.wikidata.org/entity/Q19829908
TPWII1ZP,2,2,http://www.wikidata.org/entity/Q748604
TPWII1ZP,3,2,http://www.wikidata.org/entity/Q16842551
TPWII1ZP,4,2,http://www.wikidata.org/entity/Q19474404
TPWII1ZP,1,3,http://www.wikidata.org/entity/Q19829908
TPWII1ZP,2,3,http://www.wikidata.org/entity/Q748604
TPWII1ZP,3,3,http://www.wikidata.org/entity/Q27313283
TPWII1ZP,4,3,http://www.wikidata.org/entity/Q19474404
TPWII1ZP,1,4,http://www.wikidata.org/entity/Q19829908
TPWII1ZP,2,4,http://www.wikidata.org/entity/Q656751
TPWII1ZP,3,4,http://www.wikidata.org/entity/Q28736250
TPWII1ZP,4,4,http://www.wikidata.org/entity/Q53869507
AVKD9Q95,1,0,http://www.wikidata.org/entity/Q5934
AVKD9Q95,2,0,http://www.wikidata.org/entity/Q5932
AVKD9Q95,3,0,http://www.wikidata.org/entity/Q5931
AVKD9Q95,4,0,http://www.wikidata.org/entity/Q5929
AVKD9Q95,1,2,http://www.wikidata.org/entity/Q85332736
AVKD9Q95,2,2,http://www.wikidata.org/entity/Q85332736
AVKD9Q95,3,2,http://www.wikidata.org/entity/Q85332736
AVKD9Q95,4,2,http://www.wikidata.org/entity/Q85332736
AVKD9Q95,1,3,http://www.wikidata.org/entity/Q71648
AVKD9Q95,2,3,http://www.wikidata.org/entity/Q96198
AVKD9Q95,3,3,http://www.wikidata.org/entity/Q3539776
AVKD9Q95,4,3,http://www.wikidata.org/entity/Q15858096
DQB50TL9,1,0,http://www.wikidata.org/entity/Q5192465
DQB50TL9,2,0,http://www.wikidata.org/entity/Q4873718
DQB50TL9,3,0,http://www.wikidata.org/entity/Q4857402
DQB50TL9,4,0,http://www.wikidata.org/entity/Q4839900
DQB50TL9,5,0,http://www.wikidata.org/entity/Q4838666
DQB50TL9,6,0,http://www.wikidata.org/entity/Q4838590
DQB50TL9,7,0,http://www.wikidata.org/entity/Q4815791
DQB50TL9,1,1,http://www.wikidata.org/entity/Q96
DQB50TL9,2,1,http://www.wikidata.org/entity/Q96
DQB50TL9,3,1,http://www.wikidata.org/entity/Q96
DQB50TL9,4,1,http://www.wikidata.org/entity/Q96
DQB50TL9,5,1,http://www.wikidata.org/entity/Q96
DQB50TL9,6,1,http://www.wikidata.org/entity/Q96
DQB50TL9,7,1,http://www.wikidata.org/entity/Q96
DQB50TL9,1,3,http://www.wikidata.org/entity/Q3844262
DQB50TL9,2,3,http://www.wikidata.org/entity/Q2919569
DQB50TL9,3,3,http://www.wikidata.org/entity/Q3844416
DQB50TL9,4,3,http://www.wikidata.org/entity/Q3844346
DQB50TL9,5,3,http://www.wikidata.org/entity/Q2991325
DQB50TL9,6,3,http://www.wikidata.org/entity/Q2652290
DQB50TL9,7,3,http://www.wikidata.org/entity/Q755883
DQB50TL9,1,5,http://www.wikidata.org/entity/Q1847301
DQB50TL9,2,5,http://www.wikidata.org/entity/Q1847301
DQB50TL9,3,5,http://www.wikidata.org/entity/Q1847301
DQB50TL9,4,5,http://www.wikidata.org/entity/Q1847301
DQB50TL9,5,5,http://www.wikidata.org/entity/Q1847301
DQB50TL9,6,5,http://www.wikidata.org/entity/Q1847301
DQB50TL9,7,5,http://www.wikidata.org/entity/Q1847301
DQB50TL9,1,6,http://www.wikidata.org/entity/Q46422
DQB50TL9,2,6,http://www.wikidata.org/entity/Q46422
DQB50TL9,3,6,http://www.wikidata.org/entity/Q46422
DQB50TL9,4,6,http://www.wikidata.org/entity/Q46422
DQB50TL9,5,6,http://www.wikidata.org/entity/Q46422
DQB50TL9,6,6,http://www.wikidata.org/entity/Q46422
DQB50TL9,7,6,http://www.wikidata.org/entity/Q46422
1K2NYN40,1,0,http://www.wikidata.org/entity/Q172856
1K2NYN40,2,0,http://www.wikidata.org/entity/Q179417
1K2NYN40,3,0,http://www.wikidata.org/entity/Q171949
1K2NYN40,4,0,http://www.wikidata.org/entity/Q171946
1K2NYN40,5,0,http://www.wikidata.org/entity/Q171945
1K2NYN40,6,0,http://www.wikidata.org/entity/Q419469
1K2NYN40,7,0,http://www.wikidata.org/entity/Q419585
1K2NYN40,8,0,http://www.wikidata.org/entity/Q15978620
1K2NYN40,1,1,http://www.wikidata.org/entity/Q82667
1K2NYN40,2,1,http://www.wikidata.org/entity/Q82652
1K2NYN40,3,1,http://www.wikidata.org/entity/Q78489
1K2NYN40,4,1,http://www.wikidata.org/entity/Q78489
1K2NYN40,5,1,http://www.wikidata.org/entity/Q78489
1K2NYN40,6,1,http://www.wikidata.org/entity/Q76720
1K2NYN40,7,1,http://www.wikidata.org/entity/Q75825
1K2NYN40,8,1,http://www.wikidata.org/entity/Q75820
1K2NYN40,1,2,http://www.wikidata.org/entity/Q5386
1K2NYN40,2,2,http://www.wikidata.org/entity/Q5386
1K2NYN40,3,2,http://www.wikidata.org/entity/Q5386
1K2NYN40,4,2,http://www.wikidata.org/entity/Q5386
1K2NYN40,5,2,http://www.wikidata.org/entity/Q5386
1K2NYN40,6,2,http://www.wikidata.org/entity/Q5386
1K2NYN40,7,2,http://www.wikidata.org/entity/Q5386
1K2NYN40,8,2,http://www.wikidata.org/entity/Q5386
XMQ47G29,1,0,http://www.wikidata.org/entity/Q3892296
XMQ47G29,2,0,http://www.wikidata.org/entity/Q1042350
XMQ47G29,3,0,http://www.wikidata.org/entity/Q910098
XMQ47G29,4,0,http://www.wikidata.org/entity/Q3892296
XMQ47G29,5,0,http://www.wikidata.org/entity/Q938105
XMQ47G29,6,0,http://www.wikidata.org/entity/Q3892296
XMQ47G29,7,0,http://www.wikidata.org/entity/Q917124
XMQ47G29,8,0,http://www.wikidata.org/entity/Q3892296
XMQ47G29,9,0,http://www.wikidata.org/entity/Q917124
XMQ47G29,10,0,http://www.wikidata.org/entity/Q910098
XMQ47G29,11,0,http://www.wikidata.org/entity/Q767015
XMQ47G29,12,0,http://www.wikidata.org/entity/Q938105
XMQ47G29,13,0,http://www.wikidata.org/entity/Q910098
XMQ47G29,14,0,http://www.wikidata.org/entity/Q1042350
XMQ47G29,1,1,http://www.wikidata.org/entity/Q157876
XMQ47G29,2,1,http://www.wikidata.org/entity/Q6761
XMQ47G29,3,1,http://www.wikidata.org/entity/Q242533
XMQ47G29,4,1,http://www.wikidata.org/entity/Q157876
XMQ47G29,5,1,http://www.wikidata.org/entity/Q157876
XMQ47G29,6,1,http://www.wikidata.org/entity/Q157876
XMQ47G29,7,1,http://www.wikidata.org/entity/Q16965
XMQ47G29,8,1,http://www.wikidata.org/entity/Q157876
XMQ47G29,9,1,http://www.wikidata.org/entity/Q16965
XMQ47G29,10,1,http://www.wikidata.org/entity/Q242533
XMQ47G29,11,1,http://www.wikidata.org/entity/Q157762
XMQ47G29,12,1,http://www.wikidata.org/entity/Q157876
XMQ47G29,13,1,http://www.wikidata.org/entity/Q242533
XMQ47G29,14,1,http://www.wikidata.org/entity/Q6761
XMQ47G29,1,3,http://www.wikidata.org/entity/Q2092183
XMQ47G29,2,3,http://www.wikidata.org/entity/Q1975797
XMQ47G29,3,3,http://www.wikidata.org/entity/Q1382270
XMQ47G29,4,3,http://www.wikidata.org/entity/Q1363155
XMQ47G29,5,3,http://www.wikidata.org/entity/Q962820
XMQ47G29,6,3,http://www.wikidata.org/entity/Q958187
XMQ47G29,7,3,http://www.wikidata.org/entity/Q956604
XMQ47G29,8,3,http://www.wikidata.org/entity/Q956591
XMQ47G29,9,3,http://www.wikidata.org/entity/Q945275
XMQ47G29,10,3,http://www.wikidata.org/entity/Q938918
XMQ47G29,11,3,http://www.wikidata.org/entity/Q938918
XMQ47G29,12,3,http://www.wikidata.org/entity/Q921437
XMQ47G29,13,3,http://www.wikidata.org/entity/Q738281
XMQ47G29,14,3,http://www.wikidata.org/entity/Q722215
M0HZUNHF,1,0,http://www.wikidata.org/entity/Q752766
M0HZUNHF,2,0,http://www.wikidata.org/entity/Q793618
M0HZUNHF,3,0,http://www.wikidata.org/entity/Q752766
M0HZUNHF,4,0,http://www.wikidata.org/entity/Q753539
M0HZUNHF,5,0,http://www.wikidata.org/entity/Q824383
M0HZUNHF,6,0,http://www.wikidata.org/entity/Q780047
M0HZUNHF,7,0,http://www.wikidata.org/entity/Q787254
M0HZUNHF,8,0,http://www.wikidata.org/entity/Q780047
M0HZUNHF,1,1,http://www.wikidata.org/entity/Q24256506
M0HZUNHF,2,1,http://www.wikidata.org/entity/Q24256513
M0HZUNHF,3,1,http://www.wikidata.org/entity/Q24256506
M0HZUNHF,4,1,http://www.wikidata.org/entity/Q177477
M0HZUNHF,5,1,http://www.wikidata.org/entity/Q24256513
M0HZUNHF,6,1,http://www.wikidata.org/entity/Q177477
M0HZUNHF,7,1,http://www.wikidata.org/entity/Q177477
M0HZUNHF,8,1,http://www.wikidata.org/entity/Q177477
M0HZUNHF,1,3,http://www.wikidata.org/entity/Q519124
M0HZUNHF,2,3,http://www.wikidata.org/entity/Q501697
M0HZUNHF,3,3,http://www.wikidata.org/entity/Q501697
M0HZUNHF,4,3,http://www.wikidata.org/entity/Q488043
M0HZUNHF,5,3,http://www.wikidata.org/entity/Q471380
M0HZUNHF,6,3,http://www.wikidata.org/entity/Q470256
M0HZUNHF,7,3,http://www.wikidata.org/entity/Q466513
M0HZUNHF,8,3,http://www.wikidata.org/entity/Q466069
FZ7LV1UK,0,0,http://www.wikidata.org/entity/Q218593
FZ7LV1UK,1,0,http://www.wikidata.org/entity/Q40984
FZ7LV1UK,2,0,http://www.wikidata.org/entity/Q58105
FZ7LV1UK,3,0,http://www.wikidata.org/entity/Q58072
FZ7LV1UK,4,0,http://www.wikidata.org/entity/Q58166
FZ7LV1UK,0,1,http://www.wikidata.org/entity/Q220543
FZ7LV1UK,1,1,http://www.wikidata.org/entity/Q20923490
FZ7LV1UK,2,1,http://www.wikidata.org/entity/Q20923490
FZ7LV1UK,3,1,http://www.wikidata.org/entity/Q20923490
FZ7LV1UK,4,1,http://www.wikidata.org/entity/Q20923490
FZ7LV1UK,0,2,http://www.wikidata.org/entity/Q14877683
FZ7LV1UK,1,2,http://www.wikidata.org/entity/Q94
FZ7LV1UK,2,2,http://www.wikidata.org/entity/Q174666
FZ7LV1UK,3,2,http://www.wikidata.org/entity/Q34264
FZ7LV1UK,4,2,http://www.wikidata.org/entity/Q21207
FZ7LV1UK,0,3,http://www.wikidata.org/entity/Q218593
FZ7LV1UK,1,3,http://www.wikidata.org/entity/Q188531
FZ7LV1UK,2,3,http://www.wikidata.org/entity/Q28865
FZ7LV1UK,4,3,http://www.wikidata.org/entity/Q2407
SN623PWY,1,0,http://www.wikidata.org/entity/Q6595474
SN623PWY,2,0,http://www.wikidata.org/entity/Q473972
SN623PWY,3,0,http://www.wikidata.org/entity/Q6595474
SN623PWY,4,0,http://www.wikidata.org/entity/Q46169
SN623PWY,5,0,http://www.wikidata.org/entity/Q6972767
SN623PWY,6,0,http://www.wikidata.org/entity/Q30304302
SN623PWY,1,1,http://www.wikidata.org/entity/Q55978235
SN623PWY,2,1,http://www.wikidata.org/entity/Q55978235
SN623PWY,3,1,http://www.wikidata.org/entity/Q24041622
SN623PWY,4,1,http://www.wikidata.org/entity/Q55978235
SN623PWY,5,1,http://www.wikidata.org/entity/Q55978235
SN623PWY,6,1,http://www.wikidata.org/entity/Q55978235
SN623PWY,1,2,http://www.wikidata.org/entity/Q340040
SN623PWY,2,2,http://www.wikidata.org/entity/Q19754901
SN623PWY,3,2,http://www.wikidata.org/entity/Q340040
SN623PWY,4,2,http://www.wikidata.org/entity/Q30304302
SN623PWY,5,2,http://www.wikidata.org/entity/Q30304302
SN623PWY,6,2,http://www.wikidata.org/entity/Q308439
SN623PWY,1,3,http://www.wikidata.org/entity/Q61457040
SN623PWY,2,3,http://www.wikidata.org/entity/Q3153864
SN623PWY,3,3,http://www.wikidata.org/entity/Q61457040
SN623PWY,4,3,http://www.wikidata.org/entity/Q46169
SN623PWY,5,3,http://www.wikidata.org/entity/Q6972767
SN623PWY,6,3,http://www.wikidata.org/entity/Q308439
SN623PWY,1,4,http://www.wikidata.org/entity/Q19474404
SN623PWY,2,4,http://www.wikidata.org/entity/Q19474404
SN623PWY,3,4,http://www.wikidata.org/entity/Q19474404
SN623PWY,4,4,http://www.wikidata.org/entity/Q19474404
SN623PWY,5,4,http://www.wikidata.org/entity/Q19474404
SN623PWY,6,4,http://www.wikidata.org/entity/Q21502404
SN623PWY,1,5,http://www.wikidata.org/entity/Q408
SN623PWY,2,5,http://www.wikidata.org/entity/Q142
SN623PWY,3,5,http://www.wikidata.org/entity/Q408
SN623PWY,4,5,http://www.wikidata.org/entity/Q30
SN623PWY,5,5,http://www.wikidata.org/entity/Q30
SN623PWY,6,5,http://www.wikidata.org/entity/Q30
SN623PWY,1,6,http://www.wikidata.org/entity/Q5563129
SN623PWY,2,6,http://www.wikidata.org/entity/Q1343332
SN623PWY,3,6,http://www.wikidata.org/entity/Q5563129
SN623PWY,4,6,http://www.wikidata.org/entity/Q242681
SN623PWY,5,6,http://www.wikidata.org/entity/Q3079128
SN623PWY,6,6,http://www.wikidata.org/entity/Q639000
SM69W4XJ,1,0,http://www.wikidata.org/entity/Q2015101
SM69W4XJ,2,0,http://www.wikidata.org/entity/Q2208972
SM69W4XJ,3,0,http://www.wikidata.org/entity/Q1550349
SM69W4XJ,4,0,http://www.wikidata.org/entity/Q1658993
SM69W4XJ,1,1,http://www.wikidata.org/entity/Q466879
SM69W4XJ,2,1,http://www.wikidata.org/entity/Q876774
SM69W4XJ,3,1,http://www.wikidata.org/entity/Q466879
SM69W4XJ,4,1,http://www.wikidata.org/entity/Q466879
SM69W4XJ,1,2,http://www.wikidata.org/entity/Q2015104
SM69W4XJ,2,2,http://www.wikidata.org/entity/Q1678
SM69W4XJ,3,2,http://www.wikidata.org/entity/Q52741
SM69W4XJ,4,2,http://www.wikidata.org/entity/Q1971230
SM69W4XJ,1,3,http://www.wikidata.org/entity/Q466879
SM69W4XJ,2,3,http://www.wikidata.org/entity/Q876774
SM69W4XJ,3,3,http://www.wikidata.org/entity/Q466879
SM69W4XJ,4,3,http://www.wikidata.org/entity/Q466879
SM69W4XJ,1,4,http://www.wikidata.org/entity/Q32510020
SM69W4XJ,2,4,http://www.wikidata.org/entity/Q526388
SM69W4XJ,3,4,http://www.wikidata.org/entity/Q507639
SM69W4XJ,4,4,http://www.wikidata.org/entity/Q205929
S7VK3L2A,1,0,http://www.wikidata.org/entity/Q28317664
S7VK3L2A,2,0,http://www.wikidata.org/entity/Q28223562
S7VK3L2A,3,0,http://www.wikidata.org/entity/Q28179540
S7VK3L2A,4,0,http://www.wikidata.org/entity/Q28223562
S7VK3L2A,5,0,http://www.wikidata.org/entity/Q28179540
S7VK3L2A,6,0,http://www.wikidata.org/entity/Q28337893
S7VK3L2A,7,0,http://www.wikidata.org/entity/Q28337905
S7VK3L2A,8,0,http://www.wikidata.org/entity/Q28337893
S7VK3L2A,9,0,http://www.wikidata.org/entity/Q28337905
S7VK3L2A,10,0,http://www.wikidata.org/entity/Q28337893
S7VK3L2A,11,0,http://www.wikidata.org/entity/Q28173436
S7VK3L2A,12,0,http://www.wikidata.org/entity/Q28179540
S7VK3L2A,1,1,http://www.wikidata.org/entity/Q28317657
S7VK3L2A,2,1,http://www.wikidata.org/entity/Q28223555
S7VK3L2A,3,1,http://www.wikidata.org/entity/Q28159476
S7VK3L2A,4,1,http://www.wikidata.org/entity/Q28223555
S7VK3L2A,5,1,http://www.wikidata.org/entity/Q28159476
S7VK3L2A,6,1,http://www.wikidata.org/entity/Q28317669
S7VK3L2A,7,1,http://www.wikidata.org/entity/Q28337893
S7VK3L2A,8,1,http://www.wikidata.org/entity/Q28317669
S7VK3L2A,9,1,http://www.wikidata.org/entity/Q28337893
S7VK3L2A,10,1,http://www.wikidata.org/entity/Q28317669
S7VK3L2A,11,1,http://www.wikidata.org/entity/Q28179540
S7VK3L2A,12,1,http://www.wikidata.org/entity/Q28159476
S7VK3L2A,1,4,http://www.wikidata.org/entity/Q3301311
S7VK3L2A,2,4,http://www.wikidata.org/entity/Q3301311
S7VK3L2A,3,4,http://www.wikidata.org/entity/Q3295668
S7VK3L2A,4,4,http://www.wikidata.org/entity/Q3288850
S7VK3L2A,5,4,http://www.wikidata.org/entity/Q3083016
S7VK3L2A,6,4,http://www.wikidata.org/entity/Q2465541
S7VK3L2A,7,4,http://www.wikidata.org/entity/Q2403529
S7VK3L2A,8,4,http://www.wikidata.org/entity/Q2403529
S7VK3L2A,9,4,http://www.wikidata.org/entity/Q2388312
S7VK3L2A,10,4,http://www.wikidata.org/entity/Q2353722
S7VK3L2A,11,4,http://www.wikidata.org/entity/Q2308218
S7VK3L2A,12,4,http://www.wikidata.org/entity/Q2223379
S3U8ZUBR,1,0,http://www.wikidata.org/entity/Q218593
S3U8ZUBR,2,0,http://www.wikidata.org/entity/Q218593
S3U8ZUBR,3,0,http://www.wikidata.org/entity/Q218593
S3U8ZUBR,1,1,http://www.wikidata.org/entity/Q33
S3U8ZUBR,2,1,http://www.wikidata.org/entity/Q63891738
S3U8ZUBR,3,1,http://www.wikidata.org/entity/Q1757
S3U8ZUBR,1,2,http://www.wikidata.org/entity/Q35
S3U8ZUBR,2,2,http://www.wikidata.org/entity/Q5165260
S3U8ZUBR,3,2,http://www.wikidata.org/entity/Q849727
S3U8ZUBR,1,3,http://www.wikidata.org/entity/Q977238
S3U8ZUBR,2,3,http://www.wikidata.org/entity/Q63891738
S3U8ZUBR,3,3,http://www.wikidata.org/entity/Q2418146
S3U8ZUBR,1,4,http://www.wikidata.org/entity/Q219
S3U8ZUBR,2,4,http://www.wikidata.org/entity/Q63891738
S3U8ZUBR,3,4,http://www.wikidata.org/entity/Q472
E7PKFGUG,1,0,http://www.wikidata.org/entity/Q66133772
E7PKFGUG,2,0,http://www.wikidata.org/entity/Q66133770
E7PKFGUG,3,0,http://www.wikidata.org/entity/Q66133769
E7PKFGUG,4,0,http://www.wikidata.org/entity/Q66133767
E7PKFGUG,5,0,http://www.wikidata.org/entity/Q66133766
E7PKFGUG,6,0,http://www.wikidata.org/entity/Q66133764
E7PKFGUG,7,0,http://www.wikidata.org/entity/Q66133763
E7PKFGUG,8,0,http://www.wikidata.org/entity/Q66133761
E7PKFGUG,9,0,http://www.wikidata.org/entity/Q66133758
E7PKFGUG,10,0,http://www.wikidata.org/entity/Q66133756
E7PKFGUG,11,0,http://www.wikidata.org/entity/Q65980441
E7PKFGUG,12,0,http://www.wikidata.org/entity/Q65966771
E7PKFGUG,1,1,http://www.wikidata.org/entity/Q173387
E7PKFGUG,2,1,http://www.wikidata.org/entity/Q173387
E7PKFGUG,3,1,http://www.wikidata.org/entity/Q173387
E7PKFGUG,4,1,http://www.wikidata.org/entity/Q173387
E7PKFGUG,5,1,http://www.wikidata.org/entity/Q173387
E7PKFGUG,6,1,http://www.wikidata.org/entity/Q173387
E7PKFGUG,7,1,http://www.wikidata.org/entity/Q173387
E7PKFGUG,8,1,http://www.wikidata.org/entity/Q173387
E7PKFGUG,9,1,http://www.wikidata.org/entity/Q173387
E7PKFGUG,10,1,http://www.wikidata.org/entity/Q173387
E7PKFGUG,11,1,http://www.wikidata.org/entity/Q173387
E7PKFGUG,12,1,http://www.wikidata.org/entity/Q173387
E7PKFGUG,1,2,http://www.wikidata.org/entity/Q277525
E7PKFGUG,2,2,http://www.wikidata.org/entity/Q277525
E7PKFGUG,3,2,http://www.wikidata.org/entity/Q277525
E7PKFGUG,4,2,http://www.wikidata.org/entity/Q277525
E7PKFGUG,5,2,http://www.wikidata.org/entity/Q277525
E7PKFGUG,6,2,http://www.wikidata.org/entity/Q277525
E7PKFGUG,7,2,http://www.wikidata.org/entity/Q277525
E7PKFGUG,8,2,http://www.wikidata.org/entity/Q277525
E7PKFGUG,9,2,http://www.wikidata.org/entity/Q277525
E7PKFGUG,10,2,http://www.wikidata.org/entity/Q277525
E7PKFGUG,11,2,http://www.wikidata.org/entity/Q17277933
E7PKFGUG,12,2,http://www.wikidata.org/entity/Q134873
E7PKFGUG,1,3,http://www.wikidata.org/entity/Q43113623
E7PKFGUG,2,3,http://www.wikidata.org/entity/Q43113623
E7PKFGUG,3,3,http://www.wikidata.org/entity/Q43113623
E7PKFGUG,4,3,http://www.wikidata.org/entity/Q43113623
E7PKFGUG,5,3,http://www.wikidata.org/entity/Q43113623
E7PKFGUG,6,3,http://www.wikidata.org/entity/Q43113623
E7PKFGUG,7,3,http://www.wikidata.org/entity/Q43113623
E7PKFGUG,8,3,http://www.wikidata.org/entity/Q43113623
E7PKFGUG,9,3,http://www.wikidata.org/entity/Q43113623
E7PKFGUG,10,3,http://www.wikidata.org/entity/Q43113623
E7PKFGUG,11,3,http://www.wikidata.org/entity/Q43113623
E7PKFGUG,12,3,http://www.wikidata.org/entity/Q43113623
73I2LGSU,1,0,http://www.wikidata.org/entity/Q218593
73I2LGSU,2,0,http://www.wikidata.org/entity/Q218593
73I2LGSU,3,0,http://www.wikidata.org/entity/Q218593
73I2LGSU,4,0,http://www.wikidata.org/entity/Q218593
73I2LGSU,1,1,http://www.wikidata.org/entity/Q8454
73I2LGSU,2,1,http://www.wikidata.org/entity/Q21496097
73I2LGSU,3,1,http://www.wikidata.org/entity/Q23745735
73I2LGSU,4,1,http://www.wikidata.org/entity/Q2994387
73I2LGSU,1,2,http://www.wikidata.org/entity/Q149086
73I2LGSU,2,2,http://www.wikidata.org/entity/Q8141451
73I2LGSU,3,2,http://www.wikidata.org/entity/Q23745735
73I2LGSU,4,2,http://www.wikidata.org/entity/Q2994387
73I2LGSU,1,3,http://www.wikidata.org/entity/Q8454
73I2LGSU,2,3,http://www.wikidata.org/entity/Q3778658
73I2LGSU,3,3,http://www.wikidata.org/entity/Q23745735
73I2LGSU,4,3,http://www.wikidata.org/entity/Q2994387
73I2LGSU,1,4,http://www.wikidata.org/entity/Q2822694
73I2LGSU,2,4,http://www.wikidata.org/entity/Q3778658
73I2LGSU,3,4,http://www.wikidata.org/entity/Q23745735
73I2LGSU,4,4,http://www.wikidata.org/entity/Q1714828
73I2LGSU,1,5,http://www.wikidata.org/entity/Q8454
73I2LGSU,2,5,http://www.wikidata.org/entity/Q3778658
73I2LGSU,3,5,http://www.wikidata.org/entity/Q23759020
73I2LGSU,4,5,http://www.wikidata.org/entity/Q1402561
73I2LGSU,1,6,http://www.wikidata.org/entity/Q149086
73I2LGSU,2,6,http://www.wikidata.org/entity/Q3778658
73I2LGSU,3,6,http://www.wikidata.org/entity/Q23754017
73I2LGSU,4,6,http://www.wikidata.org/entity/Q1402561
73I2LGSU,1,7,http://www.wikidata.org/entity/Q8454
73I2LGSU,2,7,http://www.wikidata.org/entity/Q5723287
73I2LGSU,3,7,http://www.wikidata.org/entity/Q23745735
73I2LGSU,4,7,http://www.wikidata.org/entity/Q1402561
73I2LGSU,1,8,http://www.wikidata.org/entity/Q171558
73I2LGSU,2,8,http://www.wikidata.org/entity/Q5475236
73I2LGSU,3,8,http://www.wikidata.org/entity/Q23745735
73I2LGSU,4,8,http://www.wikidata.org/entity/Q1402561
73I2LGSU,1,9,http://www.wikidata.org/entity/Q8454
73I2LGSU,2,9,http://www.wikidata.org/entity/Q5475236
73I2LGSU,3,9,http://www.wikidata.org/entity/Q23745735
73I2LGSU,4,9,http://www.wikidata.org/entity/Q1402561
73I2LGSU,1,10,http://www.wikidata.org/entity/Q171558
73I2LGSU,2,10,http://www.wikidata.org/entity/Q3778658
73I2LGSU,3,10,http://www.wikidata.org/entity/Q23745735
73I2LGSU,4,10,http://www.wikidata.org/entity/Q1402561
73I2LGSU,1,11,http://www.wikidata.org/entity/Q8454
73I2LGSU,2,11,http://www.wikidata.org/entity/Q3778658
73I2LGSU,3,11,http://www.wikidata.org/entity/Q23745735
73I2LGSU,4,11,http://www.wikidata.org/entity/Q1402561
73I2LGSU,1,12,http://www.wikidata.org/entity/Q149086
73I2LGSU,2,12,http://www.wikidata.org/entity/Q21496123
73I2LGSU,3,12,http://www.wikidata.org/entity/Q19799430
73I2LGSU,4,12,http://www.wikidata.org/entity/Q1402561
73I2LGSU,1,13,http://www.wikidata.org/entity/Q149086
73I2LGSU,2,13,http://www.wikidata.org/entity/Q8141451
73I2LGSU,3,13,http://www.wikidata.org/entity/Q259818
73I2LGSU,4,13,http://www.wikidata.org/entity/Q1402561
73I2LGSU,1,14,http://www.wikidata.org/entity/Q4129738
73I2LGSU,2,14,http://www.wikidata.org/entity/Q21030696
73I2LGSU,3,14,http://www.wikidata.org/entity/Q23759020
73I2LGSU,4,14,http://www.wikidata.org/entity/Q7302019
3YD4641O,1,0,http://www.wikidata.org/entity/Q903849
3YD4641O,2,0,http://www.wikidata.org/entity/Q868484
3YD4641O,3,0,http://www.wikidata.org/entity/Q821951
3YD4641O,4,0,http://www.wikidata.org/entity/Q810890
3YD4641O,1,1,http://www.wikidata.org/entity/Q15078955
3YD4641O,2,1,http://www.wikidata.org/entity/Q15078955
3YD4641O,3,1,http://www.wikidata.org/entity/Q15078955
3YD4641O,4,1,http://www.wikidata.org/entity/Q15078955
3YD4641O,1,2,http://www.wikidata.org/entity/Q6723
3YD4641O,2,2,http://www.wikidata.org/entity/Q6760
3YD4641O,3,2,http://www.wikidata.org/entity/Q6723
3YD4641O,4,2,http://www.wikidata.org/entity/Q6940
3YD4641O,1,4,http://www.wikidata.org/entity/Q1948116
3YD4641O,2,4,http://www.wikidata.org/entity/Q2292
3YD4641O,3,4,http://www.wikidata.org/entity/Q756294
3YD4641O,4,4,http://www.wikidata.org/entity/Q16015395
GRIRWVVL,0,0,http://www.wikidata.org/entity/Q218593
GRIRWVVL,1,0,http://www.wikidata.org/entity/Q25339021
GRIRWVVL,2,0,http://www.wikidata.org/entity/Q22115532
GRIRWVVL,3,0,http://www.wikidata.org/entity/Q7180565
GRIRWVVL,4,0,http://www.wikidata.org/entity/Q3205747
GRIRWVVL,5,0,http://www.wikidata.org/entity/Q1081942
GRIRWVVL,6,0,http://www.wikidata.org/entity/Q902821
GRIRWVVL,7,0,http://www.wikidata.org/entity/Q909149
GRIRWVVL,8,0,http://www.wikidata.org/entity/Q369492
GRIRWVVL,9,0,http://www.wikidata.org/entity/Q909149
GRIRWVVL,10,0,http://www.wikidata.org/entity/Q733823
GRIRWVVL,11,0,http://www.wikidata.org/entity/Q890343
GRIRWVVL,12,0,http://www.wikidata.org/entity/Q1247168
GRIRWVVL,13,0,http://www.wikidata.org/entity/Q1230632
GRIRWVVL,14,0,http://www.wikidata.org/entity/Q1392115
GRIRWVVL,15,0,http://www.wikidata.org/entity/Q1500095
GRIRWVVL,0,2,http://www.wikidata.org/entity/Q14877683
GRIRWVVL,1,2,http://www.wikidata.org/entity/Q8036075
GRIRWVVL,2,2,http://www.wikidata.org/entity/Q2071905
GRIRWVVL,3,2,http://www.wikidata.org/entity/Q652390
GRIRWVVL,4,2,http://www.wikidata.org/entity/Q5120874
GRIRWVVL,5,2,http://www.wikidata.org/entity/Q771272
GRIRWVVL,6,2,http://www.wikidata.org/entity/Q9531
GRIRWVVL,7,2,http://www.wikidata.org/entity/Q1156642
GRIRWVVL,8,2,http://www.wikidata.org/entity/Q1156642
GRIRWVVL,9,2,http://www.wikidata.org/entity/Q1156642
GRIRWVVL,10,2,http://www.wikidata.org/entity/Q9531
GRIRWVVL,11,2,http://www.wikidata.org/entity/Q3067892
GRIRWVVL,12,2,http://www.wikidata.org/entity/Q1156642
GRIRWVVL,13,2,http://www.wikidata.org/entity/Q2071905
GRIRWVVL,14,2,http://www.wikidata.org/entity/Q1156642
GRIRWVVL,15,2,http://www.wikidata.org/entity/Q3067892
GRIRWVVL,0,3,http://www.wikidata.org/entity/Q218593
GRIRWVVL,1,3,http://www.wikidata.org/entity/Q124010
GRIRWVVL,2,3,http://www.wikidata.org/entity/Q21
GRIRWVVL,3,3,http://www.wikidata.org/entity/Q62
GRIRWVVL,4,3,http://www.wikidata.org/entity/Q98
GRIRWVVL,5,3,http://www.wikidata.org/entity/Q3130
GRIRWVVL,6,3,http://www.wikidata.org/entity/Q796
GRIRWVVL,7,3,http://www.wikidata.org/entity/Q774
GRIRWVVL,8,3,http://www.wikidata.org/entity/Q724
GRIRWVVL,9,3,http://www.wikidata.org/entity/Q724
GRIRWVVL,10,3,http://www.wikidata.org/entity/Q115
GRIRWVVL,11,3,http://www.wikidata.org/entity/Q60
GRIRWVVL,12,3,http://www.wikidata.org/entity/Q1370
GRIRWVVL,13,3,http://www.wikidata.org/entity/Q84
GRIRWVVL,14,3,http://www.wikidata.org/entity/Q61
GRIRWVVL,15,3,http://www.wikidata.org/entity/Q21
YA6M5CIN,1,0,http://www.wikidata.org/entity/Q312251
YA6M5CIN,2,0,http://www.wikidata.org/entity/Q312240
YA6M5CIN,3,0,http://www.wikidata.org/entity/Q312708
YA6M5CIN,4,0,http://www.wikidata.org/entity/Q421557
YA6M5CIN,1,2,http://www.wikidata.org/entity/Q51139288
YA6M5CIN,2,2,http://www.wikidata.org/entity/Q51139288
YA6M5CIN,3,2,http://www.wikidata.org/entity/Q51139288
YA6M5CIN,4,2,http://www.wikidata.org/entity/Q51139288
YA6M5CIN,1,3,http://www.wikidata.org/entity/Q21174102
YA6M5CIN,2,3,http://www.wikidata.org/entity/Q21174101
YA6M5CIN,3,3,http://www.wikidata.org/entity/Q21174100
YA6M5CIN,4,3,http://www.wikidata.org/entity/Q21173322
X4R26H2Y,1,0,http://www.wikidata.org/entity/Q3781495
X4R26H2Y,2,0,http://www.wikidata.org/entity/Q3781424
X4R26H2Y,3,0,http://www.wikidata.org/entity/Q3780569
X4R26H2Y,4,0,http://www.wikidata.org/entity/Q3780552
X4R26H2Y,5,0,http://www.wikidata.org/entity/Q3598876
X4R26H2Y,1,1,http://www.wikidata.org/entity/Q878367
X4R26H2Y,2,1,http://www.wikidata.org/entity/Q878367
X4R26H2Y,3,1,http://www.wikidata.org/entity/Q878367
X4R26H2Y,4,1,http://www.wikidata.org/entity/Q878367
X4R26H2Y,5,1,http://www.wikidata.org/entity/Q878367
X4R26H2Y,1,3,http://www.wikidata.org/entity/Q1264450
X4R26H2Y,2,3,http://www.wikidata.org/entity/Q1264450
X4R26H2Y,3,3,http://www.wikidata.org/entity/Q1264450
X4R26H2Y,4,3,http://www.wikidata.org/entity/Q1264450
X4R26H2Y,5,3,http://www.wikidata.org/entity/Q1264450
S8OPIJ5T,1,0,http://www.wikidata.org/entity/Q2192677
S8OPIJ5T,2,0,http://www.wikidata.org/entity/Q1954418
S8OPIJ5T,3,0,http://www.wikidata.org/entity/Q875251
S8OPIJ5T,4,0,http://www.wikidata.org/entity/Q7653559
S8OPIJ5T,5,0,http://www.wikidata.org/entity/Q5377573
S8OPIJ5T,1,1,http://www.wikidata.org/entity/Q1076338
S8OPIJ5T,2,1,http://www.wikidata.org/entity/Q10003
S8OPIJ5T,3,1,http://www.wikidata.org/entity/Q41358
S8OPIJ5T,4,1,http://www.wikidata.org/entity/Q23159
S8OPIJ5T,5,1,http://www.wikidata.org/entity/Q37404
S8OPIJ5T,1,2,http://www.wikidata.org/entity/Q1144661
S8OPIJ5T,2,2,http://www.wikidata.org/entity/Q728937
S8OPIJ5T,3,2,http://www.wikidata.org/entity/Q728937
S8OPIJ5T,4,2,http://www.wikidata.org/entity/Q420962
S8OPIJ5T,5,2,http://www.wikidata.org/entity/Q420962
S8OPIJ5T,1,4,http://www.wikidata.org/entity/Q7797954
S8OPIJ5T,2,4,http://www.wikidata.org/entity/Q1999572
S8OPIJ5T,3,4,http://www.wikidata.org/entity/Q682656
S8OPIJ5T,4,4,http://www.wikidata.org/entity/Q1999572
S8OPIJ5T,5,4,http://www.wikidata.org/entity/Q1999572
RBO1KREU,1,0,http://www.wikidata.org/entity/Q15735911
RBO1KREU,2,0,http://www.wikidata.org/entity/Q15735910
RBO1KREU,3,0,http://www.wikidata.org/entity/Q15735909
RBO1KREU,4,0,http://www.wikidata.org/entity/Q15735908
RBO1KREU,5,0,http://www.wikidata.org/entity/Q15735907
RBO1KREU,6,0,http://www.wikidata.org/entity/Q15735906
RBO1KREU,7,0,http://www.wikidata.org/entity/Q15735905
RBO1KREU,8,0,http://www.wikidata.org/entity/Q15735901
RBO1KREU,9,0,http://www.wikidata.org/entity/Q15735900
RBO1KREU,10,0,http://www.wikidata.org/entity/Q15735912
RBO1KREU,1,1,http://www.wikidata.org/entity/Q2305621
RBO1KREU,2,1,http://www.wikidata.org/entity/Q2305621
RBO1KREU,3,1,http://www.wikidata.org/entity/Q2305621
RBO1KREU,4,1,http://www.wikidata.org/entity/Q2305621
RBO1KREU,5,1,http://www.wikidata.org/entity/Q2305621
RBO1KREU,6,1,http://www.wikidata.org/entity/Q2305621
RBO1KREU,7,1,http://www.wikidata.org/entity/Q2305621
RBO1KREU,8,1,http://www.wikidata.org/entity/Q1975222
RBO1KREU,9,1,http://www.wikidata.org/entity/Q1975222
RBO1KREU,10,1,http://www.wikidata.org/entity/Q1972315
RBO1KREU,1,3,http://www.wikidata.org/entity/Q869
RBO1KREU,2,3,http://www.wikidata.org/entity/Q869
RBO1KREU,3,3,http://www.wikidata.org/entity/Q869
RBO1KREU,4,3,http://www.wikidata.org/entity/Q869
RBO1KREU,5,3,http://www.wikidata.org/entity/Q869
RBO1KREU,6,3,http://www.wikidata.org/entity/Q869
RBO1KREU,7,3,http://www.wikidata.org/entity/Q869
RBO1KREU,8,3,http://www.wikidata.org/entity/Q869
RBO1KREU,9,3,http://www.wikidata.org/entity/Q869
RBO1KREU,10,3,http://www.wikidata.org/entity/Q869
8CFA3ZFG,1,0,http://www.wikidata.org/entity/Q84210328
8CFA3ZFG,2,0,http://www.wikidata.org/entity/Q84217869
8CFA3ZFG,3,0,http://www.wikidata.org/entity/Q84217110
8CFA3ZFG,4,0,http://www.wikidata.org/entity/Q84217011
8CFA3ZFG,5,0,http://www.wikidata.org/entity/Q84216020
8CFA3ZFG,6,0,http://www.wikidata.org/entity/Q84215903
8CFA3ZFG,7,0,http://www.wikidata.org/entity/Q84215804
8CFA3ZFG,8,0,http://www.wikidata.org/entity/Q84215220
8CFA3ZFG,9,0,http://www.wikidata.org/entity/Q84215209
8CFA3ZFG,10,0,http://www.wikidata.org/entity/Q84213626
8CFA3ZFG,11,0,http://www.wikidata.org/entity/Q84213560
8CFA3ZFG,12,0,http://www.wikidata.org/entity/Q84212827
8CFA3ZFG,13,0,http://www.wikidata.org/entity/Q84212636
8CFA3ZFG,1,5,http://www.wikidata.org/entity/Q84210325
8CFA3ZFG,2,5,http://www.wikidata.org/entity/Q84208013
8CFA3ZFG,3,5,http://www.wikidata.org/entity/Q84208013
8CFA3ZFG,4,5,http://www.wikidata.org/entity/Q84208013
8CFA3ZFG,5,5,http://www.wikidata.org/entity/Q84208013
8CFA3ZFG,6,5,http://www.wikidata.org/entity/Q84208013
8CFA3ZFG,7,5,http://www.wikidata.org/entity/Q84208013
8CFA3ZFG,8,5,http://www.wikidata.org/entity/Q84208013
8CFA3ZFG,9,5,http://www.wikidata.org/entity/Q84208013
8CFA3ZFG,10,5,http://www.wikidata.org/entity/Q84208013
8CFA3ZFG,11,5,http://www.wikidata.org/entity/Q84208013
8CFA3ZFG,12,5,http://www.wikidata.org/entity/Q84208013
8CFA3ZFG,13,5,http://www.wikidata.org/entity/Q84208013
TA2L83BJ,1,0,http://www.wikidata.org/entity/Q218593
TA2L83BJ,2,0,http://www.wikidata.org/entity/Q218593
TA2L83BJ,3,0,http://www.wikidata.org/entity/Q218593
TA2L83BJ,1,1,http://www.wikidata.org/entity/Q9019918
TA2L83BJ,2,1,http://www.wikidata.org/entity/Q156366
TA2L83BJ,3,1,http://www.wikidata.org/entity/Q6515434
TA2L83BJ,1,2,http://www.wikidata.org/entity/Q9019918
TA2L83BJ,2,2,http://www.wikidata.org/entity/Q45833
TA2L83BJ,3,2,http://www.wikidata.org/entity/Q6809923
TA2L83BJ,1,3,http://www.wikidata.org/entity/Q9019918
TA2L83BJ,2,3,http://www.wikidata.org/entity/Q35715
TA2L83BJ,3,3,http://www.wikidata.org/entity/Q1509393
TA2L83BJ,1,4,http://www.wikidata.org/entity/Q9019918
TA2L83BJ,2,4,http://www.wikidata.org/entity/Q829
TA2L83BJ,3,4,http://www.wikidata.org/entity/Q1262279
Z5RVWHQB,1,0,http://www.wikidata.org/entity/Q2665406
Z5RVWHQB,2,0,http://www.wikidata.org/entity/Q2517141
Z5RVWHQB,3,0,http://www.wikidata.org/entity/Q15881210
Z5RVWHQB,4,0,http://www.wikidata.org/entity/Q12060639
Z5RVWHQB,1,1,http://www.wikidata.org/entity/Q19567896
Z5RVWHQB,2,1,http://www.wikidata.org/entity/Q19314510
Z5RVWHQB,3,1,http://www.wikidata.org/entity/Q2225886
Z5RVWHQB,4,1,http://www.wikidata.org/entity/Q43393341
Z5RVWHQB,1,2,http://www.wikidata.org/entity/Q9899
Z5RVWHQB,2,2,http://www.wikidata.org/entity/Q9899
Z5RVWHQB,3,2,http://www.wikidata.org/entity/Q9899
Z5RVWHQB,4,2,http://www.wikidata.org/entity/Q3176913
Z5RVWHQB,1,3,http://www.wikidata.org/entity/Q10283556
Z5RVWHQB,2,3,http://www.wikidata.org/entity/Q10283556
Z5RVWHQB,3,3,http://www.wikidata.org/entity/Q1191753
Z5RVWHQB,4,3,http://www.wikidata.org/entity/Q1191753
Z5RVWHQB,1,4,http://www.wikidata.org/entity/Q916333
Z5RVWHQB,2,4,http://www.wikidata.org/entity/Q916333
Z5RVWHQB,3,4,http://www.wikidata.org/entity/Q13423591
Z5RVWHQB,4,4,http://www.wikidata.org/entity/Q385405
ENUW7YL8,1,0,http://www.wikidata.org/entity/Q858979
ENUW7YL8,2,0,http://www.wikidata.org/entity/Q838454
ENUW7YL8,3,0,http://www.wikidata.org/entity/Q521036
ENUW7YL8,4,0,http://www.wikidata.org/entity/Q273582
ENUW7YL8,1,2,http://www.wikidata.org/entity/Q142
ENUW7YL8,2,2,http://www.wikidata.org/entity/Q142
ENUW7YL8,3,2,http://www.wikidata.org/entity/Q142
ENUW7YL8,4,2,http://www.wikidata.org/entity/Q142
ENUW7YL8,1,3,http://www.wikidata.org/entity/Q150
ENUW7YL8,2,3,http://www.wikidata.org/entity/Q150
ENUW7YL8,3,3,http://www.wikidata.org/entity/Q150
ENUW7YL8,4,3,http://www.wikidata.org/entity/Q150
5GXQUUA6,0,0,http://www.wikidata.org/entity/Q270952
5GXQUUA6,1,0,http://www.wikidata.org/entity/Q3047015
5GXQUUA6,2,0,http://www.wikidata.org/entity/Q521680
5GXQUUA6,3,0,http://www.wikidata.org/entity/Q3047015
5GXQUUA6,4,0,http://www.wikidata.org/entity/Q521680
5GXQUUA6,5,0,http://www.wikidata.org/entity/Q3047015
5GXQUUA6,6,0,http://www.wikidata.org/entity/Q521680
5GXQUUA6,7,0,http://www.wikidata.org/entity/Q3047015
5GXQUUA6,8,0,http://www.wikidata.org/entity/Q3605057
5GXQUUA6,9,0,http://www.wikidata.org/entity/Q3047015
5GXQUUA6,0,1,http://www.wikidata.org/entity/Q134041
5GXQUUA6,1,1,http://www.wikidata.org/entity/Q296955
5GXQUUA6,2,1,http://www.wikidata.org/entity/Q287
5GXQUUA6,3,1,http://www.wikidata.org/entity/Q296955
5GXQUUA6,4,1,http://www.wikidata.org/entity/Q287
5GXQUUA6,5,1,http://www.wikidata.org/entity/Q296955
5GXQUUA6,6,1,http://www.wikidata.org/entity/Q287
5GXQUUA6,7,1,http://www.wikidata.org/entity/Q12321255
5GXQUUA6,8,1,http://www.wikidata.org/entity/Q296955
5GXQUUA6,9,1,http://www.wikidata.org/entity/Q296955
5GXQUUA6,0,2,http://www.wikidata.org/entity/Q14877683
5GXQUUA6,1,2,http://www.wikidata.org/entity/Q210081
5GXQUUA6,2,2,http://www.wikidata.org/entity/Q774128
5GXQUUA6,3,2,http://www.wikidata.org/entity/Q210081
5GXQUUA6,4,2,http://www.wikidata.org/entity/Q774128
5GXQUUA6,5,2,http://www.wikidata.org/entity/Q210081
5GXQUUA6,6,2,http://www.wikidata.org/entity/Q774128
5GXQUUA6,7,2,http://www.wikidata.org/entity/Q210081
5GXQUUA6,8,2,http://www.wikidata.org/entity/Q160112
5GXQUUA6,9,2,http://www.wikidata.org/entity/Q210081
5GXQUUA6,0,3,http://www.wikidata.org/entity/Q218593
5GXQUUA6,1,3,http://www.wikidata.org/entity/Q23380
5GXQUUA6,2,3,http://www.wikidata.org/entity/Q5597
5GXQUUA6,3,3,http://www.wikidata.org/entity/Q23380
5GXQUUA6,4,3,http://www.wikidata.org/entity/Q5597
5GXQUUA6,5,3,http://www.wikidata.org/entity/Q23380
5GXQUUA6,6,3,http://www.wikidata.org/entity/Q5597
5GXQUUA6,7,3,http://www.wikidata.org/entity/Q23380
5GXQUUA6,8,3,http://www.wikidata.org/entity/Q5599
5GXQUUA6,9,3,http://www.wikidata.org/entity/Q3371528
5GXQUUA6,0,4,http://www.wikidata.org/entity/Q9633
5GXQUUA6,1,4,http://www.wikidata.org/entity/Q210081
5GXQUUA6,2,4,http://www.wikidata.org/entity/Q774128
5GXQUUA6,3,4,http://www.wikidata.org/entity/Q210081
5GXQUUA6,4,4,http://www.wikidata.org/entity/Q774128
5GXQUUA6,5,4,http://www.wikidata.org/entity/Q210081
5GXQUUA6,6,4,http://www.wikidata.org/entity/Q774128
5GXQUUA6,7,4,http://www.wikidata.org/entity/Q210081
5GXQUUA6,8,4,http://www.wikidata.org/entity/Q160112
5GXQUUA6,9,4,http://www.wikidata.org/entity/Q210081
5GXQUUA6,0,5,http://www.wikidata.org/entity/Q9633
5GXQUUA6,1,5,http://www.wikidata.org/entity/Q168456
5GXQUUA6,2,5,http://www.wikidata.org/entity/Q153126
5GXQUUA6,3,5,http://www.wikidata.org/entity/Q42177
5GXQUUA6,4,5,http://www.wikidata.org/entity/Q14130
5GXQUUA6,5,5,http://www.wikidata.org/entity/Q499
5GXQUUA6,6,5,http://www.wikidata.org/entity/Q467
5GXQUUA6,7,5,http://www.wikidata.org/entity/Q467
5GXQUUA6,8,5,http://www.wikidata.org/entity/Q15548309
5GXQUUA6,9,5,http://www.wikidata.org/entity/Q3039121
CZ43ZFX8,0,0,http://www.wikidata.org/entity/Q218593
CZ43ZFX8,1,0,http://www.wikidata.org/entity/Q79928452
CZ43ZFX8,2,0,http://www.wikidata.org/entity/Q55402791
CZ43ZFX8,3,0,http://www.wikidata.org/entity/Q79928448
CZ43ZFX8,4,0,http://www.wikidata.org/entity/Q79928445
CZ43ZFX8,5,0,http://www.wikidata.org/entity/Q79928444
CZ43ZFX8,6,0,http://www.wikidata.org/entity/Q79928442
CZ43ZFX8,7,0,http://www.wikidata.org/entity/Q79928439
CZ43ZFX8,8,0,http://www.wikidata.org/entity/Q79928410
CZ43ZFX8,9,0,http://www.wikidata.org/entity/Q79928407
CZ43ZFX8,10,0,http://www.wikidata.org/entity/Q787113
CZ43ZFX8,11,0,http://www.wikidata.org/entity/Q79928403
CZ43ZFX8,12,0,http://www.wikidata.org/entity/Q79928401
CZ43ZFX8,13,0,http://www.wikidata.org/entity/Q79928398
CZ43ZFX8,14,0,http://www.wikidata.org/entity/Q79928396
CZ43ZFX8,15,0,http://www.wikidata.org/entity/Q79928394
CZ43ZFX8,0,1,http://www.wikidata.org/entity/Q218593
CZ43ZFX8,1,1,http://www.wikidata.org/entity/Q79928452
CZ43ZFX8,2,1,http://www.wikidata.org/entity/Q55402791
CZ43ZFX8,3,1,http://www.wikidata.org/entity/Q79928448
CZ43ZFX8,4,1,http://www.wikidata.org/entity/Q79928445
CZ43ZFX8,5,1,http://www.wikidata.org/entity/Q79928444
CZ43ZFX8,6,1,http://www.wikidata.org/entity/Q79928442
CZ43ZFX8,7,1,http://www.wikidata.org/entity/Q79928439
CZ43ZFX8,8,1,http://www.wikidata.org/entity/Q79928410
CZ43ZFX8,9,1,http://www.wikidata.org/entity/Q79928407
CZ43ZFX8,10,1,http://www.wikidata.org/entity/Q787113
CZ43ZFX8,11,1,http://www.wikidata.org/entity/Q79928403
CZ43ZFX8,12,1,http://www.wikidata.org/entity/Q79928401
CZ43ZFX8,13,1,http://www.wikidata.org/entity/Q79928398
CZ43ZFX8,14,1,http://www.wikidata.org/entity/Q79928396
CZ43ZFX8,15,1,http://www.wikidata.org/entity/Q79928394
CZ43ZFX8,0,2,http://www.wikidata.org/entity/Q14877683
CZ43ZFX8,1,2,http://www.wikidata.org/entity/Q657415
CZ43ZFX8,2,2,http://www.wikidata.org/entity/Q657415
CZ43ZFX8,3,2,http://www.wikidata.org/entity/Q657415
CZ43ZFX8,4,2,http://www.wikidata.org/entity/Q657415
CZ43ZFX8,5,2,http://www.wikidata.org/entity/Q657415
CZ43ZFX8,6,2,http://www.wikidata.org/entity/Q657415
CZ43ZFX8,7,2,http://www.wikidata.org/entity/Q657415
CZ43ZFX8,8,2,http://www.wikidata.org/entity/Q657415
CZ43ZFX8,9,2,http://www.wikidata.org/entity/Q657415
CZ43ZFX8,10,2,http://www.wikidata.org/entity/Q657415
CZ43ZFX8,11,2,http://www.wikidata.org/entity/Q657415
CZ43ZFX8,12,2,http://www.wikidata.org/entity/Q657415
CZ43ZFX8,13,2,http://www.wikidata.org/entity/Q657415
CZ43ZFX8,14,2,http://www.wikidata.org/entity/Q657415
CZ43ZFX8,15,2,http://www.wikidata.org/entity/Q657415
CZ43ZFX8,0,3,http://www.wikidata.org/entity/Q9633
CZ43ZFX8,1,3,http://www.wikidata.org/entity/Q28913685
CZ43ZFX8,2,3,http://www.wikidata.org/entity/Q28913685
CZ43ZFX8,3,3,http://www.wikidata.org/entity/Q28913685
CZ43ZFX8,4,3,http://www.wikidata.org/entity/Q28913685
CZ43ZFX8,5,3,http://www.wikidata.org/entity/Q28913685
CZ43ZFX8,6,3,http://www.wikidata.org/entity/Q28913685
CZ43ZFX8,7,3,http://www.wikidata.org/entity/Q28913685
CZ43ZFX8,8,3,http://www.wikidata.org/entity/Q28913685
CZ43ZFX8,9,3,http://www.wikidata.org/entity/Q28913685
CZ43ZFX8,10,3,http://www.wikidata.org/entity/Q28913685
CZ43ZFX8,11,3,http://www.wikidata.org/entity/Q28913685
CZ43ZFX8,12,3,http://www.wikidata.org/entity/Q28913685
CZ43ZFX8,13,3,http://www.wikidata.org/entity/Q28913685
CZ43ZFX8,14,3,http://www.wikidata.org/entity/Q28913685
CZ43ZFX8,15,3,http://www.wikidata.org/entity/Q28913685
YILNALAY,1,0,http://www.wikidata.org/entity/Q55597225
YILNALAY,2,0,http://www.wikidata.org/entity/Q55597224
YILNALAY,3,0,http://www.wikidata.org/entity/Q11886832
YILNALAY,4,0,http://www.wikidata.org/entity/Q11921582
YILNALAY,1,1,http://www.wikidata.org/entity/Q204382
YILNALAY,2,1,http://www.wikidata.org/entity/Q125080
YILNALAY,3,1,http://www.wikidata.org/entity/Q1757
YILNALAY,4,1,http://www.wikidata.org/entity/Q12335
YILNALAY,1,2,http://www.wikidata.org/entity/Q54824228
YILNALAY,2,2,http://www.wikidata.org/entity/Q54824224
YILNALAY,3,2,http://www.wikidata.org/entity/Q54824228
YILNALAY,4,2,http://www.wikidata.org/entity/Q11910250
YILNALAY,1,3,http://www.wikidata.org/entity/Q4348849
YILNALAY,2,3,http://www.wikidata.org/entity/Q30505564
YILNALAY,3,3,http://www.wikidata.org/entity/Q30506400
YILNALAY,4,3,http://www.wikidata.org/entity/Q4895245
YILNALAY,1,4,http://www.wikidata.org/entity/Q40558
YILNALAY,2,4,http://www.wikidata.org/entity/Q40558
YILNALAY,3,4,http://www.wikidata.org/entity/Q2111762
YILNALAY,4,4,http://www.wikidata.org/entity/Q40558
9DK3PBI0,1,0,http://www.wikidata.org/entity/Q63882385
9DK3PBI0,2,0,http://www.wikidata.org/entity/Q63882384
9DK3PBI0,3,0,http://www.wikidata.org/entity/Q63882386
9DK3PBI0,4,0,http://www.wikidata.org/entity/Q63882382
9DK3PBI0,5,0,http://www.wikidata.org/entity/Q63882383
9DK3PBI0,6,0,http://www.wikidata.org/entity/Q63882388
9DK3PBI0,7,0,http://www.wikidata.org/entity/Q63882411
9DK3PBI0,8,0,http://www.wikidata.org/entity/Q63882413
9DK3PBI0,9,0,http://www.wikidata.org/entity/Q63882408
9DK3PBI0,10,0,http://www.wikidata.org/entity/Q63882410
9DK3PBI0,11,0,http://www.wikidata.org/entity/Q63882409
9DK3PBI0,12,0,http://www.wikidata.org/entity/Q63884574
9DK3PBI0,13,0,http://www.wikidata.org/entity/Q63885827
9DK3PBI0,1,1,http://www.wikidata.org/entity/Q2721795
9DK3PBI0,2,1,http://www.wikidata.org/entity/Q2670558
9DK3PBI0,3,1,http://www.wikidata.org/entity/Q1989887
9DK3PBI0,4,1,http://www.wikidata.org/entity/Q1952877
9DK3PBI0,5,1,http://www.wikidata.org/entity/Q2367270
9DK3PBI0,6,1,http://www.wikidata.org/entity/Q1920856
9DK3PBI0,7,1,http://www.wikidata.org/entity/Q84764771
9DK3PBI0,8,1,http://www.wikidata.org/entity/Q84764629
9DK3PBI0,9,1,http://www.wikidata.org/entity/Q84708562
9DK3PBI0,10,1,http://www.wikidata.org/entity/Q84708528
9DK3PBI0,11,1,http://www.wikidata.org/entity/Q84707691
9DK3PBI0,12,1,http://www.wikidata.org/entity/Q3266236
9DK3PBI0,13,1,http://www.wikidata.org/entity/Q1977348
9DK3PBI0,1,2,http://www.wikidata.org/entity/Q6581097
9DK3PBI0,2,2,http://www.wikidata.org/entity/Q6581097
9DK3PBI0,3,2,http://www.wikidata.org/entity/Q6581097
9DK3PBI0,4,2,http://www.wikidata.org/entity/Q6581097
9DK3PBI0,5,2,http://www.wikidata.org/entity/Q6581072
9DK3PBI0,6,2,http://www.wikidata.org/entity/Q6581072
9DK3PBI0,7,2,http://www.wikidata.org/entity/Q6581072
9DK3PBI0,8,2,http://www.wikidata.org/entity/Q6581072
9DK3PBI0,9,2,http://www.wikidata.org/entity/Q6581072
9DK3PBI0,10,2,http://www.wikidata.org/entity/Q6581072
9DK3PBI0,11,2,http://www.wikidata.org/entity/Q6581072
9DK3PBI0,12,2,http://www.wikidata.org/entity/Q6581097
9DK3PBI0,13,2,http://www.wikidata.org/entity/Q6581097
9DK3PBI0,1,3,http://www.wikidata.org/entity/Q191838
9DK3PBI0,2,3,http://www.wikidata.org/entity/Q191838
9DK3PBI0,3,3,http://www.wikidata.org/entity/Q191838
9DK3PBI0,4,3,http://www.wikidata.org/entity/Q191838
9DK3PBI0,5,3,http://www.wikidata.org/entity/Q191838
9DK3PBI0,6,3,http://www.wikidata.org/entity/Q191838
9DK3PBI0,7,3,http://www.wikidata.org/entity/Q523076
9DK3PBI0,8,3,http://www.wikidata.org/entity/Q523076
9DK3PBI0,9,3,http://www.wikidata.org/entity/Q523076
9DK3PBI0,10,3,http://www.wikidata.org/entity/Q523076
9DK3PBI0,11,3,http://www.wikidata.org/entity/Q523076
9DK3PBI0,12,3,http://www.wikidata.org/entity/Q1254418
9DK3PBI0,13,3,http://www.wikidata.org/entity/Q1254418
EUTC31BC,0,0,http://www.wikidata.org/entity/Q218593
EUTC31BC,1,0,http://www.wikidata.org/entity/Q22922101
EUTC31BC,2,0,http://www.wikidata.org/entity/Q17745965
EUTC31BC,3,0,http://www.wikidata.org/entity/Q17745960
EUTC31BC,4,0,http://www.wikidata.org/entity/Q17745959
EUTC31BC,0,1,http://www.wikidata.org/entity/Q270952
EUTC31BC,1,1,http://www.wikidata.org/entity/Q276173
EUTC31BC,2,1,http://www.wikidata.org/entity/Q276173
EUTC31BC,3,1,http://www.wikidata.org/entity/Q276173
EUTC31BC,4,1,http://www.wikidata.org/entity/Q276173
EUTC31BC,0,2,http://www.wikidata.org/entity/Q14877683
EUTC31BC,1,2,http://www.wikidata.org/entity/Q142
EUTC31BC,2,2,http://www.wikidata.org/entity/Q142
EUTC31BC,3,2,http://www.wikidata.org/entity/Q142
EUTC31BC,4,2,http://www.wikidata.org/entity/Q142
EUTC31BC,0,3,http://www.wikidata.org/entity/Q218593
EUTC31BC,1,3,http://www.wikidata.org/entity/Q10387575
EUTC31BC,2,3,http://www.wikidata.org/entity/Q10387575
EUTC31BC,3,3,http://www.wikidata.org/entity/Q10387575
EUTC31BC,4,3,http://www.wikidata.org/entity/Q10387575
EUTC31BC,0,4,http://www.wikidata.org/entity/Q7860610
EUTC31BC,1,4,http://www.wikidata.org/entity/Q3448781
EUTC31BC,2,4,http://www.wikidata.org/entity/Q271639
EUTC31BC,3,4,http://www.wikidata.org/entity/Q271639
EUTC31BC,4,4,http://www.wikidata.org/entity/Q271639
3LKMQKGX,1,0,http://www.wikidata.org/entity/Q218593
3LKMQKGX,2,0,http://www.wikidata.org/entity/Q218593
3LKMQKGX,3,0,http://www.wikidata.org/entity/Q218593
3LKMQKGX,1,1,http://www.wikidata.org/entity/Q110761621
3LKMQKGX,2,1,http://www.wikidata.org/entity/Q6884113
3LKMQKGX,3,1,http://www.wikidata.org/entity/Q30643021
3LKMQKGX,1,2,http://www.wikidata.org/entity/Q18713614
3LKMQKGX,2,2,http://www.wikidata.org/entity/Q6884113
3LKMQKGX,3,2,http://www.wikidata.org/entity/Q30641628
3LKMQKGX,1,3,http://www.wikidata.org/entity/Q52836174
3LKMQKGX,2,3,http://www.wikidata.org/entity/Q6884113
3LKMQKGX,3,3,http://www.wikidata.org/entity/Q65080704
3LKMQKGX,1,4,http://www.wikidata.org/entity/Q13199
3LKMQKGX,2,4,http://www.wikidata.org/entity/Q482994
3LKMQKGX,3,4,http://www.wikidata.org/entity/Q33503
3LKMQKGX,1,5,http://www.wikidata.org/entity/Q527
3LKMQKGX,2,5,http://www.wikidata.org/entity/Q482994
3LKMQKGX,3,5,http://www.wikidata.org/entity/Q48964897
3LKMQKGX,1,6,http://www.wikidata.org/entity/Q29033668
3LKMQKGX,2,6,http://www.wikidata.org/entity/Q482994
3LKMQKGX,3,6,http://www.wikidata.org/entity/Q753679
3LKMQKGX,1,7,http://www.wikidata.org/entity/Q15645384
3LKMQKGX,2,7,http://www.wikidata.org/entity/Q208569
3LKMQKGX,3,7,http://www.wikidata.org/entity/Q9165
8E3MV1ZV,1,0,http://www.wikidata.org/entity/Q134041
8E3MV1ZV,2,0,http://www.wikidata.org/entity/Q218593
8E3MV1ZV,3,0,http://www.wikidata.org/entity/Q218593
8E3MV1ZV,1,1,http://www.wikidata.org/entity/Q34
8E3MV1ZV,2,1,http://www.wikidata.org/entity/Q193023
8E3MV1ZV,3,1,http://www.wikidata.org/entity/Q312801
8E3MV1ZV,1,2,http://www.wikidata.org/entity/Q30
8E3MV1ZV,2,2,http://www.wikidata.org/entity/Q387539
8E3MV1ZV,3,2,http://www.wikidata.org/entity/Q310357
8E3MV1ZV,1,3,http://www.wikidata.org/entity/Q30
8E3MV1ZV,2,3,http://www.wikidata.org/entity/Q183387
8E3MV1ZV,3,3,http://www.wikidata.org/entity/Q237354
8E3MV1ZV,1,4,http://www.wikidata.org/entity/Q30
8E3MV1ZV,2,4,http://www.wikidata.org/entity/Q277626
8E3MV1ZV,3,4,http://www.wikidata.org/entity/Q217787
8E3MV1ZV,1,5,http://www.wikidata.org/entity/Q30
8E3MV1ZV,2,5,http://www.wikidata.org/entity/Q193023
8E3MV1ZV,3,5,http://www.wikidata.org/entity/Q216288
LZ1BY62D,0,0,http://www.wikidata.org/entity/Q218593
LZ1BY62D,1,0,http://www.wikidata.org/entity/Q7252771
LZ1BY62D,2,0,http://www.wikidata.org/entity/Q483030
LZ1BY62D,3,0,http://www.wikidata.org/entity/Q7101529
LZ1BY62D,4,0,http://www.wikidata.org/entity/Q7079923
LZ1BY62D,5,0,http://www.wikidata.org/entity/Q6939402
LZ1BY62D,6,0,http://www.wikidata.org/entity/Q6858665
LZ1BY62D,7,0,http://www.wikidata.org/entity/Q6843127
LZ1BY62D,8,0,http://www.wikidata.org/entity/Q6843126
LZ1BY62D,9,0,http://www.wikidata.org/entity/Q6803330
LZ1BY62D,10,0,http://www.wikidata.org/entity/Q1010595
LZ1BY62D,11,0,http://www.wikidata.org/entity/Q6505709
LZ1BY62D,12,0,http://www.wikidata.org/entity/Q6277095
LZ1BY62D,13,0,http://www.wikidata.org/entity/Q5773653
LZ1BY62D,0,2,http://www.wikidata.org/entity/Q14877683
LZ1BY62D,1,2,http://www.wikidata.org/entity/Q3134980
LZ1BY62D,2,2,http://www.wikidata.org/entity/Q3134980
LZ1BY62D,3,2,http://www.wikidata.org/entity/Q3134980
LZ1BY62D,4,2,http://www.wikidata.org/entity/Q3134980
LZ1BY62D,5,2,http://www.wikidata.org/entity/Q3134980
LZ1BY62D,6,2,http://www.wikidata.org/entity/Q3134980
LZ1BY62D,7,2,http://www.wikidata.org/entity/Q3134980
LZ1BY62D,8,2,http://www.wikidata.org/entity/Q3134980
LZ1BY62D,9,2,http://www.wikidata.org/entity/Q941023
LZ1BY62D,10,2,http://www.wikidata.org/entity/Q3134980
LZ1BY62D,11,2,http://www.wikidata.org/entity/Q3134980
LZ1BY62D,12,2,http://www.wikidata.org/entity/Q3134980
LZ1BY62D,13,2,http://www.wikidata.org/entity/Q3134980
LZ1BY62D,0,4,http://www.wikidata.org/entity/Q218593
LZ1BY62D,1,4,http://www.wikidata.org/entity/Q7902494
LZ1BY62D,2,4,http://www.wikidata.org/entity/Q7902494
LZ1BY62D,3,4,http://www.wikidata.org/entity/Q7902494
LZ1BY62D,4,4,http://www.wikidata.org/entity/Q7902494
LZ1BY62D,5,4,http://www.wikidata.org/entity/Q7902494
LZ1BY62D,6,4,http://www.wikidata.org/entity/Q7902494
LZ1BY62D,7,4,http://www.wikidata.org/entity/Q7902494
LZ1BY62D,8,4,http://www.wikidata.org/entity/Q7902494
LZ1BY62D,9,4,http://www.wikidata.org/entity/Q7902494
LZ1BY62D,10,4,http://www.wikidata.org/entity/Q7902494
LZ1BY62D,11,4,http://www.wikidata.org/entity/Q7902494
LZ1BY62D,12,4,http://www.wikidata.org/entity/Q7902494
LZ1BY62D,13,4,http://www.wikidata.org/entity/Q7902494
LZ1BY62D,0,5,http://www.wikidata.org/entity/Q9633
LZ1BY62D,1,5,http://www.wikidata.org/entity/Q22808404
LZ1BY62D,2,5,http://www.wikidata.org/entity/Q22808404
LZ1BY62D,3,5,http://www.wikidata.org/entity/Q22808404
LZ1BY62D,4,5,http://www.wikidata.org/entity/Q22808404
LZ1BY62D,5,5,http://www.wikidata.org/entity/Q22808404
LZ1BY62D,6,5,http://www.wikidata.org/entity/Q22808404
LZ1BY62D,7,5,http://www.wikidata.org/entity/Q22808404
LZ1BY62D,8,5,http://www.wikidata.org/entity/Q22808404
LZ1BY62D,9,5,http://www.wikidata.org/entity/Q22808404
LZ1BY62D,10,5,http://www.wikidata.org/entity/Q22808404
LZ1BY62D,11,5,http://www.wikidata.org/entity/Q22808404
LZ1BY62D,12,5,http://www.wikidata.org/entity/Q22808404
LZ1BY62D,13,5,http://www.wikidata.org/entity/Q22808404
ZHLHVZKE,1,0,http://www.wikidata.org/entity/Q616101
ZHLHVZKE,2,0,http://www.wikidata.org/entity/Q1044601
ZHLHVZKE,3,0,http://www.wikidata.org/entity/Q1043959
ZHLHVZKE,4,0,http://www.wikidata.org/entity/Q1042358
ZHLHVZKE,1,2,http://www.wikidata.org/entity/Q1264450
ZHLHVZKE,2,2,http://www.wikidata.org/entity/Q1264450
ZHLHVZKE,3,2,http://www.wikidata.org/entity/Q1264450
ZHLHVZKE,4,2,http://www.wikidata.org/entity/Q1264450
ZHLHVZKE,1,3,http://www.wikidata.org/entity/Q14278
ZHLHVZKE,2,3,http://www.wikidata.org/entity/Q14277
ZHLHVZKE,3,3,http://www.wikidata.org/entity/Q14277
ZHLHVZKE,4,3,http://www.wikidata.org/entity/Q14277
EYH05KP2,1,0,http://www.wikidata.org/entity/Q130206
EYH05KP2,2,0,http://www.wikidata.org/entity/Q316976
EYH05KP2,3,0,http://www.wikidata.org/entity/Q1634300
EYH05KP2,4,0,http://www.wikidata.org/entity/Q1529051
EYH05KP2,1,2,http://www.wikidata.org/entity/Q158438
EYH05KP2,2,2,http://www.wikidata.org/entity/Q12570
EYH05KP2,3,2,http://www.wikidata.org/entity/Q43514341
EYH05KP2,4,2,http://www.wikidata.org/entity/Q14276458
EYH05KP2,1,3,http://www.wikidata.org/entity/Q145
EYH05KP2,2,3,http://www.wikidata.org/entity/Q183
EYH05KP2,3,3,http://www.wikidata.org/entity/Q183
EYH05KP2,4,3,http://www.wikidata.org/entity/Q408
AG7VI55T,1,0,http://www.wikidata.org/entity/Q218593
AG7VI55T,2,0,http://www.wikidata.org/entity/Q218593
AG7VI55T,3,0,http://www.wikidata.org/entity/Q218593
AG7VI55T,4,0,http://www.wikidata.org/entity/Q218593
AG7VI55T,1,1,http://www.wikidata.org/entity/Q11149028
AG7VI55T,2,1,http://www.wikidata.org/entity/Q17
AG7VI55T,3,1,http://www.wikidata.org/entity/Q20452390
AG7VI55T,4,1,http://www.wikidata.org/entity/Q6157618
AG7VI55T,1,2,http://www.wikidata.org/entity/Q28477595
AG7VI55T,2,2,http://www.wikidata.org/entity/Q1072282
AG7VI55T,3,2,http://www.wikidata.org/entity/Q20452390
AG7VI55T,4,2,http://www.wikidata.org/entity/Q6157578
AG7VI55T,1,3,http://www.wikidata.org/entity/Q1575840
AG7VI55T,2,3,http://www.wikidata.org/entity/Q17
AG7VI55T,3,3,http://www.wikidata.org/entity/Q2376564
AG7VI55T,4,3,http://www.wikidata.org/entity/Q6157284
AG7VI55T,1,4,http://www.wikidata.org/entity/Q11609201
AG7VI55T,2,4,http://www.wikidata.org/entity/Q1072282
AG7VI55T,3,4,http://www.wikidata.org/entity/Q20452390
AG7VI55T,4,4,http://www.wikidata.org/entity/Q6157478
AG7VI55T,1,5,http://www.wikidata.org/entity/Q11546629
AG7VI55T,2,5,http://www.wikidata.org/entity/Q17
AG7VI55T,3,5,http://www.wikidata.org/entity/Q20452390
AG7VI55T,4,5,http://www.wikidata.org/entity/Q6157284
AG7VI55T,1,6,http://www.wikidata.org/entity/Q28835021
AG7VI55T,2,6,http://www.wikidata.org/entity/Q1072282
AG7VI55T,3,6,http://www.wikidata.org/entity/Q20452390
AG7VI55T,4,6,http://www.wikidata.org/entity/Q6157306
AG7VI55T,1,7,http://www.wikidata.org/entity/Q11636510
AG7VI55T,2,7,http://www.wikidata.org/entity/Q1072282
AG7VI55T,3,7,http://www.wikidata.org/entity/Q17014289
AG7VI55T,4,7,http://www.wikidata.org/entity/Q11503559
AG7VI55T,1,8,http://www.wikidata.org/entity/Q11577681
AG7VI55T,2,8,http://www.wikidata.org/entity/Q1072282
AG7VI55T,3,8,http://www.wikidata.org/entity/Q20452390
AG7VI55T,4,8,http://www.wikidata.org/entity/Q11564888
AG7VI55T,1,9,http://www.wikidata.org/entity/Q11566723
AG7VI55T,2,9,http://www.wikidata.org/entity/Q1072282
AG7VI55T,3,9,http://www.wikidata.org/entity/Q20452390
AG7VI55T,4,9,http://www.wikidata.org/entity/Q11564852
AG7VI55T,1,10,http://www.wikidata.org/entity/Q8081529
AG7VI55T,2,10,http://www.wikidata.org/entity/Q17
AG7VI55T,3,10,http://www.wikidata.org/entity/Q2376564
AG7VI55T,4,10,http://www.wikidata.org/entity/Q11525853
AG7VI55T,1,11,http://www.wikidata.org/entity/Q11179371
AG7VI55T,2,11,http://www.wikidata.org/entity/Q1072282
AG7VI55T,3,11,http://www.wikidata.org/entity/Q20452390
AG7VI55T,4,11,http://www.wikidata.org/entity/Q11535527
AG7VI55T,1,12,http://www.wikidata.org/entity/Q28234962
AG7VI55T,2,12,http://www.wikidata.org/entity/Q17
AG7VI55T,3,12,http://www.wikidata.org/entity/Q2376564
AG7VI55T,4,12,http://www.wikidata.org/entity/Q11521438
AG7VI55T,1,13,http://www.wikidata.org/entity/Q10930481
AG7VI55T,2,13,http://www.wikidata.org/entity/Q1072282
AG7VI55T,3,13,http://www.wikidata.org/entity/Q17014289
AG7VI55T,4,13,http://www.wikidata.org/entity/Q11503560
AG7VI55T,1,14,http://www.wikidata.org/entity/Q10917792
AG7VI55T,2,14,http://www.wikidata.org/entity/Q1072282
AG7VI55T,3,14,http://www.wikidata.org/entity/Q20452390
AG7VI55T,4,14,http://www.wikidata.org/entity/Q11503563
BUOHKKDQ,1,0,http://www.wikidata.org/entity/Q80930
BUOHKKDQ,2,0,http://www.wikidata.org/entity/Q8261
BUOHKKDQ,3,0,http://www.wikidata.org/entity/Q47307
BUOHKKDQ,4,0,http://www.wikidata.org/entity/Q595801
BUOHKKDQ,5,0,http://www.wikidata.org/entity/Q431193
BUOHKKDQ,6,0,http://www.wikidata.org/entity/Q305178
BUOHKKDQ,7,0,http://www.wikidata.org/entity/Q202208
BUOHKKDQ,8,0,http://www.wikidata.org/entity/Q181001
BUOHKKDQ,9,0,http://www.wikidata.org/entity/Q170539
BUOHKKDQ,10,0,http://www.wikidata.org/entity/Q80930
BUOHKKDQ,1,1,http://www.wikidata.org/entity/Q7777573
BUOHKKDQ,2,1,http://www.wikidata.org/entity/Q223393
BUOHKKDQ,3,1,http://www.wikidata.org/entity/Q1047113
BUOHKKDQ,4,1,http://www.wikidata.org/entity/Q483394
BUOHKKDQ,5,1,http://www.wikidata.org/entity/Q483394
BUOHKKDQ,6,1,http://www.wikidata.org/entity/Q483394
BUOHKKDQ,7,1,http://www.wikidata.org/entity/Q223393
BUOHKKDQ,8,1,http://www.wikidata.org/entity/Q201658
BUOHKKDQ,9,1,http://www.wikidata.org/entity/Q483394
BUOHKKDQ,10,1,http://www.wikidata.org/entity/Q483394
BUOHKKDQ,1,2,http://www.wikidata.org/entity/Q602358
BUOHKKDQ,2,2,http://www.wikidata.org/entity/Q602358
BUOHKKDQ,3,2,http://www.wikidata.org/entity/Q602358
BUOHKKDQ,4,2,http://www.wikidata.org/entity/Q602358
BUOHKKDQ,5,2,http://www.wikidata.org/entity/Q602358
BUOHKKDQ,6,2,http://www.wikidata.org/entity/Q2657718
BUOHKKDQ,7,2,http://www.wikidata.org/entity/Q602358
BUOHKKDQ,8,2,http://www.wikidata.org/entity/Q19180675
BUOHKKDQ,9,2,http://www.wikidata.org/entity/Q602358
BUOHKKDQ,10,2,http://www.wikidata.org/entity/Q602358
BUOHKKDQ,1,3,http://www.wikidata.org/entity/Q25372
BUOHKKDQ,2,3,http://www.wikidata.org/entity/Q1318295
BUOHKKDQ,3,3,http://www.wikidata.org/entity/Q80083
BUOHKKDQ,4,3,http://www.wikidata.org/entity/Q2250844
BUOHKKDQ,5,3,http://www.wikidata.org/entity/Q3831847
BUOHKKDQ,6,3,http://www.wikidata.org/entity/Q529711
BUOHKKDQ,7,3,http://www.wikidata.org/entity/Q482
BUOHKKDQ,8,3,http://www.wikidata.org/entity/Q17537576
BUOHKKDQ,9,3,http://www.wikidata.org/entity/Q836950
BUOHKKDQ,10,3,http://www.wikidata.org/entity/Q25372
IETOIKZD,1,0,http://www.wikidata.org/entity/Q131449
IETOIKZD,2,0,http://www.wikidata.org/entity/Q48277
IETOIKZD,3,0,http://www.wikidata.org/entity/Q9510
IETOIKZD,4,0,http://www.wikidata.org/entity/Q8425
IETOIKZD,5,0,http://www.wikidata.org/entity/Q11471
IETOIKZD,1,1,http://www.wikidata.org/entity/Q151885
IETOIKZD,2,1,http://www.wikidata.org/entity/Q151885
IETOIKZD,3,1,http://www.wikidata.org/entity/Q151885
IETOIKZD,4,1,http://www.wikidata.org/entity/Q151885
IETOIKZD,5,1,http://www.wikidata.org/entity/Q151885
IETOIKZD,1,2,http://www.wikidata.org/entity/Q11398
IETOIKZD,2,2,http://www.wikidata.org/entity/Q5110203
IETOIKZD,3,2,http://www.wikidata.org/entity/Q77468620
IETOIKZD,4,2,http://www.wikidata.org/entity/Q1156970
IETOIKZD,5,2,http://www.wikidata.org/entity/Q1920919
IETOIKZD,1,3,http://www.wikidata.org/entity/Q602358
IETOIKZD,2,3,http://www.wikidata.org/entity/Q20743760
IETOIKZD,3,3,http://www.wikidata.org/entity/Q2657718
IETOIKZD,4,3,http://www.wikidata.org/entity/Q2657718
IETOIKZD,5,3,http://www.wikidata.org/entity/Q2152210
9OG3BNYR,1,0,http://www.wikidata.org/entity/Q25517
9OG3BNYR,2,0,http://www.wikidata.org/entity/Q5860692
9OG3BNYR,3,0,http://www.wikidata.org/entity/Q5445401
9OG3BNYR,4,0,http://www.wikidata.org/entity/Q5253820
9OG3BNYR,1,2,http://www.wikidata.org/entity/Q406
9OG3BNYR,2,2,http://www.wikidata.org/entity/Q44758
9OG3BNYR,3,2,http://www.wikidata.org/entity/Q44762
9OG3BNYR,4,2,http://www.wikidata.org/entity/Q1353
2VSHD8RV,1,0,http://www.wikidata.org/entity/Q99135396
2VSHD8RV,2,0,http://www.wikidata.org/entity/Q274520
2VSHD8RV,3,0,http://www.wikidata.org/entity/Q787081
2VSHD8RV,4,0,http://www.wikidata.org/entity/Q4782792
2VSHD8RV,1,1,http://www.wikidata.org/entity/Q17
2VSHD8RV,2,1,http://www.wikidata.org/entity/Q17
2VSHD8RV,3,1,http://www.wikidata.org/entity/Q17
2VSHD8RV,4,1,http://www.wikidata.org/entity/Q17
2VSHD8RV,1,2,http://www.wikidata.org/entity/Q548166
2VSHD8RV,2,2,http://www.wikidata.org/entity/Q182950
2VSHD8RV,3,2,http://www.wikidata.org/entity/Q730179
2VSHD8RV,4,2,http://www.wikidata.org/entity/Q18338693
2VSHD8RV,1,3,http://www.wikidata.org/entity/Q4386086
2VSHD8RV,2,3,http://www.wikidata.org/entity/Q419501
2VSHD8RV,3,3,http://www.wikidata.org/entity/Q234425
2VSHD8RV,4,3,http://www.wikidata.org/entity/Q2667006
ZCYIBK6P,1,0,http://www.wikidata.org/entity/Q218593
ZCYIBK6P,2,0,http://www.wikidata.org/entity/Q218593
ZCYIBK6P,3,0,http://www.wikidata.org/entity/Q218593
ZCYIBK6P,1,1,http://www.wikidata.org/entity/Q420663
ZCYIBK6P,2,1,http://www.wikidata.org/entity/Q95352478
ZCYIBK6P,3,1,http://www.wikidata.org/entity/Q417841
ZCYIBK6P,1,2,http://www.wikidata.org/entity/Q14863658
ZCYIBK6P,2,2,http://www.wikidata.org/entity/Q70309394
ZCYIBK6P,3,2,http://www.wikidata.org/entity/Q417841
ZCYIBK6P,1,3,http://www.wikidata.org/entity/Q7251412
ZCYIBK6P,2,3,http://www.wikidata.org/entity/Q7251412
ZCYIBK6P,3,3,http://www.wikidata.org/entity/Q417841
ZCYIBK6P,1,4,http://www.wikidata.org/entity/Q410754
ZCYIBK6P,2,4,http://www.wikidata.org/entity/Q24726117
ZCYIBK6P,3,4,http://www.wikidata.org/entity/Q417841
ZCYIBK6P,1,5,http://www.wikidata.org/entity/Q43921452
ZCYIBK6P,2,5,http://www.wikidata.org/entity/Q54455146
ZCYIBK6P,3,5,http://www.wikidata.org/entity/Q417841
ZCYIBK6P,1,6,http://www.wikidata.org/entity/Q22319905
ZCYIBK6P,2,6,http://www.wikidata.org/entity/Q24777385
ZCYIBK6P,3,6,http://www.wikidata.org/entity/Q417841
ZCYIBK6P,1,7,http://www.wikidata.org/entity/Q87324999
ZCYIBK6P,2,7,http://www.wikidata.org/entity/Q95352336
ZCYIBK6P,3,7,http://www.wikidata.org/entity/Q417841
ZCYIBK6P,1,8,http://www.wikidata.org/entity/Q87324999
ZCYIBK6P,2,8,http://www.wikidata.org/entity/Q24722990
ZCYIBK6P,3,8,http://www.wikidata.org/entity/Q417841
ZCYIBK6P,1,9,http://www.wikidata.org/entity/Q24721216
ZCYIBK6P,2,9,http://www.wikidata.org/entity/Q24767952
ZCYIBK6P,3,9,http://www.wikidata.org/entity/Q78155096
ZCYIBK6P,1,10,http://www.wikidata.org/entity/Q61591896
ZCYIBK6P,2,10,http://www.wikidata.org/entity/Q24739546
ZCYIBK6P,3,10,http://www.wikidata.org/entity/Q64435148
ZCYIBK6P,1,11,http://www.wikidata.org/entity/Q21114721
ZCYIBK6P,2,11,http://www.wikidata.org/entity/Q24782878
ZCYIBK6P,3,11,http://www.wikidata.org/entity/Q417841
SGG7SWXJ,1,0,http://www.wikidata.org/entity/Q6497384
SGG7SWXJ,2,0,http://www.wikidata.org/entity/Q2
SGG7SWXJ,3,0,http://www.wikidata.org/entity/Q6497384
SGG7SWXJ,4,0,http://www.wikidata.org/entity/Q2
SGG7SWXJ,1,1,http://www.wikidata.org/entity/Q1052822
SGG7SWXJ,2,1,http://www.wikidata.org/entity/Q525
SGG7SWXJ,3,1,http://www.wikidata.org/entity/Q1052822
SGG7SWXJ,4,1,http://www.wikidata.org/entity/Q525
SGG7SWXJ,1,2,http://www.wikidata.org/entity/Q1088708
SGG7SWXJ,2,2,http://www.wikidata.org/entity/Q1005907
SGG7SWXJ,3,2,http://www.wikidata.org/entity/Q1088708
SGG7SWXJ,4,2,http://www.wikidata.org/entity/Q1005907
SGG7SWXJ,1,3,http://www.wikidata.org/entity/Q57083319
SGG7SWXJ,2,3,http://www.wikidata.org/entity/Q57083319
SGG7SWXJ,3,3,http://www.wikidata.org/entity/Q26728105
SGG7SWXJ,4,3,http://www.wikidata.org/entity/Q26728105
SGG7SWXJ,1,4,http://www.wikidata.org/entity/Q18043309
SGG7SWXJ,2,4,http://www.wikidata.org/entity/Q18043309
SGG7SWXJ,3,4,http://www.wikidata.org/entity/Q18043309
SGG7SWXJ,4,4,http://www.wikidata.org/entity/Q18043309
SGG7SWXJ,1,5,http://www.wikidata.org/entity/Q1346110
SGG7SWXJ,2,5,http://www.wikidata.org/entity/Q7114110
SGG7SWXJ,3,5,http://www.wikidata.org/entity/Q1346110
SGG7SWXJ,4,5,http://www.wikidata.org/entity/Q7114110
SGG7SWXJ,1,6,http://www.wikidata.org/entity/Q1110
SGG7SWXJ,2,6,http://www.wikidata.org/entity/Q1110
SGG7SWXJ,3,6,http://www.wikidata.org/entity/Q1110
SGG7SWXJ,4,6,http://www.wikidata.org/entity/Q1110
2P2YE6UV,1,0,http://www.wikidata.org/entity/Q18845507
2P2YE6UV,2,0,http://www.wikidata.org/entity/Q18845506
2P2YE6UV,3,0,http://www.wikidata.org/entity/Q18845503
2P2YE6UV,4,0,http://www.wikidata.org/entity/Q18845502
2P2YE6UV,5,0,http://www.wikidata.org/entity/Q18845499
2P2YE6UV,6,0,http://www.wikidata.org/entity/Q18845514
2P2YE6UV,7,0,http://www.wikidata.org/entity/Q18845512
2P2YE6UV,8,0,http://www.wikidata.org/entity/Q18845514
2P2YE6UV,9,0,http://www.wikidata.org/entity/Q18845513
2P2YE6UV,10,0,http://www.wikidata.org/entity/Q18845514
2P2YE6UV,1,2,http://www.wikidata.org/entity/Q1109
2P2YE6UV,2,2,http://www.wikidata.org/entity/Q1109
2P2YE6UV,3,2,http://www.wikidata.org/entity/Q1109
2P2YE6UV,4,2,http://www.wikidata.org/entity/Q1109
2P2YE6UV,5,2,http://www.wikidata.org/entity/Q1109
2P2YE6UV,6,2,http://www.wikidata.org/entity/Q1109
2P2YE6UV,7,2,http://www.wikidata.org/entity/Q1109
2P2YE6UV,8,2,http://www.wikidata.org/entity/Q1109
2P2YE6UV,9,2,http://www.wikidata.org/entity/Q1109
2P2YE6UV,10,2,http://www.wikidata.org/entity/Q1109
2P2YE6UV,1,3,http://www.wikidata.org/entity/Q18844320
2P2YE6UV,2,3,http://www.wikidata.org/entity/Q18844319
2P2YE6UV,3,3,http://www.wikidata.org/entity/Q18844315
2P2YE6UV,4,3,http://www.wikidata.org/entity/Q18844314
2P2YE6UV,5,3,http://www.wikidata.org/entity/Q18844309
2P2YE6UV,6,3,http://www.wikidata.org/entity/Q16670466
2P2YE6UV,7,3,http://www.wikidata.org/entity/Q15831435
2P2YE6UV,8,3,http://www.wikidata.org/entity/Q15135590
2P2YE6UV,9,3,http://www.wikidata.org/entity/Q14755481
2P2YE6UV,10,3,http://www.wikidata.org/entity/Q14662251
B75QWXSR,1,0,http://www.wikidata.org/entity/Q218593
B75QWXSR,2,0,http://www.wikidata.org/entity/Q218593
B75QWXSR,3,0,http://www.wikidata.org/entity/Q218593
B75QWXSR,1,1,http://www.wikidata.org/entity/Q1365662
B75QWXSR,2,1,http://www.wikidata.org/entity/Q38080272
B75QWXSR,3,1,http://www.wikidata.org/entity/Q792
B75QWXSR,1,2,http://www.wikidata.org/entity/Q1550841
B75QWXSR,2,2,http://www.wikidata.org/entity/Q11910250
B75QWXSR,3,2,http://www.wikidata.org/entity/Q131138
B75QWXSR,1,3,http://www.wikidata.org/entity/Q871032
B75QWXSR,2,3,http://www.wikidata.org/entity/Q54824226
B75QWXSR,3,3,http://www.wikidata.org/entity/Q11871225
B75QWXSR,1,4,http://www.wikidata.org/entity/Q1231927
B75QWXSR,2,4,http://www.wikidata.org/entity/Q2065736
B75QWXSR,3,4,http://www.wikidata.org/entity/Q2598037
B75QWXSR,1,5,http://www.wikidata.org/entity/Q871533
B75QWXSR,2,5,http://www.wikidata.org/entity/Q24284073
B75QWXSR,3,5,http://www.wikidata.org/entity/Q502298
B75QWXSR,1,6,http://www.wikidata.org/entity/Q106389625
B75QWXSR,2,6,http://www.wikidata.org/entity/Q2933979
B75QWXSR,3,6,http://www.wikidata.org/entity/Q40662
B75QWXSR,1,7,http://www.wikidata.org/entity/Q1365821
B75QWXSR,2,7,http://www.wikidata.org/entity/Q23712
B75QWXSR,3,7,http://www.wikidata.org/entity/Q286004
B75QWXSR,1,8,http://www.wikidata.org/entity/Q878360
B75QWXSR,2,8,http://www.wikidata.org/entity/Q23712
B75QWXSR,3,8,http://www.wikidata.org/entity/Q71113
B75QWXSR,1,9,http://www.wikidata.org/entity/Q374139
B75QWXSR,2,9,http://www.wikidata.org/entity/Q23712
B75QWXSR,3,9,http://www.wikidata.org/entity/Q5772
B75QWXSR,1,10,http://www.wikidata.org/entity/Q32893980
B75QWXSR,2,10,http://www.wikidata.org/entity/Q9217463
B75QWXSR,3,10,http://www.wikidata.org/entity/Q55061
B75QWXSR,1,11,http://www.wikidata.org/entity/Q569265
B75QWXSR,2,11,http://www.wikidata.org/entity/Q10387684
B75QWXSR,3,11,http://www.wikidata.org/entity/Q30974
B75QWXSR,1,12,http://www.wikidata.org/entity/Q3028579
B75QWXSR,2,12,http://www.wikidata.org/entity/Q219538
B75QWXSR,3,12,http://www.wikidata.org/entity/Q7379721
B75QWXSR,1,13,http://www.wikidata.org/entity/Q959993
B75QWXSR,2,13,http://www.wikidata.org/entity/Q36371396
B75QWXSR,3,13,http://www.wikidata.org/entity/Q17460815
B75QWXSR,1,14,http://www.wikidata.org/entity/Q6185050
B75QWXSR,2,14,http://www.wikidata.org/entity/Q9582781
B75QWXSR,3,14,http://www.wikidata.org/entity/Q973974
4SHR3WCY,1,0,http://www.wikidata.org/entity/Q18056471
4SHR3WCY,2,0,http://www.wikidata.org/entity/Q18059127
4SHR3WCY,3,0,http://www.wikidata.org/entity/Q18058240
4SHR3WCY,4,0,http://www.wikidata.org/entity/Q18057503
4SHR3WCY,5,0,http://www.wikidata.org/entity/Q18056471
4SHR3WCY,6,0,http://www.wikidata.org/entity/Q18059127
4SHR3WCY,7,0,http://www.wikidata.org/entity/Q18058240
4SHR3WCY,8,0,http://www.wikidata.org/entity/Q18063314
4SHR3WCY,9,0,http://www.wikidata.org/entity/Q18061714
4SHR3WCY,1,1,http://www.wikidata.org/entity/Q7187
4SHR3WCY,2,1,http://www.wikidata.org/entity/Q427087
4SHR3WCY,3,1,http://www.wikidata.org/entity/Q427087
4SHR3WCY,4,1,http://www.wikidata.org/entity/Q427087
4SHR3WCY,5,1,http://www.wikidata.org/entity/Q427087
4SHR3WCY,6,1,http://www.wikidata.org/entity/Q7187
4SHR3WCY,7,1,http://www.wikidata.org/entity/Q7187
4SHR3WCY,8,1,http://www.wikidata.org/entity/Q427087
4SHR3WCY,9,1,http://www.wikidata.org/entity/Q427087
4SHR3WCY,1,2,http://www.wikidata.org/entity/Q15978631
4SHR3WCY,2,2,http://www.wikidata.org/entity/Q15978631
4SHR3WCY,3,2,http://www.wikidata.org/entity/Q15978631
4SHR3WCY,4,2,http://www.wikidata.org/entity/Q15978631
4SHR3WCY,5,2,http://www.wikidata.org/entity/Q15978631
4SHR3WCY,6,2,http://www.wikidata.org/entity/Q15978631
4SHR3WCY,7,2,http://www.wikidata.org/entity/Q15978631
4SHR3WCY,8,2,http://www.wikidata.org/entity/Q15978631
4SHR3WCY,9,2,http://www.wikidata.org/entity/Q15978631
4SHR3WCY,1,3,http://www.wikidata.org/entity/Q20747295
4SHR3WCY,2,3,http://www.wikidata.org/entity/Q20747295
4SHR3WCY,3,3,http://www.wikidata.org/entity/Q7187
4SHR3WCY,4,3,http://www.wikidata.org/entity/Q20747295
4SHR3WCY,5,3,http://www.wikidata.org/entity/Q20747295
4SHR3WCY,6,3,http://www.wikidata.org/entity/Q20747295
4SHR3WCY,7,3,http://www.wikidata.org/entity/Q7187
4SHR3WCY,8,3,http://www.wikidata.org/entity/Q20747295
4SHR3WCY,9,3,http://www.wikidata.org/entity/Q20747295
4SHR3WCY,1,4,http://www.wikidata.org/entity/Q22809711
4SHR3WCY,2,4,http://www.wikidata.org/entity/Q22809711
4SHR3WCY,3,4,http://www.wikidata.org/entity/Q22809680
4SHR3WCY,4,4,http://www.wikidata.org/entity/Q22809680
4SHR3WCY,5,4,http://www.wikidata.org/entity/Q22809711
4SHR3WCY,6,4,http://www.wikidata.org/entity/Q22809711
4SHR3WCY,7,4,http://www.wikidata.org/entity/Q22809680
4SHR3WCY,8,4,http://www.wikidata.org/entity/Q22809680
4SHR3WCY,9,4,http://www.wikidata.org/entity/Q22809680
4SHR3WCY,1,5,http://www.wikidata.org/entity/Q21111996
4SHR3WCY,2,5,http://www.wikidata.org/entity/Q21102418
4SHR3WCY,3,5,http://www.wikidata.org/entity/Q21112086
4SHR3WCY,4,5,http://www.wikidata.org/entity/Q21106665
4SHR3WCY,5,5,http://www.wikidata.org/entity/Q21111996
4SHR3WCY,6,5,http://www.wikidata.org/entity/Q21102418
4SHR3WCY,7,5,http://www.wikidata.org/entity/Q21112086
4SHR3WCY,8,5,http://www.wikidata.org/entity/Q29475125
4SHR3WCY,9,5,http://www.wikidata.org/entity/Q21121568
ER2XEI0J,1,0,http://www.wikidata.org/entity/Q2438391
ER2XEI0J,2,0,http://www.wikidata.org/entity/Q1240741
ER2XEI0J,3,0,http://www.wikidata.org/entity/Q894578
ER2XEI0J,4,0,http://www.wikidata.org/entity/Q839466
ER2XEI0J,5,0,http://www.wikidata.org/entity/Q191615
ER2XEI0J,6,0,http://www.wikidata.org/entity/Q7132349
ER2XEI0J,7,0,http://www.wikidata.org/entity/Q2438391
ER2XEI0J,8,0,http://www.wikidata.org/entity/Q839466
ER2XEI0J,9,0,http://www.wikidata.org/entity/Q191615
ER2XEI0J,1,1,http://www.wikidata.org/entity/Q30
ER2XEI0J,2,1,http://www.wikidata.org/entity/Q30
ER2XEI0J,3,1,http://www.wikidata.org/entity/Q16
ER2XEI0J,4,1,http://www.wikidata.org/entity/Q30
ER2XEI0J,5,1,http://www.wikidata.org/entity/Q30
ER2XEI0J,6,1,http://www.wikidata.org/entity/Q30
ER2XEI0J,7,1,http://www.wikidata.org/entity/Q30
ER2XEI0J,8,1,http://www.wikidata.org/entity/Q30
ER2XEI0J,9,1,http://www.wikidata.org/entity/Q30
ER2XEI0J,1,2,http://www.wikidata.org/entity/Q1442415
ER2XEI0J,2,2,http://www.wikidata.org/entity/Q11707
ER2XEI0J,3,2,http://www.wikidata.org/entity/Q1751445
ER2XEI0J,4,2,http://www.wikidata.org/entity/Q1751429
ER2XEI0J,5,2,http://www.wikidata.org/entity/Q1442415
ER2XEI0J,6,2,http://www.wikidata.org/entity/Q1751429
ER2XEI0J,7,2,http://www.wikidata.org/entity/Q1442415
ER2XEI0J,8,2,http://www.wikidata.org/entity/Q1751429
ER2XEI0J,9,2,http://www.wikidata.org/entity/Q1442415
ER2XEI0J,1,3,http://www.wikidata.org/entity/Q18654742
ER2XEI0J,2,3,http://www.wikidata.org/entity/Q18654742
ER2XEI0J,3,3,http://www.wikidata.org/entity/Q18654742
ER2XEI0J,4,3,http://www.wikidata.org/entity/Q18654742
ER2XEI0J,5,3,http://www.wikidata.org/entity/Q18654742
ER2XEI0J,6,3,http://www.wikidata.org/entity/Q18534542
ER2XEI0J,7,3,http://www.wikidata.org/entity/Q18534542
ER2XEI0J,8,3,http://www.wikidata.org/entity/Q18534542
ER2XEI0J,9,3,http://www.wikidata.org/entity/Q18534542
ER2XEI0J,1,5,http://www.wikidata.org/entity/Q51690
ER2XEI0J,2,5,http://www.wikidata.org/entity/Q16567
ER2XEI0J,3,5,http://www.wikidata.org/entity/Q236837
ER2XEI0J,4,5,http://www.wikidata.org/entity/Q4766223
ER2XEI0J,5,5,http://www.wikidata.org/entity/Q51689
ER2XEI0J,6,5,http://www.wikidata.org/entity/Q234053
ER2XEI0J,7,5,http://www.wikidata.org/entity/Q51690
ER2XEI0J,8,5,http://www.wikidata.org/entity/Q4766223
ER2XEI0J,9,5,http://www.wikidata.org/entity/Q51689
F23Z3DTC,1,0,http://www.wikidata.org/entity/Q41008066
F23Z3DTC,2,0,http://www.wikidata.org/entity/Q41006890
F23Z3DTC,3,0,http://www.wikidata.org/entity/Q41006181
F23Z3DTC,4,0,http://www.wikidata.org/entity/Q40703780
F23Z3DTC,5,0,http://www.wikidata.org/entity/Q40686624
F23Z3DTC,6,0,http://www.wikidata.org/entity/Q40672360
F23Z3DTC,7,0,http://www.wikidata.org/entity/Q40590385
F23Z3DTC,8,0,http://www.wikidata.org/entity/Q40252298
F23Z3DTC,9,0,http://www.wikidata.org/entity/Q40251871
F23Z3DTC,10,0,http://www.wikidata.org/entity/Q40249173
F23Z3DTC,11,0,http://www.wikidata.org/entity/Q40246387
F23Z3DTC,12,0,http://www.wikidata.org/entity/Q40229504
F23Z3DTC,1,1,http://www.wikidata.org/entity/Q1130022
F23Z3DTC,2,1,http://www.wikidata.org/entity/Q1130022
F23Z3DTC,3,1,http://www.wikidata.org/entity/Q1130022
F23Z3DTC,4,1,http://www.wikidata.org/entity/Q1130022
F23Z3DTC,5,1,http://www.wikidata.org/entity/Q1130022
F23Z3DTC,6,1,http://www.wikidata.org/entity/Q1130022
F23Z3DTC,7,1,http://www.wikidata.org/entity/Q1130022
F23Z3DTC,8,1,http://www.wikidata.org/entity/Q1130022
F23Z3DTC,9,1,http://www.wikidata.org/entity/Q1130022
F23Z3DTC,10,1,http://www.wikidata.org/entity/Q1130022
F23Z3DTC,11,1,http://www.wikidata.org/entity/Q1130022
F23Z3DTC,12,1,http://www.wikidata.org/entity/Q1130022
F23Z3DTC,1,3,http://www.wikidata.org/entity/Q2036617
F23Z3DTC,2,3,http://www.wikidata.org/entity/Q2036617
F23Z3DTC,3,3,http://www.wikidata.org/entity/Q2036617
F23Z3DTC,4,3,http://www.wikidata.org/entity/Q2036617
F23Z3DTC,5,3,http://www.wikidata.org/entity/Q2036617
F23Z3DTC,6,3,http://www.wikidata.org/entity/Q2036617
F23Z3DTC,7,3,http://www.wikidata.org/entity/Q2036617
F23Z3DTC,8,3,http://www.wikidata.org/entity/Q2036617
F23Z3DTC,9,3,http://www.wikidata.org/entity/Q2036617
F23Z3DTC,10,3,http://www.wikidata.org/entity/Q2036617
F23Z3DTC,11,3,http://www.wikidata.org/entity/Q2036617
F23Z3DTC,12,3,http://www.wikidata.org/entity/Q2036617
MKKJ3NUN,0,0,http://www.wikidata.org/entity/Q134041
MKKJ3NUN,1,0,http://www.wikidata.org/entity/Q3593414
MKKJ3NUN,2,0,http://www.wikidata.org/entity/Q60646132
MKKJ3NUN,3,0,http://www.wikidata.org/entity/Q59281690
MKKJ3NUN,4,0,http://www.wikidata.org/entity/Q59260364
MKKJ3NUN,5,0,http://www.wikidata.org/entity/Q60645674
MKKJ3NUN,6,0,http://www.wikidata.org/entity/Q59260335
MKKJ3NUN,7,0,http://www.wikidata.org/entity/Q60690557
MKKJ3NUN,8,0,http://www.wikidata.org/entity/Q60689930
MKKJ3NUN,9,0,http://www.wikidata.org/entity/Q60689947
MKKJ3NUN,10,0,http://www.wikidata.org/entity/Q60690035
MKKJ3NUN,11,0,http://www.wikidata.org/entity/Q60690566
MKKJ3NUN,12,0,http://www.wikidata.org/entity/Q60689636
MKKJ3NUN,13,0,http://www.wikidata.org/entity/Q60645807
MKKJ3NUN,0,2,http://www.wikidata.org/entity/Q218593
MKKJ3NUN,1,2,http://www.wikidata.org/entity/Q2286059
MKKJ3NUN,2,2,http://www.wikidata.org/entity/Q1971454
MKKJ3NUN,3,2,http://www.wikidata.org/entity/Q705097
MKKJ3NUN,4,2,http://www.wikidata.org/entity/Q151696
MKKJ3NUN,5,2,http://www.wikidata.org/entity/Q61432886
MKKJ3NUN,6,2,http://www.wikidata.org/entity/Q151696
MKKJ3NUN,7,2,http://www.wikidata.org/entity/Q1595327
MKKJ3NUN,8,2,http://www.wikidata.org/entity/Q59243398
MKKJ3NUN,9,2,http://www.wikidata.org/entity/Q61712538
MKKJ3NUN,10,2,http://www.wikidata.org/entity/Q1573909
MKKJ3NUN,11,2,http://www.wikidata.org/entity/Q866395
MKKJ3NUN,12,2,http://www.wikidata.org/entity/Q62034204
MKKJ3NUN,13,2,http://www.wikidata.org/entity/Q11783620
MKKJ3NUN,0,3,http://www.wikidata.org/entity/Q218593
MKKJ3NUN,1,3,http://www.wikidata.org/entity/Q152484
MKKJ3NUN,2,3,http://www.wikidata.org/entity/Q1549107
MKKJ3NUN,3,3,http://www.wikidata.org/entity/Q34941516
MKKJ3NUN,4,3,http://www.wikidata.org/entity/Q16855584
MKKJ3NUN,5,3,http://www.wikidata.org/entity/Q32057307
MKKJ3NUN,6,3,http://www.wikidata.org/entity/Q16855584
MKKJ3NUN,7,3,http://www.wikidata.org/entity/Q962898
MKKJ3NUN,8,3,http://www.wikidata.org/entity/Q32135529
MKKJ3NUN,9,3,http://www.wikidata.org/entity/Q32050334
MKKJ3NUN,10,3,http://www.wikidata.org/entity/Q152484
MKKJ3NUN,11,3,http://www.wikidata.org/entity/Q584
MKKJ3NUN,12,3,http://www.wikidata.org/entity/Q998461
MKKJ3NUN,13,3,http://www.wikidata.org/entity/Q552
MKKJ3NUN,0,4,http://www.wikidata.org/entity/Q218593
MKKJ3NUN,1,4,http://www.wikidata.org/entity/Q1266127
MKKJ3NUN,2,4,http://www.wikidata.org/entity/Q1141328
MKKJ3NUN,3,4,http://www.wikidata.org/entity/Q2000383
MKKJ3NUN,4,4,http://www.wikidata.org/entity/Q2000383
MKKJ3NUN,5,4,http://www.wikidata.org/entity/Q1808988
MKKJ3NUN,6,4,http://www.wikidata.org/entity/Q1572669
MKKJ3NUN,7,4,http://www.wikidata.org/entity/Q1470418
MKKJ3NUN,8,4,http://www.wikidata.org/entity/Q1402074
MKKJ3NUN,9,4,http://www.wikidata.org/entity/Q1402074
MKKJ3NUN,10,4,http://www.wikidata.org/entity/Q1402074
MKKJ3NUN,11,4,http://www.wikidata.org/entity/Q1402074
MKKJ3NUN,12,4,http://www.wikidata.org/entity/Q1266127
MKKJ3NUN,13,4,http://www.wikidata.org/entity/Q1971718
F66GG2Q8,1,0,http://www.wikidata.org/entity/Q218593
F66GG2Q8,2,0,http://www.wikidata.org/entity/Q218593
F66GG2Q8,3,0,http://www.wikidata.org/entity/Q218593
F66GG2Q8,4,0,http://www.wikidata.org/entity/Q218593
F66GG2Q8,5,0,http://www.wikidata.org/entity/Q218593
F66GG2Q8,1,1,http://www.wikidata.org/entity/Q151892
F66GG2Q8,2,1,http://www.wikidata.org/entity/Q1860
F66GG2Q8,3,1,http://www.wikidata.org/entity/Q319693
F66GG2Q8,4,1,http://www.wikidata.org/entity/Q546331
F66GG2Q8,5,1,http://www.wikidata.org/entity/Q546331
F66GG2Q8,1,2,http://www.wikidata.org/entity/Q2450860
F66GG2Q8,2,2,http://www.wikidata.org/entity/Q1860
F66GG2Q8,3,2,http://www.wikidata.org/entity/Q86727445
F66GG2Q8,4,2,http://www.wikidata.org/entity/Q7579121
F66GG2Q8,5,2,http://www.wikidata.org/entity/Q7579121
F66GG2Q8,1,3,http://www.wikidata.org/entity/Q97341
F66GG2Q8,2,3,http://www.wikidata.org/entity/Q188
F66GG2Q8,3,3,http://www.wikidata.org/entity/Q5197300
F66GG2Q8,4,3,http://www.wikidata.org/entity/Q2056649
F66GG2Q8,5,3,http://www.wikidata.org/entity/Q2056649
F66GG2Q8,1,4,http://www.wikidata.org/entity/Q1060576
F66GG2Q8,2,4,http://www.wikidata.org/entity/Q1860
F66GG2Q8,3,4,http://www.wikidata.org/entity/Q15100352
F66GG2Q8,4,4,http://www.wikidata.org/entity/Q7621561
F66GG2Q8,5,4,http://www.wikidata.org/entity/Q7621561
ZJTWJQ1L,1,0,http://www.wikidata.org/entity/Q493826
ZJTWJQ1L,2,0,http://www.wikidata.org/entity/Q511546
ZJTWJQ1L,3,0,http://www.wikidata.org/entity/Q510997
ZJTWJQ1L,4,0,http://www.wikidata.org/entity/Q505151
ZJTWJQ1L,1,1,http://www.wikidata.org/entity/Q15278506
ZJTWJQ1L,2,1,http://www.wikidata.org/entity/Q2895762
ZJTWJQ1L,3,1,http://www.wikidata.org/entity/Q12320159
ZJTWJQ1L,4,1,http://www.wikidata.org/entity/Q15617242
ZJTWJQ1L,1,2,http://www.wikidata.org/entity/Q226
ZJTWJQ1L,2,2,http://www.wikidata.org/entity/Q1792
ZJTWJQ1L,3,2,http://www.wikidata.org/entity/Q2861
ZJTWJQ1L,4,2,http://www.wikidata.org/entity/Q57919
ZJTWJQ1L,1,4,http://www.wikidata.org/entity/Q1138823
ZJTWJQ1L,2,4,http://www.wikidata.org/entity/Q28225818
ZJTWJQ1L,3,4,http://www.wikidata.org/entity/Q5617335
ZJTWJQ1L,4,4,http://www.wikidata.org/entity/Q1568794
O9E93HSU,1,0,http://www.wikidata.org/entity/Q218593
O9E93HSU,2,0,http://www.wikidata.org/entity/Q218593
O9E93HSU,3,0,http://www.wikidata.org/entity/Q218593
O9E93HSU,1,1,http://www.wikidata.org/entity/Q55
O9E93HSU,2,1,http://www.wikidata.org/entity/Q37638605
O9E93HSU,3,1,http://www.wikidata.org/entity/Q2057113
O9E93HSU,1,2,http://www.wikidata.org/entity/Q213
O9E93HSU,2,2,http://www.wikidata.org/entity/Q63343482
O9E93HSU,3,2,http://www.wikidata.org/entity/Q62392237
O9E93HSU,1,3,http://www.wikidata.org/entity/Q9610829
O9E93HSU,2,3,http://www.wikidata.org/entity/Q1028923
O9E93HSU,3,3,http://www.wikidata.org/entity/Q7677711
O9E93HSU,1,4,http://www.wikidata.org/entity/Q183
O9E93HSU,2,4,http://www.wikidata.org/entity/Q29508948
O9E93HSU,3,4,http://www.wikidata.org/entity/Q64143034
JQ2VTRGO,1,0,http://www.wikidata.org/entity/Q55290870
JQ2VTRGO,2,0,http://www.wikidata.org/entity/Q18572818
JQ2VTRGO,3,0,http://www.wikidata.org/entity/Q30324920
JQ2VTRGO,4,0,http://www.wikidata.org/entity/Q18572818
JQ2VTRGO,5,0,http://www.wikidata.org/entity/Q30324920
JQ2VTRGO,6,0,http://www.wikidata.org/entity/Q29583124
JQ2VTRGO,1,1,http://www.wikidata.org/entity/Q388
JQ2VTRGO,2,1,http://www.wikidata.org/entity/Q388
JQ2VTRGO,3,1,http://www.wikidata.org/entity/Q388
JQ2VTRGO,4,1,http://www.wikidata.org/entity/Q388
JQ2VTRGO,5,1,http://www.wikidata.org/entity/Q388
JQ2VTRGO,6,1,http://www.wikidata.org/entity/Q14658
JQ2VTRGO,1,2,http://www.wikidata.org/entity/Q212587
JQ2VTRGO,2,2,http://www.wikidata.org/entity/Q2407
JQ2VTRGO,3,2,http://www.wikidata.org/entity/Q460584
JQ2VTRGO,4,2,http://www.wikidata.org/entity/Q2407
JQ2VTRGO,5,2,http://www.wikidata.org/entity/Q251
JQ2VTRGO,6,2,http://www.wikidata.org/entity/Q575650
JQ2VTRGO,1,3,http://www.wikidata.org/entity/Q85824747
JQ2VTRGO,2,3,http://www.wikidata.org/entity/Q20514253
JQ2VTRGO,3,3,http://www.wikidata.org/entity/Q17083510
JQ2VTRGO,4,3,http://www.wikidata.org/entity/Q17083510
JQ2VTRGO,5,3,http://www.wikidata.org/entity/Q17083510
JQ2VTRGO,6,3,http://www.wikidata.org/entity/Q7249984
R9TKTLQJ,1,0,http://www.wikidata.org/entity/Q18882697
R9TKTLQJ,2,0,http://www.wikidata.org/entity/Q18882696
R9TKTLQJ,3,0,http://www.wikidata.org/entity/Q18882695
R9TKTLQJ,4,0,http://www.wikidata.org/entity/Q18882693
R9TKTLQJ,5,0,http://www.wikidata.org/entity/Q18882691
R9TKTLQJ,6,0,http://www.wikidata.org/entity/Q18087008
R9TKTLQJ,1,2,http://www.wikidata.org/entity/Q18882612
R9TKTLQJ,2,2,http://www.wikidata.org/entity/Q18882611
R9TKTLQJ,3,2,http://www.wikidata.org/entity/Q18882609
R9TKTLQJ,4,2,http://www.wikidata.org/entity/Q18882607
R9TKTLQJ,5,2,http://www.wikidata.org/entity/Q18882598
R9TKTLQJ,6,2,http://www.wikidata.org/entity/Q18882565
R9TKTLQJ,1,3,http://www.wikidata.org/entity/Q1119
R9TKTLQJ,2,3,http://www.wikidata.org/entity/Q1119
R9TKTLQJ,3,3,http://www.wikidata.org/entity/Q1119
R9TKTLQJ,4,3,http://www.wikidata.org/entity/Q1119
R9TKTLQJ,5,3,http://www.wikidata.org/entity/Q1119
R9TKTLQJ,6,3,http://www.wikidata.org/entity/Q1119
DMQ0LRZB,1,0,http://www.wikidata.org/entity/Q3496990
DMQ0LRZB,2,0,http://www.wikidata.org/entity/Q3496985
DMQ0LRZB,3,0,http://www.wikidata.org/entity/Q3496990
DMQ0LRZB,4,0,http://www.wikidata.org/entity/Q3496985
DMQ0LRZB,1,1,http://www.wikidata.org/entity/Q18043309
DMQ0LRZB,2,1,http://www.wikidata.org/entity/Q18043309
DMQ0LRZB,3,1,http://www.wikidata.org/entity/Q18043309
DMQ0LRZB,4,1,http://www.wikidata.org/entity/Q18043309
DMQ0LRZB,1,2,http://www.wikidata.org/entity/Q78444225
DMQ0LRZB,2,2,http://www.wikidata.org/entity/Q78444225
DMQ0LRZB,3,2,http://www.wikidata.org/entity/Q7889
DMQ0LRZB,4,2,http://www.wikidata.org/entity/Q7889
DMQ0LRZB,1,3,http://www.wikidata.org/entity/Q57034209
DMQ0LRZB,2,3,http://www.wikidata.org/entity/Q222929
DMQ0LRZB,3,3,http://www.wikidata.org/entity/Q57034209
DMQ0LRZB,4,3,http://www.wikidata.org/entity/Q222929
DMQ0LRZB,1,4,http://www.wikidata.org/entity/Q16311
DMQ0LRZB,2,4,http://www.wikidata.org/entity/Q22954
DMQ0LRZB,3,4,http://www.wikidata.org/entity/Q16311
DMQ0LRZB,4,4,http://www.wikidata.org/entity/Q22954
DMQ0LRZB,1,5,http://www.wikidata.org/entity/Q30
DMQ0LRZB,2,5,http://www.wikidata.org/entity/Q28
DMQ0LRZB,3,5,http://www.wikidata.org/entity/Q30
DMQ0LRZB,4,5,http://www.wikidata.org/entity/Q28
DMQ0LRZB,1,6,http://www.wikidata.org/entity/Q208850
DMQ0LRZB,2,6,http://www.wikidata.org/entity/Q208850
DMQ0LRZB,3,6,http://www.wikidata.org/entity/Q208850
DMQ0LRZB,4,6,http://www.wikidata.org/entity/Q208850
6XJFH1C1,1,0,http://www.wikidata.org/entity/Q3690265
6XJFH1C1,2,0,http://www.wikidata.org/entity/Q3534555
6XJFH1C1,3,0,http://www.wikidata.org/entity/Q3534554
6XJFH1C1,4,0,http://www.wikidata.org/entity/Q2415600
6XJFH1C1,1,3,http://www.wikidata.org/entity/Q3690266
6XJFH1C1,2,3,http://www.wikidata.org/entity/Q3690248
6XJFH1C1,3,3,http://www.wikidata.org/entity/Q3690243
6XJFH1C1,4,3,http://www.wikidata.org/entity/Q3690261
6XJFH1C1,1,4,http://www.wikidata.org/entity/Q238982
6XJFH1C1,2,4,http://www.wikidata.org/entity/Q238982
6XJFH1C1,3,4,http://www.wikidata.org/entity/Q238982
6XJFH1C1,4,4,http://www.wikidata.org/entity/Q238982
6XJFH1C1,1,5,http://www.wikidata.org/entity/Q2415600
6XJFH1C1,2,5,http://www.wikidata.org/entity/Q3534553
6XJFH1C1,3,5,http://www.wikidata.org/entity/Q3534550
6XJFH1C1,4,5,http://www.wikidata.org/entity/Q3534559
6XJFH1C1,1,6,http://www.wikidata.org/entity/Q847
6XJFH1C1,2,6,http://www.wikidata.org/entity/Q847
6XJFH1C1,3,6,http://www.wikidata.org/entity/Q847
6XJFH1C1,4,6,http://www.wikidata.org/entity/Q847
B494QZJ8,1,0,http://www.wikidata.org/entity/Q1094338
B494QZJ8,2,0,http://www.wikidata.org/entity/Q1726607
B494QZJ8,3,0,http://www.wikidata.org/entity/Q1672840
B494QZJ8,4,0,http://www.wikidata.org/entity/Q2342844
B494QZJ8,1,1,http://www.wikidata.org/entity/Q246448
B494QZJ8,2,1,http://www.wikidata.org/entity/Q298489
B494QZJ8,3,1,http://www.wikidata.org/entity/Q1761
B494QZJ8,4,1,http://www.wikidata.org/entity/Q1520841
B494QZJ8,1,3,http://www.wikidata.org/entity/Q235580
B494QZJ8,2,3,http://www.wikidata.org/entity/Q50377564
B494QZJ8,3,3,http://www.wikidata.org/entity/Q47468826
B494QZJ8,4,3,http://www.wikidata.org/entity/Q29912531
M83S951A,1,0,http://www.wikidata.org/entity/Q28419359
M83S951A,2,0,http://www.wikidata.org/entity/Q2940350
M83S951A,3,0,http://www.wikidata.org/entity/Q11277
M83S951A,4,0,http://www.wikidata.org/entity/Q1093870
M83S951A,1,1,http://www.wikidata.org/entity/Q65056533
M83S951A,2,1,http://www.wikidata.org/entity/Q1192284
M83S951A,3,1,http://www.wikidata.org/entity/Q61210
M83S951A,4,1,http://www.wikidata.org/entity/Q50843519
M83S951A,1,3,http://www.wikidata.org/entity/Q220944
M83S951A,2,3,http://www.wikidata.org/entity/Q46868
M83S951A,3,3,http://www.wikidata.org/entity/Q745903
M83S951A,4,3,http://www.wikidata.org/entity/Q22951385
A06FCI3G,1,0,http://www.wikidata.org/entity/Q3206642
A06FCI3G,2,0,http://www.wikidata.org/entity/Q1739852
A06FCI3G,3,0,http://www.wikidata.org/entity/Q1122776
A06FCI3G,4,0,http://www.wikidata.org/entity/Q653858
A06FCI3G,5,0,http://www.wikidata.org/entity/Q569461
A06FCI3G,6,0,http://www.wikidata.org/entity/Q282314
A06FCI3G,7,0,http://www.wikidata.org/entity/Q1661445
A06FCI3G,8,0,http://www.wikidata.org/entity/Q825047
A06FCI3G,9,0,http://www.wikidata.org/entity/Q653858
A06FCI3G,10,0,http://www.wikidata.org/entity/Q569461
A06FCI3G,1,1,http://www.wikidata.org/entity/Q1498804
A06FCI3G,2,1,http://www.wikidata.org/entity/Q1378975
A06FCI3G,3,1,http://www.wikidata.org/entity/Q1060829
A06FCI3G,4,1,http://www.wikidata.org/entity/Q207694
A06FCI3G,5,1,http://www.wikidata.org/entity/Q41253
A06FCI3G,6,1,http://www.wikidata.org/entity/Q41253
A06FCI3G,7,1,http://www.wikidata.org/entity/Q24354
A06FCI3G,8,1,http://www.wikidata.org/entity/Q24354
A06FCI3G,9,1,http://www.wikidata.org/entity/Q24354
A06FCI3G,10,1,http://www.wikidata.org/entity/Q24354
A06FCI3G,1,2,http://www.wikidata.org/entity/Q239
A06FCI3G,2,2,http://www.wikidata.org/entity/Q1626
A06FCI3G,3,2,http://www.wikidata.org/entity/Q172
A06FCI3G,4,2,http://www.wikidata.org/entity/Q23311
A06FCI3G,5,2,http://www.wikidata.org/entity/Q158095
A06FCI3G,6,2,http://www.wikidata.org/entity/Q1628875
A06FCI3G,7,2,http://www.wikidata.org/entity/Q179351
A06FCI3G,8,2,http://www.wikidata.org/entity/Q1731
A06FCI3G,9,2,http://www.wikidata.org/entity/Q23311
A06FCI3G,10,2,http://www.wikidata.org/entity/Q158095
A06FCI3G,1,4,http://www.wikidata.org/entity/Q19346745
A06FCI3G,2,4,http://www.wikidata.org/entity/Q45823285
A06FCI3G,3,4,http://www.wikidata.org/entity/Q1568567
A06FCI3G,4,4,http://www.wikidata.org/entity/Q15700834
A06FCI3G,5,4,http://www.wikidata.org/entity/Q11691318
A06FCI3G,6,4,http://www.wikidata.org/entity/Q13789518
A06FCI3G,7,4,http://www.wikidata.org/entity/Q15700831
A06FCI3G,8,4,http://www.wikidata.org/entity/Q11691318
A06FCI3G,9,4,http://www.wikidata.org/entity/Q15700834
A06FCI3G,10,4,http://www.wikidata.org/entity/Q11691318
B6C3A206,1,0,http://www.wikidata.org/entity/Q2031322
B6C3A206,2,0,http://www.wikidata.org/entity/Q1810698
B6C3A206,3,0,http://www.wikidata.org/entity/Q1741962
B6C3A206,4,0,http://www.wikidata.org/entity/Q1612702
B6C3A206,5,0,http://www.wikidata.org/entity/Q1378017
B6C3A206,6,0,http://www.wikidata.org/entity/Q1375205
B6C3A206,7,0,http://www.wikidata.org/entity/Q1374972
B6C3A206,8,0,http://www.wikidata.org/entity/Q1374780
B6C3A206,9,0,http://www.wikidata.org/entity/Q1374598
B6C3A206,1,1,http://www.wikidata.org/entity/Q360643
B6C3A206,2,1,http://www.wikidata.org/entity/Q205922
B6C3A206,3,1,http://www.wikidata.org/entity/Q349985
B6C3A206,4,1,http://www.wikidata.org/entity/Q349983
B6C3A206,5,1,http://www.wikidata.org/entity/Q11725
B6C3A206,6,1,http://www.wikidata.org/entity/Q360870
B6C3A206,7,1,http://www.wikidata.org/entity/Q59173
B6C3A206,8,1,http://www.wikidata.org/entity/Q59107
B6C3A206,9,1,http://www.wikidata.org/entity/Q59100
B6C3A206,1,2,http://www.wikidata.org/entity/Q1289426
B6C3A206,2,2,http://www.wikidata.org/entity/Q1289426
B6C3A206,3,2,http://www.wikidata.org/entity/Q1289426
B6C3A206,4,2,http://www.wikidata.org/entity/Q1289426
B6C3A206,5,2,http://www.wikidata.org/entity/Q1289426
B6C3A206,6,2,http://www.wikidata.org/entity/Q1289426
B6C3A206,7,2,http://www.wikidata.org/entity/Q1289426
B6C3A206,8,2,http://www.wikidata.org/entity/Q1289426
B6C3A206,9,2,http://www.wikidata.org/entity/Q1289426
VMC937EU,1,0,http://www.wikidata.org/entity/Q35051
VMC937EU,2,0,http://www.wikidata.org/entity/Q218593
VMC937EU,3,0,http://www.wikidata.org/entity/Q218593
VMC937EU,1,1,http://www.wikidata.org/entity/Q184602
VMC937EU,2,1,http://www.wikidata.org/entity/Q721921
VMC937EU,3,1,http://www.wikidata.org/entity/Q5958900
VMC937EU,1,2,http://www.wikidata.org/entity/Q148
VMC937EU,2,2,http://www.wikidata.org/entity/Q607961
VMC937EU,3,2,http://www.wikidata.org/entity/Q1188574
VMC937EU,1,3,http://www.wikidata.org/entity/Q43
VMC937EU,2,3,http://www.wikidata.org/entity/Q388469
VMC937EU,3,3,http://www.wikidata.org/entity/Q9259
VMC937EU,1,4,http://www.wikidata.org/entity/Q796
VMC937EU,2,4,http://www.wikidata.org/entity/Q213189
VMC937EU,3,4,http://www.wikidata.org/entity/Q9259
8WIOBOMS,1,0,http://www.wikidata.org/entity/Q2801320
8WIOBOMS,2,0,http://www.wikidata.org/entity/Q2801319
8WIOBOMS,3,0,http://www.wikidata.org/entity/Q1759783
8WIOBOMS,4,0,http://www.wikidata.org/entity/Q1446668
8WIOBOMS,5,0,http://www.wikidata.org/entity/Q1169393
8WIOBOMS,6,0,http://www.wikidata.org/entity/Q13504441
8WIOBOMS,7,0,http://www.wikidata.org/entity/Q13504438
8WIOBOMS,8,0,http://www.wikidata.org/entity/Q13504434
8WIOBOMS,9,0,http://www.wikidata.org/entity/Q13504432
8WIOBOMS,10,0,http://www.wikidata.org/entity/Q13504430
8WIOBOMS,11,0,http://www.wikidata.org/entity/Q13504428
8WIOBOMS,12,0,http://www.wikidata.org/entity/Q13504426
8WIOBOMS,13,0,http://www.wikidata.org/entity/Q13504423
8WIOBOMS,14,0,http://www.wikidata.org/entity/Q13504421
8WIOBOMS,15,0,http://www.wikidata.org/entity/Q13504419
8WIOBOMS,1,2,http://www.wikidata.org/entity/Q1430384
8WIOBOMS,2,2,http://www.wikidata.org/entity/Q1430384
8WIOBOMS,3,2,http://www.wikidata.org/entity/Q1430384
8WIOBOMS,4,2,http://www.wikidata.org/entity/Q1430384
8WIOBOMS,5,2,http://www.wikidata.org/entity/Q1430384
8WIOBOMS,6,2,http://www.wikidata.org/entity/Q1430384
8WIOBOMS,7,2,http://www.wikidata.org/entity/Q1430384
8WIOBOMS,8,2,http://www.wikidata.org/entity/Q1430384
8WIOBOMS,9,2,http://www.wikidata.org/entity/Q1430384
8WIOBOMS,10,2,http://www.wikidata.org/entity/Q1430384
8WIOBOMS,11,2,http://www.wikidata.org/entity/Q1430384
8WIOBOMS,12,2,http://www.wikidata.org/entity/Q1430384
8WIOBOMS,13,2,http://www.wikidata.org/entity/Q1430384
8WIOBOMS,14,2,http://www.wikidata.org/entity/Q1430384
8WIOBOMS,15,2,http://www.wikidata.org/entity/Q1430384
8WIOBOMS,1,3,http://www.wikidata.org/entity/Q66098665
8WIOBOMS,2,3,http://www.wikidata.org/entity/Q66098665
8WIOBOMS,3,3,http://www.wikidata.org/entity/Q66098665
8WIOBOMS,4,3,http://www.wikidata.org/entity/Q66098665
8WIOBOMS,5,3,http://www.wikidata.org/entity/Q66098665
8WIOBOMS,6,3,http://www.wikidata.org/entity/Q66098665
8WIOBOMS,7,3,http://www.wikidata.org/entity/Q66098665
8WIOBOMS,8,3,http://www.wikidata.org/entity/Q66098665
8WIOBOMS,9,3,http://www.wikidata.org/entity/Q66098665
8WIOBOMS,10,3,http://www.wikidata.org/entity/Q66098665
8WIOBOMS,11,3,http://www.wikidata.org/entity/Q66098665
8WIOBOMS,12,3,http://www.wikidata.org/entity/Q66098665
8WIOBOMS,13,3,http://www.wikidata.org/entity/Q66098665
8WIOBOMS,14,3,http://www.wikidata.org/entity/Q66098665
8WIOBOMS,15,3,http://www.wikidata.org/entity/Q66098665
8WIOBOMS,1,4,http://www.wikidata.org/entity/Q2306743
8WIOBOMS,2,4,http://www.wikidata.org/entity/Q1473739
8WIOBOMS,3,4,http://www.wikidata.org/entity/Q13504329
8WIOBOMS,4,4,http://www.wikidata.org/entity/Q13504330
8WIOBOMS,5,4,http://www.wikidata.org/entity/Q2801320
8WIOBOMS,6,4,http://www.wikidata.org/entity/Q13504444
8WIOBOMS,7,4,http://www.wikidata.org/entity/Q13504441
8WIOBOMS,8,4,http://www.wikidata.org/entity/Q13504438
8WIOBOMS,9,4,http://www.wikidata.org/entity/Q13504434
8WIOBOMS,10,4,http://www.wikidata.org/entity/Q13504432
8WIOBOMS,11,4,http://www.wikidata.org/entity/Q13504426
8WIOBOMS,12,4,http://www.wikidata.org/entity/Q13504430
8WIOBOMS,13,4,http://www.wikidata.org/entity/Q13504425
8WIOBOMS,14,4,http://www.wikidata.org/entity/Q13504423
8WIOBOMS,15,4,http://www.wikidata.org/entity/Q13504421
8WIOBOMS,1,5,http://www.wikidata.org/entity/Q63891772
8WIOBOMS,2,5,http://www.wikidata.org/entity/Q63891772
8WIOBOMS,3,5,http://www.wikidata.org/entity/Q63891772
8WIOBOMS,4,5,http://www.wikidata.org/entity/Q63891772
8WIOBOMS,5,5,http://www.wikidata.org/entity/Q63891772
8WIOBOMS,6,5,http://www.wikidata.org/entity/Q63891772
8WIOBOMS,7,5,http://www.wikidata.org/entity/Q63891772
8WIOBOMS,8,5,http://www.wikidata.org/entity/Q63891772
8WIOBOMS,9,5,http://www.wikidata.org/entity/Q63891772
8WIOBOMS,10,5,http://www.wikidata.org/entity/Q63891772
8WIOBOMS,11,5,http://www.wikidata.org/entity/Q63891772
8WIOBOMS,12,5,http://www.wikidata.org/entity/Q63891772
8WIOBOMS,13,5,http://www.wikidata.org/entity/Q63891772
8WIOBOMS,14,5,http://www.wikidata.org/entity/Q63891772
8WIOBOMS,15,5,http://www.wikidata.org/entity/Q63891772
8WIOBOMS,1,6,http://www.wikidata.org/entity/Q7291
8WIOBOMS,2,6,http://www.wikidata.org/entity/Q7291
8WIOBOMS,3,6,http://www.wikidata.org/entity/Q7291
8WIOBOMS,4,6,http://www.wikidata.org/entity/Q7291
8WIOBOMS,5,6,http://www.wikidata.org/entity/Q7291
8WIOBOMS,6,6,http://www.wikidata.org/entity/Q7291
8WIOBOMS,7,6,http://www.wikidata.org/entity/Q7291
8WIOBOMS,8,6,http://www.wikidata.org/entity/Q7291
8WIOBOMS,9,6,http://www.wikidata.org/entity/Q7291
8WIOBOMS,10,6,http://www.wikidata.org/entity/Q7291
8WIOBOMS,11,6,http://www.wikidata.org/entity/Q7291
8WIOBOMS,12,6,http://www.wikidata.org/entity/Q7291
8WIOBOMS,13,6,http://www.wikidata.org/entity/Q7291
8WIOBOMS,14,6,http://www.wikidata.org/entity/Q7291
8WIOBOMS,15,6,http://www.wikidata.org/entity/Q7291
HJUAX5JE,1,0,http://www.wikidata.org/entity/Q213480
HJUAX5JE,2,0,http://www.wikidata.org/entity/Q746840
HJUAX5JE,3,0,http://www.wikidata.org/entity/Q734128
HJUAX5JE,4,0,http://www.wikidata.org/entity/Q2068620
HJUAX5JE,1,1,http://www.wikidata.org/entity/Q1647099
HJUAX5JE,2,1,http://www.wikidata.org/entity/Q1647099
HJUAX5JE,3,1,http://www.wikidata.org/entity/Q1647099
HJUAX5JE,4,1,http://www.wikidata.org/entity/Q1647099
HJUAX5JE,1,2,http://www.wikidata.org/entity/Q15228
HJUAX5JE,2,2,http://www.wikidata.org/entity/Q15228
HJUAX5JE,3,2,http://www.wikidata.org/entity/Q79762
HJUAX5JE,4,2,http://www.wikidata.org/entity/Q79762
HJUAX5JE,1,3,http://www.wikidata.org/entity/Q28468092
HJUAX5JE,2,3,http://www.wikidata.org/entity/Q16658189
HJUAX5JE,3,3,http://www.wikidata.org/entity/Q16658189
HJUAX5JE,4,3,http://www.wikidata.org/entity/Q1621322
Q4XRU3IA,1,0,http://www.wikidata.org/entity/Q516521
Q4XRU3IA,2,0,http://www.wikidata.org/entity/Q20991956
Q4XRU3IA,3,0,http://www.wikidata.org/entity/Q20991955
Q4XRU3IA,4,0,http://www.wikidata.org/entity/Q18020434
Q4XRU3IA,5,0,http://www.wikidata.org/entity/Q15647948
Q4XRU3IA,6,0,http://www.wikidata.org/entity/Q10926084
Q4XRU3IA,7,0,http://www.wikidata.org/entity/Q7067966
Q4XRU3IA,8,0,http://www.wikidata.org/entity/Q7011715
Q4XRU3IA,9,0,http://www.wikidata.org/entity/Q6516630
Q4XRU3IA,10,0,http://www.wikidata.org/entity/Q6048293
Q4XRU3IA,1,1,http://www.wikidata.org/entity/Q2683
Q4XRU3IA,2,1,http://www.wikidata.org/entity/Q37400
Q4XRU3IA,3,1,http://www.wikidata.org/entity/Q37400
Q4XRU3IA,4,1,http://www.wikidata.org/entity/Q393454
Q4XRU3IA,5,1,http://www.wikidata.org/entity/Q1297
Q4XRU3IA,6,1,http://www.wikidata.org/entity/Q956
Q4XRU3IA,7,1,http://www.wikidata.org/entity/Q173985
Q4XRU3IA,8,1,http://www.wikidata.org/entity/Q3339119
Q4XRU3IA,9,1,http://www.wikidata.org/entity/Q585
Q4XRU3IA,10,1,http://www.wikidata.org/entity/Q39709
Q4XRU3IA,1,2,http://www.wikidata.org/entity/Q45400320
Q4XRU3IA,2,2,http://www.wikidata.org/entity/Q30234158
Q4XRU3IA,3,2,http://www.wikidata.org/entity/Q30234158
Q4XRU3IA,4,2,http://www.wikidata.org/entity/Q30234158
Q4XRU3IA,5,2,http://www.wikidata.org/entity/Q30234158
Q4XRU3IA,6,2,http://www.wikidata.org/entity/Q30234158
Q4XRU3IA,7,2,http://www.wikidata.org/entity/Q30234158
Q4XRU3IA,8,2,http://www.wikidata.org/entity/Q30234158
Q4XRU3IA,9,2,http://www.wikidata.org/entity/Q30234158
Q4XRU3IA,10,2,http://www.wikidata.org/entity/Q30234158
D7731OH4,0,0,http://www.wikidata.org/entity/Q218593
D7731OH4,1,0,http://www.wikidata.org/entity/Q63568964
D7731OH4,2,0,http://www.wikidata.org/entity/Q107446184
D7731OH4,3,0,http://www.wikidata.org/entity/Q1048975
D7731OH4,4,0,http://www.wikidata.org/entity/Q87421031
D7731OH4,0,1,http://www.wikidata.org/entity/Q218593
D7731OH4,1,1,http://www.wikidata.org/entity/Q19474404
D7731OH4,2,1,http://www.wikidata.org/entity/Q19474404
D7731OH4,3,1,http://www.wikidata.org/entity/Q21503250
D7731OH4,4,1,http://www.wikidata.org/entity/Q19474404
D7731OH4,0,2,http://www.wikidata.org/entity/Q14877683
D7731OH4,1,2,http://www.wikidata.org/entity/Q30
D7731OH4,2,2,http://www.wikidata.org/entity/Q668
D7731OH4,3,2,http://www.wikidata.org/entity/Q668
D7731OH4,4,2,http://www.wikidata.org/entity/Q668
D7731OH4,0,3,http://www.wikidata.org/entity/Q218593
D7731OH4,1,3,http://www.wikidata.org/entity/Q63568975
D7731OH4,2,3,http://www.wikidata.org/entity/Q156705
D7731OH4,3,3,http://www.wikidata.org/entity/Q58635
D7731OH4,4,3,http://www.wikidata.org/entity/Q156705
D7731OH4,0,4,http://www.wikidata.org/entity/Q218593
D7731OH4,1,4,http://www.wikidata.org/entity/Q1966994
D7731OH4,2,4,http://www.wikidata.org/entity/Q5176336
D7731OH4,3,4,http://www.wikidata.org/entity/Q3532608
D7731OH4,4,4,http://www.wikidata.org/entity/Q3347350
CQ3BNERZ,1,0,http://www.wikidata.org/entity/Q710732
CQ3BNERZ,2,0,http://www.wikidata.org/entity/Q1263660
CQ3BNERZ,3,0,http://www.wikidata.org/entity/Q5791373
CQ3BNERZ,4,0,http://www.wikidata.org/entity/Q1566873
CQ3BNERZ,1,1,http://www.wikidata.org/entity/Q172771
CQ3BNERZ,2,1,http://www.wikidata.org/entity/Q855186
CQ3BNERZ,3,1,http://www.wikidata.org/entity/Q676404
CQ3BNERZ,4,1,http://www.wikidata.org/entity/Q1285655
CQ3BNERZ,1,2,http://www.wikidata.org/entity/Q145
CQ3BNERZ,2,2,http://www.wikidata.org/entity/Q38
CQ3BNERZ,3,2,http://www.wikidata.org/entity/Q29
CQ3BNERZ,4,2,http://www.wikidata.org/entity/Q191077
0975IQD5,1,0,http://www.wikidata.org/entity/Q58524100
0975IQD5,2,0,http://www.wikidata.org/entity/Q58599914
0975IQD5,3,0,http://www.wikidata.org/entity/Q58538692
0975IQD5,4,0,http://www.wikidata.org/entity/Q58595108
0975IQD5,5,0,http://www.wikidata.org/entity/Q58484790
0975IQD5,6,0,http://www.wikidata.org/entity/Q58528329
0975IQD5,1,2,http://www.wikidata.org/entity/Q20
0975IQD5,2,2,http://www.wikidata.org/entity/Q20
0975IQD5,3,2,http://www.wikidata.org/entity/Q20
0975IQD5,4,2,http://www.wikidata.org/entity/Q20
0975IQD5,5,2,http://www.wikidata.org/entity/Q20
0975IQD5,6,2,http://www.wikidata.org/entity/Q20
0975IQD5,1,3,http://www.wikidata.org/entity/Q20
0975IQD5,2,3,http://www.wikidata.org/entity/Q20
0975IQD5,3,3,http://www.wikidata.org/entity/Q20
0975IQD5,4,3,http://www.wikidata.org/entity/Q20
0975IQD5,5,3,http://www.wikidata.org/entity/Q20
0975IQD5,6,3,http://www.wikidata.org/entity/Q20
0975IQD5,1,4,http://www.wikidata.org/entity/Q1782860
0975IQD5,2,4,http://www.wikidata.org/entity/Q1142614
0975IQD5,3,4,http://www.wikidata.org/entity/Q279579
0975IQD5,4,4,http://www.wikidata.org/entity/Q47545
0975IQD5,5,4,http://www.wikidata.org/entity/Q216627
0975IQD5,6,4,http://www.wikidata.org/entity/Q1656661
0975IQD5,1,5,http://www.wikidata.org/entity/Q127676
0975IQD5,2,5,http://www.wikidata.org/entity/Q127676
0975IQD5,3,5,http://www.wikidata.org/entity/Q127676
0975IQD5,4,5,http://www.wikidata.org/entity/Q127676
0975IQD5,5,5,http://www.wikidata.org/entity/Q103732
0975IQD5,6,5,http://www.wikidata.org/entity/Q103093
WWRWA2Q4,1,0,http://www.wikidata.org/entity/Q2577445
WWRWA2Q4,2,0,http://www.wikidata.org/entity/Q2576895
WWRWA2Q4,3,0,http://www.wikidata.org/entity/Q2577517
WWRWA2Q4,4,0,http://www.wikidata.org/entity/Q2577482
WWRWA2Q4,5,0,http://www.wikidata.org/entity/Q2577505
WWRWA2Q4,6,0,http://www.wikidata.org/entity/Q2669271
WWRWA2Q4,1,2,http://www.wikidata.org/entity/Q5794794
WWRWA2Q4,2,2,http://www.wikidata.org/entity/Q5766222
WWRWA2Q4,3,2,http://www.wikidata.org/entity/Q5764629
WWRWA2Q4,4,2,http://www.wikidata.org/entity/Q5764521
WWRWA2Q4,5,2,http://www.wikidata.org/entity/Q5764020
WWRWA2Q4,6,2,http://www.wikidata.org/entity/Q5747629
BK46BX9S,1,0,http://www.wikidata.org/entity/Q218593
BK46BX9S,2,0,http://www.wikidata.org/entity/Q218593
BK46BX9S,3,0,http://www.wikidata.org/entity/Q218593
BK46BX9S,4,0,http://www.wikidata.org/entity/Q218593
BK46BX9S,1,1,http://www.wikidata.org/entity/Q1254773
BK46BX9S,2,1,http://www.wikidata.org/entity/Q26836418
BK46BX9S,3,1,http://www.wikidata.org/entity/Q55738962
BK46BX9S,4,1,http://www.wikidata.org/entity/Q50821977
BK46BX9S,1,2,http://www.wikidata.org/entity/Q1254773
BK46BX9S,2,2,http://www.wikidata.org/entity/Q26836418
BK46BX9S,3,2,http://www.wikidata.org/entity/Q55738960
BK46BX9S,4,2,http://www.wikidata.org/entity/Q50821977
BK46BX9S,1,3,http://www.wikidata.org/entity/Q1254773
BK46BX9S,2,3,http://www.wikidata.org/entity/Q26836418
BK46BX9S,3,3,http://www.wikidata.org/entity/Q55738958
BK46BX9S,4,3,http://www.wikidata.org/entity/Q50821977
BK46BX9S,1,4,http://www.wikidata.org/entity/Q1254773
BK46BX9S,2,4,http://www.wikidata.org/entity/Q26836418
BK46BX9S,3,4,http://www.wikidata.org/entity/Q55738956
BK46BX9S,4,4,http://www.wikidata.org/entity/Q12639
BK46BX9S,1,5,http://www.wikidata.org/entity/Q1254773
BK46BX9S,2,5,http://www.wikidata.org/entity/Q26836418
BK46BX9S,3,5,http://www.wikidata.org/entity/Q55738955
BK46BX9S,4,5,http://www.wikidata.org/entity/Q173453
BK46BX9S,1,6,http://www.wikidata.org/entity/Q1254773
BK46BX9S,2,6,http://www.wikidata.org/entity/Q26836418
BK46BX9S,3,6,http://www.wikidata.org/entity/Q55739020
BK46BX9S,4,6,http://www.wikidata.org/entity/Q55739017
BK46BX9S,1,7,http://www.wikidata.org/entity/Q1254773
BK46BX9S,2,7,http://www.wikidata.org/entity/Q26836418
BK46BX9S,3,7,http://www.wikidata.org/entity/Q55739018
BK46BX9S,4,7,http://www.wikidata.org/entity/Q55739017
BK46BX9S,1,8,http://www.wikidata.org/entity/Q1254773
BK46BX9S,2,8,http://www.wikidata.org/entity/Q26836418
BK46BX9S,3,8,http://www.wikidata.org/entity/Q55739016
BK46BX9S,4,8,http://www.wikidata.org/entity/Q55739014
BK46BX9S,1,9,http://www.wikidata.org/entity/Q1254773
BK46BX9S,2,9,http://www.wikidata.org/entity/Q26836418
BK46BX9S,3,9,http://www.wikidata.org/entity/Q55739015
BK46BX9S,4,9,http://www.wikidata.org/entity/Q55739014
BK46BX9S,1,10,http://www.wikidata.org/entity/Q1254773
BK46BX9S,2,10,http://www.wikidata.org/entity/Q26836418
BK46BX9S,3,10,http://www.wikidata.org/entity/Q55739013
BK46BX9S,4,10,http://www.wikidata.org/entity/Q55739010
BK46BX9S,1,11,http://www.wikidata.org/entity/Q1254773
BK46BX9S,2,11,http://www.wikidata.org/entity/Q26836418
BK46BX9S,3,11,http://www.wikidata.org/entity/Q55739011
BK46BX9S,4,11,http://www.wikidata.org/entity/Q55739010
BK46BX9S,1,12,http://www.wikidata.org/entity/Q1254773
BK46BX9S,2,12,http://www.wikidata.org/entity/Q26836418
BK46BX9S,3,12,http://www.wikidata.org/entity/Q55739008
BK46BX9S,4,12,http://www.wikidata.org/entity/Q55739005
BK46BX9S,1,13,http://www.wikidata.org/entity/Q1254773
BK46BX9S,2,13,http://www.wikidata.org/entity/Q26836418
BK46BX9S,3,13,http://www.wikidata.org/entity/Q55739007
BK46BX9S,4,13,http://www.wikidata.org/entity/Q55739005
BK46BX9S,1,14,http://www.wikidata.org/entity/Q1254773
BK46BX9S,2,14,http://www.wikidata.org/entity/Q26836418
BK46BX9S,3,14,http://www.wikidata.org/entity/Q55739003
BK46BX9S,4,14,http://www.wikidata.org/entity/Q55738997
QJU6ZAI5,1,0,http://www.wikidata.org/entity/Q218593
QJU6ZAI5,2,0,http://www.wikidata.org/entity/Q218593
QJU6ZAI5,3,0,http://www.wikidata.org/entity/Q218593
QJU6ZAI5,1,1,http://www.wikidata.org/entity/Q51954327
QJU6ZAI5,2,1,http://www.wikidata.org/entity/Q51954329
QJU6ZAI5,3,1,http://www.wikidata.org/entity/Q501158
QJU6ZAI5,1,2,http://www.wikidata.org/entity/Q51954337
QJU6ZAI5,2,2,http://www.wikidata.org/entity/Q51954339
QJU6ZAI5,3,2,http://www.wikidata.org/entity/Q497693
QJU6ZAI5,1,3,http://www.wikidata.org/entity/Q51954340
QJU6ZAI5,2,3,http://www.wikidata.org/entity/Q17048116
QJU6ZAI5,3,3,http://www.wikidata.org/entity/Q495827
QJU6ZAI5,1,4,http://www.wikidata.org/entity/Q51954335
QJU6ZAI5,2,4,http://www.wikidata.org/entity/Q51954337
QJU6ZAI5,3,4,http://www.wikidata.org/entity/Q475565
QJU6ZAI5,1,5,http://www.wikidata.org/entity/Q51954336
QJU6ZAI5,2,5,http://www.wikidata.org/entity/Q51954338
QJU6ZAI5,3,5,http://www.wikidata.org/entity/Q344934
QJU6ZAI5,1,6,http://www.wikidata.org/entity/Q20898707
QJU6ZAI5,2,6,http://www.wikidata.org/entity/Q51954392
QJU6ZAI5,3,6,http://www.wikidata.org/entity/Q293420
QJU6ZAI5,1,7,http://www.wikidata.org/entity/Q20898706
QJU6ZAI5,2,7,http://www.wikidata.org/entity/Q30096469
QJU6ZAI5,3,7,http://www.wikidata.org/entity/Q293420
QJU6ZAI5,1,8,http://www.wikidata.org/entity/Q51954331
QJU6ZAI5,2,8,http://www.wikidata.org/entity/Q51954333
QJU6ZAI5,3,8,http://www.wikidata.org/entity/Q1372149
QJU6ZAI5,1,9,http://www.wikidata.org/entity/Q51954336
QJU6ZAI5,2,9,http://www.wikidata.org/entity/Q51954338
QJU6ZAI5,3,9,http://www.wikidata.org/entity/Q182842
QJU6ZAI5,1,10,http://www.wikidata.org/entity/Q51954334
QJU6ZAI5,2,10,http://www.wikidata.org/entity/Q51954336
QJU6ZAI5,3,10,http://www.wikidata.org/entity/Q178271
QJU6ZAI5,1,11,http://www.wikidata.org/entity/Q30096469
QJU6ZAI5,2,11,http://www.wikidata.org/entity/Q63400396
QJU6ZAI5,3,11,http://www.wikidata.org/entity/Q174719
790KEHCH,1,0,http://www.wikidata.org/entity/Q3322502
790KEHCH,2,0,http://www.wikidata.org/entity/Q3306119
790KEHCH,3,0,http://www.wikidata.org/entity/Q3220610
790KEHCH,4,0,http://www.wikidata.org/entity/Q3113437
790KEHCH,5,0,http://www.wikidata.org/entity/Q3011978
790KEHCH,6,0,http://www.wikidata.org/entity/Q2997109
790KEHCH,7,0,http://www.wikidata.org/entity/Q2963520
790KEHCH,8,0,http://www.wikidata.org/entity/Q2929706
790KEHCH,9,0,http://www.wikidata.org/entity/Q2893785
790KEHCH,1,1,http://www.wikidata.org/entity/Q142
790KEHCH,2,1,http://www.wikidata.org/entity/Q31
790KEHCH,3,1,http://www.wikidata.org/entity/Q142
790KEHCH,4,1,http://www.wikidata.org/entity/Q142
790KEHCH,5,1,http://www.wikidata.org/entity/Q142
790KEHCH,6,1,http://www.wikidata.org/entity/Q31
790KEHCH,7,1,http://www.wikidata.org/entity/Q31
790KEHCH,8,1,http://www.wikidata.org/entity/Q142
790KEHCH,9,1,http://www.wikidata.org/entity/Q142
790KEHCH,1,2,http://www.wikidata.org/entity/Q181307
790KEHCH,2,2,http://www.wikidata.org/entity/Q181307
790KEHCH,3,2,http://www.wikidata.org/entity/Q181307
790KEHCH,4,2,http://www.wikidata.org/entity/Q181307
790KEHCH,5,2,http://www.wikidata.org/entity/Q181307
790KEHCH,6,2,http://www.wikidata.org/entity/Q181307
790KEHCH,7,2,http://www.wikidata.org/entity/Q181307
790KEHCH,8,2,http://www.wikidata.org/entity/Q181307
790KEHCH,9,2,http://www.wikidata.org/entity/Q181307
790KEHCH,1,3,http://www.wikidata.org/entity/Q1946226
790KEHCH,2,3,http://www.wikidata.org/entity/Q217216
790KEHCH,3,3,http://www.wikidata.org/entity/Q216837
790KEHCH,4,3,http://www.wikidata.org/entity/Q126125
790KEHCH,5,3,http://www.wikidata.org/entity/Q212964
790KEHCH,6,3,http://www.wikidata.org/entity/Q217216
790KEHCH,7,3,http://www.wikidata.org/entity/Q34021
790KEHCH,8,3,http://www.wikidata.org/entity/Q12543
790KEHCH,9,3,http://www.wikidata.org/entity/Q245149
CY5ZT6RM,1,0,http://www.wikidata.org/entity/Q665800
CY5ZT6RM,2,0,http://www.wikidata.org/entity/Q559126
CY5ZT6RM,3,0,http://www.wikidata.org/entity/Q665800
CY5ZT6RM,4,0,http://www.wikidata.org/entity/Q1399560
CY5ZT6RM,1,1,http://www.wikidata.org/entity/Q60939812
CY5ZT6RM,2,1,http://www.wikidata.org/entity/Q60939812
CY5ZT6RM,3,1,http://www.wikidata.org/entity/Q6432432
CY5ZT6RM,4,1,http://www.wikidata.org/entity/Q691716
CY5ZT6RM,1,2,http://www.wikidata.org/entity/Q8274529
CY5ZT6RM,2,2,http://www.wikidata.org/entity/Q8274529
CY5ZT6RM,3,2,http://www.wikidata.org/entity/Q8274529
CY5ZT6RM,4,2,http://www.wikidata.org/entity/Q8274529
CY5ZT6RM,1,3,http://www.wikidata.org/entity/Q70
CY5ZT6RM,2,3,http://www.wikidata.org/entity/Q70
CY5ZT6RM,3,3,http://www.wikidata.org/entity/Q70
CY5ZT6RM,4,3,http://www.wikidata.org/entity/Q70
JU73VM2Y,1,0,http://www.wikidata.org/entity/Q48790959
JU73VM2Y,2,0,http://www.wikidata.org/entity/Q28223975
JU73VM2Y,3,0,http://www.wikidata.org/entity/Q24997939
JU73VM2Y,4,0,http://www.wikidata.org/entity/Q24191071
JU73VM2Y,5,0,http://www.wikidata.org/entity/Q24190971
JU73VM2Y,6,0,http://www.wikidata.org/entity/Q24190871
JU73VM2Y,7,0,http://www.wikidata.org/entity/Q24190512
JU73VM2Y,8,0,http://www.wikidata.org/entity/Q925987
JU73VM2Y,1,1,http://www.wikidata.org/entity/Q43371202
JU73VM2Y,2,1,http://www.wikidata.org/entity/Q28224629
JU73VM2Y,3,1,http://www.wikidata.org/entity/Q28224425
JU73VM2Y,4,1,http://www.wikidata.org/entity/Q24191088
JU73VM2Y,5,1,http://www.wikidata.org/entity/Q24997939
JU73VM2Y,6,1,http://www.wikidata.org/entity/Q24190714
JU73VM2Y,7,1,http://www.wikidata.org/entity/Q24190510
JU73VM2Y,8,1,http://www.wikidata.org/entity/Q24190565
JU73VM2Y,1,2,http://www.wikidata.org/entity/Q64827141
JU73VM2Y,2,2,http://www.wikidata.org/entity/Q64827141
JU73VM2Y,3,2,http://www.wikidata.org/entity/Q64827141
JU73VM2Y,4,2,http://www.wikidata.org/entity/Q64827141
JU73VM2Y,5,2,http://www.wikidata.org/entity/Q64827141
JU73VM2Y,6,2,http://www.wikidata.org/entity/Q64827141
JU73VM2Y,7,2,http://www.wikidata.org/entity/Q64827141
JU73VM2Y,8,2,http://www.wikidata.org/entity/Q64827141
JU73VM2Y,1,3,http://www.wikidata.org/entity/Q35715
JU73VM2Y,2,3,http://www.wikidata.org/entity/Q35715
JU73VM2Y,3,3,http://www.wikidata.org/entity/Q35715
JU73VM2Y,4,3,http://www.wikidata.org/entity/Q35715
JU73VM2Y,5,3,http://www.wikidata.org/entity/Q35715
JU73VM2Y,6,3,http://www.wikidata.org/entity/Q35715
JU73VM2Y,7,3,http://www.wikidata.org/entity/Q35715
JU73VM2Y,8,3,http://www.wikidata.org/entity/Q35715
ULXVHZJU,1,0,http://www.wikidata.org/entity/Q2719134
ULXVHZJU,2,0,http://www.wikidata.org/entity/Q2744336
ULXVHZJU,3,0,http://www.wikidata.org/entity/Q2308700
ULXVHZJU,4,0,http://www.wikidata.org/entity/Q4511196
ULXVHZJU,5,0,http://www.wikidata.org/entity/Q2000191
ULXVHZJU,6,0,http://www.wikidata.org/entity/Q2292710
ULXVHZJU,7,0,http://www.wikidata.org/entity/Q2192856
ULXVHZJU,8,0,http://www.wikidata.org/entity/Q2308700
ULXVHZJU,9,0,http://www.wikidata.org/entity/Q1932022
ULXVHZJU,10,0,http://www.wikidata.org/entity/Q1763369
ULXVHZJU,1,2,http://www.wikidata.org/entity/Q16
ULXVHZJU,2,2,http://www.wikidata.org/entity/Q16
ULXVHZJU,3,2,http://www.wikidata.org/entity/Q39
ULXVHZJU,4,2,http://www.wikidata.org/entity/Q35
ULXVHZJU,5,2,http://www.wikidata.org/entity/Q31
ULXVHZJU,6,2,http://www.wikidata.org/entity/Q35
ULXVHZJU,7,2,http://www.wikidata.org/entity/Q39
ULXVHZJU,8,2,http://www.wikidata.org/entity/Q39
ULXVHZJU,9,2,http://www.wikidata.org/entity/Q36704
ULXVHZJU,10,2,http://www.wikidata.org/entity/Q16
ULXVHZJU,1,3,http://www.wikidata.org/entity/Q47511275
ULXVHZJU,2,3,http://www.wikidata.org/entity/Q47511079
ULXVHZJU,3,3,http://www.wikidata.org/entity/Q47511045
ULXVHZJU,4,3,http://www.wikidata.org/entity/Q47510974
ULXVHZJU,5,3,http://www.wikidata.org/entity/Q47511001
ULXVHZJU,6,3,http://www.wikidata.org/entity/Q47511144
ULXVHZJU,7,3,http://www.wikidata.org/entity/Q47510886
ULXVHZJU,8,3,http://www.wikidata.org/entity/Q47511031
ULXVHZJU,9,3,http://www.wikidata.org/entity/Q47510869
ULXVHZJU,10,3,http://www.wikidata.org/entity/Q47511482
ULXVHZJU,1,5,http://www.wikidata.org/entity/Q292117
ULXVHZJU,2,5,http://www.wikidata.org/entity/Q292117
ULXVHZJU,3,5,http://www.wikidata.org/entity/Q16940
ULXVHZJU,4,5,http://www.wikidata.org/entity/Q3360834
ULXVHZJU,5,5,http://www.wikidata.org/entity/Q1993163
ULXVHZJU,6,5,http://www.wikidata.org/entity/Q3360834
ULXVHZJU,7,5,http://www.wikidata.org/entity/Q16940
ULXVHZJU,8,5,http://www.wikidata.org/entity/Q16940
ULXVHZJU,9,5,http://www.wikidata.org/entity/Q648902
ULXVHZJU,10,5,http://www.wikidata.org/entity/Q7373893
ULXVHZJU,1,6,http://www.wikidata.org/entity/Q80388
ULXVHZJU,2,6,http://www.wikidata.org/entity/Q2442286
ULXVHZJU,3,6,http://www.wikidata.org/entity/Q2349482
ULXVHZJU,4,6,http://www.wikidata.org/entity/Q4901906
ULXVHZJU,5,6,http://www.wikidata.org/entity/Q3167888
ULXVHZJU,6,6,http://www.wikidata.org/entity/Q2498259
ULXVHZJU,7,6,http://www.wikidata.org/entity/Q2439861
ULXVHZJU,8,6,http://www.wikidata.org/entity/Q2349482
ULXVHZJU,9,6,http://www.wikidata.org/entity/Q1833521
ULXVHZJU,10,6,http://www.wikidata.org/entity/Q671242
0CL2SG5S,1,0,http://www.wikidata.org/entity/Q83817524
0CL2SG5S,2,0,http://www.wikidata.org/entity/Q12070478
0CL2SG5S,3,0,http://www.wikidata.org/entity/Q12070119
0CL2SG5S,4,0,http://www.wikidata.org/entity/Q505787
0CL2SG5S,5,0,http://www.wikidata.org/entity/Q3756378
0CL2SG5S,6,0,http://www.wikidata.org/entity/Q2743810
0CL2SG5S,7,0,http://www.wikidata.org/entity/Q3756378
0CL2SG5S,1,1,http://www.wikidata.org/entity/Q83619491
0CL2SG5S,2,1,http://www.wikidata.org/entity/Q84337078
0CL2SG5S,3,1,http://www.wikidata.org/entity/Q66641700
0CL2SG5S,4,1,http://www.wikidata.org/entity/Q85564758
0CL2SG5S,5,1,http://www.wikidata.org/entity/Q77074188
0CL2SG5S,6,1,http://www.wikidata.org/entity/Q66477201
0CL2SG5S,7,1,http://www.wikidata.org/entity/Q66476822
0CL2SG5S,1,2,http://www.wikidata.org/entity/Q1264450
0CL2SG5S,2,2,http://www.wikidata.org/entity/Q1264450
0CL2SG5S,3,2,http://www.wikidata.org/entity/Q1264450
0CL2SG5S,4,2,http://www.wikidata.org/entity/Q1264450
0CL2SG5S,5,2,http://www.wikidata.org/entity/Q1264450
0CL2SG5S,6,2,http://www.wikidata.org/entity/Q1264450
0CL2SG5S,7,2,http://www.wikidata.org/entity/Q1264450
XA0J48W6,1,0,http://www.wikidata.org/entity/Q16099679
XA0J48W6,2,0,http://www.wikidata.org/entity/Q16099677
XA0J48W6,3,0,http://www.wikidata.org/entity/Q16099729
XA0J48W6,4,0,http://www.wikidata.org/entity/Q16099673
XA0J48W6,5,0,http://www.wikidata.org/entity/Q16099725
XA0J48W6,6,0,http://www.wikidata.org/entity/Q16100301
XA0J48W6,7,0,http://www.wikidata.org/entity/Q16099663
XA0J48W6,8,0,http://www.wikidata.org/entity/Q16174888
XA0J48W6,1,1,http://www.wikidata.org/entity/Q12615090
XA0J48W6,2,1,http://www.wikidata.org/entity/Q12615090
XA0J48W6,3,1,http://www.wikidata.org/entity/Q12615104
XA0J48W6,4,1,http://www.wikidata.org/entity/Q12615090
XA0J48W6,5,1,http://www.wikidata.org/entity/Q12615104
XA0J48W6,6,1,http://www.wikidata.org/entity/Q16174863
XA0J48W6,7,1,http://www.wikidata.org/entity/Q12615090
XA0J48W6,8,1,http://www.wikidata.org/entity/Q16174863
XA0J48W6,1,2,http://www.wikidata.org/entity/Q50325
XA0J48W6,2,2,http://www.wikidata.org/entity/Q50322
XA0J48W6,3,2,http://www.wikidata.org/entity/Q50321
XA0J48W6,4,2,http://www.wikidata.org/entity/Q50320
XA0J48W6,5,2,http://www.wikidata.org/entity/Q50319
XA0J48W6,6,2,http://www.wikidata.org/entity/Q50315
XA0J48W6,7,2,http://www.wikidata.org/entity/Q50311
XA0J48W6,8,2,http://www.wikidata.org/entity/Q50309
XA0J48W6,1,3,http://www.wikidata.org/entity/Q884
XA0J48W6,2,3,http://www.wikidata.org/entity/Q884
XA0J48W6,3,3,http://www.wikidata.org/entity/Q884
XA0J48W6,4,3,http://www.wikidata.org/entity/Q884
XA0J48W6,5,3,http://www.wikidata.org/entity/Q884
XA0J48W6,6,3,http://www.wikidata.org/entity/Q884
XA0J48W6,7,3,http://www.wikidata.org/entity/Q884
XA0J48W6,8,3,http://www.wikidata.org/entity/Q884
SE3X02F4,1,0,http://www.wikidata.org/entity/Q765396
SE3X02F4,2,0,http://www.wikidata.org/entity/Q593968
SE3X02F4,3,0,http://www.wikidata.org/entity/Q371240
SE3X02F4,4,0,http://www.wikidata.org/entity/Q361729
SE3X02F4,1,1,http://www.wikidata.org/entity/Q2633744
SE3X02F4,2,1,http://www.wikidata.org/entity/Q2633744
SE3X02F4,3,1,http://www.wikidata.org/entity/Q2633744
SE3X02F4,4,1,http://www.wikidata.org/entity/Q2633744
SE3X02F4,1,2,http://www.wikidata.org/entity/Q730757
SE3X02F4,2,2,http://www.wikidata.org/entity/Q730757
SE3X02F4,3,2,http://www.wikidata.org/entity/Q730757
SE3X02F4,4,2,http://www.wikidata.org/entity/Q730757
SE3X02F4,1,5,http://www.wikidata.org/entity/Q5146
SE3X02F4,2,5,http://www.wikidata.org/entity/Q1321
SE3X02F4,3,5,http://www.wikidata.org/entity/Q1321
SE3X02F4,4,5,http://www.wikidata.org/entity/Q652
KM7SFLJG,1,0,http://www.wikidata.org/entity/Q632497
KM7SFLJG,2,0,http://www.wikidata.org/entity/Q632486
KM7SFLJG,3,0,http://www.wikidata.org/entity/Q260379
KM7SFLJG,4,0,http://www.wikidata.org/entity/Q626598
KM7SFLJG,5,0,http://www.wikidata.org/entity/Q626593
KM7SFLJG,6,0,http://www.wikidata.org/entity/Q618755
KM7SFLJG,7,0,http://www.wikidata.org/entity/Q614393
KM7SFLJG,8,0,http://www.wikidata.org/entity/Q7441901
KM7SFLJG,9,0,http://www.wikidata.org/entity/Q714451
KM7SFLJG,10,0,http://www.wikidata.org/entity/Q5361150
KM7SFLJG,11,0,http://www.wikidata.org/entity/Q4022577
KM7SFLJG,12,0,http://www.wikidata.org/entity/Q3936014
KM7SFLJG,13,0,http://www.wikidata.org/entity/Q3930375
KM7SFLJG,1,3,http://www.wikidata.org/entity/Q5287
KM7SFLJG,2,3,http://www.wikidata.org/entity/Q5287
KM7SFLJG,3,3,http://www.wikidata.org/entity/Q5287
KM7SFLJG,4,3,http://www.wikidata.org/entity/Q5287
KM7SFLJG,5,3,http://www.wikidata.org/entity/Q5287
KM7SFLJG,6,3,http://www.wikidata.org/entity/Q5287
KM7SFLJG,7,3,http://www.wikidata.org/entity/Q5287
KM7SFLJG,8,3,http://www.wikidata.org/entity/Q5287
KM7SFLJG,9,3,http://www.wikidata.org/entity/Q5287
KM7SFLJG,10,3,http://www.wikidata.org/entity/Q5287
KM7SFLJG,11,3,http://www.wikidata.org/entity/Q5287
KM7SFLJG,12,3,http://www.wikidata.org/entity/Q5287
KM7SFLJG,13,3,http://www.wikidata.org/entity/Q5287
KM7SFLJG,1,4,http://www.wikidata.org/entity/Q17
KM7SFLJG,2,4,http://www.wikidata.org/entity/Q17
KM7SFLJG,3,4,http://www.wikidata.org/entity/Q17
KM7SFLJG,4,4,http://www.wikidata.org/entity/Q17
KM7SFLJG,5,4,http://www.wikidata.org/entity/Q17
KM7SFLJG,6,4,http://www.wikidata.org/entity/Q17
KM7SFLJG,7,4,http://www.wikidata.org/entity/Q17
KM7SFLJG,8,4,http://www.wikidata.org/entity/Q17
KM7SFLJG,9,4,http://www.wikidata.org/entity/Q17
KM7SFLJG,10,4,http://www.wikidata.org/entity/Q17
KM7SFLJG,11,4,http://www.wikidata.org/entity/Q17
KM7SFLJG,12,4,http://www.wikidata.org/entity/Q17
KM7SFLJG,13,4,http://www.wikidata.org/entity/Q17
DNY4YO2H,1,0,http://www.wikidata.org/entity/Q7085085
DNY4YO2H,2,0,http://www.wikidata.org/entity/Q673076
DNY4YO2H,3,0,http://www.wikidata.org/entity/Q7085085
DNY4YO2H,4,0,http://www.wikidata.org/entity/Q1789816
DNY4YO2H,1,1,http://www.wikidata.org/entity/Q5559661
DNY4YO2H,2,1,http://www.wikidata.org/entity/Q4280514
DNY4YO2H,3,1,http://www.wikidata.org/entity/Q5559661
DNY4YO2H,4,1,http://www.wikidata.org/entity/Q464603
DNY4YO2H,1,2,http://www.wikidata.org/entity/Q1513688
DNY4YO2H,2,2,http://www.wikidata.org/entity/Q54111
DNY4YO2H,3,2,http://www.wikidata.org/entity/Q1513688
DNY4YO2H,4,2,http://www.wikidata.org/entity/Q236122
DNY4YO2H,1,4,http://www.wikidata.org/entity/Q624232
DNY4YO2H,2,4,http://www.wikidata.org/entity/Q19558910
DNY4YO2H,3,4,http://www.wikidata.org/entity/Q624232
DNY4YO2H,4,4,http://www.wikidata.org/entity/Q19558910
DNY4YO2H,1,5,http://www.wikidata.org/entity/Q575759
DNY4YO2H,2,5,http://www.wikidata.org/entity/Q570116
DNY4YO2H,3,5,http://www.wikidata.org/entity/Q33506
DNY4YO2H,4,5,http://www.wikidata.org/entity/Q33506
DNY4YO2H,1,6,http://www.wikidata.org/entity/Q30
DNY4YO2H,2,6,http://www.wikidata.org/entity/Q30
DNY4YO2H,3,6,http://www.wikidata.org/entity/Q30
DNY4YO2H,4,6,http://www.wikidata.org/entity/Q30
BN1DPRBO,1,0,http://www.wikidata.org/entity/Q47179628
BN1DPRBO,2,0,http://www.wikidata.org/entity/Q24035468
BN1DPRBO,3,0,http://www.wikidata.org/entity/Q47170881
BN1DPRBO,4,0,http://www.wikidata.org/entity/Q47169816
BN1DPRBO,5,0,http://www.wikidata.org/entity/Q37586305
BN1DPRBO,6,0,http://www.wikidata.org/entity/Q37585092
BN1DPRBO,7,0,http://www.wikidata.org/entity/Q37108754
BN1DPRBO,8,0,http://www.wikidata.org/entity/Q37108478
BN1DPRBO,9,0,http://www.wikidata.org/entity/Q23502933
BN1DPRBO,10,0,http://www.wikidata.org/entity/Q23502905
BN1DPRBO,11,0,http://www.wikidata.org/entity/Q23502897
BN1DPRBO,12,0,http://www.wikidata.org/entity/Q23502220
BN1DPRBO,1,1,http://www.wikidata.org/entity/Q28034408
BN1DPRBO,2,1,http://www.wikidata.org/entity/Q28034408
BN1DPRBO,3,1,http://www.wikidata.org/entity/Q28034408
BN1DPRBO,4,1,http://www.wikidata.org/entity/Q28034408
BN1DPRBO,5,1,http://www.wikidata.org/entity/Q28034408
BN1DPRBO,6,1,http://www.wikidata.org/entity/Q28034408
BN1DPRBO,7,1,http://www.wikidata.org/entity/Q28034408
BN1DPRBO,8,1,http://www.wikidata.org/entity/Q28034408
BN1DPRBO,9,1,http://www.wikidata.org/entity/Q28034408
BN1DPRBO,10,1,http://www.wikidata.org/entity/Q28034408
BN1DPRBO,11,1,http://www.wikidata.org/entity/Q28034408
BN1DPRBO,12,1,http://www.wikidata.org/entity/Q28034408
BN1DPRBO,1,2,http://www.wikidata.org/entity/Q2479493
BN1DPRBO,2,2,http://www.wikidata.org/entity/Q2479493
BN1DPRBO,3,2,http://www.wikidata.org/entity/Q930314
BN1DPRBO,4,2,http://www.wikidata.org/entity/Q930314
BN1DPRBO,5,2,http://www.wikidata.org/entity/Q930314
BN1DPRBO,6,2,http://www.wikidata.org/entity/Q930314
BN1DPRBO,7,2,http://www.wikidata.org/entity/Q930314
BN1DPRBO,8,2,http://www.wikidata.org/entity/Q930314
BN1DPRBO,9,2,http://www.wikidata.org/entity/Q930314
BN1DPRBO,10,2,http://www.wikidata.org/entity/Q930314
BN1DPRBO,11,2,http://www.wikidata.org/entity/Q930314
BN1DPRBO,12,2,http://www.wikidata.org/entity/Q930314
BN1DPRBO,1,3,http://www.wikidata.org/entity/Q29
BN1DPRBO,2,3,http://www.wikidata.org/entity/Q29
BN1DPRBO,3,3,http://www.wikidata.org/entity/Q29
BN1DPRBO,4,3,http://www.wikidata.org/entity/Q29
BN1DPRBO,5,3,http://www.wikidata.org/entity/Q29
BN1DPRBO,6,3,http://www.wikidata.org/entity/Q29
BN1DPRBO,7,3,http://www.wikidata.org/entity/Q29
BN1DPRBO,8,3,http://www.wikidata.org/entity/Q29
BN1DPRBO,9,3,http://www.wikidata.org/entity/Q29
BN1DPRBO,10,3,http://www.wikidata.org/entity/Q29
BN1DPRBO,11,3,http://www.wikidata.org/entity/Q29
BN1DPRBO,12,3,http://www.wikidata.org/entity/Q29
SLO746P8,1,0,http://www.wikidata.org/entity/Q16426819
SLO746P8,2,0,http://www.wikidata.org/entity/Q5054095
SLO746P8,3,0,http://www.wikidata.org/entity/Q3726557
SLO746P8,4,0,http://www.wikidata.org/entity/Q3726537
SLO746P8,1,1,http://www.wikidata.org/entity/Q16426819
SLO746P8,2,1,http://www.wikidata.org/entity/Q5054095
SLO746P8,3,1,http://www.wikidata.org/entity/Q3726557
SLO746P8,4,1,http://www.wikidata.org/entity/Q3726537
SLO746P8,1,3,http://www.wikidata.org/entity/Q209754
SLO746P8,2,3,http://www.wikidata.org/entity/Q182660
SLO746P8,3,3,http://www.wikidata.org/entity/Q12724365
SLO746P8,4,3,http://www.wikidata.org/entity/Q18545503
SLO746P8,1,4,http://www.wikidata.org/entity/Q659103
SLO746P8,2,4,http://www.wikidata.org/entity/Q659103
SLO746P8,3,4,http://www.wikidata.org/entity/Q659103
SLO746P8,4,4,http://www.wikidata.org/entity/Q659103
SLO746P8,1,5,http://www.wikidata.org/entity/Q24118176
SLO746P8,2,5,http://www.wikidata.org/entity/Q24102584
SLO746P8,3,5,http://www.wikidata.org/entity/Q24007776
SLO746P8,4,5,http://www.wikidata.org/entity/Q24007769
GXG838ZX,1,0,http://www.wikidata.org/entity/Q15305619
GXG838ZX,2,0,http://www.wikidata.org/entity/Q15305616
GXG838ZX,3,0,http://www.wikidata.org/entity/Q15305612
GXG838ZX,4,0,http://www.wikidata.org/entity/Q15305608
GXG838ZX,5,0,http://www.wikidata.org/entity/Q15305602
GXG838ZX,6,0,http://www.wikidata.org/entity/Q15305599
GXG838ZX,7,0,http://www.wikidata.org/entity/Q15305596
GXG838ZX,8,0,http://www.wikidata.org/entity/Q15305594
GXG838ZX,9,0,http://www.wikidata.org/entity/Q15305590
GXG838ZX,10,0,http://www.wikidata.org/entity/Q15305586
GXG838ZX,1,2,http://www.wikidata.org/entity/Q15305621
GXG838ZX,2,2,http://www.wikidata.org/entity/Q15305619
GXG838ZX,3,2,http://www.wikidata.org/entity/Q15305616
GXG838ZX,4,2,http://www.wikidata.org/entity/Q15305612
GXG838ZX,5,2,http://www.wikidata.org/entity/Q15305608
GXG838ZX,6,2,http://www.wikidata.org/entity/Q15305602
GXG838ZX,7,2,http://www.wikidata.org/entity/Q15305599
GXG838ZX,8,2,http://www.wikidata.org/entity/Q15305596
GXG838ZX,9,2,http://www.wikidata.org/entity/Q15305594
GXG838ZX,10,2,http://www.wikidata.org/entity/Q15305590
MSQP2ORA,1,0,http://www.wikidata.org/entity/Q4765995
MSQP2ORA,2,0,http://www.wikidata.org/entity/Q7557728
MSQP2ORA,3,0,http://www.wikidata.org/entity/Q2575880
MSQP2ORA,4,0,http://www.wikidata.org/entity/Q4765995
MSQP2ORA,5,0,http://www.wikidata.org/entity/Q7557728
MSQP2ORA,6,0,http://www.wikidata.org/entity/Q6421206
MSQP2ORA,7,0,http://www.wikidata.org/entity/Q7607489
MSQP2ORA,8,0,http://www.wikidata.org/entity/Q6427430
MSQP2ORA,9,0,http://www.wikidata.org/entity/Q7849103
MSQP2ORA,10,0,http://www.wikidata.org/entity/Q278812
MSQP2ORA,11,0,http://www.wikidata.org/entity/Q7696196
MSQP2ORA,12,0,http://www.wikidata.org/entity/Q6217178
MSQP2ORA,13,0,http://www.wikidata.org/entity/Q7053213
MSQP2ORA,14,0,http://www.wikidata.org/entity/Q7852167
MSQP2ORA,15,0,http://www.wikidata.org/entity/Q7123020
MSQP2ORA,1,1,http://www.wikidata.org/entity/Q506250
MSQP2ORA,2,1,http://www.wikidata.org/entity/Q506250
MSQP2ORA,3,1,http://www.wikidata.org/entity/Q506250
MSQP2ORA,4,1,http://www.wikidata.org/entity/Q506250
MSQP2ORA,5,1,http://www.wikidata.org/entity/Q506250
MSQP2ORA,6,1,http://www.wikidata.org/entity/Q506250
MSQP2ORA,7,1,http://www.wikidata.org/entity/Q506250
MSQP2ORA,8,1,http://www.wikidata.org/entity/Q506250
MSQP2ORA,9,1,http://www.wikidata.org/entity/Q506250
MSQP2ORA,10,1,http://www.wikidata.org/entity/Q506250
MSQP2ORA,11,1,http://www.wikidata.org/entity/Q506250
MSQP2ORA,12,1,http://www.wikidata.org/entity/Q506250
MSQP2ORA,13,1,http://www.wikidata.org/entity/Q506250
MSQP2ORA,14,1,http://www.wikidata.org/entity/Q506250
MSQP2ORA,15,1,http://www.wikidata.org/entity/Q506250
MSQP2ORA,1,2,http://www.wikidata.org/entity/Q168432
MSQP2ORA,2,2,http://www.wikidata.org/entity/Q525
MSQP2ORA,3,2,http://www.wikidata.org/entity/Q6215794
MSQP2ORA,4,2,http://www.wikidata.org/entity/Q168432
MSQP2ORA,5,2,http://www.wikidata.org/entity/Q525
MSQP2ORA,6,2,http://www.wikidata.org/entity/Q101401
MSQP2ORA,7,2,http://www.wikidata.org/entity/Q57036
MSQP2ORA,8,2,http://www.wikidata.org/entity/Q12453
MSQP2ORA,9,2,http://www.wikidata.org/entity/Q1107656
MSQP2ORA,10,2,http://www.wikidata.org/entity/Q15147771
MSQP2ORA,11,2,http://www.wikidata.org/entity/Q10680668
MSQP2ORA,12,2,http://www.wikidata.org/entity/Q10659400
MSQP2ORA,13,2,http://www.wikidata.org/entity/Q10602405
MSQP2ORA,14,2,http://www.wikidata.org/entity/Q4579704
MSQP2ORA,15,2,http://www.wikidata.org/entity/Q1362225
MSQP2ORA,1,3,http://www.wikidata.org/entity/Q10705660
MSQP2ORA,2,3,http://www.wikidata.org/entity/Q10705660
MSQP2ORA,3,3,http://www.wikidata.org/entity/Q10641349
MSQP2ORA,4,3,http://www.wikidata.org/entity/Q10641349
MSQP2ORA,5,3,http://www.wikidata.org/entity/Q10641349
MSQP2ORA,6,3,http://www.wikidata.org/entity/Q10591867
MSQP2ORA,7,3,http://www.wikidata.org/entity/Q10591867
MSQP2ORA,8,3,http://www.wikidata.org/entity/Q10591867
MSQP2ORA,9,3,http://www.wikidata.org/entity/Q10551610
MSQP2ORA,10,3,http://www.wikidata.org/entity/Q8079066
MSQP2ORA,11,3,http://www.wikidata.org/entity/Q8079066
MSQP2ORA,12,3,http://www.wikidata.org/entity/Q8079066
MSQP2ORA,13,3,http://www.wikidata.org/entity/Q8079066
MSQP2ORA,14,3,http://www.wikidata.org/entity/Q8079066
MSQP2ORA,15,3,http://www.wikidata.org/entity/Q8079066
MSQP2ORA,1,4,http://www.wikidata.org/entity/Q579854
MSQP2ORA,2,4,http://www.wikidata.org/entity/Q579854
MSQP2ORA,3,4,http://www.wikidata.org/entity/Q579854
MSQP2ORA,4,4,http://www.wikidata.org/entity/Q579854
MSQP2ORA,5,4,http://www.wikidata.org/entity/Q579854
MSQP2ORA,6,4,http://www.wikidata.org/entity/Q579854
MSQP2ORA,7,4,http://www.wikidata.org/entity/Q579854
MSQP2ORA,8,4,http://www.wikidata.org/entity/Q579854
MSQP2ORA,9,4,http://www.wikidata.org/entity/Q579854
MSQP2ORA,10,4,http://www.wikidata.org/entity/Q579854
MSQP2ORA,11,4,http://www.wikidata.org/entity/Q579854
MSQP2ORA,12,4,http://www.wikidata.org/entity/Q579854
MSQP2ORA,13,4,http://www.wikidata.org/entity/Q579854
MSQP2ORA,14,4,http://www.wikidata.org/entity/Q579854
MSQP2ORA,15,4,http://www.wikidata.org/entity/Q579854
ZD0W6JWI,0,0,http://www.wikidata.org/entity/Q218593
ZD0W6JWI,1,0,http://www.wikidata.org/entity/Q1553760
ZD0W6JWI,2,0,http://www.wikidata.org/entity/Q1383488
ZD0W6JWI,3,0,http://www.wikidata.org/entity/Q1283202
ZD0W6JWI,4,0,http://www.wikidata.org/entity/Q1109132
ZD0W6JWI,0,2,http://www.wikidata.org/entity/Q14877683
ZD0W6JWI,1,2,http://www.wikidata.org/entity/Q1109132
ZD0W6JWI,2,2,http://www.wikidata.org/entity/Q1570502
ZD0W6JWI,3,2,http://www.wikidata.org/entity/Q1553760
ZD0W6JWI,4,2,http://www.wikidata.org/entity/Q782089
ZD0W6JWI,0,3,http://www.wikidata.org/entity/Q220543
ZD0W6JWI,1,3,http://www.wikidata.org/entity/Q542
ZD0W6JWI,2,3,http://www.wikidata.org/entity/Q542
ZD0W6JWI,3,3,http://www.wikidata.org/entity/Q542
ZD0W6JWI,4,3,http://www.wikidata.org/entity/Q542
ZD0W6JWI,0,4,http://www.wikidata.org/entity/Q218593
ZD0W6JWI,1,4,http://www.wikidata.org/entity/Q581184
ZD0W6JWI,2,4,http://www.wikidata.org/entity/Q24885314
ZD0W6JWI,3,4,http://www.wikidata.org/entity/Q974014
ZD0W6JWI,4,4,http://www.wikidata.org/entity/Q581184
WWJ8GVN4,1,0,http://www.wikidata.org/entity/Q52351802
WWJ8GVN4,2,0,http://www.wikidata.org/entity/Q52351589
WWJ8GVN4,3,0,http://www.wikidata.org/entity/Q52350988
WWJ8GVN4,4,0,http://www.wikidata.org/entity/Q52342543
WWJ8GVN4,1,1,http://www.wikidata.org/entity/Q185632
WWJ8GVN4,2,1,http://www.wikidata.org/entity/Q36262
WWJ8GVN4,3,1,http://www.wikidata.org/entity/Q36262
WWJ8GVN4,4,1,http://www.wikidata.org/entity/Q36262
WWJ8GVN4,1,5,http://www.wikidata.org/entity/Q52351802
WWJ8GVN4,2,5,http://www.wikidata.org/entity/Q52351589
WWJ8GVN4,3,5,http://www.wikidata.org/entity/Q52350988
WWJ8GVN4,4,5,http://www.wikidata.org/entity/Q52342543
6HH78BP5,1,0,http://www.wikidata.org/entity/Q218593
6HH78BP5,2,0,http://www.wikidata.org/entity/Q218593
6HH78BP5,3,0,http://www.wikidata.org/entity/Q218593
6HH78BP5,1,1,http://www.wikidata.org/entity/Q3262596
6HH78BP5,2,1,http://www.wikidata.org/entity/Q11513034
6HH78BP5,3,1,http://www.wikidata.org/entity/Q11513034
6HH78BP5,1,2,http://www.wikidata.org/entity/Q3131552
6HH78BP5,2,2,http://www.wikidata.org/entity/Q11513034
6HH78BP5,3,2,http://www.wikidata.org/entity/Q11513034
6HH78BP5,1,3,http://www.wikidata.org/entity/Q632875
6HH78BP5,2,3,http://www.wikidata.org/entity/Q11513034
6HH78BP5,3,3,http://www.wikidata.org/entity/Q11513034
6HH78BP5,1,4,http://www.wikidata.org/entity/Q1996730
6HH78BP5,2,4,http://www.wikidata.org/entity/Q11513034
6HH78BP5,3,4,http://www.wikidata.org/entity/Q232932
TOPBI6WB,1,0,http://www.wikidata.org/entity/Q28916591
TOPBI6WB,2,0,http://www.wikidata.org/entity/Q28916589
TOPBI6WB,3,0,http://www.wikidata.org/entity/Q28916588
TOPBI6WB,4,0,http://www.wikidata.org/entity/Q28916587
TOPBI6WB,5,0,http://www.wikidata.org/entity/Q28916586
TOPBI6WB,6,0,http://www.wikidata.org/entity/Q28916579
TOPBI6WB,7,0,http://www.wikidata.org/entity/Q28916573
TOPBI6WB,8,0,http://www.wikidata.org/entity/Q28916572
TOPBI6WB,9,0,http://www.wikidata.org/entity/Q28916571
TOPBI6WB,10,0,http://www.wikidata.org/entity/Q28916570
TOPBI6WB,11,0,http://www.wikidata.org/entity/Q28916569
TOPBI6WB,12,0,http://www.wikidata.org/entity/Q28916564
TOPBI6WB,1,1,http://www.wikidata.org/entity/Q18088065
TOPBI6WB,2,1,http://www.wikidata.org/entity/Q164819
TOPBI6WB,3,1,http://www.wikidata.org/entity/Q865639
TOPBI6WB,4,1,http://www.wikidata.org/entity/Q865639
TOPBI6WB,5,1,http://www.wikidata.org/entity/Q865639
TOPBI6WB,6,1,http://www.wikidata.org/entity/Q1949891
TOPBI6WB,7,1,http://www.wikidata.org/entity/Q2112462
TOPBI6WB,8,1,http://www.wikidata.org/entity/Q2112462
TOPBI6WB,9,1,http://www.wikidata.org/entity/Q266444
TOPBI6WB,10,1,http://www.wikidata.org/entity/Q266444
TOPBI6WB,11,1,http://www.wikidata.org/entity/Q878297
TOPBI6WB,12,1,http://www.wikidata.org/entity/Q878278
TOPBI6WB,1,2,http://www.wikidata.org/entity/Q124714
TOPBI6WB,2,2,http://www.wikidata.org/entity/Q124714
TOPBI6WB,3,2,http://www.wikidata.org/entity/Q124714
TOPBI6WB,4,2,http://www.wikidata.org/entity/Q124714
TOPBI6WB,5,2,http://www.wikidata.org/entity/Q124714
TOPBI6WB,6,2,http://www.wikidata.org/entity/Q124714
TOPBI6WB,7,2,http://www.wikidata.org/entity/Q124714
TOPBI6WB,8,2,http://www.wikidata.org/entity/Q124714
TOPBI6WB,9,2,http://www.wikidata.org/entity/Q124714
TOPBI6WB,10,2,http://www.wikidata.org/entity/Q124714
TOPBI6WB,11,2,http://www.wikidata.org/entity/Q124714
TOPBI6WB,12,2,http://www.wikidata.org/entity/Q124714
B449IDWS,1,0,http://www.wikidata.org/entity/Q7600102
B449IDWS,2,0,http://www.wikidata.org/entity/Q7301469
B449IDWS,3,0,http://www.wikidata.org/entity/Q7618248
B449IDWS,4,0,http://www.wikidata.org/entity/Q7570957
B449IDWS,5,0,http://www.wikidata.org/entity/Q7568689
B449IDWS,6,0,http://www.wikidata.org/entity/Q7270384
B449IDWS,7,0,http://www.wikidata.org/entity/Q6705891
B449IDWS,8,0,http://www.wikidata.org/entity/Q6415753
B449IDWS,1,1,http://www.wikidata.org/entity/Q2279685
B449IDWS,2,1,http://www.wikidata.org/entity/Q1077003
B449IDWS,3,1,http://www.wikidata.org/entity/Q989418
B449IDWS,4,1,http://www.wikidata.org/entity/Q868647
B449IDWS,5,1,http://www.wikidata.org/entity/Q279000
B449IDWS,6,1,http://www.wikidata.org/entity/Q213181
B449IDWS,7,1,http://www.wikidata.org/entity/Q203889
B449IDWS,8,1,http://www.wikidata.org/entity/Q201812
B449IDWS,1,2,http://www.wikidata.org/entity/Q6269240
B449IDWS,2,2,http://www.wikidata.org/entity/Q6269240
B449IDWS,3,2,http://www.wikidata.org/entity/Q6269240
B449IDWS,4,2,http://www.wikidata.org/entity/Q6269240
B449IDWS,5,2,http://www.wikidata.org/entity/Q6269240
B449IDWS,6,2,http://www.wikidata.org/entity/Q6269240
B449IDWS,7,2,http://www.wikidata.org/entity/Q6269240
B449IDWS,8,2,http://www.wikidata.org/entity/Q6269240
B449IDWS,1,4,http://www.wikidata.org/entity/Q2279685
B449IDWS,2,4,http://www.wikidata.org/entity/Q1077003
B449IDWS,3,4,http://www.wikidata.org/entity/Q989418
B449IDWS,4,4,http://www.wikidata.org/entity/Q868647
B449IDWS,5,4,http://www.wikidata.org/entity/Q279000
B449IDWS,6,4,http://www.wikidata.org/entity/Q213181
B449IDWS,7,4,http://www.wikidata.org/entity/Q203889
B449IDWS,8,4,http://www.wikidata.org/entity/Q201812
B449IDWS,1,5,http://www.wikidata.org/entity/Q145
B449IDWS,2,5,http://www.wikidata.org/entity/Q145
B449IDWS,3,5,http://www.wikidata.org/entity/Q145
B449IDWS,4,5,http://www.wikidata.org/entity/Q145
B449IDWS,5,5,http://www.wikidata.org/entity/Q145
B449IDWS,6,5,http://www.wikidata.org/entity/Q145
B449IDWS,7,5,http://www.wikidata.org/entity/Q145
B449IDWS,8,5,http://www.wikidata.org/entity/Q145
251Z6628,0,0,http://www.wikidata.org/entity/Q218593
251Z6628,1,0,http://www.wikidata.org/entity/Q30
251Z6628,2,0,http://www.wikidata.org/entity/Q36
251Z6628,3,0,http://www.wikidata.org/entity/Q33
251Z6628,4,0,http://www.wikidata.org/entity/Q30
251Z6628,5,0,http://www.wikidata.org/entity/Q36
251Z6628,6,0,http://www.wikidata.org/entity/Q30
251Z6628,7,0,http://www.wikidata.org/entity/Q79
251Z6628,0,2,http://www.wikidata.org/entity/Q14877683
251Z6628,1,2,http://www.wikidata.org/entity/Q11268
251Z6628,2,2,http://www.wikidata.org/entity/Q2102558
251Z6628,3,2,http://www.wikidata.org/entity/Q643412
251Z6628,4,2,http://www.wikidata.org/entity/Q11268
251Z6628,5,2,http://www.wikidata.org/entity/Q2102558
251Z6628,6,2,http://www.wikidata.org/entity/Q11268
251Z6628,7,2,http://www.wikidata.org/entity/Q2584535
251Z6628,0,3,http://www.wikidata.org/entity/Q218593
251Z6628,1,3,http://www.wikidata.org/entity/Q35525
251Z6628,2,3,http://www.wikidata.org/entity/Q204268
251Z6628,3,3,http://www.wikidata.org/entity/Q136893
251Z6628,4,3,http://www.wikidata.org/entity/Q5570493
251Z6628,5,3,http://www.wikidata.org/entity/Q204268
251Z6628,6,3,http://www.wikidata.org/entity/Q35525
251Z6628,7,3,http://www.wikidata.org/entity/Q1546319
251Z6628,0,4,http://www.wikidata.org/entity/Q9633
251Z6628,1,4,http://www.wikidata.org/entity/Q5255892
251Z6628,2,4,http://www.wikidata.org/entity/Q3624078
251Z6628,3,4,http://www.wikidata.org/entity/Q3624078
251Z6628,4,4,http://www.wikidata.org/entity/Q3624078
251Z6628,5,4,http://www.wikidata.org/entity/Q6256
251Z6628,6,4,http://www.wikidata.org/entity/Q1489259
251Z6628,7,4,http://www.wikidata.org/entity/Q51576574
251Z6628,0,5,http://www.wikidata.org/entity/Q218593
251Z6628,1,5,http://www.wikidata.org/entity/Q81931
251Z6628,2,5,http://www.wikidata.org/entity/Q221457
251Z6628,3,5,http://www.wikidata.org/entity/Q62633
251Z6628,4,5,http://www.wikidata.org/entity/Q179997
251Z6628,5,5,http://www.wikidata.org/entity/Q221457
251Z6628,6,5,http://www.wikidata.org/entity/Q81931
251Z6628,7,5,http://www.wikidata.org/entity/Q124943
LE2WDTST,1,0,http://www.wikidata.org/entity/Q18845547
LE2WDTST,2,0,http://www.wikidata.org/entity/Q18845545
LE2WDTST,3,0,http://www.wikidata.org/entity/Q3433010
LE2WDTST,4,0,http://www.wikidata.org/entity/Q18845543
LE2WDTST,5,0,http://www.wikidata.org/entity/Q18845541
LE2WDTST,6,0,http://www.wikidata.org/entity/Q18845539
LE2WDTST,7,0,http://www.wikidata.org/entity/Q18845538
LE2WDTST,8,0,http://www.wikidata.org/entity/Q18845537
LE2WDTST,9,0,http://www.wikidata.org/entity/Q18845536
LE2WDTST,1,3,http://www.wikidata.org/entity/Q1369686
LE2WDTST,2,3,http://www.wikidata.org/entity/Q1369686
LE2WDTST,3,3,http://www.wikidata.org/entity/Q1369686
LE2WDTST,4,3,http://www.wikidata.org/entity/Q1369686
LE2WDTST,5,3,http://www.wikidata.org/entity/Q1369686
LE2WDTST,6,3,http://www.wikidata.org/entity/Q1369686
LE2WDTST,7,3,http://www.wikidata.org/entity/Q1369686
LE2WDTST,8,3,http://www.wikidata.org/entity/Q1369686
LE2WDTST,9,3,http://www.wikidata.org/entity/Q1369686
LE2WDTST,1,4,http://www.wikidata.org/entity/Q1098
LE2WDTST,2,4,http://www.wikidata.org/entity/Q1098
LE2WDTST,3,4,http://www.wikidata.org/entity/Q1098
LE2WDTST,4,4,http://www.wikidata.org/entity/Q1098
LE2WDTST,5,4,http://www.wikidata.org/entity/Q1098
LE2WDTST,6,4,http://www.wikidata.org/entity/Q1098
LE2WDTST,7,4,http://www.wikidata.org/entity/Q1098
LE2WDTST,8,4,http://www.wikidata.org/entity/Q1098
LE2WDTST,9,4,http://www.wikidata.org/entity/Q1098
1A7SELA7,1,0,http://www.wikidata.org/entity/Q83796500
1A7SELA7,2,0,http://www.wikidata.org/entity/Q83796327
1A7SELA7,3,0,http://www.wikidata.org/entity/Q83796293
1A7SELA7,4,0,http://www.wikidata.org/entity/Q83794139
1A7SELA7,1,2,http://www.wikidata.org/entity/Q5848
1A7SELA7,2,2,http://www.wikidata.org/entity/Q5848
1A7SELA7,3,2,http://www.wikidata.org/entity/Q5848
1A7SELA7,4,2,http://www.wikidata.org/entity/Q5848
X58XSHWT,0,0,http://www.wikidata.org/entity/Q218593
X58XSHWT,1,0,http://www.wikidata.org/entity/Q34392994
X58XSHWT,2,0,http://www.wikidata.org/entity/Q25998004
X58XSHWT,3,0,http://www.wikidata.org/entity/Q20769398
X58XSHWT,4,0,http://www.wikidata.org/entity/Q17435005
X58XSHWT,5,0,http://www.wikidata.org/entity/Q14693798
X58XSHWT,6,0,http://www.wikidata.org/entity/Q13561052
X58XSHWT,7,0,http://www.wikidata.org/entity/Q20080932
X58XSHWT,8,0,http://www.wikidata.org/entity/Q15139293
X58XSHWT,9,0,http://www.wikidata.org/entity/Q3353964
X58XSHWT,10,0,http://www.wikidata.org/entity/Q20080932
X58XSHWT,11,0,http://www.wikidata.org/entity/Q15139293
X58XSHWT,12,0,http://www.wikidata.org/entity/Q3353964
X58XSHWT,13,0,http://www.wikidata.org/entity/Q3353958
X58XSHWT,0,2,http://www.wikidata.org/entity/Q14877683
X58XSHWT,1,2,http://www.wikidata.org/entity/Q948442
X58XSHWT,2,2,http://www.wikidata.org/entity/Q948442
X58XSHWT,3,2,http://www.wikidata.org/entity/Q948442
X58XSHWT,4,2,http://www.wikidata.org/entity/Q948442
X58XSHWT,5,2,http://www.wikidata.org/entity/Q948442
X58XSHWT,6,2,http://www.wikidata.org/entity/Q948442
X58XSHWT,7,2,http://www.wikidata.org/entity/Q948442
X58XSHWT,8,2,http://www.wikidata.org/entity/Q948442
X58XSHWT,9,2,http://www.wikidata.org/entity/Q948442
X58XSHWT,10,2,http://www.wikidata.org/entity/Q948442
X58XSHWT,11,2,http://www.wikidata.org/entity/Q948442
X58XSHWT,12,2,http://www.wikidata.org/entity/Q948442
X58XSHWT,13,2,http://www.wikidata.org/entity/Q948442
X58XSHWT,0,5,http://www.wikidata.org/entity/Q218593
X58XSHWT,1,5,http://www.wikidata.org/entity/Q25998004
X58XSHWT,2,5,http://www.wikidata.org/entity/Q20769387
X58XSHWT,3,5,http://www.wikidata.org/entity/Q17485367
X58XSHWT,4,5,http://www.wikidata.org/entity/Q14290273
X58XSHWT,5,5,http://www.wikidata.org/entity/Q3353964
X58XSHWT,6,5,http://www.wikidata.org/entity/Q3353964
X58XSHWT,7,5,http://www.wikidata.org/entity/Q20080937
X58XSHWT,8,5,http://www.wikidata.org/entity/Q3353961
X58XSHWT,9,5,http://www.wikidata.org/entity/Q1452529
X58XSHWT,10,5,http://www.wikidata.org/entity/Q20080937
X58XSHWT,11,5,http://www.wikidata.org/entity/Q3353961
X58XSHWT,12,5,http://www.wikidata.org/entity/Q1452529
X58XSHWT,13,5,http://www.wikidata.org/entity/Q3353956
X58XSHWT,0,6,http://www.wikidata.org/entity/Q9633
X58XSHWT,1,6,http://www.wikidata.org/entity/Q41000
X58XSHWT,2,6,http://www.wikidata.org/entity/Q41000
X58XSHWT,3,6,http://www.wikidata.org/entity/Q6165941
X58XSHWT,4,6,http://www.wikidata.org/entity/Q41000
X58XSHWT,5,6,http://www.wikidata.org/entity/Q847700
X58XSHWT,6,6,http://www.wikidata.org/entity/Q326244
X58XSHWT,7,6,http://www.wikidata.org/entity/Q671970
X58XSHWT,8,6,http://www.wikidata.org/entity/Q648117
X58XSHWT,9,6,http://www.wikidata.org/entity/Q6165941
X58XSHWT,10,6,http://www.wikidata.org/entity/Q671970
X58XSHWT,11,6,http://www.wikidata.org/entity/Q648117
X58XSHWT,12,6,http://www.wikidata.org/entity/Q6165941
X58XSHWT,13,6,http://www.wikidata.org/entity/Q326375
X58XSHWT,0,7,http://www.wikidata.org/entity/Q218593
X58XSHWT,1,7,http://www.wikidata.org/entity/Q595467
X58XSHWT,2,7,http://www.wikidata.org/entity/Q595467
X58XSHWT,3,7,http://www.wikidata.org/entity/Q327798
X58XSHWT,4,7,http://www.wikidata.org/entity/Q595467
X58XSHWT,5,7,http://www.wikidata.org/entity/Q327798
X58XSHWT,6,7,http://www.wikidata.org/entity/Q327798
X58XSHWT,7,7,http://www.wikidata.org/entity/Q47403752
X58XSHWT,8,7,http://www.wikidata.org/entity/Q47403752
X58XSHWT,9,7,http://www.wikidata.org/entity/Q47345468
X58XSHWT,10,7,http://www.wikidata.org/entity/Q327798
X58XSHWT,11,7,http://www.wikidata.org/entity/Q327798
X58XSHWT,12,7,http://www.wikidata.org/entity/Q327798
X58XSHWT,13,7,http://www.wikidata.org/entity/Q47403752
97O0F2Q5,1,0,http://www.wikidata.org/entity/Q207554
97O0F2Q5,2,0,http://www.wikidata.org/entity/Q210487
97O0F2Q5,3,0,http://www.wikidata.org/entity/Q842235
97O0F2Q5,4,0,http://www.wikidata.org/entity/Q190216
97O0F2Q5,1,2,http://www.wikidata.org/entity/Q6723
97O0F2Q5,2,2,http://www.wikidata.org/entity/Q6723
97O0F2Q5,3,2,http://www.wikidata.org/entity/Q6723
97O0F2Q5,4,2,http://www.wikidata.org/entity/Q6723
97O0F2Q5,1,3,http://www.wikidata.org/entity/Q192980
97O0F2Q5,2,3,http://www.wikidata.org/entity/Q182299
97O0F2Q5,3,3,http://www.wikidata.org/entity/Q205832
97O0F2Q5,4,3,http://www.wikidata.org/entity/Q2308046
97O0F2Q5,1,4,http://www.wikidata.org/entity/Q41
97O0F2Q5,2,4,http://www.wikidata.org/entity/Q41
97O0F2Q5,3,4,http://www.wikidata.org/entity/Q41
97O0F2Q5,4,4,http://www.wikidata.org/entity/Q41
97O0F2Q5,1,5,http://www.wikidata.org/entity/Q22807284
97O0F2Q5,2,5,http://www.wikidata.org/entity/Q1267522
97O0F2Q5,3,5,http://www.wikidata.org/entity/Q1147674
97O0F2Q5,4,5,http://www.wikidata.org/entity/Q202484
VL6MG1N7,1,0,http://www.wikidata.org/entity/Q168074
VL6MG1N7,2,0,http://www.wikidata.org/entity/Q5346225
VL6MG1N7,3,0,http://www.wikidata.org/entity/Q4919014
VL6MG1N7,4,0,http://www.wikidata.org/entity/Q7272686
VL6MG1N7,1,1,http://www.wikidata.org/entity/Q80022
VL6MG1N7,2,1,http://www.wikidata.org/entity/Q14705823
VL6MG1N7,3,1,http://www.wikidata.org/entity/Q33561
VL6MG1N7,4,1,http://www.wikidata.org/entity/Q982395
VL6MG1N7,1,2,http://www.wikidata.org/entity/Q1967511
VL6MG1N7,2,2,http://www.wikidata.org/entity/Q19683138
VL6MG1N7,3,2,http://www.wikidata.org/entity/Q19683138
VL6MG1N7,4,2,http://www.wikidata.org/entity/Q19683138
UWNWVJPC,1,0,http://www.wikidata.org/entity/Q51885589
UWNWVJPC,2,0,http://www.wikidata.org/entity/Q29933220
UWNWVJPC,3,0,http://www.wikidata.org/entity/Q24044556
UWNWVJPC,4,0,http://www.wikidata.org/entity/Q18702244
UWNWVJPC,5,0,http://www.wikidata.org/entity/Q16382340
UWNWVJPC,6,0,http://www.wikidata.org/entity/Q12223974
UWNWVJPC,7,0,http://www.wikidata.org/entity/Q3153450
UWNWVJPC,8,0,http://www.wikidata.org/entity/Q3153442
UWNWVJPC,9,0,http://www.wikidata.org/entity/Q3153440
UWNWVJPC,10,0,http://www.wikidata.org/entity/Q3153439
UWNWVJPC,11,0,http://www.wikidata.org/entity/Q3153436
UWNWVJPC,12,0,http://www.wikidata.org/entity/Q3153433
UWNWVJPC,13,0,http://www.wikidata.org/entity/Q2604444
UWNWVJPC,1,1,http://www.wikidata.org/entity/Q29933220
UWNWVJPC,2,1,http://www.wikidata.org/entity/Q24044556
UWNWVJPC,3,1,http://www.wikidata.org/entity/Q18702244
UWNWVJPC,4,1,http://www.wikidata.org/entity/Q16382340
UWNWVJPC,5,1,http://www.wikidata.org/entity/Q12223974
UWNWVJPC,6,1,http://www.wikidata.org/entity/Q925337
UWNWVJPC,7,1,http://www.wikidata.org/entity/Q3153449
UWNWVJPC,8,1,http://www.wikidata.org/entity/Q3153440
UWNWVJPC,9,1,http://www.wikidata.org/entity/Q3153439
UWNWVJPC,10,1,http://www.wikidata.org/entity/Q3153437
UWNWVJPC,11,1,http://www.wikidata.org/entity/Q3153435
UWNWVJPC,12,1,http://www.wikidata.org/entity/Q3153432
UWNWVJPC,13,1,http://www.wikidata.org/entity/Q1759564
UWNWVJPC,1,2,http://www.wikidata.org/entity/Q63866134
UWNWVJPC,2,2,http://www.wikidata.org/entity/Q51885589
UWNWVJPC,3,2,http://www.wikidata.org/entity/Q29933220
UWNWVJPC,4,2,http://www.wikidata.org/entity/Q24044556
UWNWVJPC,5,2,http://www.wikidata.org/entity/Q18702244
UWNWVJPC,6,2,http://www.wikidata.org/entity/Q16382340
UWNWVJPC,7,2,http://www.wikidata.org/entity/Q777450
UWNWVJPC,8,2,http://www.wikidata.org/entity/Q3153444
UWNWVJPC,9,2,http://www.wikidata.org/entity/Q3153442
UWNWVJPC,10,2,http://www.wikidata.org/entity/Q3153440
UWNWVJPC,11,2,http://www.wikidata.org/entity/Q676225
UWNWVJPC,12,2,http://www.wikidata.org/entity/Q3153434
UWNWVJPC,13,2,http://www.wikidata.org/entity/Q1528757
UWNWVJPC,1,3,http://www.wikidata.org/entity/Q47345468
UWNWVJPC,2,3,http://www.wikidata.org/entity/Q47345468
UWNWVJPC,3,3,http://www.wikidata.org/entity/Q47345468
UWNWVJPC,4,3,http://www.wikidata.org/entity/Q47345468
UWNWVJPC,5,3,http://www.wikidata.org/entity/Q47345468
UWNWVJPC,6,3,http://www.wikidata.org/entity/Q47345468
UWNWVJPC,7,3,http://www.wikidata.org/entity/Q47345468
UWNWVJPC,8,3,http://www.wikidata.org/entity/Q47345468
UWNWVJPC,9,3,http://www.wikidata.org/entity/Q47345468
UWNWVJPC,10,3,http://www.wikidata.org/entity/Q47345468
UWNWVJPC,11,3,http://www.wikidata.org/entity/Q47345468
UWNWVJPC,12,3,http://www.wikidata.org/entity/Q47345468
UWNWVJPC,13,3,http://www.wikidata.org/entity/Q47345468
UWNWVJPC,1,4,http://www.wikidata.org/entity/Q681194
UWNWVJPC,2,4,http://www.wikidata.org/entity/Q681194
UWNWVJPC,3,4,http://www.wikidata.org/entity/Q681194
UWNWVJPC,4,4,http://www.wikidata.org/entity/Q681194
UWNWVJPC,5,4,http://www.wikidata.org/entity/Q681194
UWNWVJPC,6,4,http://www.wikidata.org/entity/Q198553
UWNWVJPC,7,4,http://www.wikidata.org/entity/Q930882
UWNWVJPC,8,4,http://www.wikidata.org/entity/Q978103
UWNWVJPC,9,4,http://www.wikidata.org/entity/Q1134846
UWNWVJPC,10,4,http://www.wikidata.org/entity/Q1134854
UWNWVJPC,11,4,http://www.wikidata.org/entity/Q1134260
UWNWVJPC,12,4,http://www.wikidata.org/entity/Q1137713
UWNWVJPC,13,4,http://www.wikidata.org/entity/Q909511
5UVR5VRX,1,0,http://www.wikidata.org/entity/Q5715672
5UVR5VRX,2,0,http://www.wikidata.org/entity/Q5715661
5UVR5VRX,3,0,http://www.wikidata.org/entity/Q5695462
5UVR5VRX,4,0,http://www.wikidata.org/entity/Q5653974
5UVR5VRX,5,0,http://www.wikidata.org/entity/Q5653661
5UVR5VRX,6,0,http://www.wikidata.org/entity/Q5653637
5UVR5VRX,1,3,http://www.wikidata.org/entity/Q1264450
5UVR5VRX,2,3,http://www.wikidata.org/entity/Q1264450
5UVR5VRX,3,3,http://www.wikidata.org/entity/Q1264450
5UVR5VRX,4,3,http://www.wikidata.org/entity/Q1264450
5UVR5VRX,5,3,http://www.wikidata.org/entity/Q1264450
5UVR5VRX,6,3,http://www.wikidata.org/entity/Q1264450
3FP1KE0X,1,0,http://www.wikidata.org/entity/Q425293
3FP1KE0X,2,0,http://www.wikidata.org/entity/Q422112
3FP1KE0X,3,0,http://www.wikidata.org/entity/Q420885
3FP1KE0X,4,0,http://www.wikidata.org/entity/Q179996
3FP1KE0X,1,2,http://www.wikidata.org/entity/Q41861
3FP1KE0X,2,2,http://www.wikidata.org/entity/Q181923
3FP1KE0X,3,2,http://www.wikidata.org/entity/Q202387
3FP1KE0X,4,2,http://www.wikidata.org/entity/Q18555117
3FP1KE0X,1,3,http://www.wikidata.org/entity/Q288280
3FP1KE0X,2,3,http://www.wikidata.org/entity/Q211036
3FP1KE0X,3,3,http://www.wikidata.org/entity/Q62903
3FP1KE0X,4,3,http://www.wikidata.org/entity/Q427523
BVDNOF11,1,0,http://www.wikidata.org/entity/Q218593
BVDNOF11,2,0,http://www.wikidata.org/entity/Q218593
BVDNOF11,3,0,http://www.wikidata.org/entity/Q218593
BVDNOF11,1,1,http://www.wikidata.org/entity/Q28865
BVDNOF11,2,1,http://www.wikidata.org/entity/Q241317
BVDNOF11,3,1,http://www.wikidata.org/entity/Q7603
BVDNOF11,2,2,http://www.wikidata.org/entity/Q34225
BVDNOF11,3,2,http://www.wikidata.org/entity/Q10513445
BVDNOF11,1,3,http://www.wikidata.org/entity/Q4363952
BVDNOF11,2,3,http://www.wikidata.org/entity/Q34215
BVDNOF11,3,3,http://www.wikidata.org/entity/Q10513445
BVDNOF11,2,4,http://www.wikidata.org/entity/Q34215
BVDNOF11,3,4,http://www.wikidata.org/entity/Q10513445
BVDNOF11,1,5,http://www.wikidata.org/entity/Q15728
BVDNOF11,2,5,http://www.wikidata.org/entity/Q14656
BVDNOF11,3,5,http://www.wikidata.org/entity/Q27016754
BVDNOF11,2,6,http://www.wikidata.org/entity/Q1406
BVDNOF11,3,6,http://www.wikidata.org/entity/Q10513445
BVDNOF11,1,7,http://www.wikidata.org/entity/Q28865
BVDNOF11,2,7,http://www.wikidata.org/entity/Q388
BVDNOF11,3,7,http://www.wikidata.org/entity/Q27016754
BVDNOF11,2,8,http://www.wikidata.org/entity/Q388
BVDNOF11,3,8,http://www.wikidata.org/entity/Q27016754
K2CORND6,1,0,http://www.wikidata.org/entity/Q2340317
K2CORND6,2,0,http://www.wikidata.org/entity/Q2145225
K2CORND6,3,0,http://www.wikidata.org/entity/Q18882134
K2CORND6,4,0,http://www.wikidata.org/entity/Q18882128
K2CORND6,1,1,http://www.wikidata.org/entity/Q2346006
K2CORND6,2,1,http://www.wikidata.org/entity/Q2409438
K2CORND6,3,1,http://www.wikidata.org/entity/Q18882133
K2CORND6,4,1,http://www.wikidata.org/entity/Q18882127
K2CORND6,1,3,http://www.wikidata.org/entity/Q549805
K2CORND6,2,3,http://www.wikidata.org/entity/Q549805
K2CORND6,3,3,http://www.wikidata.org/entity/Q846110
K2CORND6,4,3,http://www.wikidata.org/entity/Q846110
K2CORND6,1,4,http://www.wikidata.org/entity/Q1832
K2CORND6,2,4,http://www.wikidata.org/entity/Q1832
K2CORND6,3,4,http://www.wikidata.org/entity/Q1832
K2CORND6,4,4,http://www.wikidata.org/entity/Q1832
ECDT7MLY,1,0,http://www.wikidata.org/entity/Q5109374
ECDT7MLY,2,0,http://www.wikidata.org/entity/Q5109359
ECDT7MLY,3,0,http://www.wikidata.org/entity/Q5052265
ECDT7MLY,4,0,http://www.wikidata.org/entity/Q4671523
ECDT7MLY,1,1,http://www.wikidata.org/entity/Q138579
ECDT7MLY,2,1,http://www.wikidata.org/entity/Q138579
ECDT7MLY,3,1,http://www.wikidata.org/entity/Q6246747
ECDT7MLY,4,1,http://www.wikidata.org/entity/Q7531309
ECDT7MLY,1,2,http://www.wikidata.org/entity/Q38022
ECDT7MLY,2,2,http://www.wikidata.org/entity/Q1384
ECDT7MLY,3,2,http://www.wikidata.org/entity/Q234061
ECDT7MLY,4,2,http://www.wikidata.org/entity/Q962499
ECDT7MLY,1,3,http://www.wikidata.org/entity/Q428602
ECDT7MLY,2,3,http://www.wikidata.org/entity/Q428602
ECDT7MLY,3,3,http://www.wikidata.org/entity/Q428602
ECDT7MLY,4,3,http://www.wikidata.org/entity/Q428602
ECDT7MLY,1,4,http://www.wikidata.org/entity/Q30
ECDT7MLY,2,4,http://www.wikidata.org/entity/Q30
ECDT7MLY,3,4,http://www.wikidata.org/entity/Q30
ECDT7MLY,4,4,http://www.wikidata.org/entity/Q30
QUXW5VZP,1,0,http://www.wikidata.org/entity/Q1540322
QUXW5VZP,2,0,http://www.wikidata.org/entity/Q392133
QUXW5VZP,3,0,http://www.wikidata.org/entity/Q391979
QUXW5VZP,4,0,http://www.wikidata.org/entity/Q385163
QUXW5VZP,5,0,http://www.wikidata.org/entity/Q348831
QUXW5VZP,6,0,http://www.wikidata.org/entity/Q348785
QUXW5VZP,7,0,http://www.wikidata.org/entity/Q326353
QUXW5VZP,1,2,http://www.wikidata.org/entity/Q47530375
QUXW5VZP,2,2,http://www.wikidata.org/entity/Q47530375
QUXW5VZP,3,2,http://www.wikidata.org/entity/Q47530375
QUXW5VZP,4,2,http://www.wikidata.org/entity/Q47530375
QUXW5VZP,5,2,http://www.wikidata.org/entity/Q47530375
QUXW5VZP,6,2,http://www.wikidata.org/entity/Q47530375
QUXW5VZP,7,2,http://www.wikidata.org/entity/Q47530375
QUXW5VZP,1,3,http://www.wikidata.org/entity/Q604615
QUXW5VZP,2,3,http://www.wikidata.org/entity/Q20447
QUXW5VZP,3,3,http://www.wikidata.org/entity/Q1143949
QUXW5VZP,4,3,http://www.wikidata.org/entity/Q1067097
QUXW5VZP,5,3,http://www.wikidata.org/entity/Q4123726
QUXW5VZP,6,3,http://www.wikidata.org/entity/Q14324673
QUXW5VZP,7,3,http://www.wikidata.org/entity/Q2842
D7PKK9VY,1,0,http://www.wikidata.org/entity/Q745594
D7PKK9VY,2,0,http://www.wikidata.org/entity/Q662409
D7PKK9VY,3,0,http://www.wikidata.org/entity/Q599716
D7PKK9VY,4,0,http://www.wikidata.org/entity/Q444210
D7PKK9VY,1,3,http://www.wikidata.org/entity/Q30
D7PKK9VY,2,3,http://www.wikidata.org/entity/Q30
D7PKK9VY,3,3,http://www.wikidata.org/entity/Q30
D7PKK9VY,4,3,http://www.wikidata.org/entity/Q30
D7PKK9VY,1,4,http://www.wikidata.org/entity/Q21010817
D7PKK9VY,2,4,http://www.wikidata.org/entity/Q21010817
D7PKK9VY,3,4,http://www.wikidata.org/entity/Q21010817
D7PKK9VY,4,4,http://www.wikidata.org/entity/Q21010817
D7PKK9VY,1,5,http://www.wikidata.org/entity/Q5762
D7PKK9VY,2,5,http://www.wikidata.org/entity/Q941023
D7PKK9VY,3,5,http://www.wikidata.org/entity/Q5390
D7PKK9VY,4,5,http://www.wikidata.org/entity/Q5390
CEO9QAML,1,0,http://www.wikidata.org/entity/Q218593
CEO9QAML,2,0,http://www.wikidata.org/entity/Q218593
CEO9QAML,3,0,http://www.wikidata.org/entity/Q218593
CEO9QAML,4,0,http://www.wikidata.org/entity/Q218593
CEO9QAML,1,1,http://www.wikidata.org/entity/Q847
CEO9QAML,2,1,http://www.wikidata.org/entity/Q4654084
CEO9QAML,3,1,http://www.wikidata.org/entity/Q47345468
CEO9QAML,4,1,http://www.wikidata.org/entity/Q3784322
CEO9QAML,1,2,http://www.wikidata.org/entity/Q847
CEO9QAML,2,2,http://www.wikidata.org/entity/Q4654084
CEO9QAML,3,2,http://www.wikidata.org/entity/Q47345468
CEO9QAML,4,2,http://www.wikidata.org/entity/Q15618856
CEO9QAML,1,3,http://www.wikidata.org/entity/Q847
CEO9QAML,2,3,http://www.wikidata.org/entity/Q4654084
CEO9QAML,3,3,http://www.wikidata.org/entity/Q47345468
CEO9QAML,4,3,http://www.wikidata.org/entity/Q3784363
CEO9QAML,1,4,http://www.wikidata.org/entity/Q847
CEO9QAML,2,4,http://www.wikidata.org/entity/Q4654084
CEO9QAML,3,4,http://www.wikidata.org/entity/Q47345468
CEO9QAML,4,4,http://www.wikidata.org/entity/Q3784356
CEO9QAML,1,5,http://www.wikidata.org/entity/Q847
CEO9QAML,2,5,http://www.wikidata.org/entity/Q4654084
CEO9QAML,3,5,http://www.wikidata.org/entity/Q47345468
CEO9QAML,4,5,http://www.wikidata.org/entity/Q3784352
CEO9QAML,1,6,http://www.wikidata.org/entity/Q847
CEO9QAML,2,6,http://www.wikidata.org/entity/Q4654084
CEO9QAML,3,6,http://www.wikidata.org/entity/Q47345468
CEO9QAML,4,6,http://www.wikidata.org/entity/Q3784348
CEO9QAML,1,7,http://www.wikidata.org/entity/Q847
CEO9QAML,2,7,http://www.wikidata.org/entity/Q4654084
CEO9QAML,3,7,http://www.wikidata.org/entity/Q47345468
CEO9QAML,4,7,http://www.wikidata.org/entity/Q3784336
CEO9QAML,1,8,http://www.wikidata.org/entity/Q847
CEO9QAML,2,8,http://www.wikidata.org/entity/Q4654084
CEO9QAML,3,8,http://www.wikidata.org/entity/Q47345468
CEO9QAML,4,8,http://www.wikidata.org/entity/Q3784332
CEO9QAML,1,9,http://www.wikidata.org/entity/Q847
CEO9QAML,2,9,http://www.wikidata.org/entity/Q4654084
CEO9QAML,3,9,http://www.wikidata.org/entity/Q47345468
CEO9QAML,4,9,http://www.wikidata.org/entity/Q3784330
CEO9QAML,1,10,http://www.wikidata.org/entity/Q847
CEO9QAML,2,10,http://www.wikidata.org/entity/Q4654084
CEO9QAML,3,10,http://www.wikidata.org/entity/Q47345468
CEO9QAML,4,10,http://www.wikidata.org/entity/Q2805496
CEO9QAML,1,11,http://www.wikidata.org/entity/Q847
CEO9QAML,2,11,http://www.wikidata.org/entity/Q4654084
CEO9QAML,3,11,http://www.wikidata.org/entity/Q47345468
CEO9QAML,4,11,http://www.wikidata.org/entity/Q3784370
CEO9QAML,1,12,http://www.wikidata.org/entity/Q847
CEO9QAML,2,12,http://www.wikidata.org/entity/Q4654084
CEO9QAML,3,12,http://www.wikidata.org/entity/Q47345468
CEO9QAML,4,12,http://www.wikidata.org/entity/Q920008
QCRF6F15,1,0,http://www.wikidata.org/entity/Q9010722
QCRF6F15,2,0,http://www.wikidata.org/entity/Q174009
QCRF6F15,3,0,http://www.wikidata.org/entity/Q717594
QCRF6F15,4,0,http://www.wikidata.org/entity/Q3244512
QCRF6F15,1,1,http://www.wikidata.org/entity/Q178453
QCRF6F15,2,1,http://www.wikidata.org/entity/Q190125
QCRF6F15,3,1,http://www.wikidata.org/entity/Q178453
QCRF6F15,4,1,http://www.wikidata.org/entity/Q1159850
QCRF6F15,1,2,http://www.wikidata.org/entity/Q145
QCRF6F15,2,2,http://www.wikidata.org/entity/Q145
QCRF6F15,3,2,http://www.wikidata.org/entity/Q145
QCRF6F15,4,2,http://www.wikidata.org/entity/Q145
QCRF6F15,1,3,http://www.wikidata.org/entity/Q28863987
QCRF6F15,2,3,http://www.wikidata.org/entity/Q6133527
QCRF6F15,3,3,http://www.wikidata.org/entity/Q28863987
QCRF6F15,4,3,http://www.wikidata.org/entity/Q717594
QCRF6F15,1,4,http://www.wikidata.org/entity/Q3375722
QCRF6F15,2,4,http://www.wikidata.org/entity/Q3375722
QCRF6F15,3,4,http://www.wikidata.org/entity/Q830248
QCRF6F15,4,4,http://www.wikidata.org/entity/Q15298259
QCRF6F15,1,5,http://www.wikidata.org/entity/Q2106585
QCRF6F15,2,5,http://www.wikidata.org/entity/Q131512
QCRF6F15,3,5,http://www.wikidata.org/entity/Q2106585
QCRF6F15,4,5,http://www.wikidata.org/entity/Q2106585
ZKB931J0,1,0,http://www.wikidata.org/entity/Q2113299
ZKB931J0,2,0,http://www.wikidata.org/entity/Q3019494
ZKB931J0,3,0,http://www.wikidata.org/entity/Q3234247
ZKB931J0,4,0,http://www.wikidata.org/entity/Q2173877
ZKB931J0,5,0,http://www.wikidata.org/entity/Q2231230
ZKB931J0,6,0,http://www.wikidata.org/entity/Q2069418
ZKB931J0,7,0,http://www.wikidata.org/entity/Q2253684
ZKB931J0,8,0,http://www.wikidata.org/entity/Q18882308
ZKB931J0,9,0,http://www.wikidata.org/entity/Q18882297
ZKB931J0,10,0,http://www.wikidata.org/entity/Q18882293
ZKB931J0,11,0,http://www.wikidata.org/entity/Q18882283
ZKB931J0,12,0,http://www.wikidata.org/entity/Q18882256
ZKB931J0,13,0,http://www.wikidata.org/entity/Q18882247
ZKB931J0,1,4,http://www.wikidata.org/entity/Q18882368
ZKB931J0,2,4,http://www.wikidata.org/entity/Q18882367
ZKB931J0,3,4,http://www.wikidata.org/entity/Q18882366
ZKB931J0,4,4,http://www.wikidata.org/entity/Q18882365
ZKB931J0,5,4,http://www.wikidata.org/entity/Q18882364
ZKB931J0,6,4,http://www.wikidata.org/entity/Q18882363
ZKB931J0,7,4,http://www.wikidata.org/entity/Q18882360
ZKB931J0,8,4,http://www.wikidata.org/entity/Q18882348
ZKB931J0,9,4,http://www.wikidata.org/entity/Q18882146
ZKB931J0,10,4,http://www.wikidata.org/entity/Q18882145
ZKB931J0,11,4,http://www.wikidata.org/entity/Q18882144
ZKB931J0,12,4,http://www.wikidata.org/entity/Q18882142
ZKB931J0,13,4,http://www.wikidata.org/entity/Q18882139
FGO5TPTW,1,0,http://www.wikidata.org/entity/Q218593
FGO5TPTW,2,0,http://www.wikidata.org/entity/Q218593
FGO5TPTW,3,0,http://www.wikidata.org/entity/Q218593
FGO5TPTW,1,1,http://www.wikidata.org/entity/Q209714
FGO5TPTW,2,1,http://www.wikidata.org/entity/Q179351
FGO5TPTW,3,1,http://www.wikidata.org/entity/Q6311775
FGO5TPTW,1,2,http://www.wikidata.org/entity/Q2919185
FGO5TPTW,2,2,http://www.wikidata.org/entity/Q179351
FGO5TPTW,3,2,http://www.wikidata.org/entity/Q570116
FGO5TPTW,1,3,http://www.wikidata.org/entity/Q26202293
FGO5TPTW,2,3,http://www.wikidata.org/entity/Q202088
FGO5TPTW,3,3,http://www.wikidata.org/entity/Q164
FGO5TPTW,1,4,http://www.wikidata.org/entity/Q209714
FGO5TPTW,2,4,http://www.wikidata.org/entity/Q179351
FGO5TPTW,3,4,http://www.wikidata.org/entity/Q164
7W0W295N,1,0,http://www.wikidata.org/entity/Q10796319
7W0W295N,2,0,http://www.wikidata.org/entity/Q10805778
7W0W295N,3,0,http://www.wikidata.org/entity/Q10796319
7W0W295N,4,0,http://www.wikidata.org/entity/Q10805778
7W0W295N,5,0,http://www.wikidata.org/entity/Q10798707
7W0W295N,6,0,http://www.wikidata.org/entity/Q10796319
7W0W295N,1,1,http://www.wikidata.org/entity/Q6940
7W0W295N,2,1,http://www.wikidata.org/entity/Q6940
7W0W295N,3,1,http://www.wikidata.org/entity/Q6940
7W0W295N,4,1,http://www.wikidata.org/entity/Q6940
7W0W295N,5,1,http://www.wikidata.org/entity/Q6940
7W0W295N,6,1,http://www.wikidata.org/entity/Q6940
7W0W295N,1,2,http://www.wikidata.org/entity/Q36315
7W0W295N,2,2,http://www.wikidata.org/entity/Q5295775
7W0W295N,3,2,http://www.wikidata.org/entity/Q36315
7W0W295N,4,2,http://www.wikidata.org/entity/Q5295775
7W0W295N,5,2,http://www.wikidata.org/entity/Q5029078
7W0W295N,6,2,http://www.wikidata.org/entity/Q36315
7W0W295N,1,3,http://www.wikidata.org/entity/Q19610511
7W0W295N,2,3,http://www.wikidata.org/entity/Q2389082
7W0W295N,3,3,http://www.wikidata.org/entity/Q2389082
7W0W295N,4,3,http://www.wikidata.org/entity/Q1070942
7W0W295N,5,3,http://www.wikidata.org/entity/Q1070942
7W0W295N,6,3,http://www.wikidata.org/entity/Q570116
7W0W295N,1,5,http://www.wikidata.org/entity/Q881
7W0W295N,2,5,http://www.wikidata.org/entity/Q881
7W0W295N,3,5,http://www.wikidata.org/entity/Q881
7W0W295N,4,5,http://www.wikidata.org/entity/Q881
7W0W295N,5,5,http://www.wikidata.org/entity/Q881
7W0W295N,6,5,http://www.wikidata.org/entity/Q881
BWEHLNEN,0,0,http://www.wikidata.org/entity/Q218593
BWEHLNEN,1,0,http://www.wikidata.org/entity/Q959860
BWEHLNEN,2,0,http://www.wikidata.org/entity/Q1352101
BWEHLNEN,3,0,http://www.wikidata.org/entity/Q595916
BWEHLNEN,4,0,http://www.wikidata.org/entity/Q1471357
BWEHLNEN,0,1,http://www.wikidata.org/entity/Q218593
BWEHLNEN,1,1,http://www.wikidata.org/entity/Q1471357
BWEHLNEN,2,1,http://www.wikidata.org/entity/Q1470976
BWEHLNEN,3,1,http://www.wikidata.org/entity/Q1474606
BWEHLNEN,4,1,http://www.wikidata.org/entity/Q595916
BWEHLNEN,0,2,http://www.wikidata.org/entity/Q14877683
BWEHLNEN,1,2,http://www.wikidata.org/entity/Q30
BWEHLNEN,2,2,http://www.wikidata.org/entity/Q30
BWEHLNEN,3,2,http://www.wikidata.org/entity/Q30
BWEHLNEN,4,2,http://www.wikidata.org/entity/Q30
BWEHLNEN,0,3,http://www.wikidata.org/entity/Q218593
BWEHLNEN,1,3,http://www.wikidata.org/entity/Q155223
BWEHLNEN,2,3,http://www.wikidata.org/entity/Q155223
BWEHLNEN,3,3,http://www.wikidata.org/entity/Q155223
BWEHLNEN,4,3,http://www.wikidata.org/entity/Q155223
BWEHLNEN,0,4,http://www.wikidata.org/entity/Q218593
BWEHLNEN,1,4,http://www.wikidata.org/entity/Q1471357
BWEHLNEN,2,4,http://www.wikidata.org/entity/Q1474606
BWEHLNEN,3,4,http://www.wikidata.org/entity/Q1471357
BWEHLNEN,4,4,http://www.wikidata.org/entity/Q959860
BWEHLNEN,0,6,http://www.wikidata.org/entity/Q220543
BWEHLNEN,1,6,http://www.wikidata.org/entity/Q5372
BWEHLNEN,2,6,http://www.wikidata.org/entity/Q5372
BWEHLNEN,3,6,http://www.wikidata.org/entity/Q5372
BWEHLNEN,4,6,http://www.wikidata.org/entity/Q5372
BWEHLNEN,0,7,http://www.wikidata.org/entity/Q9633
BWEHLNEN,1,7,http://www.wikidata.org/entity/Q186125
BWEHLNEN,2,7,http://www.wikidata.org/entity/Q186125
BWEHLNEN,3,7,http://www.wikidata.org/entity/Q186125
BWEHLNEN,4,7,http://www.wikidata.org/entity/Q186125
JTJ04HDU,1,0,http://www.wikidata.org/entity/Q27230037
JTJ04HDU,2,0,http://www.wikidata.org/entity/Q27229960
JTJ04HDU,3,0,http://www.wikidata.org/entity/Q27229948
JTJ04HDU,4,0,http://www.wikidata.org/entity/Q27229926
JTJ04HDU,1,2,http://www.wikidata.org/entity/Q557141
JTJ04HDU,2,2,http://www.wikidata.org/entity/Q557141
JTJ04HDU,3,2,http://www.wikidata.org/entity/Q557141
JTJ04HDU,4,2,http://www.wikidata.org/entity/Q557141
JTJ04HDU,1,3,http://www.wikidata.org/entity/Q22731
JTJ04HDU,2,3,http://www.wikidata.org/entity/Q27321028
JTJ04HDU,3,3,http://www.wikidata.org/entity/Q1543962
JTJ04HDU,4,3,http://www.wikidata.org/entity/Q1543962
MTGF98R2,1,0,http://www.wikidata.org/entity/Q19951772
MTGF98R2,2,0,http://www.wikidata.org/entity/Q19951770
MTGF98R2,3,0,http://www.wikidata.org/entity/Q19951769
MTGF98R2,4,0,http://www.wikidata.org/entity/Q47003056
MTGF98R2,5,0,http://www.wikidata.org/entity/Q19951767
MTGF98R2,1,1,http://www.wikidata.org/entity/Q80767
MTGF98R2,2,1,http://www.wikidata.org/entity/Q80767
MTGF98R2,3,1,http://www.wikidata.org/entity/Q80767
MTGF98R2,4,1,http://www.wikidata.org/entity/Q80767
MTGF98R2,5,1,http://www.wikidata.org/entity/Q80767
MTGF98R2,1,2,http://www.wikidata.org/entity/Q2137249
MTGF98R2,2,2,http://www.wikidata.org/entity/Q909797
MTGF98R2,3,2,http://www.wikidata.org/entity/Q47002441
MTGF98R2,4,2,http://www.wikidata.org/entity/Q2116352
MTGF98R2,5,2,http://www.wikidata.org/entity/Q47002441
MTGF98R2,1,3,http://www.wikidata.org/entity/Q19951773
MTGF98R2,2,3,http://www.wikidata.org/entity/Q19955871
MTGF98R2,3,3,http://www.wikidata.org/entity/Q19951770
MTGF98R2,4,3,http://www.wikidata.org/entity/Q19952051
MTGF98R2,5,3,http://www.wikidata.org/entity/Q19952048
OBMWKWQ3,1,0,http://www.wikidata.org/entity/Q16498710
OBMWKWQ3,2,0,http://www.wikidata.org/entity/Q16494760
OBMWKWQ3,3,0,http://www.wikidata.org/entity/Q16494759
OBMWKWQ3,4,0,http://www.wikidata.org/entity/Q16142333
OBMWKWQ3,5,0,http://www.wikidata.org/entity/Q16142313
OBMWKWQ3,6,0,http://www.wikidata.org/entity/Q13163502
OBMWKWQ3,7,0,http://www.wikidata.org/entity/Q12469964
OBMWKWQ3,8,0,http://www.wikidata.org/entity/Q12270300
OBMWKWQ3,1,1,http://www.wikidata.org/entity/Q37002670
OBMWKWQ3,2,1,http://www.wikidata.org/entity/Q37002670
OBMWKWQ3,3,1,http://www.wikidata.org/entity/Q37002670
OBMWKWQ3,4,1,http://www.wikidata.org/entity/Q37002670
OBMWKWQ3,5,1,http://www.wikidata.org/entity/Q37002670
OBMWKWQ3,6,1,http://www.wikidata.org/entity/Q37002670
OBMWKWQ3,7,1,http://www.wikidata.org/entity/Q37002670
OBMWKWQ3,8,1,http://www.wikidata.org/entity/Q37002670
OBMWKWQ3,1,2,http://www.wikidata.org/entity/Q42824
OBMWKWQ3,2,2,http://www.wikidata.org/entity/Q43235
OBMWKWQ3,3,2,http://www.wikidata.org/entity/Q42722
OBMWKWQ3,4,2,http://www.wikidata.org/entity/Q40780
OBMWKWQ3,5,2,http://www.wikidata.org/entity/Q40885
OBMWKWQ3,6,2,http://www.wikidata.org/entity/Q40123
OBMWKWQ3,7,2,http://www.wikidata.org/entity/Q39517
OBMWKWQ3,8,2,http://www.wikidata.org/entity/Q43255
OBMWKWQ3,1,3,http://www.wikidata.org/entity/Q59383894
OBMWKWQ3,2,3,http://www.wikidata.org/entity/Q59383907
OBMWKWQ3,3,3,http://www.wikidata.org/entity/Q59383902
OBMWKWQ3,4,3,http://www.wikidata.org/entity/Q59383885
OBMWKWQ3,5,3,http://www.wikidata.org/entity/Q59383886
OBMWKWQ3,6,3,http://www.wikidata.org/entity/Q59383890
OBMWKWQ3,7,3,http://www.wikidata.org/entity/Q59383898
OBMWKWQ3,8,3,http://www.wikidata.org/entity/Q59383904
OBMWKWQ3,1,4,http://www.wikidata.org/entity/Q155
OBMWKWQ3,2,4,http://www.wikidata.org/entity/Q155
OBMWKWQ3,3,4,http://www.wikidata.org/entity/Q155
OBMWKWQ3,4,4,http://www.wikidata.org/entity/Q155
OBMWKWQ3,5,4,http://www.wikidata.org/entity/Q155
OBMWKWQ3,6,4,http://www.wikidata.org/entity/Q155
OBMWKWQ3,7,4,http://www.wikidata.org/entity/Q155
OBMWKWQ3,8,4,http://www.wikidata.org/entity/Q155
OBMWKWQ3,1,5,http://www.wikidata.org/entity/Q53864940
OBMWKWQ3,2,5,http://www.wikidata.org/entity/Q53864945
OBMWKWQ3,3,5,http://www.wikidata.org/entity/Q53864941
OBMWKWQ3,4,5,http://www.wikidata.org/entity/Q53864947
OBMWKWQ3,5,5,http://www.wikidata.org/entity/Q53864939
OBMWKWQ3,6,5,http://www.wikidata.org/entity/Q53864930
OBMWKWQ3,7,5,http://www.wikidata.org/entity/Q53864931
OBMWKWQ3,8,5,http://www.wikidata.org/entity/Q53864938
OBMWKWQ3,1,6,http://www.wikidata.org/entity/Q59360371
OBMWKWQ3,2,6,http://www.wikidata.org/entity/Q59360372
OBMWKWQ3,3,6,http://www.wikidata.org/entity/Q59360373
OBMWKWQ3,4,6,http://www.wikidata.org/entity/Q59360375
OBMWKWQ3,5,6,http://www.wikidata.org/entity/Q59360376
OBMWKWQ3,6,6,http://www.wikidata.org/entity/Q59360378
OBMWKWQ3,7,6,http://www.wikidata.org/entity/Q59360380
OBMWKWQ3,8,6,http://www.wikidata.org/entity/Q59360381
ONDL4D8N,1,0,http://www.wikidata.org/entity/Q1437547
ONDL4D8N,2,0,http://www.wikidata.org/entity/Q1117432
ONDL4D8N,3,0,http://www.wikidata.org/entity/Q980284
ONDL4D8N,4,0,http://www.wikidata.org/entity/Q583952
ONDL4D8N,5,0,http://www.wikidata.org/entity/Q530970
ONDL4D8N,6,0,http://www.wikidata.org/entity/Q7008154
ONDL4D8N,7,0,http://www.wikidata.org/entity/Q6689290
ONDL4D8N,8,0,http://www.wikidata.org/entity/Q5684411
ONDL4D8N,9,0,http://www.wikidata.org/entity/Q5253303
ONDL4D8N,10,0,http://www.wikidata.org/entity/Q5161534
ONDL4D8N,1,1,http://www.wikidata.org/entity/Q908954
ONDL4D8N,2,1,http://www.wikidata.org/entity/Q782050
ONDL4D8N,3,1,http://www.wikidata.org/entity/Q1299487
ONDL4D8N,4,1,http://www.wikidata.org/entity/Q910886
ONDL4D8N,5,1,http://www.wikidata.org/entity/Q320275
ONDL4D8N,6,1,http://www.wikidata.org/entity/Q1525939
ONDL4D8N,7,1,http://www.wikidata.org/entity/Q1494541
ONDL4D8N,8,1,http://www.wikidata.org/entity/Q909676
ONDL4D8N,9,1,http://www.wikidata.org/entity/Q473124
ONDL4D8N,10,1,http://www.wikidata.org/entity/Q1494467
ONDL4D8N,1,2,http://www.wikidata.org/entity/Q1204
ONDL4D8N,2,2,http://www.wikidata.org/entity/Q1527
ONDL4D8N,3,2,http://www.wikidata.org/entity/Q1456
ONDL4D8N,4,2,http://www.wikidata.org/entity/Q1649
ONDL4D8N,5,2,http://www.wikidata.org/entity/Q1370
ONDL4D8N,6,2,http://www.wikidata.org/entity/Q759
ONDL4D8N,7,2,http://www.wikidata.org/entity/Q1588
ONDL4D8N,8,2,http://www.wikidata.org/entity/Q782
ONDL4D8N,9,2,http://www.wikidata.org/entity/Q1393
ONDL4D8N,10,2,http://www.wikidata.org/entity/Q779
ONDL4D8N,1,3,http://www.wikidata.org/entity/Q3270264
ONDL4D8N,2,3,http://www.wikidata.org/entity/Q3270264
ONDL4D8N,3,3,http://www.wikidata.org/entity/Q3270264
ONDL4D8N,4,3,http://www.wikidata.org/entity/Q3270264
ONDL4D8N,5,3,http://www.wikidata.org/entity/Q3270264
ONDL4D8N,6,3,http://www.wikidata.org/entity/Q189445
ONDL4D8N,7,3,http://www.wikidata.org/entity/Q189445
ONDL4D8N,8,3,http://www.wikidata.org/entity/Q189445
ONDL4D8N,9,3,http://www.wikidata.org/entity/Q189445
ONDL4D8N,10,3,http://www.wikidata.org/entity/Q189445
ONDL4D8N,1,4,http://www.wikidata.org/entity/Q30
ONDL4D8N,2,4,http://www.wikidata.org/entity/Q30
ONDL4D8N,3,4,http://www.wikidata.org/entity/Q30
ONDL4D8N,4,4,http://www.wikidata.org/entity/Q30
ONDL4D8N,5,4,http://www.wikidata.org/entity/Q30
ONDL4D8N,6,4,http://www.wikidata.org/entity/Q30
ONDL4D8N,7,4,http://www.wikidata.org/entity/Q30
ONDL4D8N,8,4,http://www.wikidata.org/entity/Q30
ONDL4D8N,9,4,http://www.wikidata.org/entity/Q30
ONDL4D8N,10,4,http://www.wikidata.org/entity/Q30
OZ8YHM49,1,0,http://www.wikidata.org/entity/Q173998
OZ8YHM49,2,0,http://www.wikidata.org/entity/Q1813659
OZ8YHM49,3,0,http://www.wikidata.org/entity/Q173998
OZ8YHM49,4,0,http://www.wikidata.org/entity/Q3498140
OZ8YHM49,1,1,http://www.wikidata.org/entity/Q145
OZ8YHM49,2,1,http://www.wikidata.org/entity/Q756617
OZ8YHM49,3,1,http://www.wikidata.org/entity/Q145
OZ8YHM49,4,1,http://www.wikidata.org/entity/Q30
OZ8YHM49,1,2,http://www.wikidata.org/entity/Q174009
OZ8YHM49,2,2,http://www.wikidata.org/entity/Q546616
OZ8YHM49,3,2,http://www.wikidata.org/entity/Q174009
OZ8YHM49,4,2,http://www.wikidata.org/entity/Q3496842
OZ8YHM49,1,3,http://www.wikidata.org/entity/Q187923
OZ8YHM49,2,3,http://www.wikidata.org/entity/Q1811294
OZ8YHM49,3,3,http://www.wikidata.org/entity/Q187923
OZ8YHM49,4,3,http://www.wikidata.org/entity/Q2905994
OZ8YHM49,1,4,http://www.wikidata.org/entity/Q33179355
OZ8YHM49,2,4,http://www.wikidata.org/entity/Q30061299
OZ8YHM49,3,4,http://www.wikidata.org/entity/Q15773347
OZ8YHM49,4,4,http://www.wikidata.org/entity/Q15632617
E220I4CO,1,0,http://www.wikidata.org/entity/Q82226
E220I4CO,2,0,http://www.wikidata.org/entity/Q1248045
E220I4CO,3,0,http://www.wikidata.org/entity/Q992193
E220I4CO,4,0,http://www.wikidata.org/entity/Q3274503
E220I4CO,1,1,http://www.wikidata.org/entity/Q738160
E220I4CO,2,1,http://www.wikidata.org/entity/Q738160
E220I4CO,3,1,http://www.wikidata.org/entity/Q738160
E220I4CO,4,1,http://www.wikidata.org/entity/Q738160
E220I4CO,1,2,http://www.wikidata.org/entity/Q82226
E220I4CO,2,2,http://www.wikidata.org/entity/Q1248045
E220I4CO,3,2,http://www.wikidata.org/entity/Q2933985
E220I4CO,4,2,http://www.wikidata.org/entity/Q3274503
E220I4CO,1,3,http://www.wikidata.org/entity/Q65
E220I4CO,2,3,http://www.wikidata.org/entity/Q1297
E220I4CO,3,3,http://www.wikidata.org/entity/Q99
E220I4CO,4,3,http://www.wikidata.org/entity/Q60
9O1IL6N6,1,0,http://www.wikidata.org/entity/Q1421904
9O1IL6N6,2,0,http://www.wikidata.org/entity/Q1395106
9O1IL6N6,3,0,http://www.wikidata.org/entity/Q1078270
9O1IL6N6,4,0,http://www.wikidata.org/entity/Q151985
9O1IL6N6,1,1,http://www.wikidata.org/entity/Q752
9O1IL6N6,2,1,http://www.wikidata.org/entity/Q1125
9O1IL6N6,3,1,http://www.wikidata.org/entity/Q1095
9O1IL6N6,4,1,http://www.wikidata.org/entity/Q231
9O1IL6N6,1,2,http://www.wikidata.org/entity/Q602358
9O1IL6N6,2,2,http://www.wikidata.org/entity/Q2041543
9O1IL6N6,3,2,http://www.wikidata.org/entity/Q3181656
9O1IL6N6,4,2,http://www.wikidata.org/entity/Q602358
9O1IL6N6,1,3,http://www.wikidata.org/entity/Q1414991
9O1IL6N6,2,3,http://www.wikidata.org/entity/Q1414991
9O1IL6N6,3,3,http://www.wikidata.org/entity/Q1414991
9O1IL6N6,4,3,http://www.wikidata.org/entity/Q11500
187052IO,0,0,http://www.wikidata.org/entity/Q218593
187052IO,1,0,http://www.wikidata.org/entity/Q218593
187052IO,2,0,http://www.wikidata.org/entity/Q218593
187052IO,3,0,http://www.wikidata.org/entity/Q218593
187052IO,0,1,http://www.wikidata.org/entity/Q511164
187052IO,1,1,http://www.wikidata.org/entity/Q511164
187052IO,2,1,http://www.wikidata.org/entity/Q751536
187052IO,3,1,http://www.wikidata.org/entity/Q511164
187052IO,0,2,http://www.wikidata.org/entity/Q484395
187052IO,1,2,http://www.wikidata.org/entity/Q484395
187052IO,2,2,http://www.wikidata.org/entity/Q1553
187052IO,3,2,http://www.wikidata.org/entity/Q484395
187052IO,0,3,http://www.wikidata.org/entity/Q511164
187052IO,1,3,http://www.wikidata.org/entity/Q511164
187052IO,2,3,http://www.wikidata.org/entity/Q751536
187052IO,3,3,http://www.wikidata.org/entity/Q511164
187052IO,0,4,http://www.wikidata.org/entity/Q109631
187052IO,1,4,http://www.wikidata.org/entity/Q109631
187052IO,2,4,http://www.wikidata.org/entity/Q1553
187052IO,3,4,http://www.wikidata.org/entity/Q109631
187052IO,0,5,http://www.wikidata.org/entity/Q484395
187052IO,1,5,http://www.wikidata.org/entity/Q484395
187052IO,2,5,http://www.wikidata.org/entity/Q1553
187052IO,3,5,http://www.wikidata.org/entity/Q484395
187052IO,0,6,http://www.wikidata.org/entity/Q487212
187052IO,1,6,http://www.wikidata.org/entity/Q487212
187052IO,2,6,http://www.wikidata.org/entity/Q286025
187052IO,3,6,http://www.wikidata.org/entity/Q487212
187052IO,0,7,http://www.wikidata.org/entity/Q511164
187052IO,1,7,http://www.wikidata.org/entity/Q511164
187052IO,2,7,http://www.wikidata.org/entity/Q751536
187052IO,3,7,http://www.wikidata.org/entity/Q511164
187052IO,0,8,http://www.wikidata.org/entity/Q502250
187052IO,1,8,http://www.wikidata.org/entity/Q502250
187052IO,2,8,http://www.wikidata.org/entity/Q286025
187052IO,3,8,http://www.wikidata.org/entity/Q502250
187052IO,0,9,http://www.wikidata.org/entity/Q109631
187052IO,1,9,http://www.wikidata.org/entity/Q109631
187052IO,2,9,http://www.wikidata.org/entity/Q1553
187052IO,3,9,http://www.wikidata.org/entity/Q109631
187052IO,0,10,http://www.wikidata.org/entity/Q490522
187052IO,1,10,http://www.wikidata.org/entity/Q490522
187052IO,2,10,http://www.wikidata.org/entity/Q1553
187052IO,3,10,http://www.wikidata.org/entity/Q490522
MVC9KUWR,1,0,http://www.wikidata.org/entity/Q3781521
MVC9KUWR,2,0,http://www.wikidata.org/entity/Q3781427
MVC9KUWR,3,0,http://www.wikidata.org/entity/Q2538697
MVC9KUWR,4,0,http://www.wikidata.org/entity/Q944428
MVC9KUWR,5,0,http://www.wikidata.org/entity/Q603757
MVC9KUWR,1,5,http://www.wikidata.org/entity/Q67206691
MVC9KUWR,2,5,http://www.wikidata.org/entity/Q67206691
MVC9KUWR,3,5,http://www.wikidata.org/entity/Q67206691
MVC9KUWR,4,5,http://www.wikidata.org/entity/Q67206691
MVC9KUWR,5,5,http://www.wikidata.org/entity/Q67206691
QJVZBJ1E,1,0,http://www.wikidata.org/entity/Q736731
QJVZBJ1E,2,0,http://www.wikidata.org/entity/Q853718
QJVZBJ1E,3,0,http://www.wikidata.org/entity/Q736731
QJVZBJ1E,4,0,http://www.wikidata.org/entity/Q853718
QJVZBJ1E,1,1,http://www.wikidata.org/entity/Q367614
QJVZBJ1E,2,1,http://www.wikidata.org/entity/Q2475884
QJVZBJ1E,3,1,http://www.wikidata.org/entity/Q367614
QJVZBJ1E,4,1,http://www.wikidata.org/entity/Q2475884
QJVZBJ1E,1,2,http://www.wikidata.org/entity/Q6550
QJVZBJ1E,2,2,http://www.wikidata.org/entity/Q6550
QJVZBJ1E,3,2,http://www.wikidata.org/entity/Q6550
QJVZBJ1E,4,2,http://www.wikidata.org/entity/Q6550
QJVZBJ1E,1,3,http://www.wikidata.org/entity/Q28473168
QJVZBJ1E,2,3,http://www.wikidata.org/entity/Q13187
QJVZBJ1E,3,3,http://www.wikidata.org/entity/Q28473168
QJVZBJ1E,4,3,http://www.wikidata.org/entity/Q13187
QJVZBJ1E,1,4,http://www.wikidata.org/entity/Q28471580
QJVZBJ1E,2,4,http://www.wikidata.org/entity/Q453245
QJVZBJ1E,3,4,http://www.wikidata.org/entity/Q28471644
QJVZBJ1E,4,4,http://www.wikidata.org/entity/Q453245
QJVZBJ1E,1,5,http://www.wikidata.org/entity/Q7414
QJVZBJ1E,2,5,http://www.wikidata.org/entity/Q7414
QJVZBJ1E,3,5,http://www.wikidata.org/entity/Q7414
QJVZBJ1E,4,5,http://www.wikidata.org/entity/Q7414
QJVZBJ1E,1,6,http://www.wikidata.org/entity/Q842256
QJVZBJ1E,2,6,http://www.wikidata.org/entity/Q842256
QJVZBJ1E,3,6,http://www.wikidata.org/entity/Q157394
QJVZBJ1E,4,6,http://www.wikidata.org/entity/Q157394
OP28LA70,1,0,http://www.wikidata.org/entity/Q218593
OP28LA70,2,0,http://www.wikidata.org/entity/Q218593
OP28LA70,3,0,http://www.wikidata.org/entity/Q218593
OP28LA70,1,1,http://www.wikidata.org/entity/Q3331189
OP28LA70,2,1,http://www.wikidata.org/entity/Q60689359
OP28LA70,3,1,http://www.wikidata.org/entity/Q60690215
OP28LA70,1,2,http://www.wikidata.org/entity/Q7553
OP28LA70,2,2,http://www.wikidata.org/entity/Q24573330
OP28LA70,3,2,http://www.wikidata.org/entity/Q82755299
OP28LA70,1,3,http://www.wikidata.org/entity/Q7553
OP28LA70,2,3,http://www.wikidata.org/entity/Q60322616
OP28LA70,3,3,http://www.wikidata.org/entity/Q875786
OP28LA70,1,4,http://www.wikidata.org/entity/Q7553
OP28LA70,2,4,http://www.wikidata.org/entity/Q7091018
OP28LA70,3,4,http://www.wikidata.org/entity/Q32483
GTT0UE5I,1,0,http://www.wikidata.org/entity/Q81908021
GTT0UE5I,2,0,http://www.wikidata.org/entity/Q81906911
GTT0UE5I,3,0,http://www.wikidata.org/entity/Q81906835
GTT0UE5I,4,0,http://www.wikidata.org/entity/Q81361754
GTT0UE5I,1,1,http://www.wikidata.org/entity/Q1264450
GTT0UE5I,2,1,http://www.wikidata.org/entity/Q1264450
GTT0UE5I,3,1,http://www.wikidata.org/entity/Q1264450
GTT0UE5I,4,1,http://www.wikidata.org/entity/Q1264450
GTT0UE5I,1,3,http://www.wikidata.org/entity/Q10567
GTT0UE5I,2,3,http://www.wikidata.org/entity/Q10567
GTT0UE5I,3,3,http://www.wikidata.org/entity/Q10567
GTT0UE5I,4,3,http://www.wikidata.org/entity/Q10567
GTT0UE5I,1,4,http://www.wikidata.org/entity/Q49984
GTT0UE5I,2,4,http://www.wikidata.org/entity/Q49984
GTT0UE5I,3,4,http://www.wikidata.org/entity/Q49984
GTT0UE5I,4,4,http://www.wikidata.org/entity/Q49984
C16UVF7G,0,0,http://www.wikidata.org/entity/Q218593
C16UVF7G,1,0,http://www.wikidata.org/entity/Q14459592
C16UVF7G,2,0,http://www.wikidata.org/entity/Q14459578
C16UVF7G,3,0,http://www.wikidata.org/entity/Q12338831
C16UVF7G,4,0,http://www.wikidata.org/entity/Q14459578
C16UVF7G,5,0,http://www.wikidata.org/entity/Q14459578
C16UVF7G,6,0,http://www.wikidata.org/entity/Q14459592
C16UVF7G,7,0,http://www.wikidata.org/entity/Q27092858
C16UVF7G,8,0,http://www.wikidata.org/entity/Q28767383
C16UVF7G,9,0,http://www.wikidata.org/entity/Q28836405
C16UVF7G,10,0,http://www.wikidata.org/entity/Q28828394
C16UVF7G,11,0,http://www.wikidata.org/entity/Q28735793
C16UVF7G,12,0,http://www.wikidata.org/entity/Q28726980
C16UVF7G,13,0,http://www.wikidata.org/entity/Q28726774
C16UVF7G,14,0,http://www.wikidata.org/entity/Q28725733
C16UVF7G,0,1,http://www.wikidata.org/entity/Q218593
C16UVF7G,1,1,http://www.wikidata.org/entity/Q3609
C16UVF7G,2,1,http://www.wikidata.org/entity/Q3609
C16UVF7G,3,1,http://www.wikidata.org/entity/Q3609
C16UVF7G,4,1,http://www.wikidata.org/entity/Q3609
C16UVF7G,5,1,http://www.wikidata.org/entity/Q3609
C16UVF7G,6,1,http://www.wikidata.org/entity/Q3609
C16UVF7G,7,1,http://www.wikidata.org/entity/Q3609
C16UVF7G,8,1,http://www.wikidata.org/entity/Q3609
C16UVF7G,9,1,http://www.wikidata.org/entity/Q3609
C16UVF7G,10,1,http://www.wikidata.org/entity/Q3609
C16UVF7G,11,1,http://www.wikidata.org/entity/Q3609
C16UVF7G,12,1,http://www.wikidata.org/entity/Q3609
C16UVF7G,13,1,http://www.wikidata.org/entity/Q3609
C16UVF7G,14,1,http://www.wikidata.org/entity/Q3609
C16UVF7G,0,2,http://www.wikidata.org/entity/Q270952
C16UVF7G,1,2,http://www.wikidata.org/entity/Q53534649
C16UVF7G,2,2,http://www.wikidata.org/entity/Q53534649
C16UVF7G,3,2,http://www.wikidata.org/entity/Q53534649
C16UVF7G,4,2,http://www.wikidata.org/entity/Q20653564
C16UVF7G,5,2,http://www.wikidata.org/entity/Q20653564
C16UVF7G,6,2,http://www.wikidata.org/entity/Q20653563
C16UVF7G,7,2,http://www.wikidata.org/entity/Q6154783
C16UVF7G,8,2,http://www.wikidata.org/entity/Q2466826
C16UVF7G,9,2,http://www.wikidata.org/entity/Q1756006
C16UVF7G,10,2,http://www.wikidata.org/entity/Q1756006
C16UVF7G,11,2,http://www.wikidata.org/entity/Q1756006
C16UVF7G,12,2,http://www.wikidata.org/entity/Q1756006
C16UVF7G,13,2,http://www.wikidata.org/entity/Q1756006
C16UVF7G,14,2,http://www.wikidata.org/entity/Q1756006
C16UVF7G,0,3,http://www.wikidata.org/entity/Q218593
C16UVF7G,1,3,http://www.wikidata.org/entity/Q62424
C16UVF7G,2,3,http://www.wikidata.org/entity/Q62424
C16UVF7G,3,3,http://www.wikidata.org/entity/Q62424
C16UVF7G,4,3,http://www.wikidata.org/entity/Q62424
C16UVF7G,5,3,http://www.wikidata.org/entity/Q62424
C16UVF7G,6,3,http://www.wikidata.org/entity/Q62424
C16UVF7G,7,3,http://www.wikidata.org/entity/Q135837
C16UVF7G,8,3,http://www.wikidata.org/entity/Q26001161
C16UVF7G,9,3,http://www.wikidata.org/entity/Q28364610
C16UVF7G,10,3,http://www.wikidata.org/entity/Q22303760
C16UVF7G,11,3,http://www.wikidata.org/entity/Q28734980
C16UVF7G,12,3,http://www.wikidata.org/entity/Q18786386
C16UVF7G,13,3,http://www.wikidata.org/entity/Q18397039
C16UVF7G,14,3,http://www.wikidata.org/entity/Q7691561
C16UVF7G,0,4,http://www.wikidata.org/entity/Q218593
C16UVF7G,1,4,http://www.wikidata.org/entity/Q23035759
C16UVF7G,2,4,http://www.wikidata.org/entity/Q23035759
C16UVF7G,3,4,http://www.wikidata.org/entity/Q23035759
C16UVF7G,4,4,http://www.wikidata.org/entity/Q23035759
C16UVF7G,5,4,http://www.wikidata.org/entity/Q23035759
C16UVF7G,6,4,http://www.wikidata.org/entity/Q23035759
C16UVF7G,7,4,http://www.wikidata.org/entity/Q28071110
C16UVF7G,8,4,http://www.wikidata.org/entity/Q28868428
C16UVF7G,9,4,http://www.wikidata.org/entity/Q28855123
C16UVF7G,10,4,http://www.wikidata.org/entity/Q22305530
C16UVF7G,11,4,http://www.wikidata.org/entity/Q28828153
C16UVF7G,12,4,http://www.wikidata.org/entity/Q22774530
C16UVF7G,13,4,http://www.wikidata.org/entity/Q24052776
C16UVF7G,14,4,http://www.wikidata.org/entity/Q23900195
SG1F7ZFR,1,3,http://www.wikidata.org/entity/Q744
SG1F7ZFR,2,3,http://www.wikidata.org/entity/Q744
SG1F7ZFR,3,3,http://www.wikidata.org/entity/Q744
SG1F7ZFR,4,3,http://www.wikidata.org/entity/Q744
SG1F7ZFR,5,3,http://www.wikidata.org/entity/Q861
SG1F7ZFR,6,3,http://www.wikidata.org/entity/Q861
SG1F7ZFR,7,3,http://www.wikidata.org/entity/Q861
SG1F7ZFR,8,3,http://www.wikidata.org/entity/Q861
SG1F7ZFR,9,3,http://www.wikidata.org/entity/Q861
SG1F7ZFR,10,3,http://www.wikidata.org/entity/Q861
SG1F7ZFR,11,3,http://www.wikidata.org/entity/Q861
SG1F7ZFR,12,3,http://www.wikidata.org/entity/Q861
SG1F7ZFR,13,3,http://www.wikidata.org/entity/Q861
SG1F7ZFR,14,3,http://www.wikidata.org/entity/Q861
SG1F7ZFR,15,3,http://www.wikidata.org/entity/Q753
MLYLDD3I,1,0,http://www.wikidata.org/entity/Q1764742
MLYLDD3I,2,0,http://www.wikidata.org/entity/Q85329
MLYLDD3I,3,0,http://www.wikidata.org/entity/Q858121
MLYLDD3I,4,0,http://www.wikidata.org/entity/Q216047
MLYLDD3I,1,1,http://www.wikidata.org/entity/Q1786254
MLYLDD3I,2,1,http://www.wikidata.org/entity/Q1379906
MLYLDD3I,3,1,http://www.wikidata.org/entity/Q55180422
MLYLDD3I,4,1,http://www.wikidata.org/entity/Q442717
MLYLDD3I,1,3,http://www.wikidata.org/entity/Q16165302
MLYLDD3I,2,3,http://www.wikidata.org/entity/Q3659944
MLYLDD3I,3,3,http://www.wikidata.org/entity/Q3479350
MLYLDD3I,4,3,http://www.wikidata.org/entity/Q3288018
8DJ4RLEU,1,0,http://www.wikidata.org/entity/Q10515171
8DJ4RLEU,2,0,http://www.wikidata.org/entity/Q10515166
8DJ4RLEU,3,0,http://www.wikidata.org/entity/Q10515162
8DJ4RLEU,4,0,http://www.wikidata.org/entity/Q10515159
8DJ4RLEU,5,0,http://www.wikidata.org/entity/Q10515146
8DJ4RLEU,6,0,http://www.wikidata.org/entity/Q10515116
8DJ4RLEU,7,0,http://www.wikidata.org/entity/Q10515097
8DJ4RLEU,8,0,http://www.wikidata.org/entity/Q10515093
8DJ4RLEU,9,0,http://www.wikidata.org/entity/Q10515083
8DJ4RLEU,10,0,http://www.wikidata.org/entity/Q10515062
8DJ4RLEU,11,0,http://www.wikidata.org/entity/Q10515061
8DJ4RLEU,12,0,http://www.wikidata.org/entity/Q10515057
8DJ4RLEU,13,0,http://www.wikidata.org/entity/Q10515054
8DJ4RLEU,14,0,http://www.wikidata.org/entity/Q10515188
8DJ4RLEU,15,0,http://www.wikidata.org/entity/Q7873762
8DJ4RLEU,1,1,http://www.wikidata.org/entity/Q1141396
8DJ4RLEU,2,1,http://www.wikidata.org/entity/Q1141396
8DJ4RLEU,3,1,http://www.wikidata.org/entity/Q1141396
8DJ4RLEU,4,1,http://www.wikidata.org/entity/Q1141396
8DJ4RLEU,5,1,http://www.wikidata.org/entity/Q1141396
8DJ4RLEU,6,1,http://www.wikidata.org/entity/Q1141396
8DJ4RLEU,7,1,http://www.wikidata.org/entity/Q1141396
8DJ4RLEU,8,1,http://www.wikidata.org/entity/Q1141396
8DJ4RLEU,9,1,http://www.wikidata.org/entity/Q1141396
8DJ4RLEU,10,1,http://www.wikidata.org/entity/Q1141396
8DJ4RLEU,11,1,http://www.wikidata.org/entity/Q1141396
8DJ4RLEU,12,1,http://www.wikidata.org/entity/Q1141396
8DJ4RLEU,13,1,http://www.wikidata.org/entity/Q1141396
8DJ4RLEU,14,1,http://www.wikidata.org/entity/Q1141396
8DJ4RLEU,15,1,http://www.wikidata.org/entity/Q11220
8DJ4RLEU,1,2,http://www.wikidata.org/entity/Q10543891
8DJ4RLEU,2,2,http://www.wikidata.org/entity/Q10543891
8DJ4RLEU,3,2,http://www.wikidata.org/entity/Q5478044
8DJ4RLEU,4,2,http://www.wikidata.org/entity/Q10542877
8DJ4RLEU,5,2,http://www.wikidata.org/entity/Q7106970
8DJ4RLEU,6,2,http://www.wikidata.org/entity/Q10542877
8DJ4RLEU,7,2,http://www.wikidata.org/entity/Q7106970
8DJ4RLEU,8,2,http://www.wikidata.org/entity/Q10543891
8DJ4RLEU,9,2,http://www.wikidata.org/entity/Q10562558
8DJ4RLEU,10,2,http://www.wikidata.org/entity/Q10670557
8DJ4RLEU,11,2,http://www.wikidata.org/entity/Q10542877
8DJ4RLEU,12,2,http://www.wikidata.org/entity/Q10543891
8DJ4RLEU,13,2,http://www.wikidata.org/entity/Q33110764
8DJ4RLEU,14,2,http://www.wikidata.org/entity/Q6917118
8DJ4RLEU,15,2,http://www.wikidata.org/entity/Q8025960
8DJ4RLEU,1,3,http://www.wikidata.org/entity/Q596643
8DJ4RLEU,2,3,http://www.wikidata.org/entity/Q596643
8DJ4RLEU,3,3,http://www.wikidata.org/entity/Q596643
8DJ4RLEU,4,3,http://www.wikidata.org/entity/Q596643
8DJ4RLEU,5,3,http://www.wikidata.org/entity/Q596643
8DJ4RLEU,6,3,http://www.wikidata.org/entity/Q596643
8DJ4RLEU,7,3,http://www.wikidata.org/entity/Q596643
8DJ4RLEU,8,3,http://www.wikidata.org/entity/Q596643
8DJ4RLEU,9,3,http://www.wikidata.org/entity/Q596643
8DJ4RLEU,10,3,http://www.wikidata.org/entity/Q596643
8DJ4RLEU,11,3,http://www.wikidata.org/entity/Q596643
8DJ4RLEU,12,3,http://www.wikidata.org/entity/Q596643
8DJ4RLEU,13,3,http://www.wikidata.org/entity/Q596643
8DJ4RLEU,14,3,http://www.wikidata.org/entity/Q596643
8DJ4RLEU,15,3,http://www.wikidata.org/entity/Q596643
8DJ4RLEU,1,4,http://www.wikidata.org/entity/Q202527
8DJ4RLEU,2,4,http://www.wikidata.org/entity/Q202527
8DJ4RLEU,3,4,http://www.wikidata.org/entity/Q202527
8DJ4RLEU,4,4,http://www.wikidata.org/entity/Q202527
8DJ4RLEU,5,4,http://www.wikidata.org/entity/Q202527
8DJ4RLEU,6,4,http://www.wikidata.org/entity/Q202527
8DJ4RLEU,7,4,http://www.wikidata.org/entity/Q202527
8DJ4RLEU,8,4,http://www.wikidata.org/entity/Q202527
8DJ4RLEU,9,4,http://www.wikidata.org/entity/Q202527
8DJ4RLEU,10,4,http://www.wikidata.org/entity/Q202527
8DJ4RLEU,11,4,http://www.wikidata.org/entity/Q202527
8DJ4RLEU,12,4,http://www.wikidata.org/entity/Q202527
8DJ4RLEU,13,4,http://www.wikidata.org/entity/Q202527
8DJ4RLEU,14,4,http://www.wikidata.org/entity/Q191826
8DJ4RLEU,15,4,http://www.wikidata.org/entity/Q852190
T2KKY4CW,1,0,http://www.wikidata.org/entity/Q3313885
T2KKY4CW,2,0,http://www.wikidata.org/entity/Q3313879
T2KKY4CW,3,0,http://www.wikidata.org/entity/Q3247593
T2KKY4CW,4,0,http://www.wikidata.org/entity/Q2453924
T2KKY4CW,5,0,http://www.wikidata.org/entity/Q2453887
T2KKY4CW,6,0,http://www.wikidata.org/entity/Q2019173
T2KKY4CW,7,0,http://www.wikidata.org/entity/Q1903122
T2KKY4CW,8,0,http://www.wikidata.org/entity/Q926090
T2KKY4CW,9,0,http://www.wikidata.org/entity/Q921491
T2KKY4CW,10,0,http://www.wikidata.org/entity/Q905583
T2KKY4CW,11,0,http://www.wikidata.org/entity/Q788359
T2KKY4CW,12,0,http://www.wikidata.org/entity/Q773416
T2KKY4CW,13,0,http://www.wikidata.org/entity/Q642255
T2KKY4CW,14,0,http://www.wikidata.org/entity/Q379119
T2KKY4CW,1,1,http://www.wikidata.org/entity/Q33951
T2KKY4CW,2,1,http://www.wikidata.org/entity/Q33951
T2KKY4CW,3,1,http://www.wikidata.org/entity/Q33951
T2KKY4CW,4,1,http://www.wikidata.org/entity/Q33951
T2KKY4CW,5,1,http://www.wikidata.org/entity/Q33951
T2KKY4CW,6,1,http://www.wikidata.org/entity/Q33951
T2KKY4CW,7,1,http://www.wikidata.org/entity/Q33951
T2KKY4CW,8,1,http://www.wikidata.org/entity/Q33951
T2KKY4CW,9,1,http://www.wikidata.org/entity/Q33951
T2KKY4CW,10,1,http://www.wikidata.org/entity/Q33951
T2KKY4CW,11,1,http://www.wikidata.org/entity/Q33951
T2KKY4CW,12,1,http://www.wikidata.org/entity/Q33951
T2KKY4CW,13,1,http://www.wikidata.org/entity/Q33951
T2KKY4CW,14,1,http://www.wikidata.org/entity/Q33951
T2KKY4CW,1,2,http://www.wikidata.org/entity/Q490
T2KKY4CW,2,2,http://www.wikidata.org/entity/Q490
T2KKY4CW,3,2,http://www.wikidata.org/entity/Q490
T2KKY4CW,4,2,http://www.wikidata.org/entity/Q490
T2KKY4CW,5,2,http://www.wikidata.org/entity/Q490
T2KKY4CW,6,2,http://www.wikidata.org/entity/Q490
T2KKY4CW,7,2,http://www.wikidata.org/entity/Q490
T2KKY4CW,8,2,http://www.wikidata.org/entity/Q490
T2KKY4CW,9,2,http://www.wikidata.org/entity/Q490
T2KKY4CW,10,2,http://www.wikidata.org/entity/Q490
T2KKY4CW,11,2,http://www.wikidata.org/entity/Q490
T2KKY4CW,12,2,http://www.wikidata.org/entity/Q490
T2KKY4CW,13,2,http://www.wikidata.org/entity/Q490
T2KKY4CW,14,2,http://www.wikidata.org/entity/Q490
T2KKY4CW,1,4,http://www.wikidata.org/entity/Q3313886
T2KKY4CW,2,4,http://www.wikidata.org/entity/Q3313885
T2KKY4CW,3,4,http://www.wikidata.org/entity/Q3247599
T2KKY4CW,4,4,http://www.wikidata.org/entity/Q2139475
T2KKY4CW,5,4,http://www.wikidata.org/entity/Q788359
T2KKY4CW,6,4,http://www.wikidata.org/entity/Q930215
T2KKY4CW,7,4,http://www.wikidata.org/entity/Q2052011
T2KKY4CW,8,4,http://www.wikidata.org/entity/Q3313973
T2KKY4CW,9,4,http://www.wikidata.org/entity/Q773416
T2KKY4CW,10,4,http://www.wikidata.org/entity/Q3313977
T2KKY4CW,11,4,http://www.wikidata.org/entity/Q2074899
T2KKY4CW,12,4,http://www.wikidata.org/entity/Q905583
T2KKY4CW,13,4,http://www.wikidata.org/entity/Q379119
T2KKY4CW,14,4,http://www.wikidata.org/entity/Q2202752
T2KKY4CW,1,5,http://www.wikidata.org/entity/Q318051
T2KKY4CW,2,5,http://www.wikidata.org/entity/Q771610
T2KKY4CW,3,5,http://www.wikidata.org/entity/Q457328
T2KKY4CW,4,5,http://www.wikidata.org/entity/Q44781
T2KKY4CW,5,5,http://www.wikidata.org/entity/Q44781
T2KKY4CW,6,5,http://www.wikidata.org/entity/Q138393
T2KKY4CW,7,5,http://www.wikidata.org/entity/Q1235848
T2KKY4CW,8,5,http://www.wikidata.org/entity/Q156707
T2KKY4CW,9,5,http://www.wikidata.org/entity/Q138393
T2KKY4CW,10,5,http://www.wikidata.org/entity/Q188197
T2KKY4CW,11,5,http://www.wikidata.org/entity/Q123503
T2KKY4CW,12,5,http://www.wikidata.org/entity/Q188197
T2KKY4CW,13,5,http://www.wikidata.org/entity/Q318033
T2KKY4CW,14,5,http://www.wikidata.org/entity/Q351388
AWI1ALIX,1,0,http://www.wikidata.org/entity/Q18888515
AWI1ALIX,2,0,http://www.wikidata.org/entity/Q18888510
AWI1ALIX,3,0,http://www.wikidata.org/entity/Q18888506
AWI1ALIX,4,0,http://www.wikidata.org/entity/Q18888502
AWI1ALIX,1,5,http://www.wikidata.org/entity/Q2334543
AWI1ALIX,2,5,http://www.wikidata.org/entity/Q2334543
AWI1ALIX,3,5,http://www.wikidata.org/entity/Q2334543
AWI1ALIX,4,5,http://www.wikidata.org/entity/Q2334543
12VWK205,0,0,http://www.wikidata.org/entity/Q218593
12VWK205,1,0,http://www.wikidata.org/entity/Q57965953
12VWK205,2,0,http://www.wikidata.org/entity/Q23818223
12VWK205,3,0,http://www.wikidata.org/entity/Q52196628
12VWK205,4,0,http://www.wikidata.org/entity/Q22350864
12VWK205,5,0,http://www.wikidata.org/entity/Q52196628
12VWK205,6,0,http://www.wikidata.org/entity/Q60038416
12VWK205,0,1,http://www.wikidata.org/entity/Q218593
12VWK205,1,1,http://www.wikidata.org/entity/Q2510125
12VWK205,2,1,http://www.wikidata.org/entity/Q1275121
12VWK205,3,1,http://www.wikidata.org/entity/Q7204631
12VWK205,4,1,http://www.wikidata.org/entity/Q7204631
12VWK205,5,1,http://www.wikidata.org/entity/Q7204631
12VWK205,6,1,http://www.wikidata.org/entity/Q213071
12VWK205,0,2,http://www.wikidata.org/entity/Q60960
12VWK205,1,2,http://www.wikidata.org/entity/Q1407584
12VWK205,2,2,http://www.wikidata.org/entity/Q2919104
12VWK205,3,2,http://www.wikidata.org/entity/Q2919104
12VWK205,4,2,http://www.wikidata.org/entity/Q2919104
12VWK205,5,2,http://www.wikidata.org/entity/Q1531636
12VWK205,6,2,http://www.wikidata.org/entity/Q42843607
12VWK205,0,4,http://www.wikidata.org/entity/Q218593
12VWK205,1,4,http://www.wikidata.org/entity/Q1114726
12VWK205,2,4,http://www.wikidata.org/entity/Q42262
12VWK205,3,4,http://www.wikidata.org/entity/Q42262
12VWK205,4,4,http://www.wikidata.org/entity/Q42262
12VWK205,5,4,http://www.wikidata.org/entity/Q42262
12VWK205,6,4,http://www.wikidata.org/entity/Q2946015
12VWK205,0,5,http://www.wikidata.org/entity/Q270952
12VWK205,1,5,http://www.wikidata.org/entity/Q752556
12VWK205,2,5,http://www.wikidata.org/entity/Q128356
12VWK205,3,5,http://www.wikidata.org/entity/Q128356
12VWK205,4,5,http://www.wikidata.org/entity/Q128356
12VWK205,5,5,http://www.wikidata.org/entity/Q128356
12VWK205,6,5,http://www.wikidata.org/entity/Q15529123
12VWK205,0,6,http://www.wikidata.org/entity/Q9633
12VWK205,1,6,http://www.wikidata.org/entity/Q28450215
12VWK205,2,6,http://www.wikidata.org/entity/Q13220030
12VWK205,3,6,http://www.wikidata.org/entity/Q682764
12VWK205,4,6,http://www.wikidata.org/entity/Q682764
12VWK205,5,6,http://www.wikidata.org/entity/Q682764
12VWK205,6,6,http://www.wikidata.org/entity/Q262629
JJ4U41ZS,1,0,http://www.wikidata.org/entity/Q65052510
JJ4U41ZS,2,0,http://www.wikidata.org/entity/Q23988593
JJ4U41ZS,3,0,http://www.wikidata.org/entity/Q15212096
JJ4U41ZS,4,0,http://www.wikidata.org/entity/Q6914780
JJ4U41ZS,1,1,http://www.wikidata.org/entity/Q2051554
JJ4U41ZS,2,1,http://www.wikidata.org/entity/Q2051554
JJ4U41ZS,3,1,http://www.wikidata.org/entity/Q2051554
JJ4U41ZS,4,1,http://www.wikidata.org/entity/Q2051554
JJ4U41ZS,1,3,http://www.wikidata.org/entity/Q3112580
JJ4U41ZS,2,3,http://www.wikidata.org/entity/Q138133
JJ4U41ZS,3,3,http://www.wikidata.org/entity/Q1778417
JJ4U41ZS,4,3,http://www.wikidata.org/entity/Q847931
L8WJ6HN9,1,0,http://www.wikidata.org/entity/Q5775350
L8WJ6HN9,2,0,http://www.wikidata.org/entity/Q4608228
L8WJ6HN9,3,0,http://www.wikidata.org/entity/Q4605979
L8WJ6HN9,4,0,http://www.wikidata.org/entity/Q4604131
L8WJ6HN9,5,0,http://www.wikidata.org/entity/Q4602643
L8WJ6HN9,6,0,http://www.wikidata.org/entity/Q4601230
L8WJ6HN9,7,0,http://www.wikidata.org/entity/Q4599857
L8WJ6HN9,8,0,http://www.wikidata.org/entity/Q4598577
L8WJ6HN9,9,0,http://www.wikidata.org/entity/Q4597275
L8WJ6HN9,10,0,http://www.wikidata.org/entity/Q4594591
L8WJ6HN9,11,0,http://www.wikidata.org/entity/Q4593458
L8WJ6HN9,12,0,http://www.wikidata.org/entity/Q4592308
L8WJ6HN9,13,0,http://www.wikidata.org/entity/Q4591288
L8WJ6HN9,1,1,http://www.wikidata.org/entity/Q960739
L8WJ6HN9,2,1,http://www.wikidata.org/entity/Q960739
L8WJ6HN9,3,1,http://www.wikidata.org/entity/Q960739
L8WJ6HN9,4,1,http://www.wikidata.org/entity/Q960739
L8WJ6HN9,5,1,http://www.wikidata.org/entity/Q960739
L8WJ6HN9,6,1,http://www.wikidata.org/entity/Q960739
L8WJ6HN9,7,1,http://www.wikidata.org/entity/Q960739
L8WJ6HN9,8,1,http://www.wikidata.org/entity/Q960739
L8WJ6HN9,9,1,http://www.wikidata.org/entity/Q960739
L8WJ6HN9,10,1,http://www.wikidata.org/entity/Q960739
L8WJ6HN9,11,1,http://www.wikidata.org/entity/Q960739
L8WJ6HN9,12,1,http://www.wikidata.org/entity/Q960739
L8WJ6HN9,13,1,http://www.wikidata.org/entity/Q960739
L8WJ6HN9,1,2,http://www.wikidata.org/entity/Q739
L8WJ6HN9,2,2,http://www.wikidata.org/entity/Q739
L8WJ6HN9,3,2,http://www.wikidata.org/entity/Q739
L8WJ6HN9,4,2,http://www.wikidata.org/entity/Q739
L8WJ6HN9,5,2,http://www.wikidata.org/entity/Q739
L8WJ6HN9,6,2,http://www.wikidata.org/entity/Q739
L8WJ6HN9,7,2,http://www.wikidata.org/entity/Q739
L8WJ6HN9,8,2,http://www.wikidata.org/entity/Q739
L8WJ6HN9,9,2,http://www.wikidata.org/entity/Q739
L8WJ6HN9,10,2,http://www.wikidata.org/entity/Q739
L8WJ6HN9,11,2,http://www.wikidata.org/entity/Q739
L8WJ6HN9,12,2,http://www.wikidata.org/entity/Q739
L8WJ6HN9,13,2,http://www.wikidata.org/entity/Q739
RB7UHHSG,0,0,http://www.wikidata.org/entity/Q218593
RB7UHHSG,1,0,http://www.wikidata.org/entity/Q84588333
RB7UHHSG,2,0,http://www.wikidata.org/entity/Q76998312
RB7UHHSG,3,0,http://www.wikidata.org/entity/Q58213341
RB7UHHSG,4,0,http://www.wikidata.org/entity/Q15751671
RB7UHHSG,5,0,http://www.wikidata.org/entity/Q15753566
RB7UHHSG,6,0,http://www.wikidata.org/entity/Q15753565
RB7UHHSG,7,0,http://www.wikidata.org/entity/Q15753564
RB7UHHSG,8,0,http://www.wikidata.org/entity/Q15753100
RB7UHHSG,9,0,http://www.wikidata.org/entity/Q15752751
RB7UHHSG,10,0,http://www.wikidata.org/entity/Q50534587
RB7UHHSG,0,1,http://www.wikidata.org/entity/Q218593
RB7UHHSG,1,1,http://www.wikidata.org/entity/Q8851
RB7UHHSG,2,1,http://www.wikidata.org/entity/Q2807
RB7UHHSG,3,1,http://www.wikidata.org/entity/Q208447
RB7UHHSG,4,1,http://www.wikidata.org/entity/Q15695
RB7UHHSG,5,1,http://www.wikidata.org/entity/Q2807
RB7UHHSG,6,1,http://www.wikidata.org/entity/Q2807
RB7UHHSG,7,1,http://www.wikidata.org/entity/Q2807
RB7UHHSG,8,1,http://www.wikidata.org/entity/Q174
RB7UHHSG,9,1,http://www.wikidata.org/entity/Q2807
RB7UHHSG,10,1,http://www.wikidata.org/entity/Q62823
RB7UHHSG,0,2,http://www.wikidata.org/entity/Q14877683
RB7UHHSG,1,2,http://www.wikidata.org/entity/Q958650
RB7UHHSG,2,2,http://www.wikidata.org/entity/Q1024362
RB7UHHSG,3,2,http://www.wikidata.org/entity/Q251266
RB7UHHSG,4,2,http://www.wikidata.org/entity/Q308963
RB7UHHSG,5,2,http://www.wikidata.org/entity/Q421739
RB7UHHSG,6,2,http://www.wikidata.org/entity/Q421739
RB7UHHSG,7,2,http://www.wikidata.org/entity/Q421739
RB7UHHSG,8,2,http://www.wikidata.org/entity/Q1817137
RB7UHHSG,9,2,http://www.wikidata.org/entity/Q219694
RB7UHHSG,10,2,http://www.wikidata.org/entity/Q7894343
RB7UHHSG,0,3,http://www.wikidata.org/entity/Q218593
RB7UHHSG,1,3,http://www.wikidata.org/entity/Q6998997
RB7UHHSG,2,3,http://www.wikidata.org/entity/Q6936496
RB7UHHSG,3,3,http://www.wikidata.org/entity/Q6936496
RB7UHHSG,4,3,http://www.wikidata.org/entity/Q6937225
RB7UHHSG,5,3,http://www.wikidata.org/entity/Q6936496
RB7UHHSG,6,3,http://www.wikidata.org/entity/Q6936496
RB7UHHSG,7,3,http://www.wikidata.org/entity/Q6936496
RB7UHHSG,8,3,http://www.wikidata.org/entity/Q6905323
RB7UHHSG,9,3,http://www.wikidata.org/entity/Q6905323
RB7UHHSG,10,3,http://www.wikidata.org/entity/Q6905323
N0TEE54L,1,0,http://www.wikidata.org/entity/Q28037272
N0TEE54L,2,0,http://www.wikidata.org/entity/Q45232622
N0TEE54L,3,0,http://www.wikidata.org/entity/Q28037272
N0TEE54L,4,0,http://www.wikidata.org/entity/Q45232622
N0TEE54L,5,0,http://www.wikidata.org/entity/Q28037272
N0TEE54L,6,0,http://www.wikidata.org/entity/Q59121679
N0TEE54L,7,0,http://www.wikidata.org/entity/Q45232622
N0TEE54L,8,0,http://www.wikidata.org/entity/Q28037272
N0TEE54L,1,1,http://www.wikidata.org/entity/Q28037738
N0TEE54L,2,1,http://www.wikidata.org/entity/Q46613490
N0TEE54L,3,1,http://www.wikidata.org/entity/Q28037738
N0TEE54L,4,1,http://www.wikidata.org/entity/Q46613490
N0TEE54L,5,1,http://www.wikidata.org/entity/Q28037738
N0TEE54L,6,1,http://www.wikidata.org/entity/Q46613490
N0TEE54L,7,1,http://www.wikidata.org/entity/Q46615746
N0TEE54L,8,1,http://www.wikidata.org/entity/Q28037719
N0TEE54L,1,2,http://www.wikidata.org/entity/Q45232622
N0TEE54L,2,2,http://www.wikidata.org/entity/Q59121679
N0TEE54L,3,2,http://www.wikidata.org/entity/Q45232622
N0TEE54L,4,2,http://www.wikidata.org/entity/Q59121679
N0TEE54L,5,2,http://www.wikidata.org/entity/Q45232622
N0TEE54L,6,2,http://www.wikidata.org/entity/Q74284367
N0TEE54L,7,2,http://www.wikidata.org/entity/Q59121679
N0TEE54L,8,2,http://www.wikidata.org/entity/Q45232622
N0TEE54L,1,3,http://www.wikidata.org/entity/Q28472550
N0TEE54L,2,3,http://www.wikidata.org/entity/Q22043447
N0TEE54L,3,3,http://www.wikidata.org/entity/Q21093468
N0TEE54L,4,3,http://www.wikidata.org/entity/Q20971580
N0TEE54L,5,3,http://www.wikidata.org/entity/Q16044437
N0TEE54L,6,3,http://www.wikidata.org/entity/Q22807353
N0TEE54L,7,3,http://www.wikidata.org/entity/Q20971580
N0TEE54L,8,3,http://www.wikidata.org/entity/Q16044437
N0TEE54L,1,4,http://www.wikidata.org/entity/Q293473
N0TEE54L,2,4,http://www.wikidata.org/entity/Q293473
N0TEE54L,3,4,http://www.wikidata.org/entity/Q293473
N0TEE54L,4,4,http://www.wikidata.org/entity/Q293473
N0TEE54L,5,4,http://www.wikidata.org/entity/Q293473
N0TEE54L,6,4,http://www.wikidata.org/entity/Q293473
N0TEE54L,7,4,http://www.wikidata.org/entity/Q293473
N0TEE54L,8,4,http://www.wikidata.org/entity/Q21936667
N0TEE54L,1,5,http://www.wikidata.org/entity/Q414
N0TEE54L,2,5,http://www.wikidata.org/entity/Q414
N0TEE54L,3,5,http://www.wikidata.org/entity/Q414
N0TEE54L,4,5,http://www.wikidata.org/entity/Q414
N0TEE54L,5,5,http://www.wikidata.org/entity/Q414
N0TEE54L,6,5,http://www.wikidata.org/entity/Q414
N0TEE54L,7,5,http://www.wikidata.org/entity/Q414
N0TEE54L,8,5,http://www.wikidata.org/entity/Q414
UQYEY61N,1,0,http://www.wikidata.org/entity/Q1025927
UQYEY61N,2,0,http://www.wikidata.org/entity/Q1149754
UQYEY61N,3,0,http://www.wikidata.org/entity/Q1025927
UQYEY61N,4,0,http://www.wikidata.org/entity/Q1149754
UQYEY61N,5,0,http://www.wikidata.org/entity/Q1025927
UQYEY61N,1,1,http://www.wikidata.org/entity/Q816560
UQYEY61N,2,1,http://www.wikidata.org/entity/Q104674
UQYEY61N,3,1,http://www.wikidata.org/entity/Q816560
UQYEY61N,4,1,http://www.wikidata.org/entity/Q104674
UQYEY61N,5,1,http://www.wikidata.org/entity/Q816560
UQYEY61N,1,2,http://www.wikidata.org/entity/Q208279
UQYEY61N,2,2,http://www.wikidata.org/entity/Q208279
UQYEY61N,3,2,http://www.wikidata.org/entity/Q208279
UQYEY61N,4,2,http://www.wikidata.org/entity/Q208279
UQYEY61N,5,2,http://www.wikidata.org/entity/Q208279
UQYEY61N,1,3,http://www.wikidata.org/entity/Q26709966
UQYEY61N,2,3,http://www.wikidata.org/entity/Q26709961
UQYEY61N,3,3,http://www.wikidata.org/entity/Q26709961
UQYEY61N,4,3,http://www.wikidata.org/entity/Q22569536
UQYEY61N,5,3,http://www.wikidata.org/entity/Q22569536
UQYEY61N,1,4,http://www.wikidata.org/entity/Q747064
UQYEY61N,2,4,http://www.wikidata.org/entity/Q1084560
UQYEY61N,3,4,http://www.wikidata.org/entity/Q747064
UQYEY61N,4,4,http://www.wikidata.org/entity/Q1084560
UQYEY61N,5,4,http://www.wikidata.org/entity/Q747064
UQYEY61N,1,5,http://www.wikidata.org/entity/Q1124736
UQYEY61N,2,5,http://www.wikidata.org/entity/Q1084560
UQYEY61N,3,5,http://www.wikidata.org/entity/Q1124736
UQYEY61N,4,5,http://www.wikidata.org/entity/Q1084560
UQYEY61N,5,5,http://www.wikidata.org/entity/Q1124736
O9B7BQWE,0,0,http://www.wikidata.org/entity/Q218593
O9B7BQWE,1,0,http://www.wikidata.org/entity/Q20978
O9B7BQWE,2,0,http://www.wikidata.org/entity/Q20974
O9B7BQWE,3,0,http://www.wikidata.org/entity/Q20969
O9B7BQWE,4,0,http://www.wikidata.org/entity/Q20953
O9B7BQWE,5,0,http://www.wikidata.org/entity/Q20947
O9B7BQWE,6,0,http://www.wikidata.org/entity/Q20940
O9B7BQWE,7,0,http://www.wikidata.org/entity/Q20931
O9B7BQWE,8,0,http://www.wikidata.org/entity/Q20930
O9B7BQWE,9,0,http://www.wikidata.org/entity/Q20928
O9B7BQWE,10,0,http://www.wikidata.org/entity/Q20923
O9B7BQWE,11,0,http://www.wikidata.org/entity/Q20920
O9B7BQWE,12,0,http://www.wikidata.org/entity/Q20918
O9B7BQWE,13,0,http://www.wikidata.org/entity/Q20902
O9B7BQWE,0,1,http://www.wikidata.org/entity/Q218593
O9B7BQWE,1,1,http://www.wikidata.org/entity/Q31
O9B7BQWE,2,1,http://www.wikidata.org/entity/Q31
O9B7BQWE,3,1,http://www.wikidata.org/entity/Q31
O9B7BQWE,4,1,http://www.wikidata.org/entity/Q31
O9B7BQWE,5,1,http://www.wikidata.org/entity/Q31
O9B7BQWE,6,1,http://www.wikidata.org/entity/Q31
O9B7BQWE,7,1,http://www.wikidata.org/entity/Q31
O9B7BQWE,8,1,http://www.wikidata.org/entity/Q31
O9B7BQWE,9,1,http://www.wikidata.org/entity/Q31
O9B7BQWE,10,1,http://www.wikidata.org/entity/Q31
O9B7BQWE,11,1,http://www.wikidata.org/entity/Q31
O9B7BQWE,12,1,http://www.wikidata.org/entity/Q31
O9B7BQWE,13,1,http://www.wikidata.org/entity/Q31
O9B7BQWE,0,2,http://www.wikidata.org/entity/Q270952
O9B7BQWE,1,2,http://www.wikidata.org/entity/Q7954
O9B7BQWE,2,2,http://www.wikidata.org/entity/Q7954
O9B7BQWE,3,2,http://www.wikidata.org/entity/Q7954
O9B7BQWE,4,2,http://www.wikidata.org/entity/Q7954
O9B7BQWE,5,2,http://www.wikidata.org/entity/Q7954
O9B7BQWE,6,2,http://www.wikidata.org/entity/Q7954
O9B7BQWE,7,2,http://www.wikidata.org/entity/Q7954
O9B7BQWE,8,2,http://www.wikidata.org/entity/Q7954
O9B7BQWE,9,2,http://www.wikidata.org/entity/Q7954
O9B7BQWE,10,2,http://www.wikidata.org/entity/Q7954
O9B7BQWE,11,2,http://www.wikidata.org/entity/Q7954
O9B7BQWE,12,2,http://www.wikidata.org/entity/Q7954
O9B7BQWE,13,2,http://www.wikidata.org/entity/Q7954
O9B7BQWE,0,3,http://www.wikidata.org/entity/Q9633
O9B7BQWE,1,3,http://www.wikidata.org/entity/Q7954
O9B7BQWE,2,3,http://www.wikidata.org/entity/Q7954
O9B7BQWE,3,3,http://www.wikidata.org/entity/Q7954
O9B7BQWE,4,3,http://www.wikidata.org/entity/Q7954
O9B7BQWE,5,3,http://www.wikidata.org/entity/Q7954
O9B7BQWE,6,3,http://www.wikidata.org/entity/Q7954
O9B7BQWE,7,3,http://www.wikidata.org/entity/Q7954
O9B7BQWE,8,3,http://www.wikidata.org/entity/Q7954
O9B7BQWE,9,3,http://www.wikidata.org/entity/Q7954
O9B7BQWE,10,3,http://www.wikidata.org/entity/Q7954
O9B7BQWE,11,3,http://www.wikidata.org/entity/Q7954
O9B7BQWE,12,3,http://www.wikidata.org/entity/Q7954
O9B7BQWE,13,3,http://www.wikidata.org/entity/Q7954
M10WPBWB,1,0,http://www.wikidata.org/entity/Q218593
M10WPBWB,2,0,http://www.wikidata.org/entity/Q218593
M10WPBWB,3,0,http://www.wikidata.org/entity/Q218593
M10WPBWB,1,1,http://www.wikidata.org/entity/Q3609
M10WPBWB,2,1,http://www.wikidata.org/entity/Q47295669
M10WPBWB,3,1,http://www.wikidata.org/entity/Q484799
M10WPBWB,1,2,http://www.wikidata.org/entity/Q3609
M10WPBWB,2,2,http://www.wikidata.org/entity/Q17486978
M10WPBWB,3,2,http://www.wikidata.org/entity/Q465545
M10WPBWB,1,3,http://www.wikidata.org/entity/Q3609
M10WPBWB,2,3,http://www.wikidata.org/entity/Q13674541
M10WPBWB,3,3,http://www.wikidata.org/entity/Q465545
M10WPBWB,1,4,http://www.wikidata.org/entity/Q3609
M10WPBWB,2,4,http://www.wikidata.org/entity/Q47124292
M10WPBWB,3,4,http://www.wikidata.org/entity/Q187223
M10WPBWB,1,5,http://www.wikidata.org/entity/Q3609
M10WPBWB,2,5,http://www.wikidata.org/entity/Q42317524
M10WPBWB,3,5,http://www.wikidata.org/entity/Q844502
M10WPBWB,1,6,http://www.wikidata.org/entity/Q3609
M10WPBWB,2,6,http://www.wikidata.org/entity/Q42419359
M10WPBWB,3,6,http://www.wikidata.org/entity/Q319476
M10WPBWB,1,7,http://www.wikidata.org/entity/Q3609
M10WPBWB,2,7,http://www.wikidata.org/entity/Q42317524
M10WPBWB,3,7,http://www.wikidata.org/entity/Q317444
M10WPBWB,1,8,http://www.wikidata.org/entity/Q3609
M10WPBWB,2,8,http://www.wikidata.org/entity/Q765690
M10WPBWB,3,8,http://www.wikidata.org/entity/Q83462
M10WPBWB,1,9,http://www.wikidata.org/entity/Q3609
M10WPBWB,2,9,http://www.wikidata.org/entity/Q50063124
M10WPBWB,3,9,http://www.wikidata.org/entity/Q22080057
1LRCBAWH,1,0,http://www.wikidata.org/entity/Q42941289
1LRCBAWH,2,0,http://www.wikidata.org/entity/Q9213727
1LRCBAWH,3,0,http://www.wikidata.org/entity/Q42941289
1LRCBAWH,4,0,http://www.wikidata.org/entity/Q9213727
1LRCBAWH,1,1,http://www.wikidata.org/entity/Q40662
1LRCBAWH,2,1,http://www.wikidata.org/entity/Q235113
1LRCBAWH,3,1,http://www.wikidata.org/entity/Q40662
1LRCBAWH,4,1,http://www.wikidata.org/entity/Q345
1LRCBAWH,1,3,http://www.wikidata.org/entity/Q443153
1LRCBAWH,2,3,http://www.wikidata.org/entity/Q443153
1LRCBAWH,3,3,http://www.wikidata.org/entity/Q443153
1LRCBAWH,4,3,http://www.wikidata.org/entity/Q443153
1LRCBAWH,1,4,http://www.wikidata.org/entity/Q19652
1LRCBAWH,2,4,http://www.wikidata.org/entity/Q19652
1LRCBAWH,3,4,http://www.wikidata.org/entity/Q19652
1LRCBAWH,4,4,http://www.wikidata.org/entity/Q19652
1LRCBAWH,1,5,http://www.wikidata.org/entity/Q296955
1LRCBAWH,2,5,http://www.wikidata.org/entity/Q296955
1LRCBAWH,3,5,http://www.wikidata.org/entity/Q296955
1LRCBAWH,4,5,http://www.wikidata.org/entity/Q296955
1LRCBAWH,1,6,http://www.wikidata.org/entity/Q42966401
1LRCBAWH,2,6,http://www.wikidata.org/entity/Q29951331
1LRCBAWH,3,6,http://www.wikidata.org/entity/Q20173944
1LRCBAWH,4,6,http://www.wikidata.org/entity/Q29951331
J37YA580,1,0,http://www.wikidata.org/entity/Q1989719
J37YA580,2,0,http://www.wikidata.org/entity/Q1831916
J37YA580,3,0,http://www.wikidata.org/entity/Q927316
J37YA580,4,0,http://www.wikidata.org/entity/Q3069233
J37YA580,1,2,http://www.wikidata.org/entity/Q1208453
J37YA580,2,2,http://www.wikidata.org/entity/Q1208453
J37YA580,3,2,http://www.wikidata.org/entity/Q1208453
J37YA580,4,2,http://www.wikidata.org/entity/Q878130
J37YA580,1,5,http://www.wikidata.org/entity/Q1103
J37YA580,2,5,http://www.wikidata.org/entity/Q1103
J37YA580,3,5,http://www.wikidata.org/entity/Q1103
J37YA580,4,5,http://www.wikidata.org/entity/Q1103
ATCOJZY2,1,0,http://www.wikidata.org/entity/Q6053
ATCOJZY2,2,0,http://www.wikidata.org/entity/Q6022
ATCOJZY2,3,0,http://www.wikidata.org/entity/Q5978
ATCOJZY2,4,0,http://www.wikidata.org/entity/Q5970
ATCOJZY2,5,0,http://www.wikidata.org/entity/Q5963
ATCOJZY2,6,0,http://www.wikidata.org/entity/Q5956
ATCOJZY2,7,0,http://www.wikidata.org/entity/Q5947
ATCOJZY2,8,0,http://www.wikidata.org/entity/Q5945
ATCOJZY2,9,0,http://www.wikidata.org/entity/Q5939
ATCOJZY2,10,0,http://www.wikidata.org/entity/Q5936
ATCOJZY2,1,2,http://www.wikidata.org/entity/Q85332736
ATCOJZY2,2,2,http://www.wikidata.org/entity/Q85332736
ATCOJZY2,3,2,http://www.wikidata.org/entity/Q85332736
ATCOJZY2,4,2,http://www.wikidata.org/entity/Q85332736
ATCOJZY2,5,2,http://www.wikidata.org/entity/Q85332736
ATCOJZY2,6,2,http://www.wikidata.org/entity/Q85332736
ATCOJZY2,7,2,http://www.wikidata.org/entity/Q85332736
ATCOJZY2,8,2,http://www.wikidata.org/entity/Q85332736
ATCOJZY2,9,2,http://www.wikidata.org/entity/Q85332736
ATCOJZY2,10,2,http://www.wikidata.org/entity/Q85332736
ATCOJZY2,1,3,http://www.wikidata.org/entity/Q19259334
ATCOJZY2,2,3,http://www.wikidata.org/entity/Q825789
ATCOJZY2,3,3,http://www.wikidata.org/entity/Q27683921
ATCOJZY2,4,3,http://www.wikidata.org/entity/Q15851046
ATCOJZY2,5,3,http://www.wikidata.org/entity/Q99292
ATCOJZY2,6,3,http://www.wikidata.org/entity/Q15803866
ATCOJZY2,7,3,http://www.wikidata.org/entity/Q2737622
ATCOJZY2,8,3,http://www.wikidata.org/entity/Q1438656
ATCOJZY2,9,3,http://www.wikidata.org/entity/Q1460367
ATCOJZY2,10,3,http://www.wikidata.org/entity/Q15842071
RJ0SQ5VK,1,0,http://www.wikidata.org/entity/Q26778892
RJ0SQ5VK,2,0,http://www.wikidata.org/entity/Q10775823
RJ0SQ5VK,3,0,http://www.wikidata.org/entity/Q10768593
RJ0SQ5VK,4,0,http://www.wikidata.org/entity/Q26779145
RJ0SQ5VK,5,0,http://www.wikidata.org/entity/Q26778892
RJ0SQ5VK,6,0,http://www.wikidata.org/entity/Q10775823
RJ0SQ5VK,1,1,http://www.wikidata.org/entity/Q213
RJ0SQ5VK,2,1,http://www.wikidata.org/entity/Q213
RJ0SQ5VK,3,1,http://www.wikidata.org/entity/Q213
RJ0SQ5VK,4,1,http://www.wikidata.org/entity/Q213
RJ0SQ5VK,5,1,http://www.wikidata.org/entity/Q213
RJ0SQ5VK,6,1,http://www.wikidata.org/entity/Q213
RJ0SQ5VK,1,2,http://www.wikidata.org/entity/Q26899
RJ0SQ5VK,2,2,http://www.wikidata.org/entity/Q26899
RJ0SQ5VK,3,2,http://www.wikidata.org/entity/Q26899
RJ0SQ5VK,4,2,http://www.wikidata.org/entity/Q811534
RJ0SQ5VK,5,2,http://www.wikidata.org/entity/Q811534
RJ0SQ5VK,6,2,http://www.wikidata.org/entity/Q811534
RJ0SQ5VK,1,3,http://www.wikidata.org/entity/Q10884
RJ0SQ5VK,2,3,http://www.wikidata.org/entity/Q10884
RJ0SQ5VK,3,3,http://www.wikidata.org/entity/Q10884
RJ0SQ5VK,4,3,http://www.wikidata.org/entity/Q10884
RJ0SQ5VK,5,3,http://www.wikidata.org/entity/Q10884
RJ0SQ5VK,6,3,http://www.wikidata.org/entity/Q10884
9DN7FJB2,1,0,http://www.wikidata.org/entity/Q18882693
9DN7FJB2,2,0,http://www.wikidata.org/entity/Q18882691
9DN7FJB2,3,0,http://www.wikidata.org/entity/Q18087028
9DN7FJB2,4,0,http://www.wikidata.org/entity/Q18087026
9DN7FJB2,1,2,http://www.wikidata.org/entity/Q466147
9DN7FJB2,2,2,http://www.wikidata.org/entity/Q466147
9DN7FJB2,3,2,http://www.wikidata.org/entity/Q466147
9DN7FJB2,4,2,http://www.wikidata.org/entity/Q466147
K6CBLPCU,0,0,http://www.wikidata.org/entity/Q218593
K6CBLPCU,1,0,http://www.wikidata.org/entity/Q133972
K6CBLPCU,2,0,http://www.wikidata.org/entity/Q253397
K6CBLPCU,3,0,http://www.wikidata.org/entity/Q286157
K6CBLPCU,4,0,http://www.wikidata.org/entity/Q19363681
K6CBLPCU,0,1,http://www.wikidata.org/entity/Q218593
K6CBLPCU,1,1,http://www.wikidata.org/entity/Q3182661
K6CBLPCU,2,1,http://www.wikidata.org/entity/Q3306609
K6CBLPCU,3,1,http://www.wikidata.org/entity/Q2281636
K6CBLPCU,4,1,http://www.wikidata.org/entity/Q2840609
K6CBLPCU,0,2,http://www.wikidata.org/entity/Q14877683
K6CBLPCU,1,2,http://www.wikidata.org/entity/Q2644123
K6CBLPCU,2,2,http://www.wikidata.org/entity/Q179200
K6CBLPCU,3,2,http://www.wikidata.org/entity/Q126399
K6CBLPCU,4,2,http://www.wikidata.org/entity/Q159846
K6CBLPCU,0,3,http://www.wikidata.org/entity/Q218593
K6CBLPCU,1,3,http://www.wikidata.org/entity/Q1268687
K6CBLPCU,2,3,http://www.wikidata.org/entity/Q1268687
K6CBLPCU,3,3,http://www.wikidata.org/entity/Q1268687
K6CBLPCU,4,3,http://www.wikidata.org/entity/Q1268687
K6CBLPCU,0,4,http://www.wikidata.org/entity/Q218593
K6CBLPCU,1,4,http://www.wikidata.org/entity/Q1860
K6CBLPCU,2,4,http://www.wikidata.org/entity/Q1860
K6CBLPCU,3,4,http://www.wikidata.org/entity/Q1860
K6CBLPCU,4,4,http://www.wikidata.org/entity/Q1860
FAA3Y2YE,1,0,http://www.wikidata.org/entity/Q2225284
FAA3Y2YE,2,0,http://www.wikidata.org/entity/Q2288311
FAA3Y2YE,3,0,http://www.wikidata.org/entity/Q2287339
FAA3Y2YE,4,0,http://www.wikidata.org/entity/Q2245271
FAA3Y2YE,5,0,http://www.wikidata.org/entity/Q2252224
FAA3Y2YE,6,0,http://www.wikidata.org/entity/Q2257600
FAA3Y2YE,7,0,http://www.wikidata.org/entity/Q2269251
FAA3Y2YE,8,0,http://www.wikidata.org/entity/Q2288224
FAA3Y2YE,9,0,http://www.wikidata.org/entity/Q2233334
FAA3Y2YE,10,0,http://www.wikidata.org/entity/Q2288224
FAA3Y2YE,11,0,http://www.wikidata.org/entity/Q2233334
FAA3Y2YE,12,0,http://www.wikidata.org/entity/Q2288224
FAA3Y2YE,1,1,http://www.wikidata.org/entity/Q36
FAA3Y2YE,2,1,http://www.wikidata.org/entity/Q36
FAA3Y2YE,3,1,http://www.wikidata.org/entity/Q36
FAA3Y2YE,4,1,http://www.wikidata.org/entity/Q36
FAA3Y2YE,5,1,http://www.wikidata.org/entity/Q36
FAA3Y2YE,6,1,http://www.wikidata.org/entity/Q36
FAA3Y2YE,7,1,http://www.wikidata.org/entity/Q36
FAA3Y2YE,8,1,http://www.wikidata.org/entity/Q36
FAA3Y2YE,9,1,http://www.wikidata.org/entity/Q36
FAA3Y2YE,10,1,http://www.wikidata.org/entity/Q36
FAA3Y2YE,11,1,http://www.wikidata.org/entity/Q36
FAA3Y2YE,12,1,http://www.wikidata.org/entity/Q36
FAA3Y2YE,1,2,http://www.wikidata.org/entity/Q2593463
FAA3Y2YE,2,2,http://www.wikidata.org/entity/Q2756454
FAA3Y2YE,3,2,http://www.wikidata.org/entity/Q1020457
FAA3Y2YE,4,2,http://www.wikidata.org/entity/Q984890
FAA3Y2YE,5,2,http://www.wikidata.org/entity/Q809635
FAA3Y2YE,6,2,http://www.wikidata.org/entity/Q983959
FAA3Y2YE,7,2,http://www.wikidata.org/entity/Q490118
FAA3Y2YE,8,2,http://www.wikidata.org/entity/Q1915100
FAA3Y2YE,9,2,http://www.wikidata.org/entity/Q2337463
FAA3Y2YE,10,2,http://www.wikidata.org/entity/Q1915100
FAA3Y2YE,11,2,http://www.wikidata.org/entity/Q2337463
FAA3Y2YE,12,2,http://www.wikidata.org/entity/Q1915100
FAA3Y2YE,1,3,http://www.wikidata.org/entity/Q2332153
FAA3Y2YE,2,3,http://www.wikidata.org/entity/Q104725
FAA3Y2YE,3,3,http://www.wikidata.org/entity/Q338905
FAA3Y2YE,4,3,http://www.wikidata.org/entity/Q1443270
FAA3Y2YE,5,3,http://www.wikidata.org/entity/Q634162
FAA3Y2YE,6,3,http://www.wikidata.org/entity/Q106274
FAA3Y2YE,7,3,http://www.wikidata.org/entity/Q147934
FAA3Y2YE,8,3,http://www.wikidata.org/entity/Q2459232
FAA3Y2YE,9,3,http://www.wikidata.org/entity/Q2293722
FAA3Y2YE,10,3,http://www.wikidata.org/entity/Q2293715
FAA3Y2YE,11,3,http://www.wikidata.org/entity/Q2187429
FAA3Y2YE,12,3,http://www.wikidata.org/entity/Q2124484
FAA3Y2YE,1,4,http://www.wikidata.org/entity/Q947495
FAA3Y2YE,2,4,http://www.wikidata.org/entity/Q947495
FAA3Y2YE,3,4,http://www.wikidata.org/entity/Q936138
FAA3Y2YE,4,4,http://www.wikidata.org/entity/Q774944
FAA3Y2YE,5,4,http://www.wikidata.org/entity/Q774833
FAA3Y2YE,6,4,http://www.wikidata.org/entity/Q645851
FAA3Y2YE,7,4,http://www.wikidata.org/entity/Q637018
FAA3Y2YE,8,4,http://www.wikidata.org/entity/Q610857
FAA3Y2YE,9,4,http://www.wikidata.org/entity/Q610857
FAA3Y2YE,10,4,http://www.wikidata.org/entity/Q610857
FAA3Y2YE,11,4,http://www.wikidata.org/entity/Q610857
FAA3Y2YE,12,4,http://www.wikidata.org/entity/Q610857
1FWT6ZMI,1,0,http://www.wikidata.org/entity/Q218593
1FWT6ZMI,2,0,http://www.wikidata.org/entity/Q218593
1FWT6ZMI,3,0,http://www.wikidata.org/entity/Q218593
1FWT6ZMI,4,0,http://www.wikidata.org/entity/Q218593
1FWT6ZMI,1,1,http://www.wikidata.org/entity/Q24037517
1FWT6ZMI,2,1,http://www.wikidata.org/entity/Q639354
1FWT6ZMI,3,1,http://www.wikidata.org/entity/Q373126
1FWT6ZMI,4,1,http://www.wikidata.org/entity/Q693722
1FWT6ZMI,1,2,http://www.wikidata.org/entity/Q1114461
1FWT6ZMI,2,2,http://www.wikidata.org/entity/Q718
1FWT6ZMI,3,2,http://www.wikidata.org/entity/Q41410
1FWT6ZMI,4,2,http://www.wikidata.org/entity/Q338430
1FWT6ZMI,1,3,http://www.wikidata.org/entity/Q1114461
1FWT6ZMI,2,3,http://www.wikidata.org/entity/Q639354
1FWT6ZMI,3,3,http://www.wikidata.org/entity/Q373126
1FWT6ZMI,4,3,http://www.wikidata.org/entity/Q693722
1FWT6ZMI,1,4,http://www.wikidata.org/entity/Q188784
1FWT6ZMI,2,4,http://www.wikidata.org/entity/Q44148
1FWT6ZMI,3,4,http://www.wikidata.org/entity/Q6720587
1FWT6ZMI,4,4,http://www.wikidata.org/entity/Q180228
CIPSIPK1,1,0,http://www.wikidata.org/entity/Q168713
CIPSIPK1,2,0,http://www.wikidata.org/entity/Q2103611
CIPSIPK1,3,0,http://www.wikidata.org/entity/Q931718
CIPSIPK1,4,0,http://www.wikidata.org/entity/Q272560
CIPSIPK1,1,1,http://www.wikidata.org/entity/Q23668083
CIPSIPK1,2,1,http://www.wikidata.org/entity/Q61058403
CIPSIPK1,3,1,http://www.wikidata.org/entity/Q1568567
CIPSIPK1,4,1,http://www.wikidata.org/entity/Q19558910
CIPSIPK1,1,2,http://www.wikidata.org/entity/Q575727
CIPSIPK1,2,2,http://www.wikidata.org/entity/Q575727
CIPSIPK1,3,2,http://www.wikidata.org/entity/Q575727
CIPSIPK1,4,2,http://www.wikidata.org/entity/Q575727
CIPSIPK1,1,3,http://www.wikidata.org/entity/Q1089238
CIPSIPK1,2,3,http://www.wikidata.org/entity/Q611810
CIPSIPK1,3,3,http://www.wikidata.org/entity/Q1577502
CIPSIPK1,4,3,http://www.wikidata.org/entity/Q752208
CIPSIPK1,1,4,http://www.wikidata.org/entity/Q159
CIPSIPK1,2,4,http://www.wikidata.org/entity/Q142
CIPSIPK1,3,4,http://www.wikidata.org/entity/Q16
CIPSIPK1,4,4,http://www.wikidata.org/entity/Q30
CIPSIPK1,1,6,http://www.wikidata.org/entity/Q2292711
CIPSIPK1,2,6,http://www.wikidata.org/entity/Q71724
CIPSIPK1,3,6,http://www.wikidata.org/entity/Q763052
CIPSIPK1,4,6,http://www.wikidata.org/entity/Q524435
CIPSIPK1,1,7,http://www.wikidata.org/entity/Q583941
CIPSIPK1,2,7,http://www.wikidata.org/entity/Q217406
CIPSIPK1,3,7,http://www.wikidata.org/entity/Q25387
CIPSIPK1,4,7,http://www.wikidata.org/entity/Q11220
I2K209PH,1,0,http://www.wikidata.org/entity/Q11961984
I2K209PH,2,0,http://www.wikidata.org/entity/Q15355321
I2K209PH,3,0,http://www.wikidata.org/entity/Q1806136
I2K209PH,4,0,http://www.wikidata.org/entity/Q2464895
I2K209PH,1,1,http://www.wikidata.org/entity/Q5733607
I2K209PH,2,1,http://www.wikidata.org/entity/Q4590243
I2K209PH,3,1,http://www.wikidata.org/entity/Q593531
I2K209PH,4,1,http://www.wikidata.org/entity/Q5776
I2K209PH,1,2,http://www.wikidata.org/entity/Q81738
I2K209PH,2,2,http://www.wikidata.org/entity/Q81738
I2K209PH,3,2,http://www.wikidata.org/entity/Q81738
I2K209PH,4,2,http://www.wikidata.org/entity/Q81738
I2K209PH,1,3,http://www.wikidata.org/entity/Q2335769
I2K209PH,2,3,http://www.wikidata.org/entity/Q2335769
I2K209PH,3,3,http://www.wikidata.org/entity/Q2470052
I2K209PH,4,3,http://www.wikidata.org/entity/Q2335769
FIFN23QC,1,0,http://www.wikidata.org/entity/Q28753630
FIFN23QC,2,0,http://www.wikidata.org/entity/Q28753629
FIFN23QC,3,0,http://www.wikidata.org/entity/Q28753628
FIFN23QC,4,0,http://www.wikidata.org/entity/Q28753627
FIFN23QC,1,1,http://www.wikidata.org/entity/Q29380077
FIFN23QC,2,1,http://www.wikidata.org/entity/Q29380076
FIFN23QC,3,1,http://www.wikidata.org/entity/Q29380074
FIFN23QC,4,1,http://www.wikidata.org/entity/Q29380073
FIFN23QC,1,3,http://www.wikidata.org/entity/Q33
FIFN23QC,2,3,http://www.wikidata.org/entity/Q33
FIFN23QC,3,3,http://www.wikidata.org/entity/Q33
FIFN23QC,4,3,http://www.wikidata.org/entity/Q33
OQ23IL12,1,0,http://www.wikidata.org/entity/Q755901
OQ23IL12,2,0,http://www.wikidata.org/entity/Q754692
OQ23IL12,3,0,http://www.wikidata.org/entity/Q754390
OQ23IL12,4,0,http://www.wikidata.org/entity/Q754692
OQ23IL12,1,1,http://www.wikidata.org/entity/Q5390
OQ23IL12,2,1,http://www.wikidata.org/entity/Q941023
OQ23IL12,3,1,http://www.wikidata.org/entity/Q941023
OQ23IL12,4,1,http://www.wikidata.org/entity/Q941023
OQ23IL12,1,2,http://www.wikidata.org/entity/Q754074
OQ23IL12,2,2,http://www.wikidata.org/entity/Q753764
OQ23IL12,3,2,http://www.wikidata.org/entity/Q648142
OQ23IL12,4,2,http://www.wikidata.org/entity/Q584451
E6Z57EBA,1,0,http://www.wikidata.org/entity/Q30532259
E6Z57EBA,2,0,http://www.wikidata.org/entity/Q30526507
E6Z57EBA,3,0,http://www.wikidata.org/entity/Q30509759
E6Z57EBA,4,0,http://www.wikidata.org/entity/Q30899380
E6Z57EBA,5,0,http://www.wikidata.org/entity/Q30899342
E6Z57EBA,6,0,http://www.wikidata.org/entity/Q30899311
E6Z57EBA,7,0,http://www.wikidata.org/entity/Q30899285
E6Z57EBA,8,0,http://www.wikidata.org/entity/Q20033471
E6Z57EBA,9,0,http://www.wikidata.org/entity/Q19361204
E6Z57EBA,10,0,http://www.wikidata.org/entity/Q20107672
E6Z57EBA,11,0,http://www.wikidata.org/entity/Q20107671
E6Z57EBA,12,0,http://www.wikidata.org/entity/Q20033471
E6Z57EBA,13,0,http://www.wikidata.org/entity/Q19361204
E6Z57EBA,14,0,http://www.wikidata.org/entity/Q27865325
E6Z57EBA,1,1,http://www.wikidata.org/entity/Q523237
E6Z57EBA,2,1,http://www.wikidata.org/entity/Q561224
E6Z57EBA,3,1,http://www.wikidata.org/entity/Q693736
E6Z57EBA,4,1,http://www.wikidata.org/entity/Q458713
E6Z57EBA,5,1,http://www.wikidata.org/entity/Q458713
E6Z57EBA,6,1,http://www.wikidata.org/entity/Q458713
E6Z57EBA,7,1,http://www.wikidata.org/entity/Q3496650
E6Z57EBA,8,1,http://www.wikidata.org/entity/Q286183
E6Z57EBA,9,1,http://www.wikidata.org/entity/Q286183
E6Z57EBA,10,1,http://www.wikidata.org/entity/Q219912
E6Z57EBA,11,1,http://www.wikidata.org/entity/Q155293
E6Z57EBA,12,1,http://www.wikidata.org/entity/Q286183
E6Z57EBA,13,1,http://www.wikidata.org/entity/Q286183
E6Z57EBA,14,1,http://www.wikidata.org/entity/Q286183
E6Z57EBA,1,2,http://www.wikidata.org/entity/Q499192
E6Z57EBA,2,2,http://www.wikidata.org/entity/Q499192
E6Z57EBA,3,2,http://www.wikidata.org/entity/Q499192
E6Z57EBA,4,2,http://www.wikidata.org/entity/Q499192
E6Z57EBA,5,2,http://www.wikidata.org/entity/Q499192
E6Z57EBA,6,2,http://www.wikidata.org/entity/Q499192
E6Z57EBA,7,2,http://www.wikidata.org/entity/Q499192
E6Z57EBA,8,2,http://www.wikidata.org/entity/Q22231106
E6Z57EBA,9,2,http://www.wikidata.org/entity/Q22231106
E6Z57EBA,10,2,http://www.wikidata.org/entity/Q499192
E6Z57EBA,11,2,http://www.wikidata.org/entity/Q499192
E6Z57EBA,12,2,http://www.wikidata.org/entity/Q499192
E6Z57EBA,13,2,http://www.wikidata.org/entity/Q499192
E6Z57EBA,14,2,http://www.wikidata.org/entity/Q22231106
E6Z57EBA,1,3,http://www.wikidata.org/entity/Q3609
E6Z57EBA,2,3,http://www.wikidata.org/entity/Q3609
E6Z57EBA,3,3,http://www.wikidata.org/entity/Q3609
E6Z57EBA,4,3,http://www.wikidata.org/entity/Q3609
E6Z57EBA,5,3,http://www.wikidata.org/entity/Q3609
E6Z57EBA,6,3,http://www.wikidata.org/entity/Q3609
E6Z57EBA,7,3,http://www.wikidata.org/entity/Q3609
E6Z57EBA,8,3,http://www.wikidata.org/entity/Q3609
E6Z57EBA,9,3,http://www.wikidata.org/entity/Q3609
E6Z57EBA,10,3,http://www.wikidata.org/entity/Q3609
E6Z57EBA,11,3,http://www.wikidata.org/entity/Q3609
E6Z57EBA,12,3,http://www.wikidata.org/entity/Q3609
E6Z57EBA,13,3,http://www.wikidata.org/entity/Q3609
E6Z57EBA,14,3,http://www.wikidata.org/entity/Q3609
E6Z57EBA,1,4,http://www.wikidata.org/entity/Q722368
E6Z57EBA,2,4,http://www.wikidata.org/entity/Q275830
E6Z57EBA,3,4,http://www.wikidata.org/entity/Q15983
E6Z57EBA,4,4,http://www.wikidata.org/entity/Q458713
E6Z57EBA,5,4,http://www.wikidata.org/entity/Q458713
E6Z57EBA,6,4,http://www.wikidata.org/entity/Q458713
E6Z57EBA,7,4,http://www.wikidata.org/entity/Q3496650
E6Z57EBA,8,4,http://www.wikidata.org/entity/Q298185
E6Z57EBA,9,4,http://www.wikidata.org/entity/Q1363155
E6Z57EBA,10,4,http://www.wikidata.org/entity/Q358167
E6Z57EBA,11,4,http://www.wikidata.org/entity/Q365538
E6Z57EBA,12,4,http://www.wikidata.org/entity/Q298185
E6Z57EBA,13,4,http://www.wikidata.org/entity/Q1363155
E6Z57EBA,14,4,http://www.wikidata.org/entity/Q286183
E6Z57EBA,1,5,http://www.wikidata.org/entity/Q31
E6Z57EBA,2,5,http://www.wikidata.org/entity/Q31
E6Z57EBA,3,5,http://www.wikidata.org/entity/Q31
E6Z57EBA,4,5,http://www.wikidata.org/entity/Q31
E6Z57EBA,5,5,http://www.wikidata.org/entity/Q31
E6Z57EBA,6,5,http://www.wikidata.org/entity/Q31
E6Z57EBA,7,5,http://www.wikidata.org/entity/Q31
E6Z57EBA,8,5,http://www.wikidata.org/entity/Q31
E6Z57EBA,9,5,http://www.wikidata.org/entity/Q31
E6Z57EBA,10,5,http://www.wikidata.org/entity/Q31
E6Z57EBA,11,5,http://www.wikidata.org/entity/Q31
E6Z57EBA,12,5,http://www.wikidata.org/entity/Q31
E6Z57EBA,13,5,http://www.wikidata.org/entity/Q31
E6Z57EBA,14,5,http://www.wikidata.org/entity/Q31
SZK8CXW4,1,0,http://www.wikidata.org/entity/Q842306
SZK8CXW4,2,0,http://www.wikidata.org/entity/Q736731
SZK8CXW4,3,0,http://www.wikidata.org/entity/Q842306
SZK8CXW4,4,0,http://www.wikidata.org/entity/Q853718
SZK8CXW4,1,2,http://www.wikidata.org/entity/Q30
SZK8CXW4,2,2,http://www.wikidata.org/entity/Q30
SZK8CXW4,3,2,http://www.wikidata.org/entity/Q30
SZK8CXW4,4,2,http://www.wikidata.org/entity/Q30
SZK8CXW4,1,3,http://www.wikidata.org/entity/Q22006653
SZK8CXW4,2,3,http://www.wikidata.org/entity/Q22006653
SZK8CXW4,3,3,http://www.wikidata.org/entity/Q22006653
SZK8CXW4,4,3,http://www.wikidata.org/entity/Q22006653
SZK8CXW4,1,4,http://www.wikidata.org/entity/Q649801
SZK8CXW4,2,4,http://www.wikidata.org/entity/Q5293286
SZK8CXW4,3,4,http://www.wikidata.org/entity/Q649801
SZK8CXW4,4,4,http://www.wikidata.org/entity/Q568631
SZK8CXW4,1,5,http://www.wikidata.org/entity/Q9607703
SZK8CXW4,2,5,http://www.wikidata.org/entity/Q3752659
SZK8CXW4,3,5,http://www.wikidata.org/entity/Q372838
SZK8CXW4,4,5,http://www.wikidata.org/entity/Q8704
86H9C68W,1,0,http://www.wikidata.org/entity/Q42158490
86H9C68W,2,0,http://www.wikidata.org/entity/Q27555293
86H9C68W,3,0,http://www.wikidata.org/entity/Q23662651
86H9C68W,4,0,http://www.wikidata.org/entity/Q17150061
86H9C68W,1,1,http://www.wikidata.org/entity/Q289826
86H9C68W,2,1,http://www.wikidata.org/entity/Q236488
86H9C68W,3,1,http://www.wikidata.org/entity/Q84567
86H9C68W,4,1,http://www.wikidata.org/entity/Q239853
86H9C68W,1,2,http://www.wikidata.org/entity/Q38
86H9C68W,2,2,http://www.wikidata.org/entity/Q38
86H9C68W,3,2,http://www.wikidata.org/entity/Q38
86H9C68W,4,2,http://www.wikidata.org/entity/Q38
86H9C68W,1,3,http://www.wikidata.org/entity/Q57277577
86H9C68W,2,3,http://www.wikidata.org/entity/Q42158490
86H9C68W,3,3,http://www.wikidata.org/entity/Q27555293
86H9C68W,4,3,http://www.wikidata.org/entity/Q17150061
SG5FOMYR,1,0,http://www.wikidata.org/entity/Q5459675
SG5FOMYR,2,0,http://www.wikidata.org/entity/Q894856
SG5FOMYR,3,0,http://www.wikidata.org/entity/Q2468130
SG5FOMYR,4,0,http://www.wikidata.org/entity/Q1639345
SG5FOMYR,1,1,http://www.wikidata.org/entity/Q1856565
SG5FOMYR,2,1,http://www.wikidata.org/entity/Q1159185
SG5FOMYR,3,1,http://www.wikidata.org/entity/Q1094207
SG5FOMYR,4,1,http://www.wikidata.org/entity/Q1094207
SG5FOMYR,1,2,http://www.wikidata.org/entity/Q258
SG5FOMYR,2,2,http://www.wikidata.org/entity/Q258
SG5FOMYR,3,2,http://www.wikidata.org/entity/Q258
SG5FOMYR,4,2,http://www.wikidata.org/entity/Q258
SG5FOMYR,1,3,http://www.wikidata.org/entity/Q6723
SG5FOMYR,2,3,http://www.wikidata.org/entity/Q6723
SG5FOMYR,3,3,http://www.wikidata.org/entity/Q6723
SG5FOMYR,4,3,http://www.wikidata.org/entity/Q6723
IDZPY99C,1,0,http://www.wikidata.org/entity/Q7120753
IDZPY99C,2,0,http://www.wikidata.org/entity/Q5173689
IDZPY99C,3,0,http://www.wikidata.org/entity/Q528
IDZPY99C,4,0,http://www.wikidata.org/entity/Q87039965
IDZPY99C,1,1,http://www.wikidata.org/entity/Q4360
IDZPY99C,2,1,http://www.wikidata.org/entity/Q4360
IDZPY99C,3,1,http://www.wikidata.org/entity/Q4360
IDZPY99C,4,1,http://www.wikidata.org/entity/Q4360
IDZPY99C,1,3,http://www.wikidata.org/entity/Q1264450
IDZPY99C,2,3,http://www.wikidata.org/entity/Q1264450
IDZPY99C,3,3,http://www.wikidata.org/entity/Q1264450
IDZPY99C,4,3,http://www.wikidata.org/entity/Q1264450
2Y59V1FX,1,0,http://www.wikidata.org/entity/Q2799990
2Y59V1FX,2,0,http://www.wikidata.org/entity/Q2799989
2Y59V1FX,3,0,http://www.wikidata.org/entity/Q2799988
2Y59V1FX,4,0,http://www.wikidata.org/entity/Q2799987
2Y59V1FX,5,0,http://www.wikidata.org/entity/Q2799986
2Y59V1FX,6,0,http://www.wikidata.org/entity/Q2799985
2Y59V1FX,7,0,http://www.wikidata.org/entity/Q2799984
2Y59V1FX,8,0,http://www.wikidata.org/entity/Q2799976
2Y59V1FX,9,0,http://www.wikidata.org/entity/Q2799975
2Y59V1FX,10,0,http://www.wikidata.org/entity/Q2799973
2Y59V1FX,11,0,http://www.wikidata.org/entity/Q2799972
2Y59V1FX,12,0,http://www.wikidata.org/entity/Q2799971
2Y59V1FX,13,0,http://www.wikidata.org/entity/Q2799970
2Y59V1FX,14,0,http://www.wikidata.org/entity/Q2799969
2Y59V1FX,1,2,http://www.wikidata.org/entity/Q7291
2Y59V1FX,2,2,http://www.wikidata.org/entity/Q7291
2Y59V1FX,3,2,http://www.wikidata.org/entity/Q7291
2Y59V1FX,4,2,http://www.wikidata.org/entity/Q7291
2Y59V1FX,5,2,http://www.wikidata.org/entity/Q7291
2Y59V1FX,6,2,http://www.wikidata.org/entity/Q7291
2Y59V1FX,7,2,http://www.wikidata.org/entity/Q7291
2Y59V1FX,8,2,http://www.wikidata.org/entity/Q7291
2Y59V1FX,9,2,http://www.wikidata.org/entity/Q7291
2Y59V1FX,10,2,http://www.wikidata.org/entity/Q7291
2Y59V1FX,11,2,http://www.wikidata.org/entity/Q7291
2Y59V1FX,12,2,http://www.wikidata.org/entity/Q7291
2Y59V1FX,13,2,http://www.wikidata.org/entity/Q7291
2Y59V1FX,14,2,http://www.wikidata.org/entity/Q7291
2Y59V1FX,1,3,http://www.wikidata.org/entity/Q23436
2Y59V1FX,2,3,http://www.wikidata.org/entity/Q23436
2Y59V1FX,3,3,http://www.wikidata.org/entity/Q23436
2Y59V1FX,4,3,http://www.wikidata.org/entity/Q23436
2Y59V1FX,5,3,http://www.wikidata.org/entity/Q23436
2Y59V1FX,6,3,http://www.wikidata.org/entity/Q23436
2Y59V1FX,7,3,http://www.wikidata.org/entity/Q23436
2Y59V1FX,8,3,http://www.wikidata.org/entity/Q23436
2Y59V1FX,9,3,http://www.wikidata.org/entity/Q23436
2Y59V1FX,10,3,http://www.wikidata.org/entity/Q23436
2Y59V1FX,11,3,http://www.wikidata.org/entity/Q23436
2Y59V1FX,12,3,http://www.wikidata.org/entity/Q23436
2Y59V1FX,13,3,http://www.wikidata.org/entity/Q23436
2Y59V1FX,14,3,http://www.wikidata.org/entity/Q23436
H69LI8I4,1,0,http://www.wikidata.org/entity/Q3687292
H69LI8I4,2,0,http://www.wikidata.org/entity/Q2993887
H69LI8I4,3,0,http://www.wikidata.org/entity/Q2313715
H69LI8I4,4,0,http://www.wikidata.org/entity/Q1144772
H69LI8I4,5,0,http://www.wikidata.org/entity/Q851756
H69LI8I4,6,0,http://www.wikidata.org/entity/Q176758
H69LI8I4,7,0,http://www.wikidata.org/entity/Q17144610
H69LI8I4,1,1,http://www.wikidata.org/entity/Q38
H69LI8I4,2,1,http://www.wikidata.org/entity/Q16
H69LI8I4,3,1,http://www.wikidata.org/entity/Q29
H69LI8I4,4,1,http://www.wikidata.org/entity/Q30
H69LI8I4,5,1,http://www.wikidata.org/entity/Q30
H69LI8I4,6,1,http://www.wikidata.org/entity/Q30
H69LI8I4,7,1,http://www.wikidata.org/entity/Q30
H69LI8I4,1,2,http://www.wikidata.org/entity/Q4686866
H69LI8I4,2,2,http://www.wikidata.org/entity/Q4686866
H69LI8I4,3,2,http://www.wikidata.org/entity/Q4686866
H69LI8I4,4,2,http://www.wikidata.org/entity/Q4686866
H69LI8I4,5,2,http://www.wikidata.org/entity/Q4686866
H69LI8I4,6,2,http://www.wikidata.org/entity/Q4686866
H69LI8I4,7,2,http://www.wikidata.org/entity/Q4358176
RP8V89EI,1,0,http://www.wikidata.org/entity/Q5455840
RP8V89EI,2,0,http://www.wikidata.org/entity/Q5419099
RP8V89EI,3,0,http://www.wikidata.org/entity/Q5373859
RP8V89EI,4,0,http://www.wikidata.org/entity/Q5330990
RP8V89EI,5,0,http://www.wikidata.org/entity/Q5322728
RP8V89EI,6,0,http://www.wikidata.org/entity/Q5313502
RP8V89EI,1,1,http://www.wikidata.org/entity/Q12955279
RP8V89EI,1,2,http://www.wikidata.org/entity/Q23002052
RP8V89EI,2,2,http://www.wikidata.org/entity/Q23002052
RP8V89EI,3,2,http://www.wikidata.org/entity/Q23002052
RP8V89EI,4,2,http://www.wikidata.org/entity/Q23002052
RP8V89EI,5,2,http://www.wikidata.org/entity/Q23002052
RP8V89EI,6,2,http://www.wikidata.org/entity/Q23002052
RP8V89EI,1,4,http://www.wikidata.org/entity/Q23542858
RP8V89EI,2,4,http://www.wikidata.org/entity/Q23542867
RP8V89EI,3,4,http://www.wikidata.org/entity/Q23542858
RP8V89EI,4,4,http://www.wikidata.org/entity/Q23542852
RP8V89EI,5,4,http://www.wikidata.org/entity/Q23336577
RP8V89EI,6,4,http://www.wikidata.org/entity/Q23336706
FKZBWYIZ,1,0,http://www.wikidata.org/entity/Q1455271
FKZBWYIZ,2,0,http://www.wikidata.org/entity/Q1455266
FKZBWYIZ,3,0,http://www.wikidata.org/entity/Q24706125
FKZBWYIZ,4,0,http://www.wikidata.org/entity/Q20899357
FKZBWYIZ,5,0,http://www.wikidata.org/entity/Q18319942
FKZBWYIZ,6,0,http://www.wikidata.org/entity/Q15077362
FKZBWYIZ,7,0,http://www.wikidata.org/entity/Q1455474
FKZBWYIZ,8,0,http://www.wikidata.org/entity/Q1455472
FKZBWYIZ,9,0,http://www.wikidata.org/entity/Q1455467
FKZBWYIZ,1,1,http://www.wikidata.org/entity/Q1455278
FKZBWYIZ,2,1,http://www.wikidata.org/entity/Q1455268
FKZBWYIZ,3,1,http://www.wikidata.org/entity/Q41551983
FKZBWYIZ,4,1,http://www.wikidata.org/entity/Q24706125
FKZBWYIZ,5,1,http://www.wikidata.org/entity/Q20899357
FKZBWYIZ,6,1,http://www.wikidata.org/entity/Q18319942
FKZBWYIZ,7,1,http://www.wikidata.org/entity/Q15077362
FKZBWYIZ,8,1,http://www.wikidata.org/entity/Q1455474
FKZBWYIZ,9,1,http://www.wikidata.org/entity/Q1455472
FKZBWYIZ,1,2,http://www.wikidata.org/entity/Q66098665
FKZBWYIZ,2,2,http://www.wikidata.org/entity/Q66098665
FKZBWYIZ,3,2,http://www.wikidata.org/entity/Q66098665
FKZBWYIZ,4,2,http://www.wikidata.org/entity/Q66098665
FKZBWYIZ,5,2,http://www.wikidata.org/entity/Q66098665
FKZBWYIZ,6,2,http://www.wikidata.org/entity/Q66098665
FKZBWYIZ,7,2,http://www.wikidata.org/entity/Q66098665
FKZBWYIZ,8,2,http://www.wikidata.org/entity/Q66098665
FKZBWYIZ,9,2,http://www.wikidata.org/entity/Q66098665
FKZBWYIZ,1,3,http://www.wikidata.org/entity/Q142
FKZBWYIZ,2,3,http://www.wikidata.org/entity/Q142
FKZBWYIZ,3,3,http://www.wikidata.org/entity/Q142
FKZBWYIZ,4,3,http://www.wikidata.org/entity/Q142
FKZBWYIZ,5,3,http://www.wikidata.org/entity/Q142
FKZBWYIZ,6,3,http://www.wikidata.org/entity/Q142
FKZBWYIZ,7,3,http://www.wikidata.org/entity/Q142
FKZBWYIZ,8,3,http://www.wikidata.org/entity/Q142
FKZBWYIZ,9,3,http://www.wikidata.org/entity/Q142
FKZBWYIZ,1,5,http://www.wikidata.org/entity/Q27607674
FKZBWYIZ,2,5,http://www.wikidata.org/entity/Q27607671
FKZBWYIZ,3,5,http://www.wikidata.org/entity/Q27607670
FKZBWYIZ,4,5,http://www.wikidata.org/entity/Q27607669
FKZBWYIZ,5,5,http://www.wikidata.org/entity/Q27607668
FKZBWYIZ,6,5,http://www.wikidata.org/entity/Q27607666
FKZBWYIZ,7,5,http://www.wikidata.org/entity/Q27607664
FKZBWYIZ,8,5,http://www.wikidata.org/entity/Q27607662
FKZBWYIZ,9,5,http://www.wikidata.org/entity/Q27607661
FKZBWYIZ,1,6,http://www.wikidata.org/entity/Q7291
FKZBWYIZ,2,6,http://www.wikidata.org/entity/Q7291
FKZBWYIZ,3,6,http://www.wikidata.org/entity/Q7291
FKZBWYIZ,4,6,http://www.wikidata.org/entity/Q7291
FKZBWYIZ,5,6,http://www.wikidata.org/entity/Q7291
FKZBWYIZ,6,6,http://www.wikidata.org/entity/Q7291
FKZBWYIZ,7,6,http://www.wikidata.org/entity/Q7291
FKZBWYIZ,8,6,http://www.wikidata.org/entity/Q7291
FKZBWYIZ,9,6,http://www.wikidata.org/entity/Q7291
E5OMVF89,1,0,http://www.wikidata.org/entity/Q3868344
E5OMVF89,2,0,http://www.wikidata.org/entity/Q4146884
E5OMVF89,3,0,http://www.wikidata.org/entity/Q4146877
E5OMVF89,4,0,http://www.wikidata.org/entity/Q3868344
E5OMVF89,1,1,http://www.wikidata.org/entity/Q17455058
E5OMVF89,2,1,http://www.wikidata.org/entity/Q10624527
E5OMVF89,3,1,http://www.wikidata.org/entity/Q10624527
E5OMVF89,4,1,http://www.wikidata.org/entity/Q10624527
E5OMVF89,1,2,http://www.wikidata.org/entity/Q26971668
E5OMVF89,2,2,http://www.wikidata.org/entity/Q105835744
E5OMVF89,3,2,http://www.wikidata.org/entity/Q23668083
E5OMVF89,4,2,http://www.wikidata.org/entity/Q26971668
E5OMVF89,1,4,http://www.wikidata.org/entity/Q59311278
E5OMVF89,2,4,http://www.wikidata.org/entity/Q649
E5OMVF89,3,4,http://www.wikidata.org/entity/Q19800100
E5OMVF89,4,4,http://www.wikidata.org/entity/Q59311278
E5OMVF89,1,5,http://www.wikidata.org/entity/Q38
E5OMVF89,2,5,http://www.wikidata.org/entity/Q159
E5OMVF89,3,5,http://www.wikidata.org/entity/Q159
E5OMVF89,4,5,http://www.wikidata.org/entity/Q38
LME8AMJK,1,0,http://www.wikidata.org/entity/Q1969407
LME8AMJK,2,0,http://www.wikidata.org/entity/Q1409818
LME8AMJK,3,0,http://www.wikidata.org/entity/Q617647
LME8AMJK,4,0,http://www.wikidata.org/entity/Q538953
LME8AMJK,1,1,http://www.wikidata.org/entity/Q1138575
LME8AMJK,2,1,http://www.wikidata.org/entity/Q1424401
LME8AMJK,3,1,http://www.wikidata.org/entity/Q1137545
LME8AMJK,4,1,http://www.wikidata.org/entity/Q594405
LME8AMJK,1,2,http://www.wikidata.org/entity/Q902814
LME8AMJK,2,2,http://www.wikidata.org/entity/Q902814
LME8AMJK,3,2,http://www.wikidata.org/entity/Q902814
LME8AMJK,4,2,http://www.wikidata.org/entity/Q677678
LME8AMJK,1,3,http://www.wikidata.org/entity/Q786
LME8AMJK,2,3,http://www.wikidata.org/entity/Q786
LME8AMJK,3,3,http://www.wikidata.org/entity/Q786
LME8AMJK,4,3,http://www.wikidata.org/entity/Q786
DFRNXGBY,1,0,http://www.wikidata.org/entity/Q83987672
DFRNXGBY,2,0,http://www.wikidata.org/entity/Q83737265
DFRNXGBY,3,0,http://www.wikidata.org/entity/Q83736839
DFRNXGBY,4,0,http://www.wikidata.org/entity/Q83736628
DFRNXGBY,5,0,http://www.wikidata.org/entity/Q83736274
DFRNXGBY,6,0,http://www.wikidata.org/entity/Q83733987
DFRNXGBY,7,0,http://www.wikidata.org/entity/Q83218596
DFRNXGBY,8,0,http://www.wikidata.org/entity/Q81378275
DFRNXGBY,9,0,http://www.wikidata.org/entity/Q81375579
DFRNXGBY,10,0,http://www.wikidata.org/entity/Q80899943
DFRNXGBY,11,0,http://www.wikidata.org/entity/Q79506786
DFRNXGBY,12,0,http://www.wikidata.org/entity/Q79505336
DFRNXGBY,13,0,http://www.wikidata.org/entity/Q79503762
DFRNXGBY,14,0,http://www.wikidata.org/entity/Q76616622
DFRNXGBY,1,2,http://www.wikidata.org/entity/Q13724
DFRNXGBY,2,2,http://www.wikidata.org/entity/Q13724
DFRNXGBY,3,2,http://www.wikidata.org/entity/Q13724
DFRNXGBY,4,2,http://www.wikidata.org/entity/Q13724
DFRNXGBY,5,2,http://www.wikidata.org/entity/Q13724
DFRNXGBY,6,2,http://www.wikidata.org/entity/Q13724
DFRNXGBY,7,2,http://www.wikidata.org/entity/Q13724
DFRNXGBY,8,2,http://www.wikidata.org/entity/Q13724
DFRNXGBY,9,2,http://www.wikidata.org/entity/Q13724
DFRNXGBY,10,2,http://www.wikidata.org/entity/Q13724
DFRNXGBY,11,2,http://www.wikidata.org/entity/Q13724
DFRNXGBY,12,2,http://www.wikidata.org/entity/Q13724
DFRNXGBY,13,2,http://www.wikidata.org/entity/Q13724
DFRNXGBY,14,2,http://www.wikidata.org/entity/Q13724
DFRNXGBY,1,3,http://www.wikidata.org/entity/Q10565
DFRNXGBY,2,3,http://www.wikidata.org/entity/Q10565
DFRNXGBY,3,3,http://www.wikidata.org/entity/Q10565
DFRNXGBY,4,3,http://www.wikidata.org/entity/Q10565
DFRNXGBY,5,3,http://www.wikidata.org/entity/Q10565
DFRNXGBY,6,3,http://www.wikidata.org/entity/Q10565
DFRNXGBY,7,3,http://www.wikidata.org/entity/Q10565
DFRNXGBY,8,3,http://www.wikidata.org/entity/Q10565
DFRNXGBY,9,3,http://www.wikidata.org/entity/Q10565
DFRNXGBY,10,3,http://www.wikidata.org/entity/Q10565
DFRNXGBY,11,3,http://www.wikidata.org/entity/Q10565
DFRNXGBY,12,3,http://www.wikidata.org/entity/Q10565
DFRNXGBY,13,3,http://www.wikidata.org/entity/Q10565
DFRNXGBY,14,3,http://www.wikidata.org/entity/Q10565
PL3TQKF5,1,0,http://www.wikidata.org/entity/Q80269
PL3TQKF5,2,0,http://www.wikidata.org/entity/Q79754
PL3TQKF5,3,0,http://www.wikidata.org/entity/Q60158
PL3TQKF5,4,0,http://www.wikidata.org/entity/Q82112
PL3TQKF5,5,0,http://www.wikidata.org/entity/Q82681
PL3TQKF5,6,0,http://www.wikidata.org/entity/Q34110
PL3TQKF5,7,0,http://www.wikidata.org/entity/Q79923
PL3TQKF5,8,0,http://www.wikidata.org/entity/Q82112
PL3TQKF5,9,0,http://www.wikidata.org/entity/Q82681
PL3TQKF5,10,0,http://www.wikidata.org/entity/Q34110
PL3TQKF5,11,0,http://www.wikidata.org/entity/Q60123
PL3TQKF5,1,1,http://www.wikidata.org/entity/Q53542918
PL3TQKF5,2,1,http://www.wikidata.org/entity/Q53542917
PL3TQKF5,3,1,http://www.wikidata.org/entity/Q610045
PL3TQKF5,4,1,http://www.wikidata.org/entity/Q5160913
PL3TQKF5,5,1,http://www.wikidata.org/entity/Q53542920
PL3TQKF5,6,1,http://www.wikidata.org/entity/Q60969424
PL3TQKF5,7,1,http://www.wikidata.org/entity/Q5160887
PL3TQKF5,8,1,http://www.wikidata.org/entity/Q5160913
PL3TQKF5,9,1,http://www.wikidata.org/entity/Q53542920
PL3TQKF5,10,1,http://www.wikidata.org/entity/Q60969424
PL3TQKF5,11,1,http://www.wikidata.org/entity/Q5160858
PL3TQKF5,1,2,http://www.wikidata.org/entity/Q35573
PL3TQKF5,2,2,http://www.wikidata.org/entity/Q36228
PL3TQKF5,3,2,http://www.wikidata.org/entity/Q12953731
PL3TQKF5,4,2,http://www.wikidata.org/entity/Q36228
PL3TQKF5,5,2,http://www.wikidata.org/entity/Q6047309
PL3TQKF5,6,2,http://www.wikidata.org/entity/Q5626813
PL3TQKF5,7,2,http://www.wikidata.org/entity/Q8044353
PL3TQKF5,8,2,http://www.wikidata.org/entity/Q36228
PL3TQKF5,9,2,http://www.wikidata.org/entity/Q6047309
PL3TQKF5,10,2,http://www.wikidata.org/entity/Q12953568
PL3TQKF5,11,2,http://www.wikidata.org/entity/Q3364475
PL3TQKF5,1,4,http://www.wikidata.org/entity/Q46475
PL3TQKF5,2,4,http://www.wikidata.org/entity/Q30
PL3TQKF5,3,4,http://www.wikidata.org/entity/Q66117
PL3TQKF5,4,4,http://www.wikidata.org/entity/Q79861
PL3TQKF5,5,4,http://www.wikidata.org/entity/Q79923
PL3TQKF5,6,4,http://www.wikidata.org/entity/Q60123
PL3TQKF5,7,4,http://www.wikidata.org/entity/Q60158
PL3TQKF5,8,4,http://www.wikidata.org/entity/Q82681
PL3TQKF5,9,4,http://www.wikidata.org/entity/Q82112
PL3TQKF5,10,4,http://www.wikidata.org/entity/Q79923
PL3TQKF5,11,4,http://www.wikidata.org/entity/Q842266
PL3TQKF5,1,6,http://www.wikidata.org/entity/Q5589709
PL3TQKF5,2,6,http://www.wikidata.org/entity/Q5589703
PL3TQKF5,3,6,http://www.wikidata.org/entity/Q5589659
PL3TQKF5,4,6,http://www.wikidata.org/entity/Q5589754
PL3TQKF5,5,6,http://www.wikidata.org/entity/Q5589729
PL3TQKF5,6,6,http://www.wikidata.org/entity/Q5589697
PL3TQKF5,7,6,http://www.wikidata.org/entity/Q5589701
PL3TQKF5,8,6,http://www.wikidata.org/entity/Q5589754
PL3TQKF5,9,6,http://www.wikidata.org/entity/Q5589729
PL3TQKF5,10,6,http://www.wikidata.org/entity/Q5589697
PL3TQKF5,11,6,http://www.wikidata.org/entity/Q5589647
PL3TQKF5,1,7,http://www.wikidata.org/entity/Q602358
PL3TQKF5,2,7,http://www.wikidata.org/entity/Q602358
PL3TQKF5,3,7,http://www.wikidata.org/entity/Q602358
PL3TQKF5,4,7,http://www.wikidata.org/entity/Q602358
PL3TQKF5,5,7,http://www.wikidata.org/entity/Q602358
PL3TQKF5,6,7,http://www.wikidata.org/entity/Q602358
PL3TQKF5,7,7,http://www.wikidata.org/entity/Q602358
PL3TQKF5,8,7,http://www.wikidata.org/entity/Q602358
PL3TQKF5,9,7,http://www.wikidata.org/entity/Q602358
PL3TQKF5,10,7,http://www.wikidata.org/entity/Q602358
PL3TQKF5,11,7,http://www.wikidata.org/entity/Q602358
4WWHJY2F,1,0,http://www.wikidata.org/entity/Q223439
4WWHJY2F,2,0,http://www.wikidata.org/entity/Q328613
4WWHJY2F,3,0,http://www.wikidata.org/entity/Q386179
4WWHJY2F,4,0,http://www.wikidata.org/entity/Q328596
4WWHJY2F,1,2,http://www.wikidata.org/entity/Q34664
4WWHJY2F,2,2,http://www.wikidata.org/entity/Q174691
4WWHJY2F,3,2,http://www.wikidata.org/entity/Q634022
4WWHJY2F,4,2,http://www.wikidata.org/entity/Q634022
4WWHJY2F,1,3,http://www.wikidata.org/entity/Q617375
4WWHJY2F,2,3,http://www.wikidata.org/entity/Q131320
4WWHJY2F,3,3,http://www.wikidata.org/entity/Q129499
4WWHJY2F,4,3,http://www.wikidata.org/entity/Q129499
2D7U206N,1,0,http://www.wikidata.org/entity/Q2390102
2D7U206N,2,0,http://www.wikidata.org/entity/Q2284150
2D7U206N,3,0,http://www.wikidata.org/entity/Q2390102
2D7U206N,4,0,http://www.wikidata.org/entity/Q2284150
2D7U206N,1,1,http://www.wikidata.org/entity/Q976622
2D7U206N,2,1,http://www.wikidata.org/entity/Q976622
2D7U206N,3,1,http://www.wikidata.org/entity/Q537127
2D7U206N,4,1,http://www.wikidata.org/entity/Q537127
2D7U206N,1,3,http://www.wikidata.org/entity/Q183
2D7U206N,2,3,http://www.wikidata.org/entity/Q183
2D7U206N,3,3,http://www.wikidata.org/entity/Q183
2D7U206N,4,3,http://www.wikidata.org/entity/Q183
2D7U206N,1,4,http://www.wikidata.org/entity/Q9013
2D7U206N,2,4,http://www.wikidata.org/entity/Q10813
2D7U206N,3,4,http://www.wikidata.org/entity/Q9013
2D7U206N,4,4,http://www.wikidata.org/entity/Q10813
2D7U206N,1,5,http://www.wikidata.org/entity/Q1119726
2D7U206N,2,5,http://www.wikidata.org/entity/Q152484
2D7U206N,3,5,http://www.wikidata.org/entity/Q1119726
2D7U206N,4,5,http://www.wikidata.org/entity/Q152484
D4CKTEGS,1,0,http://www.wikidata.org/entity/Q68091614
D4CKTEGS,2,0,http://www.wikidata.org/entity/Q39054341
D4CKTEGS,3,0,http://www.wikidata.org/entity/Q56442467
D4CKTEGS,4,0,http://www.wikidata.org/entity/Q68091614
D4CKTEGS,1,1,http://www.wikidata.org/entity/Q56628115
D4CKTEGS,2,1,http://www.wikidata.org/entity/Q27826654
D4CKTEGS,3,1,http://www.wikidata.org/entity/Q39075412
D4CKTEGS,4,1,http://www.wikidata.org/entity/Q56628115
D4CKTEGS,1,2,http://www.wikidata.org/entity/Q1335093
D4CKTEGS,2,2,http://www.wikidata.org/entity/Q522424
D4CKTEGS,3,2,http://www.wikidata.org/entity/Q447532
D4CKTEGS,4,2,http://www.wikidata.org/entity/Q1335093
D4CKTEGS,1,3,http://www.wikidata.org/entity/Q3573749
D4CKTEGS,2,3,http://www.wikidata.org/entity/Q18402424
D4CKTEGS,3,3,http://www.wikidata.org/entity/Q959264
D4CKTEGS,4,3,http://www.wikidata.org/entity/Q447816
EFJXRFJR,1,0,http://www.wikidata.org/entity/Q6118305
EFJXRFJR,2,0,http://www.wikidata.org/entity/Q5902535
EFJXRFJR,3,0,http://www.wikidata.org/entity/Q5794406
EFJXRFJR,4,0,http://www.wikidata.org/entity/Q18712646
EFJXRFJR,1,2,http://www.wikidata.org/entity/Q96
EFJXRFJR,2,2,http://www.wikidata.org/entity/Q96
EFJXRFJR,3,2,http://www.wikidata.org/entity/Q96
EFJXRFJR,4,2,http://www.wikidata.org/entity/Q43
EFJXRFJR,1,4,http://www.wikidata.org/entity/Q928830
EFJXRFJR,2,4,http://www.wikidata.org/entity/Q928830
EFJXRFJR,3,4,http://www.wikidata.org/entity/Q928830
EFJXRFJR,4,4,http://www.wikidata.org/entity/Q954845
UJTK3PGF,1,0,http://www.wikidata.org/entity/Q218593
UJTK3PGF,2,0,http://www.wikidata.org/entity/Q218593
UJTK3PGF,3,0,http://www.wikidata.org/entity/Q218593
UJTK3PGF,4,0,http://www.wikidata.org/entity/Q218593
UJTK3PGF,1,1,http://www.wikidata.org/entity/Q145
UJTK3PGF,2,1,http://www.wikidata.org/entity/Q18142
UJTK3PGF,3,1,http://www.wikidata.org/entity/Q66969231
UJTK3PGF,4,1,http://www.wikidata.org/entity/Q39121
UJTK3PGF,1,2,http://www.wikidata.org/entity/Q145
UJTK3PGF,2,2,http://www.wikidata.org/entity/Q18142
UJTK3PGF,3,2,http://www.wikidata.org/entity/Q66928045
UJTK3PGF,4,2,http://www.wikidata.org/entity/Q39121
UJTK3PGF,1,3,http://www.wikidata.org/entity/Q145
UJTK3PGF,2,3,http://www.wikidata.org/entity/Q18142
UJTK3PGF,3,3,http://www.wikidata.org/entity/Q7537460
UJTK3PGF,4,3,http://www.wikidata.org/entity/Q39121
UJTK3PGF,1,4,http://www.wikidata.org/entity/Q145
UJTK3PGF,2,4,http://www.wikidata.org/entity/Q29892448
UJTK3PGF,3,4,http://www.wikidata.org/entity/Q66818878
UJTK3PGF,4,4,http://www.wikidata.org/entity/Q39121
MY46JLL5,1,0,http://www.wikidata.org/entity/Q6222759
MY46JLL5,2,0,http://www.wikidata.org/entity/Q5758865
MY46JLL5,3,0,http://www.wikidata.org/entity/Q5602765
MY46JLL5,4,0,http://www.wikidata.org/entity/Q5329281
MY46JLL5,5,0,http://www.wikidata.org/entity/Q5294586
MY46JLL5,6,0,http://www.wikidata.org/entity/Q5129965
MY46JLL5,7,0,http://www.wikidata.org/entity/Q5036965
MY46JLL5,8,0,http://www.wikidata.org/entity/Q4898101
MY46JLL5,1,2,http://www.wikidata.org/entity/Q30
MY46JLL5,2,2,http://www.wikidata.org/entity/Q30
MY46JLL5,3,2,http://www.wikidata.org/entity/Q30
MY46JLL5,4,2,http://www.wikidata.org/entity/Q30
MY46JLL5,5,2,http://www.wikidata.org/entity/Q30
MY46JLL5,6,2,http://www.wikidata.org/entity/Q30
MY46JLL5,7,2,http://www.wikidata.org/entity/Q30
MY46JLL5,8,2,http://www.wikidata.org/entity/Q30
MY46JLL5,1,3,http://www.wikidata.org/entity/Q37995709
MY46JLL5,2,3,http://www.wikidata.org/entity/Q37995709
MY46JLL5,3,3,http://www.wikidata.org/entity/Q37995709
MY46JLL5,4,3,http://www.wikidata.org/entity/Q37995709
MY46JLL5,5,3,http://www.wikidata.org/entity/Q37995709
MY46JLL5,6,3,http://www.wikidata.org/entity/Q37995709
MY46JLL5,7,3,http://www.wikidata.org/entity/Q37995709
MY46JLL5,8,3,http://www.wikidata.org/entity/Q37995709
YSKAQTLD,1,0,http://www.wikidata.org/entity/Q56825869
YSKAQTLD,2,0,http://www.wikidata.org/entity/Q56753941
YSKAQTLD,3,0,http://www.wikidata.org/entity/Q56071532
YSKAQTLD,4,0,http://www.wikidata.org/entity/Q43474834
YSKAQTLD,5,0,http://www.wikidata.org/entity/Q20681255
YSKAQTLD,6,0,http://www.wikidata.org/entity/Q19034651
YSKAQTLD,7,0,http://www.wikidata.org/entity/Q19034522
YSKAQTLD,8,0,http://www.wikidata.org/entity/Q19017089
YSKAQTLD,9,0,http://www.wikidata.org/entity/Q19016404
YSKAQTLD,10,0,http://www.wikidata.org/entity/Q18950708
YSKAQTLD,11,0,http://www.wikidata.org/entity/Q18950706
YSKAQTLD,12,0,http://www.wikidata.org/entity/Q18950704
YSKAQTLD,1,1,http://www.wikidata.org/entity/Q183
YSKAQTLD,2,1,http://www.wikidata.org/entity/Q31
YSKAQTLD,3,1,http://www.wikidata.org/entity/Q219
YSKAQTLD,4,1,http://www.wikidata.org/entity/Q213
YSKAQTLD,5,1,http://www.wikidata.org/entity/Q142
YSKAQTLD,6,1,http://www.wikidata.org/entity/Q55
YSKAQTLD,7,1,http://www.wikidata.org/entity/Q55
YSKAQTLD,8,1,http://www.wikidata.org/entity/Q55
YSKAQTLD,9,1,http://www.wikidata.org/entity/Q55
YSKAQTLD,10,1,http://www.wikidata.org/entity/Q55
YSKAQTLD,11,1,http://www.wikidata.org/entity/Q55
YSKAQTLD,12,1,http://www.wikidata.org/entity/Q55
YSKAQTLD,1,2,http://www.wikidata.org/entity/Q5486343
YSKAQTLD,2,2,http://www.wikidata.org/entity/Q11758
YSKAQTLD,3,2,http://www.wikidata.org/entity/Q11758
YSKAQTLD,4,2,http://www.wikidata.org/entity/Q11758
YSKAQTLD,5,2,http://www.wikidata.org/entity/Q11758
YSKAQTLD,6,2,http://www.wikidata.org/entity/Q11758
YSKAQTLD,7,2,http://www.wikidata.org/entity/Q11758
YSKAQTLD,8,2,http://www.wikidata.org/entity/Q11758
YSKAQTLD,9,2,http://www.wikidata.org/entity/Q11758
YSKAQTLD,10,2,http://www.wikidata.org/entity/Q11758
YSKAQTLD,11,2,http://www.wikidata.org/entity/Q11758
YSKAQTLD,12,2,http://www.wikidata.org/entity/Q11758
YSKAQTLD,1,3,http://www.wikidata.org/entity/Q1008171
YSKAQTLD,2,3,http://www.wikidata.org/entity/Q12886
YSKAQTLD,3,3,http://www.wikidata.org/entity/Q6506
YSKAQTLD,4,3,http://www.wikidata.org/entity/Q81137
YSKAQTLD,5,3,http://www.wikidata.org/entity/Q12191
YSKAQTLD,6,3,http://www.wikidata.org/entity/Q2680952
YSKAQTLD,7,3,http://www.wikidata.org/entity/Q10002
YSKAQTLD,8,3,http://www.wikidata.org/entity/Q26421
YSKAQTLD,9,3,http://www.wikidata.org/entity/Q204709
YSKAQTLD,10,3,http://www.wikidata.org/entity/Q36600
YSKAQTLD,11,3,http://www.wikidata.org/entity/Q835083
YSKAQTLD,12,3,http://www.wikidata.org/entity/Q43631
YSKAQTLD,1,4,http://www.wikidata.org/entity/Q79007
YSKAQTLD,2,4,http://www.wikidata.org/entity/Q79007
YSKAQTLD,3,4,http://www.wikidata.org/entity/Q79007
YSKAQTLD,4,4,http://www.wikidata.org/entity/Q79007
YSKAQTLD,5,4,http://www.wikidata.org/entity/Q79007
YSKAQTLD,6,4,http://www.wikidata.org/entity/Q79007
YSKAQTLD,7,4,http://www.wikidata.org/entity/Q79007
YSKAQTLD,8,4,http://www.wikidata.org/entity/Q79007
YSKAQTLD,9,4,http://www.wikidata.org/entity/Q79007
YSKAQTLD,10,4,http://www.wikidata.org/entity/Q79007
YSKAQTLD,11,4,http://www.wikidata.org/entity/Q79007
YSKAQTLD,12,4,http://www.wikidata.org/entity/Q79007
HEHWWEWV,1,0,http://www.wikidata.org/entity/Q218593
HEHWWEWV,2,0,http://www.wikidata.org/entity/Q218593
HEHWWEWV,3,0,http://www.wikidata.org/entity/Q218593
HEHWWEWV,4,0,http://www.wikidata.org/entity/Q218593
HEHWWEWV,5,0,http://www.wikidata.org/entity/Q218593
HEHWWEWV,1,1,http://www.wikidata.org/entity/Q56569950
HEHWWEWV,2,1,http://www.wikidata.org/entity/Q50419320
HEHWWEWV,3,1,http://www.wikidata.org/entity/Q23088483
HEHWWEWV,4,1,http://www.wikidata.org/entity/Q23087793
HEHWWEWV,5,1,http://www.wikidata.org/entity/Q23087971
HEHWWEWV,1,2,http://www.wikidata.org/entity/Q56569950
HEHWWEWV,2,2,http://www.wikidata.org/entity/Q50418146
HEHWWEWV,3,2,http://www.wikidata.org/entity/Q23085049
HEHWWEWV,4,2,http://www.wikidata.org/entity/Q23087793
HEHWWEWV,5,2,http://www.wikidata.org/entity/Q23088057
HEHWWEWV,1,3,http://www.wikidata.org/entity/Q56569950
HEHWWEWV,2,3,http://www.wikidata.org/entity/Q50422503
HEHWWEWV,3,3,http://www.wikidata.org/entity/Q23085723
HEHWWEWV,4,3,http://www.wikidata.org/entity/Q24404536
HEHWWEWV,5,3,http://www.wikidata.org/entity/Q23085370
HEHWWEWV,1,4,http://www.wikidata.org/entity/Q56569950
HEHWWEWV,2,4,http://www.wikidata.org/entity/Q50419788
HEHWWEWV,3,4,http://www.wikidata.org/entity/Q23087376
HEHWWEWV,4,4,http://www.wikidata.org/entity/Q24404536
HEHWWEWV,5,4,http://www.wikidata.org/entity/Q23085055
C13X880R,1,0,http://www.wikidata.org/entity/Q28764018
C13X880R,2,0,http://www.wikidata.org/entity/Q24265096
C13X880R,3,0,http://www.wikidata.org/entity/Q24265113
C13X880R,4,0,http://www.wikidata.org/entity/Q10392437
C13X880R,1,1,http://www.wikidata.org/entity/Q56275583
C13X880R,2,1,http://www.wikidata.org/entity/Q28764018
C13X880R,3,1,http://www.wikidata.org/entity/Q24265096
C13X880R,4,1,http://www.wikidata.org/entity/Q16056083
C13X880R,1,3,http://www.wikidata.org/entity/Q45
C13X880R,2,3,http://www.wikidata.org/entity/Q45
C13X880R,3,3,http://www.wikidata.org/entity/Q45
C13X880R,4,3,http://www.wikidata.org/entity/Q45
C13X880R,1,4,http://www.wikidata.org/entity/Q3609
C13X880R,2,4,http://www.wikidata.org/entity/Q3609
C13X880R,3,4,http://www.wikidata.org/entity/Q3609
C13X880R,4,4,http://www.wikidata.org/entity/Q3609
C20SQ44A,0,0,http://www.wikidata.org/entity/Q218593
C20SQ44A,1,0,http://www.wikidata.org/entity/Q218593
C20SQ44A,2,0,http://www.wikidata.org/entity/Q218593
C20SQ44A,3,0,http://www.wikidata.org/entity/Q218593
C20SQ44A,0,1,http://www.wikidata.org/entity/Q17769862
C20SQ44A,1,1,http://www.wikidata.org/entity/Q5470909
C20SQ44A,2,1,http://www.wikidata.org/entity/Q17769862
C20SQ44A,3,1,http://www.wikidata.org/entity/Q277
C20SQ44A,0,2,http://www.wikidata.org/entity/Q17780420
C20SQ44A,1,2,http://www.wikidata.org/entity/Q5470909
C20SQ44A,2,2,http://www.wikidata.org/entity/Q17769813
C20SQ44A,3,2,http://www.wikidata.org/entity/Q277
C20SQ44A,0,3,http://www.wikidata.org/entity/Q56618849
C20SQ44A,1,3,http://www.wikidata.org/entity/Q203404
C20SQ44A,2,3,http://www.wikidata.org/entity/Q56618842
C20SQ44A,3,3,http://www.wikidata.org/entity/Q202174
C20SQ44A,0,4,http://www.wikidata.org/entity/Q17780420
C20SQ44A,1,4,http://www.wikidata.org/entity/Q5470909
C20SQ44A,2,4,http://www.wikidata.org/entity/Q17780401
C20SQ44A,3,4,http://www.wikidata.org/entity/Q202174
SWPYWNIL,1,0,http://www.wikidata.org/entity/Q13663573
SWPYWNIL,2,0,http://www.wikidata.org/entity/Q13663571
SWPYWNIL,3,0,http://www.wikidata.org/entity/Q13663569
SWPYWNIL,4,0,http://www.wikidata.org/entity/Q13663567
SWPYWNIL,1,1,http://www.wikidata.org/entity/Q6985
SWPYWNIL,2,1,http://www.wikidata.org/entity/Q6985
SWPYWNIL,3,1,http://www.wikidata.org/entity/Q6985
SWPYWNIL,4,1,http://www.wikidata.org/entity/Q6985
SWPYWNIL,1,2,http://www.wikidata.org/entity/Q13663514
SWPYWNIL,2,2,http://www.wikidata.org/entity/Q13663514
SWPYWNIL,3,2,http://www.wikidata.org/entity/Q13663514
SWPYWNIL,4,2,http://www.wikidata.org/entity/Q13663514
SWPYWNIL,1,3,http://www.wikidata.org/entity/Q148
SWPYWNIL,2,3,http://www.wikidata.org/entity/Q148
SWPYWNIL,3,3,http://www.wikidata.org/entity/Q148
SWPYWNIL,4,3,http://www.wikidata.org/entity/Q148
SWPYWNIL,1,4,http://www.wikidata.org/entity/Q13100073
SWPYWNIL,2,4,http://www.wikidata.org/entity/Q13100073
SWPYWNIL,3,4,http://www.wikidata.org/entity/Q13100073
SWPYWNIL,4,4,http://www.wikidata.org/entity/Q13100073
PC9C2FCG,1,0,http://www.wikidata.org/entity/Q230602
PC9C2FCG,2,0,http://www.wikidata.org/entity/Q230584
PC9C2FCG,3,0,http://www.wikidata.org/entity/Q13990
PC9C2FCG,4,0,http://www.wikidata.org/entity/Q230602
PC9C2FCG,5,0,http://www.wikidata.org/entity/Q230217
PC9C2FCG,6,0,http://www.wikidata.org/entity/Q13990
PC9C2FCG,7,0,http://www.wikidata.org/entity/Q230607
PC9C2FCG,8,0,http://www.wikidata.org/entity/Q230602
PC9C2FCG,9,0,http://www.wikidata.org/entity/Q230584
PC9C2FCG,10,0,http://www.wikidata.org/entity/Q13993
PC9C2FCG,11,0,http://www.wikidata.org/entity/Q123304
PC9C2FCG,12,0,http://www.wikidata.org/entity/Q13990
PC9C2FCG,13,0,http://www.wikidata.org/entity/Q230584
PC9C2FCG,14,0,http://www.wikidata.org/entity/Q13993
PC9C2FCG,15,0,http://www.wikidata.org/entity/Q230584
PC9C2FCG,1,1,http://www.wikidata.org/entity/Q47524527
PC9C2FCG,2,1,http://www.wikidata.org/entity/Q47520040
PC9C2FCG,3,1,http://www.wikidata.org/entity/Q5589730
PC9C2FCG,4,1,http://www.wikidata.org/entity/Q47524527
PC9C2FCG,5,1,http://www.wikidata.org/entity/Q47524592
PC9C2FCG,6,1,http://www.wikidata.org/entity/Q5589730
PC9C2FCG,7,1,http://www.wikidata.org/entity/Q47524507
PC9C2FCG,8,1,http://www.wikidata.org/entity/Q47524527
PC9C2FCG,9,1,http://www.wikidata.org/entity/Q47520040
PC9C2FCG,10,1,http://www.wikidata.org/entity/Q47524628
PC9C2FCG,11,1,http://www.wikidata.org/entity/Q47524391
PC9C2FCG,12,1,http://www.wikidata.org/entity/Q5589730
PC9C2FCG,13,1,http://www.wikidata.org/entity/Q47520040
PC9C2FCG,14,1,http://www.wikidata.org/entity/Q47524628
PC9C2FCG,15,1,http://www.wikidata.org/entity/Q47520040
PC9C2FCG,1,2,http://www.wikidata.org/entity/Q51092561
PC9C2FCG,2,2,http://www.wikidata.org/entity/Q51092558
PC9C2FCG,3,2,http://www.wikidata.org/entity/Q5260098
PC9C2FCG,4,2,http://www.wikidata.org/entity/Q51092561
PC9C2FCG,5,2,http://www.wikidata.org/entity/Q51092555
PC9C2FCG,6,2,http://www.wikidata.org/entity/Q5260098
PC9C2FCG,7,2,http://www.wikidata.org/entity/Q51092564
PC9C2FCG,8,2,http://www.wikidata.org/entity/Q51092561
PC9C2FCG,9,2,http://www.wikidata.org/entity/Q51092558
PC9C2FCG,10,2,http://www.wikidata.org/entity/Q51092550
PC9C2FCG,11,2,http://www.wikidata.org/entity/Q18170765
PC9C2FCG,12,2,http://www.wikidata.org/entity/Q5260098
PC9C2FCG,13,2,http://www.wikidata.org/entity/Q51092558
PC9C2FCG,14,2,http://www.wikidata.org/entity/Q51092550
PC9C2FCG,15,2,http://www.wikidata.org/entity/Q51092558
PC9C2FCG,1,3,http://www.wikidata.org/entity/Q3111873
PC9C2FCG,2,3,http://www.wikidata.org/entity/Q3111873
PC9C2FCG,3,3,http://www.wikidata.org/entity/Q3111873
PC9C2FCG,4,3,http://www.wikidata.org/entity/Q3055682
PC9C2FCG,5,3,http://www.wikidata.org/entity/Q3055682
PC9C2FCG,6,3,http://www.wikidata.org/entity/Q3055682
PC9C2FCG,7,3,http://www.wikidata.org/entity/Q3052042
PC9C2FCG,8,3,http://www.wikidata.org/entity/Q3052042
PC9C2FCG,9,3,http://www.wikidata.org/entity/Q3052042
PC9C2FCG,10,3,http://www.wikidata.org/entity/Q3052042
PC9C2FCG,11,3,http://www.wikidata.org/entity/Q3052042
PC9C2FCG,12,3,http://www.wikidata.org/entity/Q3052042
PC9C2FCG,13,3,http://www.wikidata.org/entity/Q3052041
PC9C2FCG,14,3,http://www.wikidata.org/entity/Q3052041
PC9C2FCG,15,3,http://www.wikidata.org/entity/Q3052039
PC9C2FCG,1,4,http://www.wikidata.org/entity/Q739
PC9C2FCG,2,4,http://www.wikidata.org/entity/Q739
PC9C2FCG,3,4,http://www.wikidata.org/entity/Q739
PC9C2FCG,4,4,http://www.wikidata.org/entity/Q739
PC9C2FCG,5,4,http://www.wikidata.org/entity/Q739
PC9C2FCG,6,4,http://www.wikidata.org/entity/Q739
PC9C2FCG,7,4,http://www.wikidata.org/entity/Q739
PC9C2FCG,8,4,http://www.wikidata.org/entity/Q739
PC9C2FCG,9,4,http://www.wikidata.org/entity/Q739
PC9C2FCG,10,4,http://www.wikidata.org/entity/Q739
PC9C2FCG,11,4,http://www.wikidata.org/entity/Q739
PC9C2FCG,12,4,http://www.wikidata.org/entity/Q739
PC9C2FCG,13,4,http://www.wikidata.org/entity/Q739
PC9C2FCG,14,4,http://www.wikidata.org/entity/Q739
PC9C2FCG,15,4,http://www.wikidata.org/entity/Q739
840VWWFH,1,0,http://www.wikidata.org/entity/Q218593
840VWWFH,2,0,http://www.wikidata.org/entity/Q218593
840VWWFH,3,0,http://www.wikidata.org/entity/Q218593
840VWWFH,1,1,http://www.wikidata.org/entity/Q29
840VWWFH,2,1,http://www.wikidata.org/entity/Q27864723
840VWWFH,3,1,http://www.wikidata.org/entity/Q13504428
840VWWFH,1,2,http://www.wikidata.org/entity/Q29
840VWWFH,2,2,http://www.wikidata.org/entity/Q27864723
840VWWFH,3,2,http://www.wikidata.org/entity/Q13504428
840VWWFH,1,3,http://www.wikidata.org/entity/Q29
840VWWFH,2,3,http://www.wikidata.org/entity/Q27864722
840VWWFH,3,3,http://www.wikidata.org/entity/Q13504428
840VWWFH,1,4,http://www.wikidata.org/entity/Q29
840VWWFH,2,4,http://www.wikidata.org/entity/Q27864723
840VWWFH,3,4,http://www.wikidata.org/entity/Q13504425
840VWWFH,1,5,http://www.wikidata.org/entity/Q29
840VWWFH,2,5,http://www.wikidata.org/entity/Q27864724
840VWWFH,3,5,http://www.wikidata.org/entity/Q13504425
840VWWFH,1,6,http://www.wikidata.org/entity/Q29
840VWWFH,2,6,http://www.wikidata.org/entity/Q27864724
840VWWFH,3,6,http://www.wikidata.org/entity/Q13504425
840VWWFH,1,7,http://www.wikidata.org/entity/Q29
840VWWFH,2,7,http://www.wikidata.org/entity/Q27864724
840VWWFH,3,7,http://www.wikidata.org/entity/Q13504425
840VWWFH,1,8,http://www.wikidata.org/entity/Q29
840VWWFH,2,8,http://www.wikidata.org/entity/Q79380339
840VWWFH,3,8,http://www.wikidata.org/entity/Q1430384
840VWWFH,1,9,http://www.wikidata.org/entity/Q29
840VWWFH,2,9,http://www.wikidata.org/entity/Q79380338
840VWWFH,3,9,http://www.wikidata.org/entity/Q1430384
820ZGMP2,1,0,http://www.wikidata.org/entity/Q833670
820ZGMP2,2,0,http://www.wikidata.org/entity/Q548435
820ZGMP2,3,0,http://www.wikidata.org/entity/Q543289
820ZGMP2,4,0,http://www.wikidata.org/entity/Q498107
820ZGMP2,5,0,http://www.wikidata.org/entity/Q475007
820ZGMP2,6,0,http://www.wikidata.org/entity/Q470997
820ZGMP2,7,0,http://www.wikidata.org/entity/Q467025
820ZGMP2,8,0,http://www.wikidata.org/entity/Q179501
820ZGMP2,9,0,http://www.wikidata.org/entity/Q176473
820ZGMP2,1,1,http://www.wikidata.org/entity/Q118958
820ZGMP2,2,1,http://www.wikidata.org/entity/Q220
820ZGMP2,3,1,http://www.wikidata.org/entity/Q220
820ZGMP2,4,1,http://www.wikidata.org/entity/Q220
820ZGMP2,5,1,http://www.wikidata.org/entity/Q220
820ZGMP2,6,1,http://www.wikidata.org/entity/Q220
820ZGMP2,7,1,http://www.wikidata.org/entity/Q220
820ZGMP2,8,1,http://www.wikidata.org/entity/Q15695
820ZGMP2,9,1,http://www.wikidata.org/entity/Q220
820ZGMP2,1,3,http://www.wikidata.org/entity/Q2120466
820ZGMP2,2,3,http://www.wikidata.org/entity/Q2120466
820ZGMP2,3,3,http://www.wikidata.org/entity/Q2120466
820ZGMP2,4,3,http://www.wikidata.org/entity/Q2120466
820ZGMP2,5,3,http://www.wikidata.org/entity/Q2120466
820ZGMP2,6,3,http://www.wikidata.org/entity/Q2120466
820ZGMP2,7,3,http://www.wikidata.org/entity/Q2120466
820ZGMP2,8,3,http://www.wikidata.org/entity/Q2120466
820ZGMP2,9,3,http://www.wikidata.org/entity/Q2120466
820ZGMP2,1,4,http://www.wikidata.org/entity/Q211620
820ZGMP2,2,4,http://www.wikidata.org/entity/Q72283418
820ZGMP2,3,4,http://www.wikidata.org/entity/Q72283418
820ZGMP2,4,4,http://www.wikidata.org/entity/Q72283418
820ZGMP2,5,4,http://www.wikidata.org/entity/Q72283418
820ZGMP2,6,4,http://www.wikidata.org/entity/Q72283418
820ZGMP2,7,4,http://www.wikidata.org/entity/Q72283418
820ZGMP2,8,4,http://www.wikidata.org/entity/Q48789578
820ZGMP2,9,4,http://www.wikidata.org/entity/Q72283418
3HJZRHH4,1,0,http://www.wikidata.org/entity/Q61366467
3HJZRHH4,2,0,http://www.wikidata.org/entity/Q48311346
3HJZRHH4,3,0,http://www.wikidata.org/entity/Q29065614
3HJZRHH4,4,0,http://www.wikidata.org/entity/Q23045163
3HJZRHH4,1,1,http://www.wikidata.org/entity/Q17
3HJZRHH4,2,1,http://www.wikidata.org/entity/Q17
3HJZRHH4,3,1,http://www.wikidata.org/entity/Q17
3HJZRHH4,4,1,http://www.wikidata.org/entity/Q17
3HJZRHH4,1,2,http://www.wikidata.org/entity/Q5386
3HJZRHH4,2,2,http://www.wikidata.org/entity/Q5386
3HJZRHH4,3,2,http://www.wikidata.org/entity/Q5386
3HJZRHH4,4,2,http://www.wikidata.org/entity/Q5386
3HJZRHH4,1,3,http://www.wikidata.org/entity/Q174170
3HJZRHH4,2,3,http://www.wikidata.org/entity/Q174170
3HJZRHH4,3,3,http://www.wikidata.org/entity/Q174170
3HJZRHH4,4,3,http://www.wikidata.org/entity/Q174170
RKLH4EW0,1,0,http://www.wikidata.org/entity/Q31809251
RKLH4EW0,2,0,http://www.wikidata.org/entity/Q31565435
RKLH4EW0,3,0,http://www.wikidata.org/entity/Q31563859
RKLH4EW0,4,0,http://www.wikidata.org/entity/Q31559862
RKLH4EW0,5,0,http://www.wikidata.org/entity/Q31809322
RKLH4EW0,6,0,http://www.wikidata.org/entity/Q31809312
RKLH4EW0,7,0,http://www.wikidata.org/entity/Q31809300
RKLH4EW0,8,0,http://www.wikidata.org/entity/Q25313883
RKLH4EW0,9,0,http://www.wikidata.org/entity/Q25311154
RKLH4EW0,10,0,http://www.wikidata.org/entity/Q25301648
RKLH4EW0,11,0,http://www.wikidata.org/entity/Q25301647
RKLH4EW0,1,1,http://www.wikidata.org/entity/Q184358
RKLH4EW0,2,1,http://www.wikidata.org/entity/Q184358
RKLH4EW0,3,1,http://www.wikidata.org/entity/Q184358
RKLH4EW0,4,1,http://www.wikidata.org/entity/Q184358
RKLH4EW0,5,1,http://www.wikidata.org/entity/Q184358
RKLH4EW0,6,1,http://www.wikidata.org/entity/Q184358
RKLH4EW0,7,1,http://www.wikidata.org/entity/Q184358
RKLH4EW0,8,1,http://www.wikidata.org/entity/Q184358
RKLH4EW0,9,1,http://www.wikidata.org/entity/Q184358
RKLH4EW0,10,1,http://www.wikidata.org/entity/Q184358
RKLH4EW0,11,1,http://www.wikidata.org/entity/Q184358
RKLH4EW0,1,2,http://www.wikidata.org/entity/Q13887
RKLH4EW0,2,2,http://www.wikidata.org/entity/Q13726
RKLH4EW0,3,2,http://www.wikidata.org/entity/Q13887
RKLH4EW0,4,2,http://www.wikidata.org/entity/Q1473
RKLH4EW0,5,2,http://www.wikidata.org/entity/Q13739
RKLH4EW0,6,2,http://www.wikidata.org/entity/Q13869
RKLH4EW0,7,2,http://www.wikidata.org/entity/Q13864
RKLH4EW0,8,2,http://www.wikidata.org/entity/Q3586
RKLH4EW0,9,2,http://www.wikidata.org/entity/Q3586
RKLH4EW0,10,2,http://www.wikidata.org/entity/Q3586
RKLH4EW0,11,2,http://www.wikidata.org/entity/Q3586
RKLH4EW0,1,3,http://www.wikidata.org/entity/Q928
RKLH4EW0,2,3,http://www.wikidata.org/entity/Q928
RKLH4EW0,3,3,http://www.wikidata.org/entity/Q928
RKLH4EW0,4,3,http://www.wikidata.org/entity/Q928
RKLH4EW0,5,3,http://www.wikidata.org/entity/Q928
RKLH4EW0,6,3,http://www.wikidata.org/entity/Q928
RKLH4EW0,7,3,http://www.wikidata.org/entity/Q928
RKLH4EW0,8,3,http://www.wikidata.org/entity/Q252
RKLH4EW0,9,3,http://www.wikidata.org/entity/Q252
RKLH4EW0,10,3,http://www.wikidata.org/entity/Q252
RKLH4EW0,11,3,http://www.wikidata.org/entity/Q252
KTOV3T8H,1,0,http://www.wikidata.org/entity/Q742815
KTOV3T8H,2,0,http://www.wikidata.org/entity/Q739991
KTOV3T8H,3,0,http://www.wikidata.org/entity/Q1780980
KTOV3T8H,4,0,http://www.wikidata.org/entity/Q748434
KTOV3T8H,5,0,http://www.wikidata.org/entity/Q2090423
KTOV3T8H,6,0,http://www.wikidata.org/entity/Q2090264
KTOV3T8H,7,0,http://www.wikidata.org/entity/Q2089838
KTOV3T8H,8,0,http://www.wikidata.org/entity/Q2089495
KTOV3T8H,9,0,http://www.wikidata.org/entity/Q2086992
KTOV3T8H,1,1,http://www.wikidata.org/entity/Q214806
KTOV3T8H,2,1,http://www.wikidata.org/entity/Q499359
KTOV3T8H,3,1,http://www.wikidata.org/entity/Q113673
KTOV3T8H,4,1,http://www.wikidata.org/entity/Q177019
KTOV3T8H,5,1,http://www.wikidata.org/entity/Q207444
KTOV3T8H,6,1,http://www.wikidata.org/entity/Q102377
KTOV3T8H,7,1,http://www.wikidata.org/entity/Q180756
KTOV3T8H,8,1,http://www.wikidata.org/entity/Q106789
KTOV3T8H,9,1,http://www.wikidata.org/entity/Q199957
KTOV3T8H,1,2,http://www.wikidata.org/entity/Q34
KTOV3T8H,2,2,http://www.wikidata.org/entity/Q34
KTOV3T8H,3,2,http://www.wikidata.org/entity/Q34
KTOV3T8H,4,2,http://www.wikidata.org/entity/Q34
KTOV3T8H,5,2,http://www.wikidata.org/entity/Q34
KTOV3T8H,6,2,http://www.wikidata.org/entity/Q34
KTOV3T8H,7,2,http://www.wikidata.org/entity/Q34
KTOV3T8H,8,2,http://www.wikidata.org/entity/Q34
KTOV3T8H,9,2,http://www.wikidata.org/entity/Q34
KTOV3T8H,1,3,http://www.wikidata.org/entity/Q14839548
KTOV3T8H,2,3,http://www.wikidata.org/entity/Q14839548
KTOV3T8H,3,3,http://www.wikidata.org/entity/Q12813115
KTOV3T8H,4,3,http://www.wikidata.org/entity/Q12813115
KTOV3T8H,5,3,http://www.wikidata.org/entity/Q14839548
KTOV3T8H,6,3,http://www.wikidata.org/entity/Q14839548
KTOV3T8H,7,3,http://www.wikidata.org/entity/Q14839548
KTOV3T8H,8,3,http://www.wikidata.org/entity/Q14839548
KTOV3T8H,9,3,http://www.wikidata.org/entity/Q14839548
PPV6FKLA,1,0,http://www.wikidata.org/entity/Q18881987
PPV6FKLA,2,0,http://www.wikidata.org/entity/Q18881984
PPV6FKLA,3,0,http://www.wikidata.org/entity/Q18881983
PPV6FKLA,4,0,http://www.wikidata.org/entity/Q18881977
PPV6FKLA,5,0,http://www.wikidata.org/entity/Q18881976
PPV6FKLA,6,0,http://www.wikidata.org/entity/Q18881974
PPV6FKLA,7,0,http://www.wikidata.org/entity/Q18881973
PPV6FKLA,8,0,http://www.wikidata.org/entity/Q18881971
PPV6FKLA,9,0,http://www.wikidata.org/entity/Q18881969
PPV6FKLA,10,0,http://www.wikidata.org/entity/Q18881968
PPV6FKLA,1,1,http://www.wikidata.org/entity/Q18881939
PPV6FKLA,2,1,http://www.wikidata.org/entity/Q18881935
PPV6FKLA,3,1,http://www.wikidata.org/entity/Q18881935
PPV6FKLA,4,1,http://www.wikidata.org/entity/Q18881926
PPV6FKLA,5,1,http://www.wikidata.org/entity/Q18881925
PPV6FKLA,6,1,http://www.wikidata.org/entity/Q18881925
PPV6FKLA,7,1,http://www.wikidata.org/entity/Q18881923
PPV6FKLA,8,1,http://www.wikidata.org/entity/Q18881923
PPV6FKLA,9,1,http://www.wikidata.org/entity/Q18881920
PPV6FKLA,10,1,http://www.wikidata.org/entity/Q18881920
N8AIELQ6,1,0,http://www.wikidata.org/entity/Q218593
N8AIELQ6,2,0,http://www.wikidata.org/entity/Q218593
N8AIELQ6,3,0,http://www.wikidata.org/entity/Q218593
N8AIELQ6,1,1,http://www.wikidata.org/entity/Q35
N8AIELQ6,2,1,http://www.wikidata.org/entity/Q602358
N8AIELQ6,3,1,http://www.wikidata.org/entity/Q26167
N8AIELQ6,1,2,http://www.wikidata.org/entity/Q142
N8AIELQ6,2,2,http://www.wikidata.org/entity/Q602358
N8AIELQ6,3,2,http://www.wikidata.org/entity/Q12798
N8AIELQ6,1,3,http://www.wikidata.org/entity/Q2306509
N8AIELQ6,2,3,http://www.wikidata.org/entity/Q678259
N8AIELQ6,3,3,http://www.wikidata.org/entity/Q185144
N8AIELQ6,1,4,http://www.wikidata.org/entity/Q217196
N8AIELQ6,2,4,http://www.wikidata.org/entity/Q2657718
N8AIELQ6,3,4,http://www.wikidata.org/entity/Q217196
U4FMXN67,1,0,http://www.wikidata.org/entity/Q3773741
U4FMXN67,2,0,http://www.wikidata.org/entity/Q693032
U4FMXN67,3,0,http://www.wikidata.org/entity/Q5589687
U4FMXN67,4,0,http://www.wikidata.org/entity/Q16202700
U4FMXN67,5,0,http://www.wikidata.org/entity/Q878942
U4FMXN67,6,0,http://www.wikidata.org/entity/Q3773745
U4FMXN67,7,0,http://www.wikidata.org/entity/Q3773752
U4FMXN67,8,0,http://www.wikidata.org/entity/Q5589725
U4FMXN67,9,0,http://www.wikidata.org/entity/Q20765611
U4FMXN67,10,0,http://www.wikidata.org/entity/Q17089908
U4FMXN67,11,0,http://www.wikidata.org/entity/Q456951
U4FMXN67,12,0,http://www.wikidata.org/entity/Q19647220
U4FMXN67,13,0,http://www.wikidata.org/entity/Q887220
U4FMXN67,1,2,http://www.wikidata.org/entity/Q1207
U4FMXN67,2,2,http://www.wikidata.org/entity/Q1391
U4FMXN67,3,2,http://www.wikidata.org/entity/Q759
U4FMXN67,4,2,http://www.wikidata.org/entity/Q1454
U4FMXN67,5,2,http://www.wikidata.org/entity/Q1370
U4FMXN67,6,2,http://www.wikidata.org/entity/Q16551
U4FMXN67,7,2,http://www.wikidata.org/entity/Q1456
U4FMXN67,8,2,http://www.wikidata.org/entity/Q1439
U4FMXN67,9,2,http://www.wikidata.org/entity/Q1387
U4FMXN67,10,2,http://www.wikidata.org/entity/Q1522
U4FMXN67,11,2,http://www.wikidata.org/entity/Q1183
U4FMXN67,12,2,http://www.wikidata.org/entity/Q1223
U4FMXN67,13,2,http://www.wikidata.org/entity/Q829
U4FMXN67,1,3,http://www.wikidata.org/entity/Q888375
U4FMXN67,2,3,http://www.wikidata.org/entity/Q878575
U4FMXN67,3,3,http://www.wikidata.org/entity/Q878617
U4FMXN67,4,3,http://www.wikidata.org/entity/Q878647
U4FMXN67,5,3,http://www.wikidata.org/entity/Q887234
U4FMXN67,6,3,http://www.wikidata.org/entity/Q886950
U4FMXN67,7,3,http://www.wikidata.org/entity/Q879269
U4FMXN67,8,3,http://www.wikidata.org/entity/Q878323
U4FMXN67,9,3,http://www.wikidata.org/entity/Q878609
U4FMXN67,10,3,http://www.wikidata.org/entity/Q367079
U4FMXN67,11,3,http://www.wikidata.org/entity/Q16197464
U4FMXN67,12,3,http://www.wikidata.org/entity/Q878264
U4FMXN67,13,3,http://www.wikidata.org/entity/Q15718082
U4FMXN67,1,4,http://www.wikidata.org/entity/Q53709968
U4FMXN67,2,4,http://www.wikidata.org/entity/Q5589245
U4FMXN67,3,4,http://www.wikidata.org/entity/Q5589270
U4FMXN67,4,4,http://www.wikidata.org/entity/Q7225184
U4FMXN67,5,4,http://www.wikidata.org/entity/Q5589334
U4FMXN67,6,4,http://www.wikidata.org/entity/Q5589330
U4FMXN67,7,4,http://www.wikidata.org/entity/Q53709977
U4FMXN67,8,4,http://www.wikidata.org/entity/Q3112637
U4FMXN67,9,4,http://www.wikidata.org/entity/Q5589305
U4FMXN67,10,4,http://www.wikidata.org/entity/Q16152647
U4FMXN67,11,4,http://www.wikidata.org/entity/Q5589303
U4FMXN67,12,4,http://www.wikidata.org/entity/Q16152657
U4FMXN67,13,4,http://www.wikidata.org/entity/Q5589326
U4FMXN67,1,5,http://www.wikidata.org/entity/Q2746176
U4FMXN67,2,5,http://www.wikidata.org/entity/Q2746176
U4FMXN67,3,5,http://www.wikidata.org/entity/Q1067610
U4FMXN67,4,5,http://www.wikidata.org/entity/Q1067610
U4FMXN67,5,5,http://www.wikidata.org/entity/Q2746176
U4FMXN67,6,5,http://www.wikidata.org/entity/Q2746176
U4FMXN67,7,5,http://www.wikidata.org/entity/Q1067610
U4FMXN67,8,5,http://www.wikidata.org/entity/Q2746176
U4FMXN67,9,5,http://www.wikidata.org/entity/Q2746176
U4FMXN67,10,5,http://www.wikidata.org/entity/Q2746176
U4FMXN67,11,5,http://www.wikidata.org/entity/Q1067610
U4FMXN67,12,5,http://www.wikidata.org/entity/Q2746176
U4FMXN67,13,5,http://www.wikidata.org/entity/Q2746176
U4FMXN67,1,6,http://www.wikidata.org/entity/Q22095395
U4FMXN67,2,6,http://www.wikidata.org/entity/Q16731303
U4FMXN67,3,6,http://www.wikidata.org/entity/Q16215583
U4FMXN67,4,6,http://www.wikidata.org/entity/Q7372694
U4FMXN67,5,6,http://www.wikidata.org/entity/Q7287916
U4FMXN67,6,6,http://www.wikidata.org/entity/Q7185808
U4FMXN67,7,6,http://www.wikidata.org/entity/Q5725737
U4FMXN67,8,6,http://www.wikidata.org/entity/Q5605224
U4FMXN67,9,6,http://www.wikidata.org/entity/Q5562913
U4FMXN67,10,6,http://www.wikidata.org/entity/Q3917203
U4FMXN67,11,6,http://www.wikidata.org/entity/Q2277878
U4FMXN67,12,6,http://www.wikidata.org/entity/Q1100710
U4FMXN67,13,6,http://www.wikidata.org/entity/Q881188
V22I8LAL,1,0,http://www.wikidata.org/entity/Q218593
V22I8LAL,2,0,http://www.wikidata.org/entity/Q218593
V22I8LAL,3,0,http://www.wikidata.org/entity/Q218593
V22I8LAL,4,0,http://www.wikidata.org/entity/Q218593
V22I8LAL,1,1,http://www.wikidata.org/entity/Q124734
V22I8LAL,2,1,http://www.wikidata.org/entity/Q29
V22I8LAL,3,1,http://www.wikidata.org/entity/Q529901
V22I8LAL,4,1,http://www.wikidata.org/entity/Q5952218
V22I8LAL,1,2,http://www.wikidata.org/entity/Q7283
V22I8LAL,2,2,http://www.wikidata.org/entity/Q20
V22I8LAL,3,2,http://www.wikidata.org/entity/Q440261
V22I8LAL,4,2,http://www.wikidata.org/entity/Q4794621
V22I8LAL,1,3,http://www.wikidata.org/entity/Q124734
V22I8LAL,2,3,http://www.wikidata.org/entity/Q29
V22I8LAL,3,3,http://www.wikidata.org/entity/Q529901
V22I8LAL,4,3,http://www.wikidata.org/entity/Q3392194
V22I8LAL,1,4,http://www.wikidata.org/entity/Q7283
V22I8LAL,2,4,http://www.wikidata.org/entity/Q20
V22I8LAL,3,4,http://www.wikidata.org/entity/Q440261
V22I8LAL,4,4,http://www.wikidata.org/entity/Q449788
ENZLJ72N,1,0,http://www.wikidata.org/entity/Q61823480
ENZLJ72N,2,0,http://www.wikidata.org/entity/Q57841534
ENZLJ72N,3,0,http://www.wikidata.org/entity/Q61823480
ENZLJ72N,4,0,http://www.wikidata.org/entity/Q57841534
ENZLJ72N,5,0,http://www.wikidata.org/entity/Q57843071
ENZLJ72N,6,0,http://www.wikidata.org/entity/Q57842133
ENZLJ72N,7,0,http://www.wikidata.org/entity/Q57843071
ENZLJ72N,8,0,http://www.wikidata.org/entity/Q57842133
ENZLJ72N,9,0,http://www.wikidata.org/entity/Q61823480
ENZLJ72N,1,2,http://www.wikidata.org/entity/Q12168173
ENZLJ72N,2,2,http://www.wikidata.org/entity/Q1070740
ENZLJ72N,3,2,http://www.wikidata.org/entity/Q12168173
ENZLJ72N,4,2,http://www.wikidata.org/entity/Q1070740
ENZLJ72N,5,2,http://www.wikidata.org/entity/Q59325268
ENZLJ72N,6,2,http://www.wikidata.org/entity/Q59325268
ENZLJ72N,7,2,http://www.wikidata.org/entity/Q58887141
ENZLJ72N,8,2,http://www.wikidata.org/entity/Q58833746
ENZLJ72N,9,2,http://www.wikidata.org/entity/Q12168173
ENZLJ72N,1,3,http://www.wikidata.org/entity/Q62471323
ENZLJ72N,2,3,http://www.wikidata.org/entity/Q59303251
ENZLJ72N,3,3,http://www.wikidata.org/entity/Q58323511
ENZLJ72N,4,3,http://www.wikidata.org/entity/Q57314070
ENZLJ72N,5,3,http://www.wikidata.org/entity/Q23925868
ENZLJ72N,6,3,http://www.wikidata.org/entity/Q23925868
ENZLJ72N,7,3,http://www.wikidata.org/entity/Q23925868
ENZLJ72N,8,3,http://www.wikidata.org/entity/Q23925868
ENZLJ72N,9,3,http://www.wikidata.org/entity/Q18393117
PX9X3LB2,1,0,http://www.wikidata.org/entity/Q5999460
PX9X3LB2,2,0,http://www.wikidata.org/entity/Q3785200
PX9X3LB2,3,0,http://www.wikidata.org/entity/Q3774562
PX9X3LB2,4,0,http://www.wikidata.org/entity/Q81292
PX9X3LB2,1,1,http://www.wikidata.org/entity/Q1414173
PX9X3LB2,2,1,http://www.wikidata.org/entity/Q1161819
PX9X3LB2,3,1,http://www.wikidata.org/entity/Q14290846
PX9X3LB2,4,1,http://www.wikidata.org/entity/Q641227
PX9X3LB2,1,3,http://www.wikidata.org/entity/Q1371562
PX9X3LB2,2,3,http://www.wikidata.org/entity/Q1371562
PX9X3LB2,3,3,http://www.wikidata.org/entity/Q1371562
PX9X3LB2,4,3,http://www.wikidata.org/entity/Q16782623
3M2O8T11,0,0,http://www.wikidata.org/entity/Q218593
3M2O8T11,1,0,http://www.wikidata.org/entity/Q30099116
3M2O8T11,2,0,http://www.wikidata.org/entity/Q29649099
3M2O8T11,3,0,http://www.wikidata.org/entity/Q28777637
3M2O8T11,4,0,http://www.wikidata.org/entity/Q56097222
3M2O8T11,5,0,http://www.wikidata.org/entity/Q3697637
3M2O8T11,6,0,http://www.wikidata.org/entity/Q27556184
3M2O8T11,7,0,http://www.wikidata.org/entity/Q27051640
3M2O8T11,8,0,http://www.wikidata.org/entity/Q50737895
3M2O8T11,9,0,http://www.wikidata.org/entity/Q21676379
3M2O8T11,10,0,http://www.wikidata.org/entity/Q21600827
3M2O8T11,11,0,http://www.wikidata.org/entity/Q21594957
3M2O8T11,12,0,http://www.wikidata.org/entity/Q21013240
3M2O8T11,13,0,http://www.wikidata.org/entity/Q18424339
3M2O8T11,0,1,http://www.wikidata.org/entity/Q218593
3M2O8T11,1,1,http://www.wikidata.org/entity/Q106851
3M2O8T11,2,1,http://www.wikidata.org/entity/Q4233718
3M2O8T11,3,1,http://www.wikidata.org/entity/Q153746
3M2O8T11,4,1,http://www.wikidata.org/entity/Q380743
3M2O8T11,5,1,http://www.wikidata.org/entity/Q380743
3M2O8T11,6,1,http://www.wikidata.org/entity/Q333380
3M2O8T11,7,1,http://www.wikidata.org/entity/Q346952
3M2O8T11,8,1,http://www.wikidata.org/entity/Q4233718
3M2O8T11,9,1,http://www.wikidata.org/entity/Q312616
3M2O8T11,10,1,http://www.wikidata.org/entity/Q996886
3M2O8T11,11,1,http://www.wikidata.org/entity/Q191748
3M2O8T11,12,1,http://www.wikidata.org/entity/Q333380
3M2O8T11,13,1,http://www.wikidata.org/entity/Q4233718
3M2O8T11,0,3,http://www.wikidata.org/entity/Q9633
3M2O8T11,1,3,http://www.wikidata.org/entity/Q475476
3M2O8T11,2,3,http://www.wikidata.org/entity/Q475476
3M2O8T11,3,3,http://www.wikidata.org/entity/Q475476
3M2O8T11,4,3,http://www.wikidata.org/entity/Q475476
3M2O8T11,5,3,http://www.wikidata.org/entity/Q475476
3M2O8T11,6,3,http://www.wikidata.org/entity/Q475476
3M2O8T11,7,3,http://www.wikidata.org/entity/Q475476
3M2O8T11,8,3,http://www.wikidata.org/entity/Q475476
3M2O8T11,9,3,http://www.wikidata.org/entity/Q475476
3M2O8T11,10,3,http://www.wikidata.org/entity/Q475476
3M2O8T11,11,3,http://www.wikidata.org/entity/Q475476
3M2O8T11,12,3,http://www.wikidata.org/entity/Q475476
3M2O8T11,13,3,http://www.wikidata.org/entity/Q475476
3M2O8T11,0,4,http://www.wikidata.org/entity/Q218593
3M2O8T11,1,4,http://www.wikidata.org/entity/Q3044768
3M2O8T11,2,4,http://www.wikidata.org/entity/Q3044768
3M2O8T11,3,4,http://www.wikidata.org/entity/Q165631
3M2O8T11,4,4,http://www.wikidata.org/entity/Q809600
3M2O8T11,5,4,http://www.wikidata.org/entity/Q809600
3M2O8T11,6,4,http://www.wikidata.org/entity/Q1948674
3M2O8T11,7,4,http://www.wikidata.org/entity/Q3044768
3M2O8T11,8,4,http://www.wikidata.org/entity/Q214867
3M2O8T11,9,4,http://www.wikidata.org/entity/Q1948674
3M2O8T11,10,4,http://www.wikidata.org/entity/Q165631
3M2O8T11,11,4,http://www.wikidata.org/entity/Q165631
3M2O8T11,12,4,http://www.wikidata.org/entity/Q1948674
3M2O8T11,13,4,http://www.wikidata.org/entity/Q377500
3M2O8T11,0,6,http://www.wikidata.org/entity/Q218593
3M2O8T11,1,6,http://www.wikidata.org/entity/Q2864737
3M2O8T11,2,6,http://www.wikidata.org/entity/Q2864737
3M2O8T11,3,6,http://www.wikidata.org/entity/Q2864737
3M2O8T11,4,6,http://www.wikidata.org/entity/Q2864737
3M2O8T11,5,6,http://www.wikidata.org/entity/Q2864737
3M2O8T11,6,6,http://www.wikidata.org/entity/Q742333
3M2O8T11,7,6,http://www.wikidata.org/entity/Q2864737
3M2O8T11,8,6,http://www.wikidata.org/entity/Q134307
3M2O8T11,9,6,http://www.wikidata.org/entity/Q2864737
3M2O8T11,10,6,http://www.wikidata.org/entity/Q2864737
3M2O8T11,11,6,http://www.wikidata.org/entity/Q134307
3M2O8T11,12,6,http://www.wikidata.org/entity/Q742333
3M2O8T11,13,6,http://www.wikidata.org/entity/Q134307
RZFMADRD,1,0,http://www.wikidata.org/entity/Q3459934
RZFMADRD,2,0,http://www.wikidata.org/entity/Q3461934
RZFMADRD,3,0,http://www.wikidata.org/entity/Q3461864
RZFMADRD,4,0,http://www.wikidata.org/entity/Q3461688
RZFMADRD,5,0,http://www.wikidata.org/entity/Q2022826
RZFMADRD,6,0,http://www.wikidata.org/entity/Q3461443
RZFMADRD,7,0,http://www.wikidata.org/entity/Q3139658
RZFMADRD,8,0,http://www.wikidata.org/entity/Q3460830
RZFMADRD,9,0,http://www.wikidata.org/entity/Q959797
RZFMADRD,10,0,http://www.wikidata.org/entity/Q3460747
RZFMADRD,1,1,http://www.wikidata.org/entity/Q751708
RZFMADRD,2,1,http://www.wikidata.org/entity/Q486972
RZFMADRD,3,1,http://www.wikidata.org/entity/Q486972
RZFMADRD,4,1,http://www.wikidata.org/entity/Q486972
RZFMADRD,5,1,http://www.wikidata.org/entity/Q486972
RZFMADRD,6,1,http://www.wikidata.org/entity/Q486972
RZFMADRD,7,1,http://www.wikidata.org/entity/Q486972
RZFMADRD,8,1,http://www.wikidata.org/entity/Q486972
RZFMADRD,9,1,http://www.wikidata.org/entity/Q486972
RZFMADRD,10,1,http://www.wikidata.org/entity/Q486972
8X255Q43,0,0,http://www.wikidata.org/entity/Q218593
8X255Q43,1,0,http://www.wikidata.org/entity/Q7615342
8X255Q43,2,0,http://www.wikidata.org/entity/Q3533342
8X255Q43,3,0,http://www.wikidata.org/entity/Q7615342
8X255Q43,4,0,http://www.wikidata.org/entity/Q18790
8X255Q43,5,0,http://www.wikidata.org/entity/Q5415
8X255Q43,6,0,http://www.wikidata.org/entity/Q77522
8X255Q43,0,1,http://www.wikidata.org/entity/Q218593
8X255Q43,1,1,http://www.wikidata.org/entity/Q1156642
8X255Q43,2,1,http://www.wikidata.org/entity/Q3030445
8X255Q43,3,1,http://www.wikidata.org/entity/Q1156642
8X255Q43,4,1,http://www.wikidata.org/entity/Q1156334
8X255Q43,5,1,http://www.wikidata.org/entity/Q3783594
8X255Q43,6,1,http://www.wikidata.org/entity/Q214346
8X255Q43,0,2,http://www.wikidata.org/entity/Q14877683
8X255Q43,1,2,http://www.wikidata.org/entity/Q858803
8X255Q43,2,2,http://www.wikidata.org/entity/Q156073
8X255Q43,3,2,http://www.wikidata.org/entity/Q858803
8X255Q43,4,2,http://www.wikidata.org/entity/Q570910
8X255Q43,5,2,http://www.wikidata.org/entity/Q3700394
8X255Q43,6,2,http://www.wikidata.org/entity/Q154958
8X255Q43,0,3,http://www.wikidata.org/entity/Q218593
8X255Q43,1,3,http://www.wikidata.org/entity/Q12569944
8X255Q43,2,3,http://www.wikidata.org/entity/Q2897062
8X255Q43,3,3,http://www.wikidata.org/entity/Q12569944
8X255Q43,4,3,http://www.wikidata.org/entity/Q3247705
8X255Q43,5,3,http://www.wikidata.org/entity/Q5217578
8X255Q43,6,3,http://www.wikidata.org/entity/Q3737973
8X255Q43,0,4,http://www.wikidata.org/entity/Q218593
8X255Q43,1,4,http://www.wikidata.org/entity/Q16730419
8X255Q43,2,4,http://www.wikidata.org/entity/Q514167
8X255Q43,3,4,http://www.wikidata.org/entity/Q352948
8X255Q43,4,4,http://www.wikidata.org/entity/Q26204996
8X255Q43,5,4,http://www.wikidata.org/entity/Q5107985
8X255Q43,6,4,http://www.wikidata.org/entity/Q773680
D300877B,1,0,http://www.wikidata.org/entity/Q501804
D300877B,2,0,http://www.wikidata.org/entity/Q484335
D300877B,3,0,http://www.wikidata.org/entity/Q504830
D300877B,4,0,http://www.wikidata.org/entity/Q501312
D300877B,5,0,http://www.wikidata.org/entity/Q494598
D300877B,6,0,http://www.wikidata.org/entity/Q501823
D300877B,7,0,http://www.wikidata.org/entity/Q501830
D300877B,8,0,http://www.wikidata.org/entity/Q504838
D300877B,9,0,http://www.wikidata.org/entity/Q501014
D300877B,10,0,http://www.wikidata.org/entity/Q495160
D300877B,11,0,http://www.wikidata.org/entity/Q495147
D300877B,12,0,http://www.wikidata.org/entity/Q501800
D300877B,1,1,http://www.wikidata.org/entity/Q494598
D300877B,2,1,http://www.wikidata.org/entity/Q109756
D300877B,3,1,http://www.wikidata.org/entity/Q283657
D300877B,4,1,http://www.wikidata.org/entity/Q490903
D300877B,5,1,http://www.wikidata.org/entity/Q195664
D300877B,6,1,http://www.wikidata.org/entity/Q495112
D300877B,7,1,http://www.wikidata.org/entity/Q489915
D300877B,8,1,http://www.wikidata.org/entity/Q485513
D300877B,9,1,http://www.wikidata.org/entity/Q6901807
D300877B,10,1,http://www.wikidata.org/entity/Q490925
D300877B,11,1,http://www.wikidata.org/entity/Q494081
D300877B,12,1,http://www.wikidata.org/entity/Q283657
D300877B,1,2,http://www.wikidata.org/entity/Q12063071
D300877B,2,2,http://www.wikidata.org/entity/Q12062987
D300877B,3,2,http://www.wikidata.org/entity/Q12062717
D300877B,4,2,http://www.wikidata.org/entity/Q6977211
D300877B,5,2,http://www.wikidata.org/entity/Q6976862
D300877B,6,2,http://www.wikidata.org/entity/Q6976827
D300877B,7,2,http://www.wikidata.org/entity/Q6976781
D300877B,8,2,http://www.wikidata.org/entity/Q6976770
D300877B,9,2,http://www.wikidata.org/entity/Q6976756
D300877B,10,2,http://www.wikidata.org/entity/Q6976660
D300877B,11,2,http://www.wikidata.org/entity/Q6976623
D300877B,12,2,http://www.wikidata.org/entity/Q6976475
F2WM3SVQ,1,0,http://www.wikidata.org/entity/Q490522
F2WM3SVQ,2,0,http://www.wikidata.org/entity/Q490512
F2WM3SVQ,3,0,http://www.wikidata.org/entity/Q490494
F2WM3SVQ,4,0,http://www.wikidata.org/entity/Q488912
F2WM3SVQ,5,0,http://www.wikidata.org/entity/Q485641
F2WM3SVQ,6,0,http://www.wikidata.org/entity/Q484527
F2WM3SVQ,7,0,http://www.wikidata.org/entity/Q484268
F2WM3SVQ,8,0,http://www.wikidata.org/entity/Q484194
F2WM3SVQ,9,0,http://www.wikidata.org/entity/Q484156
F2WM3SVQ,10,0,http://www.wikidata.org/entity/Q484142
F2WM3SVQ,11,0,http://www.wikidata.org/entity/Q483982
F2WM3SVQ,12,0,http://www.wikidata.org/entity/Q483973
F2WM3SVQ,1,1,http://www.wikidata.org/entity/Q1017214
F2WM3SVQ,2,1,http://www.wikidata.org/entity/Q547093
F2WM3SVQ,3,1,http://www.wikidata.org/entity/Q373456
F2WM3SVQ,4,1,http://www.wikidata.org/entity/Q871285
F2WM3SVQ,5,1,http://www.wikidata.org/entity/Q1002438
F2WM3SVQ,6,1,http://www.wikidata.org/entity/Q992087
F2WM3SVQ,7,1,http://www.wikidata.org/entity/Q983453
F2WM3SVQ,8,1,http://www.wikidata.org/entity/Q983538
F2WM3SVQ,9,1,http://www.wikidata.org/entity/Q983438
F2WM3SVQ,10,1,http://www.wikidata.org/entity/Q992094
F2WM3SVQ,11,1,http://www.wikidata.org/entity/Q39042
F2WM3SVQ,12,1,http://www.wikidata.org/entity/Q871241
F2WM3SVQ,1,4,http://www.wikidata.org/entity/Q13415371
F2WM3SVQ,2,4,http://www.wikidata.org/entity/Q13415371
F2WM3SVQ,3,4,http://www.wikidata.org/entity/Q13415371
F2WM3SVQ,4,4,http://www.wikidata.org/entity/Q13415371
F2WM3SVQ,5,4,http://www.wikidata.org/entity/Q13415371
F2WM3SVQ,6,4,http://www.wikidata.org/entity/Q13415371
F2WM3SVQ,7,4,http://www.wikidata.org/entity/Q13415371
F2WM3SVQ,8,4,http://www.wikidata.org/entity/Q13415371
F2WM3SVQ,9,4,http://www.wikidata.org/entity/Q13415371
F2WM3SVQ,10,4,http://www.wikidata.org/entity/Q13415371
F2WM3SVQ,11,4,http://www.wikidata.org/entity/Q13415371
F2WM3SVQ,12,4,http://www.wikidata.org/entity/Q13415371
F2WM3SVQ,1,5,http://www.wikidata.org/entity/Q1017214
F2WM3SVQ,2,5,http://www.wikidata.org/entity/Q547093
F2WM3SVQ,3,5,http://www.wikidata.org/entity/Q373456
F2WM3SVQ,4,5,http://www.wikidata.org/entity/Q871285
F2WM3SVQ,5,5,http://www.wikidata.org/entity/Q1002438
F2WM3SVQ,6,5,http://www.wikidata.org/entity/Q992087
F2WM3SVQ,7,5,http://www.wikidata.org/entity/Q983453
F2WM3SVQ,8,5,http://www.wikidata.org/entity/Q983538
F2WM3SVQ,9,5,http://www.wikidata.org/entity/Q983438
F2WM3SVQ,10,5,http://www.wikidata.org/entity/Q992094
F2WM3SVQ,11,5,http://www.wikidata.org/entity/Q39042
F2WM3SVQ,12,5,http://www.wikidata.org/entity/Q871241
4FR4F5RD,1,0,http://www.wikidata.org/entity/Q2201375
4FR4F5RD,2,0,http://www.wikidata.org/entity/Q12323416
4FR4F5RD,3,0,http://www.wikidata.org/entity/Q42408000
4FR4F5RD,4,0,http://www.wikidata.org/entity/Q12323416
4FR4F5RD,1,1,http://www.wikidata.org/entity/Q19546165
4FR4F5RD,2,1,http://www.wikidata.org/entity/Q8701887
4FR4F5RD,3,1,http://www.wikidata.org/entity/Q14525808
4FR4F5RD,4,1,http://www.wikidata.org/entity/Q8701887
4FR4F5RD,1,3,http://www.wikidata.org/entity/Q55
4FR4F5RD,2,3,http://www.wikidata.org/entity/Q35
4FR4F5RD,3,3,http://www.wikidata.org/entity/Q55
4FR4F5RD,4,3,http://www.wikidata.org/entity/Q35
4FR4F5RD,1,4,http://www.wikidata.org/entity/Q916333
4FR4F5RD,2,4,http://www.wikidata.org/entity/Q21436546
4FR4F5RD,3,4,http://www.wikidata.org/entity/Q2650048
4FR4F5RD,4,4,http://www.wikidata.org/entity/Q21436546
4FR4F5RD,1,5,http://www.wikidata.org/entity/Q1473276
4FR4F5RD,2,5,http://www.wikidata.org/entity/Q504125
4FR4F5RD,3,5,http://www.wikidata.org/entity/Q9899
4FR4F5RD,4,5,http://www.wikidata.org/entity/Q504125
4FR4F5RD,1,6,http://www.wikidata.org/entity/Q41176
4FR4F5RD,2,6,http://www.wikidata.org/entity/Q10373565
4FR4F5RD,3,6,http://www.wikidata.org/entity/Q446013
4FR4F5RD,4,6,http://www.wikidata.org/entity/Q446013
8QY5KZXM,1,0,http://www.wikidata.org/entity/Q85415682
8QY5KZXM,2,0,http://www.wikidata.org/entity/Q84505772
8QY5KZXM,3,0,http://www.wikidata.org/entity/Q84470872
8QY5KZXM,4,0,http://www.wikidata.org/entity/Q84466429
8QY5KZXM,5,0,http://www.wikidata.org/entity/Q84370872
8QY5KZXM,6,0,http://www.wikidata.org/entity/Q84336783
8QY5KZXM,7,0,http://www.wikidata.org/entity/Q83593971
8QY5KZXM,8,0,http://www.wikidata.org/entity/Q83413509
8QY5KZXM,9,0,http://www.wikidata.org/entity/Q83261414
8QY5KZXM,10,0,http://www.wikidata.org/entity/Q83694003
8QY5KZXM,11,0,http://www.wikidata.org/entity/Q83693823
8QY5KZXM,12,0,http://www.wikidata.org/entity/Q83693517
8QY5KZXM,13,0,http://www.wikidata.org/entity/Q83693428
8QY5KZXM,14,0,http://www.wikidata.org/entity/Q83693335
8QY5KZXM,15,0,http://www.wikidata.org/entity/Q83693331
8QY5KZXM,1,2,http://www.wikidata.org/entity/Q2168098
8QY5KZXM,2,2,http://www.wikidata.org/entity/Q2168098
8QY5KZXM,3,2,http://www.wikidata.org/entity/Q2168098
8QY5KZXM,4,2,http://www.wikidata.org/entity/Q2168098
8QY5KZXM,5,2,http://www.wikidata.org/entity/Q2168098
8QY5KZXM,6,2,http://www.wikidata.org/entity/Q2168098
8QY5KZXM,7,2,http://www.wikidata.org/entity/Q2168098
8QY5KZXM,8,2,http://www.wikidata.org/entity/Q2168098
8QY5KZXM,9,2,http://www.wikidata.org/entity/Q2168098
8QY5KZXM,10,2,http://www.wikidata.org/entity/Q2168098
8QY5KZXM,11,2,http://www.wikidata.org/entity/Q2168098
8QY5KZXM,12,2,http://www.wikidata.org/entity/Q2168098
8QY5KZXM,13,2,http://www.wikidata.org/entity/Q2168098
8QY5KZXM,14,2,http://www.wikidata.org/entity/Q2168098
8QY5KZXM,15,2,http://www.wikidata.org/entity/Q2168098
8QY5KZXM,1,4,http://www.wikidata.org/entity/Q78180803
8QY5KZXM,2,4,http://www.wikidata.org/entity/Q45059
8QY5KZXM,3,4,http://www.wikidata.org/entity/Q45059
8QY5KZXM,4,4,http://www.wikidata.org/entity/Q45059
8QY5KZXM,5,4,http://www.wikidata.org/entity/Q67856755
8QY5KZXM,6,4,http://www.wikidata.org/entity/Q80469815
8QY5KZXM,7,4,http://www.wikidata.org/entity/Q83850133
8QY5KZXM,8,4,http://www.wikidata.org/entity/Q45059
8QY5KZXM,9,4,http://www.wikidata.org/entity/Q13997
8QY5KZXM,10,4,http://www.wikidata.org/entity/Q13878
8QY5KZXM,11,4,http://www.wikidata.org/entity/Q13878
8QY5KZXM,12,4,http://www.wikidata.org/entity/Q13878
8QY5KZXM,13,4,http://www.wikidata.org/entity/Q13878
8QY5KZXM,14,4,http://www.wikidata.org/entity/Q13878
8QY5KZXM,15,4,http://www.wikidata.org/entity/Q13878
WPG7IJVP,1,0,http://www.wikidata.org/entity/Q19867532
WPG7IJVP,2,0,http://www.wikidata.org/entity/Q19865413
WPG7IJVP,3,0,http://www.wikidata.org/entity/Q19864580
WPG7IJVP,4,0,http://www.wikidata.org/entity/Q19115370
WPG7IJVP,5,0,http://www.wikidata.org/entity/Q19115203
WPG7IJVP,1,1,http://www.wikidata.org/entity/Q302686
WPG7IJVP,2,1,http://www.wikidata.org/entity/Q302686
WPG7IJVP,3,1,http://www.wikidata.org/entity/Q302686
WPG7IJVP,4,1,http://www.wikidata.org/entity/Q302686
WPG7IJVP,5,1,http://www.wikidata.org/entity/Q302686
WPG7IJVP,1,2,http://www.wikidata.org/entity/Q7099379
WPG7IJVP,2,2,http://www.wikidata.org/entity/Q7099379
WPG7IJVP,3,2,http://www.wikidata.org/entity/Q7099379
WPG7IJVP,4,2,http://www.wikidata.org/entity/Q7099379
WPG7IJVP,5,2,http://www.wikidata.org/entity/Q545861
8BBUQCNY,1,0,http://www.wikidata.org/entity/Q218593
8BBUQCNY,2,0,http://www.wikidata.org/entity/Q218593
8BBUQCNY,3,0,http://www.wikidata.org/entity/Q218593
8BBUQCNY,1,1,http://www.wikidata.org/entity/Q753437
8BBUQCNY,2,1,http://www.wikidata.org/entity/Q2447844
8BBUQCNY,3,1,http://www.wikidata.org/entity/Q728515
8BBUQCNY,1,2,http://www.wikidata.org/entity/Q564793
8BBUQCNY,2,2,http://www.wikidata.org/entity/Q3714945
8BBUQCNY,3,2,http://www.wikidata.org/entity/Q717897
8BBUQCNY,1,3,http://www.wikidata.org/entity/Q752949
8BBUQCNY,2,3,http://www.wikidata.org/entity/Q3714943
8BBUQCNY,3,3,http://www.wikidata.org/entity/Q505431
8BBUQCNY,1,4,http://www.wikidata.org/entity/Q186125
8BBUQCNY,2,4,http://www.wikidata.org/entity/Q3714939
8BBUQCNY,3,4,http://www.wikidata.org/entity/Q7539
9CEN5S2D,1,0,http://www.wikidata.org/entity/Q64
9CEN5S2D,2,0,http://www.wikidata.org/entity/Q210796
9CEN5S2D,3,0,http://www.wikidata.org/entity/Q156837
9CEN5S2D,4,0,http://www.wikidata.org/entity/Q147929
9CEN5S2D,5,0,http://www.wikidata.org/entity/Q6596
9CEN5S2D,6,0,http://www.wikidata.org/entity/Q147929
9CEN5S2D,7,0,http://www.wikidata.org/entity/Q156837
9CEN5S2D,8,0,http://www.wikidata.org/entity/Q6596
9CEN5S2D,9,0,http://www.wikidata.org/entity/Q210796
9CEN5S2D,10,0,http://www.wikidata.org/entity/Q6596
9CEN5S2D,11,0,http://www.wikidata.org/entity/Q210796
9CEN5S2D,12,0,http://www.wikidata.org/entity/Q321197
9CEN5S2D,13,0,http://www.wikidata.org/entity/Q1018
9CEN5S2D,14,0,http://www.wikidata.org/entity/Q64
9CEN5S2D,15,0,http://www.wikidata.org/entity/Q210796
9CEN5S2D,1,2,http://www.wikidata.org/entity/Q183
9CEN5S2D,2,2,http://www.wikidata.org/entity/Q586056
9CEN5S2D,3,2,http://www.wikidata.org/entity/Q819411
9CEN5S2D,4,2,http://www.wikidata.org/entity/Q716072
9CEN5S2D,5,2,http://www.wikidata.org/entity/Q16184
9CEN5S2D,6,2,http://www.wikidata.org/entity/Q716072
9CEN5S2D,7,2,http://www.wikidata.org/entity/Q819411
9CEN5S2D,8,2,http://www.wikidata.org/entity/Q16184
9CEN5S2D,9,2,http://www.wikidata.org/entity/Q586056
9CEN5S2D,10,2,http://www.wikidata.org/entity/Q692946
9CEN5S2D,11,2,http://www.wikidata.org/entity/Q586056
9CEN5S2D,12,2,http://www.wikidata.org/entity/Q671899
9CEN5S2D,13,2,http://www.wikidata.org/entity/Q858792
9CEN5S2D,14,2,http://www.wikidata.org/entity/Q183
9CEN5S2D,15,2,http://www.wikidata.org/entity/Q586056
9CEN5S2D,1,3,http://www.wikidata.org/entity/Q640426
9CEN5S2D,2,3,http://www.wikidata.org/entity/Q207202
9CEN5S2D,3,3,http://www.wikidata.org/entity/Q527653
9CEN5S2D,4,3,http://www.wikidata.org/entity/Q4077
9CEN5S2D,5,3,http://www.wikidata.org/entity/Q53144
9CEN5S2D,6,3,http://www.wikidata.org/entity/Q4077
9CEN5S2D,7,3,http://www.wikidata.org/entity/Q527653
9CEN5S2D,8,3,http://www.wikidata.org/entity/Q53144
9CEN5S2D,9,3,http://www.wikidata.org/entity/Q207202
9CEN5S2D,10,3,http://www.wikidata.org/entity/Q53144
9CEN5S2D,11,3,http://www.wikidata.org/entity/Q647197
9CEN5S2D,12,3,http://www.wikidata.org/entity/Q278877
9CEN5S2D,13,3,http://www.wikidata.org/entity/Q6596
9CEN5S2D,14,3,http://www.wikidata.org/entity/Q6142
9CEN5S2D,15,3,http://www.wikidata.org/entity/Q207202
9CEN5S2D,1,4,http://www.wikidata.org/entity/Q6723
9CEN5S2D,2,4,http://www.wikidata.org/entity/Q6655
9CEN5S2D,3,4,http://www.wikidata.org/entity/Q6655
9CEN5S2D,4,4,http://www.wikidata.org/entity/Q6655
9CEN5S2D,5,4,http://www.wikidata.org/entity/Q6655
9CEN5S2D,6,4,http://www.wikidata.org/entity/Q6655
9CEN5S2D,7,4,http://www.wikidata.org/entity/Q6655
9CEN5S2D,8,4,http://www.wikidata.org/entity/Q6655
9CEN5S2D,9,4,http://www.wikidata.org/entity/Q6655
9CEN5S2D,10,4,http://www.wikidata.org/entity/Q6655
9CEN5S2D,11,4,http://www.wikidata.org/entity/Q6655
9CEN5S2D,12,4,http://www.wikidata.org/entity/Q6655
9CEN5S2D,13,4,http://www.wikidata.org/entity/Q6655
9CEN5S2D,14,4,http://www.wikidata.org/entity/Q6723
9CEN5S2D,15,4,http://www.wikidata.org/entity/Q6655
9CEN5S2D,1,5,http://www.wikidata.org/entity/Q183
9CEN5S2D,2,5,http://www.wikidata.org/entity/Q214
9CEN5S2D,3,5,http://www.wikidata.org/entity/Q36
9CEN5S2D,4,5,http://www.wikidata.org/entity/Q36
9CEN5S2D,5,5,http://www.wikidata.org/entity/Q38
9CEN5S2D,6,5,http://www.wikidata.org/entity/Q36
9CEN5S2D,7,5,http://www.wikidata.org/entity/Q36
9CEN5S2D,8,5,http://www.wikidata.org/entity/Q38
9CEN5S2D,9,5,http://www.wikidata.org/entity/Q214
9CEN5S2D,10,5,http://www.wikidata.org/entity/Q38
9CEN5S2D,11,5,http://www.wikidata.org/entity/Q214
9CEN5S2D,12,5,http://www.wikidata.org/entity/Q36
9CEN5S2D,13,5,http://www.wikidata.org/entity/Q215
9CEN5S2D,14,5,http://www.wikidata.org/entity/Q183
9CEN5S2D,15,5,http://www.wikidata.org/entity/Q214
9CEN5S2D,1,6,http://www.wikidata.org/entity/Q65
9CEN5S2D,2,6,http://www.wikidata.org/entity/Q732376
9CEN5S2D,3,6,http://www.wikidata.org/entity/Q574791
9CEN5S2D,4,6,http://www.wikidata.org/entity/Q567755
9CEN5S2D,5,6,http://www.wikidata.org/entity/Q336250
9CEN5S2D,6,6,http://www.wikidata.org/entity/Q161961
9CEN5S2D,7,6,http://www.wikidata.org/entity/Q156593
9CEN5S2D,8,6,http://www.wikidata.org/entity/Q41329
9CEN5S2D,9,6,http://www.wikidata.org/entity/Q14815
9CEN5S2D,10,6,http://www.wikidata.org/entity/Q9777
9CEN5S2D,11,6,http://www.wikidata.org/entity/Q14815
9CEN5S2D,12,6,http://www.wikidata.org/entity/Q4191
9CEN5S2D,13,6,http://www.wikidata.org/entity/Q41753
9CEN5S2D,14,6,http://www.wikidata.org/entity/Q65
9CEN5S2D,15,6,http://www.wikidata.org/entity/Q210796
2H6XQ0YY,1,0,http://www.wikidata.org/entity/Q23077
2H6XQ0YY,2,0,http://www.wikidata.org/entity/Q23204
2H6XQ0YY,3,0,http://www.wikidata.org/entity/Q23112
2H6XQ0YY,4,0,http://www.wikidata.org/entity/Q23098
2H6XQ0YY,5,0,http://www.wikidata.org/entity/Q23086
2H6XQ0YY,6,0,http://www.wikidata.org/entity/Q23204
2H6XQ0YY,7,0,http://www.wikidata.org/entity/Q23106
2H6XQ0YY,8,0,http://www.wikidata.org/entity/Q23240
2H6XQ0YY,1,2,http://www.wikidata.org/entity/Q23077
2H6XQ0YY,2,2,http://www.wikidata.org/entity/Q23204
2H6XQ0YY,3,2,http://www.wikidata.org/entity/Q23112
2H6XQ0YY,4,2,http://www.wikidata.org/entity/Q23098
2H6XQ0YY,5,2,http://www.wikidata.org/entity/Q23086
2H6XQ0YY,6,2,http://www.wikidata.org/entity/Q23204
2H6XQ0YY,7,2,http://www.wikidata.org/entity/Q23106
2H6XQ0YY,8,2,http://www.wikidata.org/entity/Q23240
2H6XQ0YY,1,3,http://www.wikidata.org/entity/Q1290796
2H6XQ0YY,2,3,http://www.wikidata.org/entity/Q1277894
2H6XQ0YY,3,3,http://www.wikidata.org/entity/Q1277768
2H6XQ0YY,4,3,http://www.wikidata.org/entity/Q1199980
2H6XQ0YY,5,3,http://www.wikidata.org/entity/Q1139085
2H6XQ0YY,6,3,http://www.wikidata.org/entity/Q1094226
2H6XQ0YY,7,3,http://www.wikidata.org/entity/Q1067639
2H6XQ0YY,8,3,http://www.wikidata.org/entity/Q1049506
2H6XQ0YY,1,4,http://www.wikidata.org/entity/Q145
2H6XQ0YY,2,4,http://www.wikidata.org/entity/Q145
2H6XQ0YY,3,4,http://www.wikidata.org/entity/Q145
2H6XQ0YY,4,4,http://www.wikidata.org/entity/Q145
2H6XQ0YY,5,4,http://www.wikidata.org/entity/Q145
2H6XQ0YY,6,4,http://www.wikidata.org/entity/Q145
2H6XQ0YY,7,4,http://www.wikidata.org/entity/Q145
2H6XQ0YY,8,4,http://www.wikidata.org/entity/Q145
Q6IGO4D1,1,0,http://www.wikidata.org/entity/Q26524377
Q6IGO4D1,2,0,http://www.wikidata.org/entity/Q61415672
Q6IGO4D1,3,0,http://www.wikidata.org/entity/Q26524377
Q6IGO4D1,4,0,http://www.wikidata.org/entity/Q373143
Q6IGO4D1,1,1,http://www.wikidata.org/entity/Q15700834
Q6IGO4D1,2,1,http://www.wikidata.org/entity/Q14451490
Q6IGO4D1,3,1,http://www.wikidata.org/entity/Q15700834
Q6IGO4D1,4,1,http://www.wikidata.org/entity/Q57584209
Q6IGO4D1,1,2,http://www.wikidata.org/entity/Q145
Q6IGO4D1,2,2,http://www.wikidata.org/entity/Q16
Q6IGO4D1,3,2,http://www.wikidata.org/entity/Q145
Q6IGO4D1,4,2,http://www.wikidata.org/entity/Q16
Q6IGO4D1,1,3,http://www.wikidata.org/entity/Q7747981
Q6IGO4D1,2,3,http://www.wikidata.org/entity/Q43160742
Q6IGO4D1,3,3,http://www.wikidata.org/entity/Q7747981
Q6IGO4D1,4,3,http://www.wikidata.org/entity/Q2114279
Q6IGO4D1,1,4,http://www.wikidata.org/entity/Q1021645
Q6IGO4D1,2,4,http://www.wikidata.org/entity/Q1021645
Q6IGO4D1,3,4,http://www.wikidata.org/entity/Q3947
Q6IGO4D1,4,4,http://www.wikidata.org/entity/Q1021645
Q6IGO4D1,1,5,http://www.wikidata.org/entity/Q40089
Q6IGO4D1,2,5,http://www.wikidata.org/entity/Q13085
Q6IGO4D1,3,5,http://www.wikidata.org/entity/Q40089
Q6IGO4D1,4,5,http://www.wikidata.org/entity/Q753
E6RJZGS4,1,0,http://www.wikidata.org/entity/Q8343759
E6RJZGS4,2,0,http://www.wikidata.org/entity/Q1778266
E6RJZGS4,3,0,http://www.wikidata.org/entity/Q8343768
E6RJZGS4,4,0,http://www.wikidata.org/entity/Q2945649
E6RJZGS4,5,0,http://www.wikidata.org/entity/Q8343770
E6RJZGS4,1,1,http://www.wikidata.org/entity/Q736
E6RJZGS4,2,1,http://www.wikidata.org/entity/Q142
E6RJZGS4,3,1,http://www.wikidata.org/entity/Q155
E6RJZGS4,4,1,http://www.wikidata.org/entity/Q45
E6RJZGS4,5,1,http://www.wikidata.org/entity/Q45
E6RJZGS4,1,2,http://www.wikidata.org/entity/Q220451
E6RJZGS4,2,2,http://www.wikidata.org/entity/Q132801
E6RJZGS4,3,2,http://www.wikidata.org/entity/Q28441
E6RJZGS4,4,2,http://www.wikidata.org/entity/Q18479565
E6RJZGS4,5,2,http://www.wikidata.org/entity/Q18469458
E6RJZGS4,1,3,http://www.wikidata.org/entity/Q38284951
E6RJZGS4,2,3,http://www.wikidata.org/entity/Q38284951
E6RJZGS4,3,3,http://www.wikidata.org/entity/Q38284951
WKSE8JXK,0,0,http://www.wikidata.org/entity/Q218593
WKSE8JXK,1,0,http://www.wikidata.org/entity/Q2188627
WKSE8JXK,2,0,http://www.wikidata.org/entity/Q2344861
WKSE8JXK,3,0,http://www.wikidata.org/entity/Q1429697
WKSE8JXK,4,0,http://www.wikidata.org/entity/Q1480778
WKSE8JXK,5,0,http://www.wikidata.org/entity/Q1429697
WKSE8JXK,6,0,http://www.wikidata.org/entity/Q1480778
WKSE8JXK,7,0,http://www.wikidata.org/entity/Q855042
WKSE8JXK,8,0,http://www.wikidata.org/entity/Q897330
WKSE8JXK,9,0,http://www.wikidata.org/entity/Q1074991
WKSE8JXK,10,0,http://www.wikidata.org/entity/Q897330
WKSE8JXK,11,0,http://www.wikidata.org/entity/Q1074991
WKSE8JXK,0,1,http://www.wikidata.org/entity/Q218593
WKSE8JXK,1,1,http://www.wikidata.org/entity/Q21523037
WKSE8JXK,2,1,http://www.wikidata.org/entity/Q2605671
WKSE8JXK,3,1,http://www.wikidata.org/entity/Q3346357
WKSE8JXK,4,1,http://www.wikidata.org/entity/Q1006296
WKSE8JXK,5,1,http://www.wikidata.org/entity/Q3346357
WKSE8JXK,6,1,http://www.wikidata.org/entity/Q1006296
WKSE8JXK,7,1,http://www.wikidata.org/entity/Q21748569
WKSE8JXK,8,1,http://www.wikidata.org/entity/Q897320
WKSE8JXK,9,1,http://www.wikidata.org/entity/Q376749
WKSE8JXK,10,1,http://www.wikidata.org/entity/Q897320
WKSE8JXK,11,1,http://www.wikidata.org/entity/Q376749
WKSE8JXK,0,2,http://www.wikidata.org/entity/Q14877683
WKSE8JXK,1,2,http://www.wikidata.org/entity/Q1985120
WKSE8JXK,2,2,http://www.wikidata.org/entity/Q609190
WKSE8JXK,3,2,http://www.wikidata.org/entity/Q1480778
WKSE8JXK,4,2,http://www.wikidata.org/entity/Q1429697
WKSE8JXK,5,2,http://www.wikidata.org/entity/Q1480778
WKSE8JXK,6,2,http://www.wikidata.org/entity/Q1429697
WKSE8JXK,7,2,http://www.wikidata.org/entity/Q68585
WKSE8JXK,8,2,http://www.wikidata.org/entity/Q1438974
WKSE8JXK,9,2,http://www.wikidata.org/entity/Q68585
WKSE8JXK,10,2,http://www.wikidata.org/entity/Q1438974
WKSE8JXK,11,2,http://www.wikidata.org/entity/Q68585
WKSE8JXK,0,3,http://www.wikidata.org/entity/Q218593
WKSE8JXK,1,3,http://www.wikidata.org/entity/Q5277706
WKSE8JXK,2,3,http://www.wikidata.org/entity/Q3344934
WKSE8JXK,3,3,http://www.wikidata.org/entity/Q13420029
WKSE8JXK,4,3,http://www.wikidata.org/entity/Q4865923
WKSE8JXK,5,3,http://www.wikidata.org/entity/Q3423900
WKSE8JXK,6,3,http://www.wikidata.org/entity/Q3347783
WKSE8JXK,7,3,http://www.wikidata.org/entity/Q3345937
WKSE8JXK,8,3,http://www.wikidata.org/entity/Q3348400
WKSE8JXK,9,3,http://www.wikidata.org/entity/Q3346753
WKSE8JXK,10,3,http://www.wikidata.org/entity/Q3346701
WKSE8JXK,11,3,http://www.wikidata.org/entity/Q2365272
WKSE8JXK,0,4,http://www.wikidata.org/entity/Q218593
WKSE8JXK,1,4,http://www.wikidata.org/entity/Q876023
WKSE8JXK,2,4,http://www.wikidata.org/entity/Q501696
WKSE8JXK,3,4,http://www.wikidata.org/entity/Q158087
WKSE8JXK,4,4,http://www.wikidata.org/entity/Q158087
WKSE8JXK,5,4,http://www.wikidata.org/entity/Q158087
WKSE8JXK,6,4,http://www.wikidata.org/entity/Q158087
WKSE8JXK,7,4,http://www.wikidata.org/entity/Q459723
WKSE8JXK,8,4,http://www.wikidata.org/entity/Q158087
WKSE8JXK,9,4,http://www.wikidata.org/entity/Q158087
WKSE8JXK,10,4,http://www.wikidata.org/entity/Q158087
WKSE8JXK,11,4,http://www.wikidata.org/entity/Q158087
WKSE8JXK,0,5,http://www.wikidata.org/entity/Q218593
WKSE8JXK,1,5,http://www.wikidata.org/entity/Q6906
WKSE8JXK,2,5,http://www.wikidata.org/entity/Q6906
WKSE8JXK,3,5,http://www.wikidata.org/entity/Q6906
WKSE8JXK,4,5,http://www.wikidata.org/entity/Q6906
WKSE8JXK,5,5,http://www.wikidata.org/entity/Q6906
WKSE8JXK,6,5,http://www.wikidata.org/entity/Q6906
WKSE8JXK,7,5,http://www.wikidata.org/entity/Q6906
WKSE8JXK,8,5,http://www.wikidata.org/entity/Q6906
WKSE8JXK,9,5,http://www.wikidata.org/entity/Q6906
WKSE8JXK,10,5,http://www.wikidata.org/entity/Q6906
WKSE8JXK,11,5,http://www.wikidata.org/entity/Q6906
