MHYNCY5U,1,0,http://www.wikidata.org/entity/Q16941209
MHYNCY5U,1,2,http://www.wikidata.org/entity/Q302
MHYNCY5U,2,0,http://www.wikidata.org/entity/Q17015401
MHYNCY5U,2,2,http://www.wikidata.org/entity/Q144
MHYNCY5U,3,0,http://www.wikidata.org/entity/Q28874461
MHYNCY5U,3,2,http://www.wikidata.org/entity/Q11685210
MHYNCY5U,4,0,http://www.wikidata.org/entity/Q29565402
MHYNCY5U,4,2,http://www.wikidata.org/entity/Q458975
MHYNCY5U,5,0,http://www.wikidata.org/entity/Q28831532
MHYNCY5U,5,2,http://www.wikidata.org/entity/Q131514
MHYNCY5U,6,0,http://www.wikidata.org/entity/Q29640342
MHYNCY5U,6,2,http://www.wikidata.org/entity/Q8441
MHYNCY5U,7,0,http://www.wikidata.org/entity/Q29385158
MHYNCY5U,7,2,http://www.wikidata.org/entity/Q8441
MHYNCY5U,8,0,http://www.wikidata.org/entity/Q29577797
MHYNCY5U,8,2,http://www.wikidata.org/entity/Q467
MHYNCY5U,9,0,http://www.wikidata.org/entity/Q29534175
MHYNCY5U,9,2,http://www.wikidata.org/entity/Q467
MHYNCY5U,10,0,http://www.wikidata.org/entity/Q28890011
MHYNCY5U,10,2,http://www.wikidata.org/entity/Q302
MHYNCY5U,11,0,http://www.wikidata.org/entity/Q28838030
MHYNCY5U,11,2,http://www.wikidata.org/entity/Q302
MHYNCY5U,12,0,http://www.wikidata.org/entity/Q29533983
MHYNCY5U,12,2,http://www.wikidata.org/entity/Q195
MHYNCY5U,13,0,http://www.wikidata.org/entity/Q16941157
MHYNCY5U,13,2,http://www.wikidata.org/entity/Q118
0TTGMXD5,1,0,http://www.wikidata.org/entity/Q172033
0TTGMXD5,1,1,http://www.wikidata.org/entity/Q42176
0TTGMXD5,1,2,http://www.wikidata.org/entity/Q173284
0TTGMXD5,2,0,http://www.wikidata.org/entity/Q171871
0TTGMXD5,2,1,http://www.wikidata.org/entity/Q69405
0TTGMXD5,2,2,http://www.wikidata.org/entity/Q173280
0TTGMXD5,3,0,http://www.wikidata.org/entity/Q171862
0TTGMXD5,3,1,http://www.wikidata.org/entity/Q62608
0TTGMXD5,3,2,http://www.wikidata.org/entity/Q173280
0TTGMXD5,4,0,http://www.wikidata.org/entity/Q306756
0TTGMXD5,4,1,http://www.wikidata.org/entity/Q69561
0TTGMXD5,4,2,http://www.wikidata.org/entity/Q173279
0TTGMXD5,5,0,http://www.wikidata.org/entity/Q171902
0TTGMXD5,5,1,http://www.wikidata.org/entity/Q69431
0TTGMXD5,5,2,http://www.wikidata.org/entity/Q173279
0TTGMXD5,6,0,http://www.wikidata.org/entity/Q171851
0TTGMXD5,6,1,http://www.wikidata.org/entity/Q69267
0TTGMXD5,6,2,http://www.wikidata.org/entity/Q173123
0TTGMXD5,7,0,http://www.wikidata.org/entity/Q307034
0TTGMXD5,7,1,http://www.wikidata.org/entity/Q69750
0TTGMXD5,7,2,http://www.wikidata.org/entity/Q172843
0TTGMXD5,8,0,http://www.wikidata.org/entity/Q307063
0TTGMXD5,8,1,http://www.wikidata.org/entity/Q69791
0TTGMXD5,8,2,http://www.wikidata.org/entity/Q172842
0TTGMXD5,9,0,http://www.wikidata.org/entity/Q307049
0TTGMXD5,9,1,http://www.wikidata.org/entity/Q69763
0TTGMXD5,9,2,http://www.wikidata.org/entity/Q172842
0TTGMXD5,10,0,http://www.wikidata.org/entity/Q171916
0TTGMXD5,10,1,http://www.wikidata.org/entity/Q69375
0TTGMXD5,10,2,http://www.wikidata.org/entity/Q172835
0TTGMXD5,11,0,http://www.wikidata.org/entity/Q171775
0TTGMXD5,11,1,http://www.wikidata.org/entity/Q69415
0TTGMXD5,11,2,http://www.wikidata.org/entity/Q172753
PDDBFUIW,1,0,http://www.wikidata.org/entity/Q221091
PDDBFUIW,1,1,http://www.wikidata.org/entity/Q69893
PDDBFUIW,1,2,http://www.wikidata.org/entity/Q183
PDDBFUIW,1,3,http://www.wikidata.org/entity/Q10514
PDDBFUIW,1,5,http://www.wikidata.org/entity/Q9671
PDDBFUIW,2,0,http://www.wikidata.org/entity/Q221065
PDDBFUIW,2,1,http://www.wikidata.org/entity/Q69869
PDDBFUIW,2,2,http://www.wikidata.org/entity/Q183
PDDBFUIW,2,3,http://www.wikidata.org/entity/Q9671
PDDBFUIW,2,5,http://www.wikidata.org/entity/Q9671
PDDBFUIW,3,0,http://www.wikidata.org/entity/Q221010
PDDBFUIW,3,1,http://www.wikidata.org/entity/Q69835
PDDBFUIW,3,2,http://www.wikidata.org/entity/Q183
PDDBFUIW,3,3,http://www.wikidata.org/entity/Q9671
PDDBFUIW,3,5,http://www.wikidata.org/entity/Q9671
PDDBFUIW,4,0,http://www.wikidata.org/entity/Q220969
PDDBFUIW,4,1,http://www.wikidata.org/entity/Q69713
PDDBFUIW,4,2,http://www.wikidata.org/entity/Q29
PDDBFUIW,4,3,http://www.wikidata.org/entity/Q9671
PDDBFUIW,4,5,http://www.wikidata.org/entity/Q9671
RPSS10FP,1,0,http://www.wikidata.org/entity/Q65948
RPSS10FP,1,1,http://www.wikidata.org/entity/Q9671
RPSS10FP,1,2,http://www.wikidata.org/entity/Q69805
RPSS10FP,1,4,http://www.wikidata.org/entity/Q172860
RPSS10FP,2,0,http://www.wikidata.org/entity/Q65931
RPSS10FP,2,1,http://www.wikidata.org/entity/Q9671
RPSS10FP,2,2,http://www.wikidata.org/entity/Q69791
RPSS10FP,2,4,http://www.wikidata.org/entity/Q172860
RPSS10FP,3,0,http://www.wikidata.org/entity/Q65916
RPSS10FP,3,1,http://www.wikidata.org/entity/Q172832
RPSS10FP,3,2,http://www.wikidata.org/entity/Q69763
RPSS10FP,3,4,http://www.wikidata.org/entity/Q172860
RPSS10FP,4,0,http://www.wikidata.org/entity/Q65904
RPSS10FP,4,1,http://www.wikidata.org/entity/Q9671
RPSS10FP,4,2,http://www.wikidata.org/entity/Q69750
RPSS10FP,4,4,http://www.wikidata.org/entity/Q172860
RPSS10FP,5,0,http://www.wikidata.org/entity/Q65714
RPSS10FP,5,1,http://www.wikidata.org/entity/Q10505
RPSS10FP,5,2,http://www.wikidata.org/entity/Q69735
RPSS10FP,5,4,http://www.wikidata.org/entity/Q172860
RPSS10FP,6,0,http://www.wikidata.org/entity/Q65701
RPSS10FP,6,1,http://www.wikidata.org/entity/Q9671
RPSS10FP,6,2,http://www.wikidata.org/entity/Q69722
RPSS10FP,6,4,http://www.wikidata.org/entity/Q172860
RPSS10FP,7,0,http://www.wikidata.org/entity/Q65686
RPSS10FP,7,1,http://www.wikidata.org/entity/Q9671
RPSS10FP,7,2,http://www.wikidata.org/entity/Q69713
RPSS10FP,7,4,http://www.wikidata.org/entity/Q172860
RPSS10FP,8,0,http://www.wikidata.org/entity/Q65662
RPSS10FP,8,1,http://www.wikidata.org/entity/Q10494
RPSS10FP,8,2,http://www.wikidata.org/entity/Q69696
RPSS10FP,8,4,http://www.wikidata.org/entity/Q172860
RPSS10FP,9,0,http://www.wikidata.org/entity/Q65651
RPSS10FP,9,1,http://www.wikidata.org/entity/Q10490
RPSS10FP,9,2,http://www.wikidata.org/entity/Q69686
RPSS10FP,9,4,http://www.wikidata.org/entity/Q172860
RPSS10FP,10,0,http://www.wikidata.org/entity/Q65626
RPSS10FP,10,1,http://www.wikidata.org/entity/Q172759
RPSS10FP,10,2,http://www.wikidata.org/entity/Q69670
RPSS10FP,10,4,http://www.wikidata.org/entity/Q172860
RPSS10FP,11,0,http://www.wikidata.org/entity/Q65611
RPSS10FP,11,1,http://www.wikidata.org/entity/Q10490
RPSS10FP,11,2,http://www.wikidata.org/entity/Q69657
RPSS10FP,11,4,http://www.wikidata.org/entity/Q172860
RPSS10FP,12,0,http://www.wikidata.org/entity/Q65592
RPSS10FP,12,1,http://www.wikidata.org/entity/Q10494
RPSS10FP,12,2,http://www.wikidata.org/entity/Q69641
RPSS10FP,12,4,http://www.wikidata.org/entity/Q172860
036C32YU,1,0,http://www.wikidata.org/entity/Q3116523
036C32YU,1,2,http://www.wikidata.org/entity/Q46201399
036C32YU,1,3,http://www.wikidata.org/entity/Q647346
036C32YU,1,4,http://www.wikidata.org/entity/Q1127096
036C32YU,2,0,http://www.wikidata.org/entity/Q2866047
036C32YU,2,2,http://www.wikidata.org/entity/Q46201399
036C32YU,2,3,http://www.wikidata.org/entity/Q4802355
036C32YU,2,4,http://www.wikidata.org/entity/Q631049
036C32YU,3,0,http://www.wikidata.org/entity/Q885861
036C32YU,3,2,http://www.wikidata.org/entity/Q46126990
036C32YU,3,3,http://www.wikidata.org/entity/Q2264851
036C32YU,3,4,http://www.wikidata.org/entity/Q1265
036C32YU,4,0,http://www.wikidata.org/entity/Q558704
036C32YU,4,2,http://www.wikidata.org/entity/Q31837222
036C32YU,4,3,http://www.wikidata.org/entity/Q602017
036C32YU,4,4,http://www.wikidata.org/entity/Q1673
036C32YU,5,0,http://www.wikidata.org/entity/Q562332
036C32YU,5,2,http://www.wikidata.org/entity/Q29017011
036C32YU,5,3,http://www.wikidata.org/entity/Q6424
036C32YU,5,4,http://www.wikidata.org/entity/Q1650
036C32YU,6,0,http://www.wikidata.org/entity/Q4198982
036C32YU,6,2,http://www.wikidata.org/entity/Q28842084
036C32YU,6,3,http://www.wikidata.org/entity/Q1096323
036C32YU,6,4,http://www.wikidata.org/entity/Q1136609
036C32YU,7,0,http://www.wikidata.org/entity/Q14521111
036C32YU,7,2,http://www.wikidata.org/entity/Q28679788
036C32YU,7,3,http://www.wikidata.org/entity/Q2345752
036C32YU,7,4,http://www.wikidata.org/entity/Q4978784
036C32YU,8,0,http://www.wikidata.org/entity/Q1323916
036C32YU,8,2,http://www.wikidata.org/entity/Q31837223
036C32YU,8,3,http://www.wikidata.org/entity/Q745257
036C32YU,8,4,http://www.wikidata.org/entity/Q1667
036C32YU,9,0,http://www.wikidata.org/entity/Q1953026
036C32YU,9,2,http://www.wikidata.org/entity/Q34359193
036C32YU,9,3,http://www.wikidata.org/entity/Q115621
036C32YU,9,4,http://www.wikidata.org/entity/Q204347
036C32YU,10,0,http://www.wikidata.org/entity/Q1157959
036C32YU,10,2,http://www.wikidata.org/entity/Q28186695
036C32YU,10,3,http://www.wikidata.org/entity/Q17068172
036C32YU,10,4,http://www.wikidata.org/entity/Q104437
036C32YU,11,0,http://www.wikidata.org/entity/Q864994
036C32YU,11,2,http://www.wikidata.org/entity/Q28186695
036C32YU,11,3,http://www.wikidata.org/entity/Q1837588
036C32YU,11,4,http://www.wikidata.org/entity/Q104437
1XBSEWS2,1,0,http://www.wikidata.org/entity/Q221164
1XBSEWS2,1,1,http://www.wikidata.org/entity/Q5371399
1XBSEWS2,1,2,http://www.wikidata.org/entity/Q14870299
1XBSEWS2,1,3,http://www.wikidata.org/entity/Q620562
1XBSEWS2,2,0,http://www.wikidata.org/entity/Q1986744
1XBSEWS2,2,1,http://www.wikidata.org/entity/Q58319837
1XBSEWS2,2,2,http://www.wikidata.org/entity/Q14870299
1XBSEWS2,2,3,http://www.wikidata.org/entity/Q197949
1XBSEWS2,3,0,http://www.wikidata.org/entity/Q252198
1XBSEWS2,3,1,http://www.wikidata.org/entity/Q964255
1XBSEWS2,3,2,http://www.wikidata.org/entity/Q14870299
1XBSEWS2,3,3,http://www.wikidata.org/entity/Q174526
1XBSEWS2,4,0,http://www.wikidata.org/entity/Q644793
1XBSEWS2,4,1,http://www.wikidata.org/entity/Q279217
1XBSEWS2,4,2,http://www.wikidata.org/entity/Q14870299
1XBSEWS2,4,3,http://www.wikidata.org/entity/Q174526
Y6NNF24Z,1,0,http://www.wikidata.org/entity/Q2706945
Y6NNF24Z,1,1,http://www.wikidata.org/entity/Q2518272
Y6NNF24Z,1,2,http://www.wikidata.org/entity/Q178588
Y6NNF24Z,1,3,http://www.wikidata.org/entity/Q4760857
Y6NNF24Z,2,0,http://www.wikidata.org/entity/Q581952
Y6NNF24Z,2,1,http://www.wikidata.org/entity/Q2399225
Y6NNF24Z,2,2,http://www.wikidata.org/entity/Q178588
Y6NNF24Z,2,3,http://www.wikidata.org/entity/Q2338060
Y6NNF24Z,3,0,http://www.wikidata.org/entity/Q787102
Y6NNF24Z,3,1,http://www.wikidata.org/entity/Q1458883
Y6NNF24Z,3,2,http://www.wikidata.org/entity/Q178588
Y6NNF24Z,3,3,http://www.wikidata.org/entity/Q1367289
Y6NNF24Z,4,0,http://www.wikidata.org/entity/Q950244
Y6NNF24Z,4,1,http://www.wikidata.org/entity/Q1097500
Y6NNF24Z,4,2,http://www.wikidata.org/entity/Q169930
Y6NNF24Z,4,3,http://www.wikidata.org/entity/Q911923
Y6NNF24Z,5,0,http://www.wikidata.org/entity/Q188770
Y6NNF24Z,5,1,http://www.wikidata.org/entity/Q153044
Y6NNF24Z,5,2,http://www.wikidata.org/entity/Q178588
Y6NNF24Z,5,3,http://www.wikidata.org/entity/Q727151
8Q8E3RFQ,1,0,http://www.wikidata.org/entity/Q5255688
8Q8E3RFQ,1,1,http://www.wikidata.org/entity/Q6216
8Q8E3RFQ,1,2,http://www.wikidata.org/entity/Q30
8Q8E3RFQ,1,3,http://www.wikidata.org/entity/Q29552
8Q8E3RFQ,2,0,http://www.wikidata.org/entity/Q9056333
8Q8E3RFQ,2,1,http://www.wikidata.org/entity/Q7272
8Q8E3RFQ,2,2,http://www.wikidata.org/entity/Q419
8Q8E3RFQ,2,3,http://www.wikidata.org/entity/Q163931
8Q8E3RFQ,3,0,http://www.wikidata.org/entity/Q7314659
8Q8E3RFQ,3,1,http://www.wikidata.org/entity/Q7169
8Q8E3RFQ,3,2,http://www.wikidata.org/entity/Q30
8Q8E3RFQ,3,3,http://www.wikidata.org/entity/Q29468
8Q8E3RFQ,4,0,http://www.wikidata.org/entity/Q7314628
8Q8E3RFQ,4,1,http://www.wikidata.org/entity/Q7169
8Q8E3RFQ,4,2,http://www.wikidata.org/entity/Q30
8Q8E3RFQ,4,3,http://www.wikidata.org/entity/Q29468
8Q8E3RFQ,5,0,http://www.wikidata.org/entity/Q2575292
8Q8E3RFQ,5,1,http://www.wikidata.org/entity/Q6216
8Q8E3RFQ,5,2,http://www.wikidata.org/entity/Q17
8Q8E3RFQ,5,3,http://www.wikidata.org/entity/Q711511
8Q8E3RFQ,6,0,http://www.wikidata.org/entity/Q2867848
8Q8E3RFQ,6,1,http://www.wikidata.org/entity/Q6216
8Q8E3RFQ,6,2,http://www.wikidata.org/entity/Q16
8Q8E3RFQ,6,3,http://www.wikidata.org/entity/Q138345
8Q8E3RFQ,7,0,http://www.wikidata.org/entity/Q4693916
8Q8E3RFQ,7,1,http://www.wikidata.org/entity/Q6235
8Q8E3RFQ,7,2,http://www.wikidata.org/entity/Q419
8Q8E3RFQ,7,3,http://www.wikidata.org/entity/Q70471922
8Q8E3RFQ,8,0,http://www.wikidata.org/entity/Q953992
8Q8E3RFQ,8,1,http://www.wikidata.org/entity/Q6216
8Q8E3RFQ,8,2,http://www.wikidata.org/entity/Q188712
8Q8E3RFQ,8,3,http://www.wikidata.org/entity/Q711511
8Q8E3RFQ,9,0,http://www.wikidata.org/entity/Q13059899
8Q8E3RFQ,9,1,http://www.wikidata.org/entity/Q6186
8Q8E3RFQ,9,2,http://www.wikidata.org/entity/Q902
8Q8E3RFQ,9,3,http://www.wikidata.org/entity/Q7551656
RUJ2M7MY,1,0,http://www.wikidata.org/entity/Q14910515
RUJ2M7MY,1,1,http://www.wikidata.org/entity/Q22809680
RUJ2M7MY,1,2,http://www.wikidata.org/entity/Q1435575
RUJ2M7MY,1,3,http://www.wikidata.org/entity/Q847096
RUJ2M7MY,1,4,http://www.wikidata.org/entity/Q20747295
RUJ2M7MY,2,0,http://www.wikidata.org/entity/Q21163221
RUJ2M7MY,2,1,http://www.wikidata.org/entity/Q22809711
RUJ2M7MY,2,2,http://www.wikidata.org/entity/Q828130
RUJ2M7MY,2,3,http://www.wikidata.org/entity/Q847096
RUJ2M7MY,2,4,http://www.wikidata.org/entity/Q20747295
RUJ2M7MY,3,0,http://www.wikidata.org/entity/Q18037158
RUJ2M7MY,3,1,http://www.wikidata.org/entity/Q22809711
RUJ2M7MY,3,2,http://www.wikidata.org/entity/Q14914414
RUJ2M7MY,3,3,http://www.wikidata.org/entity/Q847096
RUJ2M7MY,3,4,http://www.wikidata.org/entity/Q20747295
RUJ2M7MY,4,0,http://www.wikidata.org/entity/Q14908222
RUJ2M7MY,4,1,http://www.wikidata.org/entity/Q22809680
RUJ2M7MY,4,2,http://www.wikidata.org/entity/Q184726
RUJ2M7MY,4,3,http://www.wikidata.org/entity/Q840604
RUJ2M7MY,4,4,http://www.wikidata.org/entity/Q20747295
RUJ2M7MY,5,0,http://www.wikidata.org/entity/Q14916427
RUJ2M7MY,5,1,http://www.wikidata.org/entity/Q22809680
RUJ2M7MY,5,2,http://www.wikidata.org/entity/Q33123
RUJ2M7MY,5,3,http://www.wikidata.org/entity/Q765245
RUJ2M7MY,5,4,http://www.wikidata.org/entity/Q20747295
RUJ2M7MY,6,0,http://www.wikidata.org/entity/Q21163357
RUJ2M7MY,6,1,http://www.wikidata.org/entity/Q22809711
RUJ2M7MY,6,2,http://www.wikidata.org/entity/Q1207365
RUJ2M7MY,6,3,http://www.wikidata.org/entity/Q668633
RUJ2M7MY,6,4,http://www.wikidata.org/entity/Q20747295
NHYLXAZ8,1,0,http://www.wikidata.org/entity/Q14916272
NHYLXAZ8,1,1,http://www.wikidata.org/entity/Q22809680
NHYLXAZ8,1,2,http://www.wikidata.org/entity/Q1435575
NHYLXAZ8,1,3,http://www.wikidata.org/entity/Q510786
NHYLXAZ8,1,4,http://www.wikidata.org/entity/Q20747295
NHYLXAZ8,2,0,http://www.wikidata.org/entity/Q14910792
NHYLXAZ8,2,1,http://www.wikidata.org/entity/Q22809680
NHYLXAZ8,2,2,http://www.wikidata.org/entity/Q1435575
NHYLXAZ8,2,3,http://www.wikidata.org/entity/Q510786
NHYLXAZ8,2,4,http://www.wikidata.org/entity/Q20747295
NHYLXAZ8,3,0,http://www.wikidata.org/entity/Q14904550
NHYLXAZ8,3,1,http://www.wikidata.org/entity/Q22809680
NHYLXAZ8,3,2,http://www.wikidata.org/entity/Q1435575
NHYLXAZ8,3,3,http://www.wikidata.org/entity/Q510786
NHYLXAZ8,3,4,http://www.wikidata.org/entity/Q20747295
NHYLXAZ8,4,0,http://www.wikidata.org/entity/Q14911006
NHYLXAZ8,4,1,http://www.wikidata.org/entity/Q22809711
NHYLXAZ8,4,2,http://www.wikidata.org/entity/Q14599493
NHYLXAZ8,4,3,http://www.wikidata.org/entity/Q220677
NHYLXAZ8,4,4,http://www.wikidata.org/entity/Q20747295
3Y4B30CF,1,0,http://www.wikidata.org/entity/Q1037
3Y4B30CF,1,2,http://www.wikidata.org/entity/Q6723
3Y4B30CF,1,3,http://www.wikidata.org/entity/Q27433
3Y4B30CF,2,0,http://www.wikidata.org/entity/Q1039
3Y4B30CF,2,2,http://www.wikidata.org/entity/Q6574
3Y4B30CF,2,3,http://www.wikidata.org/entity/Q27433
3Y4B30CF,3,0,http://www.wikidata.org/entity/Q40362
3Y4B30CF,3,2,http://www.wikidata.org/entity/Q6574
3Y4B30CF,3,3,http://www.wikidata.org/entity/Q6250
3Y4B30CF,4,0,http://www.wikidata.org/entity/Q1044
3Y4B30CF,4,2,http://www.wikidata.org/entity/Q6574
3Y4B30CF,4,3,http://www.wikidata.org/entity/Q4412
5M7QL1JI,1,0,http://www.wikidata.org/entity/Q1077642
5M7QL1JI,1,1,http://www.wikidata.org/entity/Q285400
5M7QL1JI,2,0,http://www.wikidata.org/entity/Q926610
5M7QL1JI,2,1,http://www.wikidata.org/entity/Q285400
5M7QL1JI,3,0,http://www.wikidata.org/entity/Q749072
5M7QL1JI,3,1,http://www.wikidata.org/entity/Q285400
5M7QL1JI,4,0,http://www.wikidata.org/entity/Q14266
5M7QL1JI,4,1,http://www.wikidata.org/entity/Q285400
MWCWPU2C,1,0,http://www.wikidata.org/entity/Q86522346
MWCWPU2C,2,0,http://www.wikidata.org/entity/Q86488380
MWCWPU2C,3,0,http://www.wikidata.org/entity/Q86488361
MWCWPU2C,4,0,http://www.wikidata.org/entity/Q86488313
MWCWPU2C,5,0,http://www.wikidata.org/entity/Q86488266
MWCWPU2C,6,0,http://www.wikidata.org/entity/Q86488219
D1F920NY,1,0,http://www.wikidata.org/entity/Q85513067
D1F920NY,1,1,http://www.wikidata.org/entity/Q10578
D1F920NY,1,2,http://www.wikidata.org/entity/Q84440808
D1F920NY,2,0,http://www.wikidata.org/entity/Q85578418
D1F920NY,2,1,http://www.wikidata.org/entity/Q8860
D1F920NY,2,2,http://www.wikidata.org/entity/Q84434216
D1F920NY,3,0,http://www.wikidata.org/entity/Q85578402
D1F920NY,3,1,http://www.wikidata.org/entity/Q8860
D1F920NY,3,2,http://www.wikidata.org/entity/Q84434216
D1F920NY,4,0,http://www.wikidata.org/entity/Q85051322
D1F920NY,4,1,http://www.wikidata.org/entity/Q10503
D1F920NY,4,2,http://www.wikidata.org/entity/Q84433149
D1F920NY,5,0,http://www.wikidata.org/entity/Q85051298
D1F920NY,5,1,http://www.wikidata.org/entity/Q10503
D1F920NY,5,2,http://www.wikidata.org/entity/Q84433149
D1F920NY,6,0,http://www.wikidata.org/entity/Q85513044
D1F920NY,6,1,http://www.wikidata.org/entity/Q10578
D1F920NY,6,2,http://www.wikidata.org/entity/Q78605996
D1F920NY,7,0,http://www.wikidata.org/entity/Q85495033
D1F920NY,7,1,http://www.wikidata.org/entity/Q8675
D1F920NY,7,2,http://www.wikidata.org/entity/Q78605815
D1F920NY,8,0,http://www.wikidata.org/entity/Q85271023
D1F920NY,8,1,http://www.wikidata.org/entity/Q8906
D1F920NY,8,2,http://www.wikidata.org/entity/Q78604874
D1F920NY,9,0,http://www.wikidata.org/entity/Q85540206
D1F920NY,9,1,http://www.wikidata.org/entity/Q8865
D1F920NY,9,2,http://www.wikidata.org/entity/Q78179837
D1F920NY,10,0,http://www.wikidata.org/entity/Q78545678
D1F920NY,10,1,http://www.wikidata.org/entity/Q8918
D1F920NY,10,2,http://www.wikidata.org/entity/Q84442684
D1F920NY,11,0,http://www.wikidata.org/entity/Q78538622
D1F920NY,11,1,http://www.wikidata.org/entity/Q8918
D1F920NY,11,2,http://www.wikidata.org/entity/Q84442684
D1F920NY,12,0,http://www.wikidata.org/entity/Q80089139
D1F920NY,12,1,http://www.wikidata.org/entity/Q8853
D1F920NY,12,2,http://www.wikidata.org/entity/Q84442157
BU3IHZUD,1,0,http://www.wikidata.org/entity/Q3522910
BU3IHZUD,1,1,http://www.wikidata.org/entity/Q748825
BU3IHZUD,1,2,http://www.wikidata.org/entity/Q55810159
BU3IHZUD,1,3,http://www.wikidata.org/entity/Q1999572
BU3IHZUD,2,0,http://www.wikidata.org/entity/Q1129485
BU3IHZUD,2,1,http://www.wikidata.org/entity/Q25857994
BU3IHZUD,2,2,http://www.wikidata.org/entity/Q3239050
BU3IHZUD,2,3,http://www.wikidata.org/entity/Q1999572
BU3IHZUD,3,0,http://www.wikidata.org/entity/Q1503686
BU3IHZUD,3,1,http://www.wikidata.org/entity/Q748825
BU3IHZUD,3,2,http://www.wikidata.org/entity/Q3238655
BU3IHZUD,3,3,http://www.wikidata.org/entity/Q1999572
BU3IHZUD,4,0,http://www.wikidata.org/entity/Q914748
BU3IHZUD,4,1,http://www.wikidata.org/entity/Q110701
BU3IHZUD,4,2,http://www.wikidata.org/entity/Q45668
BU3IHZUD,4,3,http://www.wikidata.org/entity/Q1999572
3L7OPV8G,1,0,http://www.wikidata.org/entity/Q1375224
3L7OPV8G,1,1,http://www.wikidata.org/entity/Q883523
3L7OPV8G,1,2,http://www.wikidata.org/entity/Q1551
3L7OPV8G,2,0,http://www.wikidata.org/entity/Q2106556
3L7OPV8G,2,1,http://www.wikidata.org/entity/Q883523
3L7OPV8G,2,2,http://www.wikidata.org/entity/Q328672
3L7OPV8G,3,0,http://www.wikidata.org/entity/Q528994
3L7OPV8G,3,1,http://www.wikidata.org/entity/Q2287759
3L7OPV8G,3,2,http://www.wikidata.org/entity/Q739452
3L7OPV8G,4,0,http://www.wikidata.org/entity/Q282675
3L7OPV8G,4,1,http://www.wikidata.org/entity/Q569417
3L7OPV8G,4,2,http://www.wikidata.org/entity/Q36091
OYU3W23X,1,0,http://www.wikidata.org/entity/Q658
OYU3W23X,1,1,http://www.wikidata.org/entity/Q11426
OYU3W23X,1,4,http://www.wikidata.org/entity/Q11254
OYU3W23X,2,0,http://www.wikidata.org/entity/Q731
OYU3W23X,2,1,http://www.wikidata.org/entity/Q202602
OYU3W23X,2,4,http://www.wikidata.org/entity/Q660
OYU3W23X,3,0,http://www.wikidata.org/entity/Q708
OYU3W23X,3,1,http://www.wikidata.org/entity/Q19591
OYU3W23X,3,4,http://www.wikidata.org/entity/Q947546
OYU3W23X,4,0,http://www.wikidata.org/entity/Q660
OYU3W23X,4,1,http://www.wikidata.org/entity/Q19563
OYU3W23X,4,4,http://www.wikidata.org/entity/Q731
3K36GJGS,1,0,http://www.wikidata.org/entity/Q7946745
3K36GJGS,1,1,http://www.wikidata.org/entity/Q477993
3K36GJGS,1,2,http://www.wikidata.org/entity/Q30
3K36GJGS,1,4,http://www.wikidata.org/entity/Q61
3K36GJGS,2,0,http://www.wikidata.org/entity/Q3564603
3K36GJGS,2,1,http://www.wikidata.org/entity/Q168000
3K36GJGS,2,2,http://www.wikidata.org/entity/Q30
3K36GJGS,2,4,http://www.wikidata.org/entity/Q61
3K36GJGS,3,0,http://www.wikidata.org/entity/Q7952516
3K36GJGS,3,1,http://www.wikidata.org/entity/Q477993
3K36GJGS,3,2,http://www.wikidata.org/entity/Q30
3K36GJGS,3,4,http://www.wikidata.org/entity/Q60
3K36GJGS,4,0,http://www.wikidata.org/entity/Q3564763
3K36GJGS,4,1,http://www.wikidata.org/entity/Q477993
3K36GJGS,4,2,http://www.wikidata.org/entity/Q30
3K36GJGS,4,4,http://www.wikidata.org/entity/Q60
3K36GJGS,5,0,http://www.wikidata.org/entity/Q3564618
3K36GJGS,5,1,http://www.wikidata.org/entity/Q477993
3K36GJGS,5,2,http://www.wikidata.org/entity/Q30
3K36GJGS,5,4,http://www.wikidata.org/entity/Q60
3K36GJGS,6,0,http://www.wikidata.org/entity/Q7946974
3K36GJGS,6,1,http://www.wikidata.org/entity/Q167733
3K36GJGS,6,2,http://www.wikidata.org/entity/Q30
3K36GJGS,6,4,http://www.wikidata.org/entity/Q60
3K36GJGS,7,0,http://www.wikidata.org/entity/Q7949568
3K36GJGS,7,1,http://www.wikidata.org/entity/Q130965
3K36GJGS,7,2,http://www.wikidata.org/entity/Q30
3K36GJGS,7,4,http://www.wikidata.org/entity/Q60
3K36GJGS,8,0,http://www.wikidata.org/entity/Q3564753
3K36GJGS,8,1,http://www.wikidata.org/entity/Q49210
3K36GJGS,8,2,http://www.wikidata.org/entity/Q30
3K36GJGS,8,4,http://www.wikidata.org/entity/Q60
3K36GJGS,9,0,http://www.wikidata.org/entity/Q14707668
3K36GJGS,9,1,http://www.wikidata.org/entity/Q49088
3K36GJGS,9,2,http://www.wikidata.org/entity/Q30
3K36GJGS,9,4,http://www.wikidata.org/entity/Q60
3K36GJGS,10,0,http://www.wikidata.org/entity/Q3564619
3K36GJGS,10,1,http://www.wikidata.org/entity/Q13977
3K36GJGS,10,2,http://www.wikidata.org/entity/Q30
3K36GJGS,10,4,http://www.wikidata.org/entity/Q60
3K36GJGS,11,0,http://www.wikidata.org/entity/Q3564667
3K36GJGS,11,1,http://www.wikidata.org/entity/Q7414
3K36GJGS,11,2,http://www.wikidata.org/entity/Q30
3K36GJGS,11,4,http://www.wikidata.org/entity/Q60
3K36GJGS,12,0,http://www.wikidata.org/entity/Q253599
3K36GJGS,12,1,http://www.wikidata.org/entity/Q329494
3K36GJGS,12,2,http://www.wikidata.org/entity/Q27
3K36GJGS,12,4,http://www.wikidata.org/entity/Q27
3K36GJGS,13,0,http://www.wikidata.org/entity/Q2931653
3K36GJGS,13,1,http://www.wikidata.org/entity/Q7887664
3K36GJGS,13,2,http://www.wikidata.org/entity/Q16
3K36GJGS,13,4,http://www.wikidata.org/entity/Q340
BHL1D49W,1,0,http://www.wikidata.org/entity/Q4784028
BHL1D49W,1,1,http://www.wikidata.org/entity/Q1983338
BHL1D49W,2,0,http://www.wikidata.org/entity/Q2859452
BHL1D49W,2,1,http://www.wikidata.org/entity/Q1666118
BHL1D49W,3,0,http://www.wikidata.org/entity/Q626468
BHL1D49W,3,1,http://www.wikidata.org/entity/Q1666118
BHL1D49W,4,0,http://www.wikidata.org/entity/Q7393379
BHL1D49W,4,1,http://www.wikidata.org/entity/Q1070560
8K24200O,1,0,http://www.wikidata.org/entity/Q12568
8K24200O,1,1,http://www.wikidata.org/entity/Q1073685
8K24200O,1,2,http://www.wikidata.org/entity/Q5231005
8K24200O,1,4,http://www.wikidata.org/entity/Q1946253
8K24200O,2,0,http://www.wikidata.org/entity/Q331996
8K24200O,2,1,http://www.wikidata.org/entity/Q14355
8K24200O,2,2,http://www.wikidata.org/entity/Q730311
8K24200O,2,4,http://www.wikidata.org/entity/Q548441
8K24200O,3,0,http://www.wikidata.org/entity/Q581526
8K24200O,3,1,http://www.wikidata.org/entity/Q922298
8K24200O,3,2,http://www.wikidata.org/entity/Q380875
8K24200O,3,4,http://www.wikidata.org/entity/Q168159
8K24200O,4,0,http://www.wikidata.org/entity/Q162170
8K24200O,4,1,http://www.wikidata.org/entity/Q19711
8K24200O,4,2,http://www.wikidata.org/entity/Q207380
8K24200O,4,4,http://www.wikidata.org/entity/Q23154
8K24200O,5,0,http://www.wikidata.org/entity/Q365643
8K24200O,5,1,http://www.wikidata.org/entity/Q950660
8K24200O,5,2,http://www.wikidata.org/entity/Q505129
8K24200O,5,4,http://www.wikidata.org/entity/Q1842
9MYUJIEK,1,0,http://www.wikidata.org/entity/Q1414059
9MYUJIEK,1,1,http://www.wikidata.org/entity/Q142
9MYUJIEK,1,3,http://www.wikidata.org/entity/Q10387684
9MYUJIEK,1,4,http://www.wikidata.org/entity/Q1037632
9MYUJIEK,2,0,http://www.wikidata.org/entity/Q1074877
9MYUJIEK,2,1,http://www.wikidata.org/entity/Q145
9MYUJIEK,2,3,http://www.wikidata.org/entity/Q219538
9MYUJIEK,2,4,http://www.wikidata.org/entity/Q845015
9MYUJIEK,3,0,http://www.wikidata.org/entity/Q1404222
9MYUJIEK,3,1,http://www.wikidata.org/entity/Q183
9MYUJIEK,3,3,http://www.wikidata.org/entity/Q17297633
9MYUJIEK,3,4,http://www.wikidata.org/entity/Q503602
9MYUJIEK,4,0,http://www.wikidata.org/entity/Q2052611
9MYUJIEK,4,1,http://www.wikidata.org/entity/Q142
9MYUJIEK,4,3,http://www.wikidata.org/entity/Q10387575
9MYUJIEK,4,4,http://www.wikidata.org/entity/Q391953
G6TIJ92J,1,0,http://www.wikidata.org/entity/Q66019215
G6TIJ92J,1,1,http://www.wikidata.org/entity/Q33
G6TIJ92J,1,2,http://www.wikidata.org/entity/Q65967032
G6TIJ92J,1,3,http://www.wikidata.org/entity/Q49098024
G6TIJ92J,1,4,http://www.wikidata.org/entity/Q179706
G6TIJ92J,2,0,http://www.wikidata.org/entity/Q66019213
G6TIJ92J,2,1,http://www.wikidata.org/entity/Q33
G6TIJ92J,2,2,http://www.wikidata.org/entity/Q65967032
G6TIJ92J,2,3,http://www.wikidata.org/entity/Q49098024
G6TIJ92J,2,4,http://www.wikidata.org/entity/Q179706
G6TIJ92J,3,0,http://www.wikidata.org/entity/Q66019210
G6TIJ92J,3,1,http://www.wikidata.org/entity/Q33
G6TIJ92J,3,2,http://www.wikidata.org/entity/Q65967032
G6TIJ92J,3,3,http://www.wikidata.org/entity/Q21975973
G6TIJ92J,3,4,http://www.wikidata.org/entity/Q179706
G6TIJ92J,4,0,http://www.wikidata.org/entity/Q66019196
G6TIJ92J,4,1,http://www.wikidata.org/entity/Q33
G6TIJ92J,4,2,http://www.wikidata.org/entity/Q65967032
G6TIJ92J,4,3,http://www.wikidata.org/entity/Q21975973
G6TIJ92J,4,4,http://www.wikidata.org/entity/Q179706
G6TIJ92J,5,0,http://www.wikidata.org/entity/Q66019193
G6TIJ92J,5,1,http://www.wikidata.org/entity/Q33
G6TIJ92J,5,2,http://www.wikidata.org/entity/Q65967032
G6TIJ92J,5,3,http://www.wikidata.org/entity/Q21975973
G6TIJ92J,5,4,http://www.wikidata.org/entity/Q179706
G6TIJ92J,6,0,http://www.wikidata.org/entity/Q66019187
G6TIJ92J,6,1,http://www.wikidata.org/entity/Q33
G6TIJ92J,6,2,http://www.wikidata.org/entity/Q65967032
G6TIJ92J,6,3,http://www.wikidata.org/entity/Q21975973
G6TIJ92J,6,4,http://www.wikidata.org/entity/Q179706
G6TIJ92J,7,0,http://www.wikidata.org/entity/Q66019185
G6TIJ92J,7,1,http://www.wikidata.org/entity/Q33
G6TIJ92J,7,2,http://www.wikidata.org/entity/Q65967032
G6TIJ92J,7,3,http://www.wikidata.org/entity/Q21975973
G6TIJ92J,7,4,http://www.wikidata.org/entity/Q179706
G6TIJ92J,8,0,http://www.wikidata.org/entity/Q66019177
G6TIJ92J,8,1,http://www.wikidata.org/entity/Q33
G6TIJ92J,8,2,http://www.wikidata.org/entity/Q65967032
G6TIJ92J,8,3,http://www.wikidata.org/entity/Q21975902
G6TIJ92J,8,4,http://www.wikidata.org/entity/Q179706
G6TIJ92J,9,0,http://www.wikidata.org/entity/Q66019169
G6TIJ92J,9,1,http://www.wikidata.org/entity/Q33
G6TIJ92J,9,2,http://www.wikidata.org/entity/Q65967032
G6TIJ92J,9,3,http://www.wikidata.org/entity/Q21975902
G6TIJ92J,9,4,http://www.wikidata.org/entity/Q179706
G6TIJ92J,10,0,http://www.wikidata.org/entity/Q66019167
G6TIJ92J,10,1,http://www.wikidata.org/entity/Q33
G6TIJ92J,10,2,http://www.wikidata.org/entity/Q65967032
G6TIJ92J,10,3,http://www.wikidata.org/entity/Q21975902
G6TIJ92J,10,4,http://www.wikidata.org/entity/Q179706
G6TIJ92J,11,0,http://www.wikidata.org/entity/Q66019161
G6TIJ92J,11,1,http://www.wikidata.org/entity/Q33
G6TIJ92J,11,2,http://www.wikidata.org/entity/Q65967032
G6TIJ92J,11,3,http://www.wikidata.org/entity/Q21975876
G6TIJ92J,11,4,http://www.wikidata.org/entity/Q179706
G6TIJ92J,12,0,http://www.wikidata.org/entity/Q66019159
G6TIJ92J,12,1,http://www.wikidata.org/entity/Q33
G6TIJ92J,12,2,http://www.wikidata.org/entity/Q65967032
G6TIJ92J,12,3,http://www.wikidata.org/entity/Q21975876
G6TIJ92J,12,4,http://www.wikidata.org/entity/Q179706
G6TIJ92J,13,0,http://www.wikidata.org/entity/Q66019158
G6TIJ92J,13,1,http://www.wikidata.org/entity/Q33
G6TIJ92J,13,2,http://www.wikidata.org/entity/Q65967032
G6TIJ92J,13,3,http://www.wikidata.org/entity/Q21975973
G6TIJ92J,13,4,http://www.wikidata.org/entity/Q179706
G6TIJ92J,14,0,http://www.wikidata.org/entity/Q29639735
G6TIJ92J,14,1,http://www.wikidata.org/entity/Q34
G6TIJ92J,14,2,http://www.wikidata.org/entity/Q21287602
G6TIJ92J,14,3,http://www.wikidata.org/entity/Q10419856
G6TIJ92J,14,4,http://www.wikidata.org/entity/Q501420
G6TIJ92J,15,0,http://www.wikidata.org/entity/Q29380562
G6TIJ92J,15,1,http://www.wikidata.org/entity/Q34
G6TIJ92J,15,2,http://www.wikidata.org/entity/Q21287602
G6TIJ92J,15,3,http://www.wikidata.org/entity/Q2015712
G6TIJ92J,15,4,http://www.wikidata.org/entity/Q514707
85G6I88L,1,0,http://www.wikidata.org/entity/Q39071849
85G6I88L,1,2,http://www.wikidata.org/entity/Q6022431
85G6I88L,1,3,http://www.wikidata.org/entity/Q3523023
85G6I88L,2,0,http://www.wikidata.org/entity/Q28178664
85G6I88L,2,2,http://www.wikidata.org/entity/Q6022519
85G6I88L,2,3,http://www.wikidata.org/entity/Q3523023
85G6I88L,3,0,http://www.wikidata.org/entity/Q19008004
85G6I88L,3,2,http://www.wikidata.org/entity/Q19007939
85G6I88L,3,3,http://www.wikidata.org/entity/Q16853858
85G6I88L,4,0,http://www.wikidata.org/entity/Q18750283
85G6I88L,4,2,http://www.wikidata.org/entity/Q28164181
85G6I88L,4,3,http://www.wikidata.org/entity/Q3587169
85G6I88L,5,0,http://www.wikidata.org/entity/Q19787010
85G6I88L,5,2,http://www.wikidata.org/entity/Q29571267
85G6I88L,5,3,http://www.wikidata.org/entity/Q3586935
85G6I88L,6,0,http://www.wikidata.org/entity/Q16848173
85G6I88L,6,2,http://www.wikidata.org/entity/Q6022465
85G6I88L,6,3,http://www.wikidata.org/entity/Q3523023
85G6I88L,7,0,http://www.wikidata.org/entity/Q16848183
85G6I88L,7,2,http://www.wikidata.org/entity/Q6022383
85G6I88L,7,3,http://www.wikidata.org/entity/Q3523023
85G6I88L,8,0,http://www.wikidata.org/entity/Q16848178
85G6I88L,8,2,http://www.wikidata.org/entity/Q6022347
85G6I88L,8,3,http://www.wikidata.org/entity/Q3523023
85G6I88L,9,0,http://www.wikidata.org/entity/Q16848210
85G6I88L,9,2,http://www.wikidata.org/entity/Q39075889
85G6I88L,9,3,http://www.wikidata.org/entity/Q1134751
85G6I88L,10,0,http://www.wikidata.org/entity/Q16848195
85G6I88L,10,2,http://www.wikidata.org/entity/Q39075887
85G6I88L,10,3,http://www.wikidata.org/entity/Q1134751
85G6I88L,11,0,http://www.wikidata.org/entity/Q16848200
85G6I88L,11,2,http://www.wikidata.org/entity/Q16347763
85G6I88L,11,3,http://www.wikidata.org/entity/Q1134751
85G6I88L,12,0,http://www.wikidata.org/entity/Q16848204
85G6I88L,12,2,http://www.wikidata.org/entity/Q16268928
85G6I88L,12,3,http://www.wikidata.org/entity/Q1134751
85G6I88L,13,0,http://www.wikidata.org/entity/Q16821362
85G6I88L,13,2,http://www.wikidata.org/entity/Q62653954
85G6I88L,13,3,http://www.wikidata.org/entity/Q3587169
85G6I88L,14,0,http://www.wikidata.org/entity/Q16839485
85G6I88L,14,2,http://www.wikidata.org/entity/Q18125331
85G6I88L,14,3,http://www.wikidata.org/entity/Q1134751
4VKPJXME,1,0,http://www.wikidata.org/entity/Q1558923
4VKPJXME,1,1,http://www.wikidata.org/entity/Q119173
4VKPJXME,1,2,http://www.wikidata.org/entity/Q43287
4VKPJXME,2,0,http://www.wikidata.org/entity/Q2661947
4VKPJXME,2,1,http://www.wikidata.org/entity/Q211785
4VKPJXME,2,2,http://www.wikidata.org/entity/Q34266
4VKPJXME,3,0,http://www.wikidata.org/entity/Q5839905
4VKPJXME,3,1,http://www.wikidata.org/entity/Q153020
4VKPJXME,3,2,http://www.wikidata.org/entity/Q29
4VKPJXME,4,0,http://www.wikidata.org/entity/Q684704
4VKPJXME,4,1,http://www.wikidata.org/entity/Q78981
4VKPJXME,4,2,http://www.wikidata.org/entity/Q28513
X9BHMPO9,1,0,http://www.wikidata.org/entity/Q164289
X9BHMPO9,1,1,http://www.wikidata.org/entity/Q40089
X9BHMPO9,1,2,http://www.wikidata.org/entity/Q10540507
X9BHMPO9,1,3,http://www.wikidata.org/entity/Q24284073
X9BHMPO9,2,0,http://www.wikidata.org/entity/Q1736102
X9BHMPO9,2,1,http://www.wikidata.org/entity/Q753
X9BHMPO9,2,2,http://www.wikidata.org/entity/Q10532217
X9BHMPO9,2,3,http://www.wikidata.org/entity/Q24284073
X9BHMPO9,3,0,http://www.wikidata.org/entity/Q10678027
X9BHMPO9,3,1,http://www.wikidata.org/entity/Q13085
X9BHMPO9,3,2,http://www.wikidata.org/entity/Q10498840
X9BHMPO9,3,3,http://www.wikidata.org/entity/Q24284073
X9BHMPO9,4,0,http://www.wikidata.org/entity/Q10608172
X9BHMPO9,4,1,http://www.wikidata.org/entity/Q184190
X9BHMPO9,4,2,http://www.wikidata.org/entity/Q10418184
X9BHMPO9,4,3,http://www.wikidata.org/entity/Q24284073
X9BHMPO9,5,0,http://www.wikidata.org/entity/Q10701692
X9BHMPO9,5,1,http://www.wikidata.org/entity/Q23757
X9BHMPO9,5,2,http://www.wikidata.org/entity/Q10575510
X9BHMPO9,5,3,http://www.wikidata.org/entity/Q24284072
X9BHMPO9,6,0,http://www.wikidata.org/entity/Q1801296
X9BHMPO9,6,1,http://www.wikidata.org/entity/Q40089
X9BHMPO9,6,2,http://www.wikidata.org/entity/Q9365866
X9BHMPO9,6,3,http://www.wikidata.org/entity/Q21438156
X9BHMPO9,7,0,http://www.wikidata.org/entity/Q10403957
X9BHMPO9,7,1,http://www.wikidata.org/entity/Q40089
X9BHMPO9,7,2,http://www.wikidata.org/entity/Q10667226
X9BHMPO9,7,3,http://www.wikidata.org/entity/Q10551478
WGZMADNB,1,0,http://www.wikidata.org/entity/Q860057
WGZMADNB,1,1,http://www.wikidata.org/entity/Q11436
WGZMADNB,1,2,http://www.wikidata.org/entity/Q2079534
WGZMADNB,2,0,http://www.wikidata.org/entity/Q852981
WGZMADNB,2,1,http://www.wikidata.org/entity/Q197
WGZMADNB,2,2,http://www.wikidata.org/entity/Q2079534
WGZMADNB,3,0,http://www.wikidata.org/entity/Q838148
WGZMADNB,3,1,http://www.wikidata.org/entity/Q197
WGZMADNB,3,2,http://www.wikidata.org/entity/Q2079534
WGZMADNB,4,0,http://www.wikidata.org/entity/Q677346
WGZMADNB,4,1,http://www.wikidata.org/entity/Q11436
WGZMADNB,4,2,http://www.wikidata.org/entity/Q1376304
0OJ6A4KQ,1,0,http://www.wikidata.org/entity/Q18883086
0OJ6A4KQ,1,2,http://www.wikidata.org/entity/Q880
0OJ6A4KQ,2,0,http://www.wikidata.org/entity/Q18883084
0OJ6A4KQ,2,2,http://www.wikidata.org/entity/Q880
0OJ6A4KQ,3,0,http://www.wikidata.org/entity/Q18883082
0OJ6A4KQ,3,2,http://www.wikidata.org/entity/Q880
0OJ6A4KQ,4,0,http://www.wikidata.org/entity/Q18883079
0OJ6A4KQ,4,2,http://www.wikidata.org/entity/Q880
0OJ6A4KQ,5,0,http://www.wikidata.org/entity/Q18883077
0OJ6A4KQ,5,2,http://www.wikidata.org/entity/Q880
0OJ6A4KQ,6,0,http://www.wikidata.org/entity/Q18883076
0OJ6A4KQ,6,2,http://www.wikidata.org/entity/Q880
0OJ6A4KQ,7,0,http://www.wikidata.org/entity/Q18883075
0OJ6A4KQ,7,2,http://www.wikidata.org/entity/Q880
URGNLATV,1,0,http://www.wikidata.org/entity/Q2060
URGNLATV,1,1,http://www.wikidata.org/entity/Q34653
URGNLATV,1,2,http://www.wikidata.org/entity/Q2858049
URGNLATV,1,3,http://www.wikidata.org/entity/Q2062
URGNLATV,1,4,http://www.wikidata.org/entity/Q2065
URGNLATV,2,0,http://www.wikidata.org/entity/Q2056
URGNLATV,2,1,http://www.wikidata.org/entity/Q36574
URGNLATV,2,2,http://www.wikidata.org/entity/Q13065731
URGNLATV,2,3,http://www.wikidata.org/entity/Q2048
URGNLATV,2,4,http://www.wikidata.org/entity/Q2057
URGNLATV,3,0,http://www.wikidata.org/entity/Q2046
URGNLATV,3,1,http://www.wikidata.org/entity/Q36574
URGNLATV,3,2,http://www.wikidata.org/entity/Q3277940
URGNLATV,3,3,http://www.wikidata.org/entity/Q2045
URGNLATV,3,4,http://www.wikidata.org/entity/Q2047
URGNLATV,4,0,http://www.wikidata.org/entity/Q2014
URGNLATV,4,1,http://www.wikidata.org/entity/Q35024
URGNLATV,4,2,http://www.wikidata.org/entity/Q429415
URGNLATV,4,3,http://www.wikidata.org/entity/Q1986
URGNLATV,4,4,http://www.wikidata.org/entity/Q2019
URGNLATV,5,0,http://www.wikidata.org/entity/Q1990
URGNLATV,5,1,http://www.wikidata.org/entity/Q19022
URGNLATV,5,2,http://www.wikidata.org/entity/Q218733
URGNLATV,5,3,http://www.wikidata.org/entity/Q1994
URGNLATV,5,4,http://www.wikidata.org/entity/Q1998
AGHEBE1W,1,0,http://www.wikidata.org/entity/Q21925326
AGHEBE1W,1,2,http://www.wikidata.org/entity/Q408
AGHEBE1W,1,3,http://www.wikidata.org/entity/Q7975508
AGHEBE1W,2,0,http://www.wikidata.org/entity/Q21927825
AGHEBE1W,2,2,http://www.wikidata.org/entity/Q408
AGHEBE1W,2,3,http://www.wikidata.org/entity/Q7228845
AGHEBE1W,3,0,http://www.wikidata.org/entity/Q21927596
AGHEBE1W,3,2,http://www.wikidata.org/entity/Q408
AGHEBE1W,3,3,http://www.wikidata.org/entity/Q6485146
AGHEBE1W,4,0,http://www.wikidata.org/entity/Q21927836
AGHEBE1W,4,2,http://www.wikidata.org/entity/Q408
AGHEBE1W,4,3,http://www.wikidata.org/entity/Q6430673
AGHEBE1W,5,0,http://www.wikidata.org/entity/Q21925325
AGHEBE1W,5,2,http://www.wikidata.org/entity/Q408
AGHEBE1W,5,3,http://www.wikidata.org/entity/Q1008383
AGHEBE1W,6,0,http://www.wikidata.org/entity/Q15210687
AGHEBE1W,6,2,http://www.wikidata.org/entity/Q399
AGHEBE1W,6,3,http://www.wikidata.org/entity/Q2573437
AGHEBE1W,7,0,http://www.wikidata.org/entity/Q16892025
AGHEBE1W,7,2,http://www.wikidata.org/entity/Q408
AGHEBE1W,7,3,http://www.wikidata.org/entity/Q848872
P30SL7ZY,1,0,http://www.wikidata.org/entity/Q5513
P30SL7ZY,1,2,http://www.wikidata.org/entity/Q159
P30SL7ZY,1,3,http://www.wikidata.org/entity/Q9259
P30SL7ZY,2,0,http://www.wikidata.org/entity/Q1628385
P30SL7ZY,2,2,http://www.wikidata.org/entity/Q34
P30SL7ZY,2,3,http://www.wikidata.org/entity/Q19683138
P30SL7ZY,3,0,http://www.wikidata.org/entity/Q317277
P30SL7ZY,3,2,http://www.wikidata.org/entity/Q20
P30SL7ZY,3,3,http://www.wikidata.org/entity/Q19683138
P30SL7ZY,4,0,http://www.wikidata.org/entity/Q2266807
P30SL7ZY,4,2,http://www.wikidata.org/entity/Q22
P30SL7ZY,4,3,http://www.wikidata.org/entity/Q422211
J08MLVOF,1,0,http://www.wikidata.org/entity/Q18152524
J08MLVOF,1,2,http://www.wikidata.org/entity/Q11249
J08MLVOF,1,3,http://www.wikidata.org/entity/Q45097340
J08MLVOF,2,0,http://www.wikidata.org/entity/Q39414919
J08MLVOF,2,2,http://www.wikidata.org/entity/Q504530
J08MLVOF,2,3,http://www.wikidata.org/entity/Q39414804
J08MLVOF,3,0,http://www.wikidata.org/entity/Q39411807
J08MLVOF,3,2,http://www.wikidata.org/entity/Q18125
J08MLVOF,3,3,http://www.wikidata.org/entity/Q39411744
J08MLVOF,4,0,http://www.wikidata.org/entity/Q61658221
J08MLVOF,4,2,http://www.wikidata.org/entity/Q3489
J08MLVOF,4,3,http://www.wikidata.org/entity/Q28825103
L6DB10TO,1,0,http://www.wikidata.org/entity/Q17485699
L6DB10TO,1,2,http://www.wikidata.org/entity/Q106481
L6DB10TO,1,3,http://www.wikidata.org/entity/Q18665334
L6DB10TO,1,4,http://www.wikidata.org/entity/Q23654877
L6DB10TO,2,0,http://www.wikidata.org/entity/Q490464
L6DB10TO,2,2,http://www.wikidata.org/entity/Q161819
L6DB10TO,2,3,http://www.wikidata.org/entity/Q18665334
L6DB10TO,2,4,http://www.wikidata.org/entity/Q3062856
L6DB10TO,3,0,http://www.wikidata.org/entity/Q379873
L6DB10TO,3,2,http://www.wikidata.org/entity/Q40912
L6DB10TO,3,3,http://www.wikidata.org/entity/Q18665334
L6DB10TO,3,4,http://www.wikidata.org/entity/Q8877
L6DB10TO,4,0,http://www.wikidata.org/entity/Q602094
L6DB10TO,4,2,http://www.wikidata.org/entity/Q349690
L6DB10TO,4,3,http://www.wikidata.org/entity/Q18665334
L6DB10TO,4,4,http://www.wikidata.org/entity/Q8877
ML60M34C,1,0,http://www.wikidata.org/entity/Q1756892
ML60M34C,1,3,http://www.wikidata.org/entity/Q10415
ML60M34C,2,0,http://www.wikidata.org/entity/Q1803560
ML60M34C,2,3,http://www.wikidata.org/entity/Q10522
ML60M34C,3,0,http://www.wikidata.org/entity/Q1388621
ML60M34C,3,3,http://www.wikidata.org/entity/Q10516
ML60M34C,4,0,http://www.wikidata.org/entity/Q1803073
ML60M34C,4,3,http://www.wikidata.org/entity/Q10522
AMS4QXF2,1,0,http://www.wikidata.org/entity/Q31527527
AMS4QXF2,1,1,http://www.wikidata.org/entity/Q192184
AMS4QXF2,1,2,http://www.wikidata.org/entity/Q220982
AMS4QXF2,2,0,http://www.wikidata.org/entity/Q31527274
AMS4QXF2,2,1,http://www.wikidata.org/entity/Q192184
AMS4QXF2,2,2,http://www.wikidata.org/entity/Q220982
AMS4QXF2,3,0,http://www.wikidata.org/entity/Q31529359
AMS4QXF2,3,1,http://www.wikidata.org/entity/Q419
AMS4QXF2,3,2,http://www.wikidata.org/entity/Q208186
AMS4QXF2,4,0,http://www.wikidata.org/entity/Q31532561
AMS4QXF2,4,1,http://www.wikidata.org/entity/Q419
AMS4QXF2,4,2,http://www.wikidata.org/entity/Q207413
AMS4QXF2,5,0,http://www.wikidata.org/entity/Q31517482
AMS4QXF2,5,1,http://www.wikidata.org/entity/Q30
AMS4QXF2,5,2,http://www.wikidata.org/entity/Q156570
AMS4QXF2,6,0,http://www.wikidata.org/entity/Q31516276
AMS4QXF2,6,1,http://www.wikidata.org/entity/Q30
AMS4QXF2,6,2,http://www.wikidata.org/entity/Q156163
AMS4QXF2,7,0,http://www.wikidata.org/entity/Q31531116
AMS4QXF2,7,1,http://www.wikidata.org/entity/Q258
AMS4QXF2,7,2,http://www.wikidata.org/entity/Q132418
P0NXUQZM,1,0,http://www.wikidata.org/entity/Q2593098
P0NXUQZM,1,1,http://www.wikidata.org/entity/Q3768246
P0NXUQZM,1,2,http://www.wikidata.org/entity/Q16908386
P0NXUQZM,1,3,http://www.wikidata.org/entity/Q51175
P0NXUQZM,2,0,http://www.wikidata.org/entity/Q1357573
P0NXUQZM,2,1,http://www.wikidata.org/entity/Q170022
P0NXUQZM,2,2,http://www.wikidata.org/entity/Q660876
P0NXUQZM,2,3,http://www.wikidata.org/entity/Q573881
P0NXUQZM,3,0,http://www.wikidata.org/entity/Q549951
P0NXUQZM,3,1,http://www.wikidata.org/entity/Q3388274
P0NXUQZM,3,2,http://www.wikidata.org/entity/Q187616
P0NXUQZM,3,3,http://www.wikidata.org/entity/Q672082
P0NXUQZM,4,0,http://www.wikidata.org/entity/Q2943
P0NXUQZM,4,1,http://www.wikidata.org/entity/Q163514
P0NXUQZM,4,2,http://www.wikidata.org/entity/Q844675
P0NXUQZM,4,3,http://www.wikidata.org/entity/Q145093
LC6HZ6OH,1,0,http://www.wikidata.org/entity/Q3174
LC6HZ6OH,1,1,http://www.wikidata.org/entity/Q111854
LC6HZ6OH,1,2,http://www.wikidata.org/entity/Q145
LC6HZ6OH,1,3,http://www.wikidata.org/entity/Q10729054
LC6HZ6OH,2,0,http://www.wikidata.org/entity/Q32434
LC6HZ6OH,2,1,http://www.wikidata.org/entity/Q371319
LC6HZ6OH,2,2,http://www.wikidata.org/entity/Q794
LC6HZ6OH,2,3,http://www.wikidata.org/entity/Q5958900
LC6HZ6OH,3,0,http://www.wikidata.org/entity/Q386703
LC6HZ6OH,3,1,http://www.wikidata.org/entity/Q1687299
LC6HZ6OH,3,2,http://www.wikidata.org/entity/Q145
LC6HZ6OH,3,3,http://www.wikidata.org/entity/Q219538
LC6HZ6OH,4,0,http://www.wikidata.org/entity/Q4896284
LC6HZ6OH,4,1,http://www.wikidata.org/entity/Q853642
LC6HZ6OH,4,2,http://www.wikidata.org/entity/Q36
LC6HZ6OH,4,3,http://www.wikidata.org/entity/Q21438156
LC6HZ6OH,5,0,http://www.wikidata.org/entity/Q2968129
LC6HZ6OH,5,1,http://www.wikidata.org/entity/Q3188873
LC6HZ6OH,5,2,http://www.wikidata.org/entity/Q142
LC6HZ6OH,5,3,http://www.wikidata.org/entity/Q10387684
LC6HZ6OH,6,0,http://www.wikidata.org/entity/Q3077289
LC6HZ6OH,6,1,http://www.wikidata.org/entity/Q349487
LC6HZ6OH,6,2,http://www.wikidata.org/entity/Q16
LC6HZ6OH,6,3,http://www.wikidata.org/entity/Q1568567
LC6HZ6OH,7,0,http://www.wikidata.org/entity/Q4892150
LC6HZ6OH,7,1,http://www.wikidata.org/entity/Q724235
LC6HZ6OH,7,2,http://www.wikidata.org/entity/Q145
LC6HZ6OH,7,3,http://www.wikidata.org/entity/Q219538
LZO8L4P0,1,0,http://www.wikidata.org/entity/Q55599694
LZO8L4P0,1,1,http://www.wikidata.org/entity/Q367780
LZO8L4P0,1,2,http://www.wikidata.org/entity/Q11894693
LZO8L4P0,1,3,http://www.wikidata.org/entity/Q33
LZO8L4P0,2,0,http://www.wikidata.org/entity/Q55599697
LZO8L4P0,2,1,http://www.wikidata.org/entity/Q647849
LZO8L4P0,2,2,http://www.wikidata.org/entity/Q11893836
LZO8L4P0,2,3,http://www.wikidata.org/entity/Q33
LZO8L4P0,3,0,http://www.wikidata.org/entity/Q55599724
LZO8L4P0,3,1,http://www.wikidata.org/entity/Q202158
LZO8L4P0,3,2,http://www.wikidata.org/entity/Q11870369
LZO8L4P0,3,3,http://www.wikidata.org/entity/Q33
LZO8L4P0,4,0,http://www.wikidata.org/entity/Q55599736
LZO8L4P0,4,1,http://www.wikidata.org/entity/Q990557
LZO8L4P0,4,2,http://www.wikidata.org/entity/Q11850003
LZO8L4P0,4,3,http://www.wikidata.org/entity/Q33
70600KHJ,1,0,http://www.wikidata.org/entity/Q597026
70600KHJ,1,2,http://www.wikidata.org/entity/Q34266
70600KHJ,1,3,http://www.wikidata.org/entity/Q79911
70600KHJ,2,0,http://www.wikidata.org/entity/Q1049945
70600KHJ,2,2,http://www.wikidata.org/entity/Q145
70600KHJ,2,3,http://www.wikidata.org/entity/Q7470324
70600KHJ,3,0,http://www.wikidata.org/entity/Q2258726
70600KHJ,3,2,http://www.wikidata.org/entity/Q12560
70600KHJ,3,3,http://www.wikidata.org/entity/Q7335949
70600KHJ,4,0,http://www.wikidata.org/entity/Q962676
70600KHJ,4,2,http://www.wikidata.org/entity/Q142
70600KHJ,4,3,http://www.wikidata.org/entity/Q1021160
70600KHJ,5,0,http://www.wikidata.org/entity/Q1054657
70600KHJ,5,2,http://www.wikidata.org/entity/Q38
70600KHJ,5,3,http://www.wikidata.org/entity/Q920894
70600KHJ,6,0,http://www.wikidata.org/entity/Q1040831
70600KHJ,6,2,http://www.wikidata.org/entity/Q17
70600KHJ,6,3,http://www.wikidata.org/entity/Q804558
70600KHJ,7,0,http://www.wikidata.org/entity/Q1348955
70600KHJ,7,2,http://www.wikidata.org/entity/Q29
70600KHJ,7,3,http://www.wikidata.org/entity/Q617333
70600KHJ,8,0,http://www.wikidata.org/entity/Q7359741
70600KHJ,8,2,http://www.wikidata.org/entity/Q836
70600KHJ,8,3,http://www.wikidata.org/entity/Q852088
70600KHJ,9,0,http://www.wikidata.org/entity/Q8964618
70600KHJ,9,2,http://www.wikidata.org/entity/Q29
70600KHJ,9,3,http://www.wikidata.org/entity/Q10859
70600KHJ,10,0,http://www.wikidata.org/entity/Q3299246
70600KHJ,10,2,http://www.wikidata.org/entity/Q921
70600KHJ,10,3,http://www.wikidata.org/entity/Q1361929
70600KHJ,11,0,http://www.wikidata.org/entity/Q3178794
70600KHJ,11,2,http://www.wikidata.org/entity/Q912
70600KHJ,11,3,http://www.wikidata.org/entity/Q730312
6X895Y5L,1,0,http://www.wikidata.org/entity/Q190555
6X895Y5L,1,1,http://www.wikidata.org/entity/Q763402
6X895Y5L,1,2,http://www.wikidata.org/entity/Q2580456
6X895Y5L,1,3,http://www.wikidata.org/entity/Q763402
6X895Y5L,1,5,http://www.wikidata.org/entity/Q170413
6X895Y5L,2,0,http://www.wikidata.org/entity/Q16325219
6X895Y5L,2,1,http://www.wikidata.org/entity/Q23548
6X895Y5L,2,2,http://www.wikidata.org/entity/Q1034324
6X895Y5L,2,3,http://www.wikidata.org/entity/Q805116
6X895Y5L,2,5,http://www.wikidata.org/entity/Q670044
6X895Y5L,3,0,http://www.wikidata.org/entity/Q16325218
6X895Y5L,3,1,http://www.wikidata.org/entity/Q23548
6X895Y5L,3,2,http://www.wikidata.org/entity/Q1034324
6X895Y5L,3,3,http://www.wikidata.org/entity/Q805116
6X895Y5L,3,5,http://www.wikidata.org/entity/Q670044
6X895Y5L,4,0,http://www.wikidata.org/entity/Q16325216
6X895Y5L,4,1,http://www.wikidata.org/entity/Q23548
6X895Y5L,4,2,http://www.wikidata.org/entity/Q1034324
6X895Y5L,4,3,http://www.wikidata.org/entity/Q805116
6X895Y5L,4,5,http://www.wikidata.org/entity/Q670044
6ISW7WBR,1,0,http://www.wikidata.org/entity/Q18882936
6ISW7WBR,1,1,http://www.wikidata.org/entity/Q18882979
6ISW7WBR,2,0,http://www.wikidata.org/entity/Q18882933
6ISW7WBR,2,1,http://www.wikidata.org/entity/Q18882975
6ISW7WBR,3,0,http://www.wikidata.org/entity/Q18882931
6ISW7WBR,3,1,http://www.wikidata.org/entity/Q18882973
6ISW7WBR,4,0,http://www.wikidata.org/entity/Q18882928
6ISW7WBR,4,1,http://www.wikidata.org/entity/Q18882871
6ISW7WBR,5,0,http://www.wikidata.org/entity/Q18882921
6ISW7WBR,5,1,http://www.wikidata.org/entity/Q18882866
6ISW7WBR,6,0,http://www.wikidata.org/entity/Q18746703
6ISW7WBR,6,1,http://www.wikidata.org/entity/Q18882864
6ISW7WBR,7,0,http://www.wikidata.org/entity/Q18882915
6ISW7WBR,7,1,http://www.wikidata.org/entity/Q18882862
6ISW7WBR,8,0,http://www.wikidata.org/entity/Q18882911
6ISW7WBR,8,1,http://www.wikidata.org/entity/Q18882852
6ISW7WBR,9,0,http://www.wikidata.org/entity/Q18882910
6ISW7WBR,9,1,http://www.wikidata.org/entity/Q18882851
6ISW7WBR,10,0,http://www.wikidata.org/entity/Q18882908
6ISW7WBR,10,1,http://www.wikidata.org/entity/Q18882848
IDBNCV52,1,0,http://www.wikidata.org/entity/Q64189283
IDBNCV52,1,2,http://www.wikidata.org/entity/Q8646
IDBNCV52,2,0,http://www.wikidata.org/entity/Q64172557
IDBNCV52,2,2,http://www.wikidata.org/entity/Q8646
IDBNCV52,3,0,http://www.wikidata.org/entity/Q63831492
IDBNCV52,3,2,http://www.wikidata.org/entity/Q8646
IDBNCV52,4,0,http://www.wikidata.org/entity/Q64151891
IDBNCV52,4,2,http://www.wikidata.org/entity/Q1183
IDBNCV52,5,0,http://www.wikidata.org/entity/Q64139380
IDBNCV52,5,2,http://www.wikidata.org/entity/Q1183
IDBNCV52,6,0,http://www.wikidata.org/entity/Q66035655
IDBNCV52,6,2,http://www.wikidata.org/entity/Q1183
RKLJ4BSD,1,0,http://www.wikidata.org/entity/Q2380743
RKLJ4BSD,1,1,http://www.wikidata.org/entity/Q674
RKLJ4BSD,1,3,http://www.wikidata.org/entity/Q14338840
RKLJ4BSD,2,0,http://www.wikidata.org/entity/Q18844548
RKLJ4BSD,2,1,http://www.wikidata.org/entity/Q674
RKLJ4BSD,2,3,http://www.wikidata.org/entity/Q3410389
RKLJ4BSD,3,0,http://www.wikidata.org/entity/Q18844552
RKLJ4BSD,3,1,http://www.wikidata.org/entity/Q674
RKLJ4BSD,3,3,http://www.wikidata.org/entity/Q2881932
RKLJ4BSD,4,0,http://www.wikidata.org/entity/Q2174657
RKLJ4BSD,4,1,http://www.wikidata.org/entity/Q674
RKLJ4BSD,4,3,http://www.wikidata.org/entity/Q2375775
K4I7DNPX,1,0,http://www.wikidata.org/entity/Q25231
K4I7DNPX,1,1,http://www.wikidata.org/entity/Q17278671
K4I7DNPX,1,4,http://www.wikidata.org/entity/Q23038979
K4I7DNPX,2,0,http://www.wikidata.org/entity/Q186822
K4I7DNPX,2,1,http://www.wikidata.org/entity/Q17278671
K4I7DNPX,2,4,http://www.wikidata.org/entity/Q23038977
K4I7DNPX,3,0,http://www.wikidata.org/entity/Q172697
K4I7DNPX,3,1,http://www.wikidata.org/entity/Q17278671
K4I7DNPX,3,4,http://www.wikidata.org/entity/Q23038977
K4I7DNPX,4,0,http://www.wikidata.org/entity/Q166479
K4I7DNPX,4,1,http://www.wikidata.org/entity/Q9259
K4I7DNPX,4,4,http://www.wikidata.org/entity/Q23038977
UP8M3B6O,1,0,http://www.wikidata.org/entity/Q286656
UP8M3B6O,1,3,http://www.wikidata.org/entity/Q27792250
UP8M3B6O,2,0,http://www.wikidata.org/entity/Q983792
UP8M3B6O,2,3,http://www.wikidata.org/entity/Q27792246
UP8M3B6O,3,0,http://www.wikidata.org/entity/Q1086891
UP8M3B6O,3,3,http://www.wikidata.org/entity/Q27792219
UP8M3B6O,4,0,http://www.wikidata.org/entity/Q390184
UP8M3B6O,4,3,http://www.wikidata.org/entity/Q27792211
UP8M3B6O,5,0,http://www.wikidata.org/entity/Q26838733
UP8M3B6O,5,3,http://www.wikidata.org/entity/Q21857932
UP8M3B6O,6,0,http://www.wikidata.org/entity/Q20025032
UP8M3B6O,6,3,http://www.wikidata.org/entity/Q20970765
KGCIGNCU,1,0,http://www.wikidata.org/entity/Q3313909
KGCIGNCU,1,1,http://www.wikidata.org/entity/Q33962
KGCIGNCU,1,2,http://www.wikidata.org/entity/Q3313908
KGCIGNCU,1,3,http://www.wikidata.org/entity/Q3313913
KGCIGNCU,2,0,http://www.wikidata.org/entity/Q3313908
KGCIGNCU,2,1,http://www.wikidata.org/entity/Q33962
KGCIGNCU,2,2,http://www.wikidata.org/entity/Q3313907
KGCIGNCU,2,3,http://www.wikidata.org/entity/Q3313909
KGCIGNCU,3,0,http://www.wikidata.org/entity/Q3313885
KGCIGNCU,3,1,http://www.wikidata.org/entity/Q33962
KGCIGNCU,3,2,http://www.wikidata.org/entity/Q3313879
KGCIGNCU,3,3,http://www.wikidata.org/entity/Q3313886
KGCIGNCU,4,0,http://www.wikidata.org/entity/Q2555793
KGCIGNCU,4,1,http://www.wikidata.org/entity/Q33962
KGCIGNCU,4,2,http://www.wikidata.org/entity/Q2691396
KGCIGNCU,4,3,http://www.wikidata.org/entity/Q2343021
KGCIGNCU,5,0,http://www.wikidata.org/entity/Q2453924
KGCIGNCU,5,1,http://www.wikidata.org/entity/Q33962
KGCIGNCU,5,2,http://www.wikidata.org/entity/Q2052011
KGCIGNCU,5,3,http://www.wikidata.org/entity/Q2139475
KGCIGNCU,6,0,http://www.wikidata.org/entity/Q3313971
KGCIGNCU,6,1,http://www.wikidata.org/entity/Q33962
KGCIGNCU,6,2,http://www.wikidata.org/entity/Q3313967
KGCIGNCU,6,3,http://www.wikidata.org/entity/Q926090
KGCIGNCU,7,0,http://www.wikidata.org/entity/Q2453887
KGCIGNCU,7,1,http://www.wikidata.org/entity/Q33962
KGCIGNCU,7,2,http://www.wikidata.org/entity/Q2454400
KGCIGNCU,7,3,http://www.wikidata.org/entity/Q788359
KGCIGNCU,8,0,http://www.wikidata.org/entity/Q921491
KGCIGNCU,8,1,http://www.wikidata.org/entity/Q33962
KGCIGNCU,8,2,http://www.wikidata.org/entity/Q2283877
KGCIGNCU,8,3,http://www.wikidata.org/entity/Q773416
KGCIGNCU,9,0,http://www.wikidata.org/entity/Q2454400
KGCIGNCU,9,1,http://www.wikidata.org/entity/Q33962
KGCIGNCU,9,2,http://www.wikidata.org/entity/Q2139475
KGCIGNCU,9,3,http://www.wikidata.org/entity/Q2453887
KGCIGNCU,10,0,http://www.wikidata.org/entity/Q930215
KGCIGNCU,10,1,http://www.wikidata.org/entity/Q33962
KGCIGNCU,10,2,http://www.wikidata.org/entity/Q2019173
KGCIGNCU,10,3,http://www.wikidata.org/entity/Q2283877
KGCIGNCU,11,0,http://www.wikidata.org/entity/Q2343021
KGCIGNCU,11,1,http://www.wikidata.org/entity/Q33962
KGCIGNCU,11,2,http://www.wikidata.org/entity/Q2555793
KGCIGNCU,11,3,http://www.wikidata.org/entity/Q2019173
JEQL2WTD,1,0,http://www.wikidata.org/entity/Q2555793
JEQL2WTD,1,1,http://www.wikidata.org/entity/Q590513
JEQL2WTD,2,0,http://www.wikidata.org/entity/Q2454400
JEQL2WTD,2,1,http://www.wikidata.org/entity/Q6175
JEQL2WTD,3,0,http://www.wikidata.org/entity/Q2691396
JEQL2WTD,3,1,http://www.wikidata.org/entity/Q62056357
JEQL2WTD,4,0,http://www.wikidata.org/entity/Q926090
JEQL2WTD,4,1,http://www.wikidata.org/entity/Q617838
JEQL2WTD,5,0,http://www.wikidata.org/entity/Q2019173
JEQL2WTD,5,1,http://www.wikidata.org/entity/Q389694
NYYXFRMY,1,0,http://www.wikidata.org/entity/Q905583
NYYXFRMY,1,1,http://www.wikidata.org/entity/Q734181
NYYXFRMY,2,0,http://www.wikidata.org/entity/Q773416
NYYXFRMY,2,1,http://www.wikidata.org/entity/Q176832
NYYXFRMY,3,0,http://www.wikidata.org/entity/Q921491
NYYXFRMY,3,1,http://www.wikidata.org/entity/Q144244
NYYXFRMY,4,0,http://www.wikidata.org/entity/Q788359
NYYXFRMY,4,1,http://www.wikidata.org/entity/Q6175
NYYXFRMY,5,0,http://www.wikidata.org/entity/Q20111975
NYYXFRMY,5,1,http://www.wikidata.org/entity/Q21000393
NYYXFRMY,6,0,http://www.wikidata.org/entity/Q18710416
NYYXFRMY,6,1,http://www.wikidata.org/entity/Q18384639
0EBM1WZX,1,0,http://www.wikidata.org/entity/Q15879396
0EBM1WZX,1,1,http://www.wikidata.org/entity/Q14942523
0EBM1WZX,2,0,http://www.wikidata.org/entity/Q3313977
0EBM1WZX,2,1,http://www.wikidata.org/entity/Q1835672
0EBM1WZX,3,0,http://www.wikidata.org/entity/Q57083466
0EBM1WZX,3,1,http://www.wikidata.org/entity/Q56098755
0EBM1WZX,4,0,http://www.wikidata.org/entity/Q47008032
0EBM1WZX,4,1,http://www.wikidata.org/entity/Q37004180
TMKPNUVX,1,0,http://www.wikidata.org/entity/Q46228077
TMKPNUVX,1,1,http://www.wikidata.org/entity/Q14705186
TMKPNUVX,1,2,http://www.wikidata.org/entity/Q108093
TMKPNUVX,1,3,http://www.wikidata.org/entity/Q47486215
TMKPNUVX,2,0,http://www.wikidata.org/entity/Q46999181
TMKPNUVX,2,1,http://www.wikidata.org/entity/Q3079313
TMKPNUVX,2,2,http://www.wikidata.org/entity/Q495132
TMKPNUVX,2,3,http://www.wikidata.org/entity/Q46999340
TMKPNUVX,3,0,http://www.wikidata.org/entity/Q56008274
TMKPNUVX,3,1,http://www.wikidata.org/entity/Q189849
TMKPNUVX,3,2,http://www.wikidata.org/entity/Q58081
TMKPNUVX,3,3,http://www.wikidata.org/entity/Q12046593
TMKPNUVX,4,0,http://www.wikidata.org/entity/Q53890063
TMKPNUVX,4,1,http://www.wikidata.org/entity/Q189849
TMKPNUVX,4,2,http://www.wikidata.org/entity/Q58081
TMKPNUVX,4,3,http://www.wikidata.org/entity/Q12046593
TMKPNUVX,5,0,http://www.wikidata.org/entity/Q2967724
TMKPNUVX,5,1,http://www.wikidata.org/entity/Q41858
TMKPNUVX,5,2,http://www.wikidata.org/entity/Q1951
TMKPNUVX,5,3,http://www.wikidata.org/entity/Q64767961
TMKPNUVX,6,0,http://www.wikidata.org/entity/Q1373778
TMKPNUVX,6,1,http://www.wikidata.org/entity/Q1031716
TMKPNUVX,6,2,http://www.wikidata.org/entity/Q128133
TMKPNUVX,6,3,http://www.wikidata.org/entity/Q63346276
TMKPNUVX,7,0,http://www.wikidata.org/entity/Q1320475
TMKPNUVX,7,1,http://www.wikidata.org/entity/Q1031716
TMKPNUVX,7,2,http://www.wikidata.org/entity/Q128133
TMKPNUVX,7,3,http://www.wikidata.org/entity/Q63346276
TMKPNUVX,8,0,http://www.wikidata.org/entity/Q511247
TMKPNUVX,8,1,http://www.wikidata.org/entity/Q1031716
TMKPNUVX,8,2,http://www.wikidata.org/entity/Q128133
TMKPNUVX,8,3,http://www.wikidata.org/entity/Q63346276
TMKPNUVX,9,0,http://www.wikidata.org/entity/Q123058
TMKPNUVX,9,1,http://www.wikidata.org/entity/Q22505323
TMKPNUVX,9,2,http://www.wikidata.org/entity/Q385689
TMKPNUVX,9,3,http://www.wikidata.org/entity/Q63345427
TMKPNUVX,10,0,http://www.wikidata.org/entity/Q38606
TMKPNUVX,10,1,http://www.wikidata.org/entity/Q7675647
TMKPNUVX,10,2,http://www.wikidata.org/entity/Q1166
TMKPNUVX,10,3,http://www.wikidata.org/entity/Q63345427
TMKPNUVX,11,0,http://www.wikidata.org/entity/Q1946396
TMKPNUVX,11,1,http://www.wikidata.org/entity/Q3364198
TMKPNUVX,11,2,http://www.wikidata.org/entity/Q2145
TMKPNUVX,11,3,http://www.wikidata.org/entity/Q51885235
OFEWC8NL,1,0,http://www.wikidata.org/entity/Q13383002
OFEWC8NL,1,1,http://www.wikidata.org/entity/Q174419
OFEWC8NL,1,2,http://www.wikidata.org/entity/Q14480054
OFEWC8NL,1,3,http://www.wikidata.org/entity/Q16
OFEWC8NL,1,4,http://www.wikidata.org/entity/Q3447638
OFEWC8NL,2,0,http://www.wikidata.org/entity/Q17465156
OFEWC8NL,2,1,http://www.wikidata.org/entity/Q170292
OFEWC8NL,2,2,http://www.wikidata.org/entity/Q916333
OFEWC8NL,2,3,http://www.wikidata.org/entity/Q55
OFEWC8NL,2,4,http://www.wikidata.org/entity/Q2266259
OFEWC8NL,3,0,http://www.wikidata.org/entity/Q18002983
OFEWC8NL,3,1,http://www.wikidata.org/entity/Q47942
OFEWC8NL,3,2,http://www.wikidata.org/entity/Q30118385
OFEWC8NL,3,3,http://www.wikidata.org/entity/Q213
OFEWC8NL,3,4,http://www.wikidata.org/entity/Q26982024
OFEWC8NL,4,0,http://www.wikidata.org/entity/Q7622083
OFEWC8NL,4,1,http://www.wikidata.org/entity/Q1268134
OFEWC8NL,4,2,http://www.wikidata.org/entity/Q14465918
OFEWC8NL,4,3,http://www.wikidata.org/entity/Q16
OFEWC8NL,4,4,http://www.wikidata.org/entity/Q50317564
OTYAHUT6,1,0,http://www.wikidata.org/entity/Q27698
OTYAHUT6,1,2,http://www.wikidata.org/entity/Q645
OTYAHUT6,1,3,http://www.wikidata.org/entity/Q159
OTYAHUT6,2,0,http://www.wikidata.org/entity/Q2618618
OTYAHUT6,2,2,http://www.wikidata.org/entity/Q40855
OTYAHUT6,2,3,http://www.wikidata.org/entity/Q212
OTYAHUT6,3,0,http://www.wikidata.org/entity/Q3182027
OTYAHUT6,3,2,http://www.wikidata.org/entity/Q407792
OTYAHUT6,3,3,http://www.wikidata.org/entity/Q833
OTYAHUT6,4,0,http://www.wikidata.org/entity/Q14686
OTYAHUT6,4,2,http://www.wikidata.org/entity/Q645
OTYAHUT6,4,3,http://www.wikidata.org/entity/Q33
8HQDWTD1,1,0,http://www.wikidata.org/entity/Q954659
8HQDWTD1,1,2,http://www.wikidata.org/entity/Q2748122
8HQDWTD1,1,3,http://www.wikidata.org/entity/Q30
8HQDWTD1,2,0,http://www.wikidata.org/entity/Q876470
8HQDWTD1,2,2,http://www.wikidata.org/entity/Q945954
8HQDWTD1,2,3,http://www.wikidata.org/entity/Q30
8HQDWTD1,3,0,http://www.wikidata.org/entity/Q1130771
8HQDWTD1,3,2,http://www.wikidata.org/entity/Q737640
8HQDWTD1,3,3,http://www.wikidata.org/entity/Q159
8HQDWTD1,4,0,http://www.wikidata.org/entity/Q1165951
8HQDWTD1,4,2,http://www.wikidata.org/entity/Q44163
8HQDWTD1,4,3,http://www.wikidata.org/entity/Q16
8HQDWTD1,5,0,http://www.wikidata.org/entity/Q181969
8HQDWTD1,5,2,http://www.wikidata.org/entity/Q501253
8HQDWTD1,5,3,http://www.wikidata.org/entity/Q148
8HQDWTD1,6,0,http://www.wikidata.org/entity/Q217487
8HQDWTD1,6,2,http://www.wikidata.org/entity/Q1495089
8HQDWTD1,6,3,http://www.wikidata.org/entity/Q408
8HQDWTD1,7,0,http://www.wikidata.org/entity/Q1509253
8HQDWTD1,7,2,http://www.wikidata.org/entity/Q264925
8HQDWTD1,7,3,http://www.wikidata.org/entity/Q800
6K52NE5U,1,0,http://www.wikidata.org/entity/Q522408
6K52NE5U,1,2,http://www.wikidata.org/entity/Q52322365
6K52NE5U,1,3,http://www.wikidata.org/entity/Q19652
6K52NE5U,2,0,http://www.wikidata.org/entity/Q468625
6K52NE5U,2,2,http://www.wikidata.org/entity/Q914332
6K52NE5U,2,3,http://www.wikidata.org/entity/Q19652
6K52NE5U,3,0,http://www.wikidata.org/entity/Q1099668
6K52NE5U,3,2,http://www.wikidata.org/entity/Q76418634
6K52NE5U,3,3,http://www.wikidata.org/entity/Q19652
6K52NE5U,4,0,http://www.wikidata.org/entity/Q333146
6K52NE5U,4,2,http://www.wikidata.org/entity/Q56217070
6K52NE5U,4,3,http://www.wikidata.org/entity/Q19652
6K52NE5U,5,0,http://www.wikidata.org/entity/Q339043
6K52NE5U,5,2,http://www.wikidata.org/entity/Q55713278
6K52NE5U,5,3,http://www.wikidata.org/entity/Q19652
6K52NE5U,6,0,http://www.wikidata.org/entity/Q459341
6K52NE5U,6,2,http://www.wikidata.org/entity/Q11340778
6K52NE5U,6,3,http://www.wikidata.org/entity/Q19652
6K52NE5U,7,0,http://www.wikidata.org/entity/Q335012
6K52NE5U,7,2,http://www.wikidata.org/entity/Q2249349
6K52NE5U,7,3,http://www.wikidata.org/entity/Q19652
DJ6MB9GI,1,0,http://www.wikidata.org/entity/Q5823525
DJ6MB9GI,1,2,http://www.wikidata.org/entity/Q5721563
DJ6MB9GI,1,3,http://www.wikidata.org/entity/Q950135
DJ6MB9GI,1,4,http://www.wikidata.org/entity/Q5797137
DJ6MB9GI,2,0,http://www.wikidata.org/entity/Q5868592
DJ6MB9GI,2,2,http://www.wikidata.org/entity/Q5836763
DJ6MB9GI,2,3,http://www.wikidata.org/entity/Q950135
DJ6MB9GI,2,4,http://www.wikidata.org/entity/Q5777756
DJ6MB9GI,3,0,http://www.wikidata.org/entity/Q5865685
DJ6MB9GI,3,2,http://www.wikidata.org/entity/Q5854954
DJ6MB9GI,3,3,http://www.wikidata.org/entity/Q950135
DJ6MB9GI,3,4,http://www.wikidata.org/entity/Q5721563
DJ6MB9GI,4,0,http://www.wikidata.org/entity/Q5710347
DJ6MB9GI,4,2,http://www.wikidata.org/entity/Q5729399
DJ6MB9GI,4,3,http://www.wikidata.org/entity/Q950135
DJ6MB9GI,4,4,http://www.wikidata.org/entity/Q5679675
DJ6MB9GI,5,0,http://www.wikidata.org/entity/Q5939806
DJ6MB9GI,5,2,http://www.wikidata.org/entity/Q5910938
DJ6MB9GI,5,3,http://www.wikidata.org/entity/Q950135
DJ6MB9GI,5,4,http://www.wikidata.org/entity/Q5943214
DJ6MB9GI,6,0,http://www.wikidata.org/entity/Q5910938
DJ6MB9GI,6,2,http://www.wikidata.org/entity/Q5868943
DJ6MB9GI,6,3,http://www.wikidata.org/entity/Q950135
DJ6MB9GI,6,4,http://www.wikidata.org/entity/Q5939806
DJ6MB9GI,7,0,http://www.wikidata.org/entity/Q5922827
DJ6MB9GI,7,2,http://www.wikidata.org/entity/Q5868561
DJ6MB9GI,7,3,http://www.wikidata.org/entity/Q950135
DJ6MB9GI,7,4,http://www.wikidata.org/entity/Q5938616
DJ6MB9GI,8,0,http://www.wikidata.org/entity/Q5943214
DJ6MB9GI,8,2,http://www.wikidata.org/entity/Q5939806
DJ6MB9GI,8,3,http://www.wikidata.org/entity/Q950135
DJ6MB9GI,8,4,http://www.wikidata.org/entity/Q5934096
DJ6MB9GI,9,0,http://www.wikidata.org/entity/Q5868561
DJ6MB9GI,9,2,http://www.wikidata.org/entity/Q5822107
DJ6MB9GI,9,3,http://www.wikidata.org/entity/Q950135
DJ6MB9GI,9,4,http://www.wikidata.org/entity/Q5922827
DJ6MB9GI,10,0,http://www.wikidata.org/entity/Q5722067
DJ6MB9GI,10,2,http://www.wikidata.org/entity/Q5938616
DJ6MB9GI,10,3,http://www.wikidata.org/entity/Q950135
DJ6MB9GI,10,4,http://www.wikidata.org/entity/Q5910388
DJ6MB9GI,11,0,http://www.wikidata.org/entity/Q5836763
DJ6MB9GI,11,2,http://www.wikidata.org/entity/Q5956280
DJ6MB9GI,11,3,http://www.wikidata.org/entity/Q950135
DJ6MB9GI,11,4,http://www.wikidata.org/entity/Q5868592
DJ6MB9GI,12,0,http://www.wikidata.org/entity/Q5854954
DJ6MB9GI,12,2,http://www.wikidata.org/entity/Q5874221
DJ6MB9GI,12,3,http://www.wikidata.org/entity/Q950135
DJ6MB9GI,12,4,http://www.wikidata.org/entity/Q5865685
DJ6MB9GI,13,0,http://www.wikidata.org/entity/Q5797137
DJ6MB9GI,13,2,http://www.wikidata.org/entity/Q5823525
DJ6MB9GI,13,3,http://www.wikidata.org/entity/Q950135
DJ6MB9GI,13,4,http://www.wikidata.org/entity/Q6454514
1E9U4A9Y,1,0,http://www.wikidata.org/entity/Q20008174
1E9U4A9Y,1,2,http://www.wikidata.org/entity/Q19652
1E9U4A9Y,1,3,http://www.wikidata.org/entity/Q482
1E9U4A9Y,2,0,http://www.wikidata.org/entity/Q24042037
1E9U4A9Y,2,2,http://www.wikidata.org/entity/Q19652
1E9U4A9Y,2,3,http://www.wikidata.org/entity/Q482
1E9U4A9Y,3,0,http://www.wikidata.org/entity/Q3818789
1E9U4A9Y,3,2,http://www.wikidata.org/entity/Q19652
1E9U4A9Y,3,3,http://www.wikidata.org/entity/Q5185279
1E9U4A9Y,4,0,http://www.wikidata.org/entity/Q1810096
1E9U4A9Y,4,2,http://www.wikidata.org/entity/Q19652
1E9U4A9Y,4,3,http://www.wikidata.org/entity/Q5185279
1E9U4A9Y,5,0,http://www.wikidata.org/entity/Q3228615
1E9U4A9Y,5,2,http://www.wikidata.org/entity/Q19652
1E9U4A9Y,5,3,http://www.wikidata.org/entity/Q484692
1E9U4A9Y,6,0,http://www.wikidata.org/entity/Q520372
1E9U4A9Y,6,2,http://www.wikidata.org/entity/Q19652
1E9U4A9Y,6,3,http://www.wikidata.org/entity/Q8261
1E9U4A9Y,7,0,http://www.wikidata.org/entity/Q378625
1E9U4A9Y,7,2,http://www.wikidata.org/entity/Q19652
1E9U4A9Y,7,3,http://www.wikidata.org/entity/Q699
1E9U4A9Y,8,0,http://www.wikidata.org/entity/Q3906941
1E9U4A9Y,8,2,http://www.wikidata.org/entity/Q19652
1E9U4A9Y,8,3,http://www.wikidata.org/entity/Q482
1E9U4A9Y,9,0,http://www.wikidata.org/entity/Q3852332
1E9U4A9Y,9,2,http://www.wikidata.org/entity/Q19652
1E9U4A9Y,9,3,http://www.wikidata.org/entity/Q482
1E9U4A9Y,10,0,http://www.wikidata.org/entity/Q3800789
1E9U4A9Y,10,2,http://www.wikidata.org/entity/Q19652
1E9U4A9Y,10,3,http://www.wikidata.org/entity/Q482
1E9U4A9Y,11,0,http://www.wikidata.org/entity/Q3614629
1E9U4A9Y,11,2,http://www.wikidata.org/entity/Q19652
1E9U4A9Y,11,3,http://www.wikidata.org/entity/Q482
1E9U4A9Y,12,0,http://www.wikidata.org/entity/Q3212012
1E9U4A9Y,12,2,http://www.wikidata.org/entity/Q19652
1E9U4A9Y,12,3,http://www.wikidata.org/entity/Q482
8XOQJTC5,1,0,http://www.wikidata.org/entity/Q15575251
8XOQJTC5,1,1,http://www.wikidata.org/entity/Q1860
8XOQJTC5,1,3,http://www.wikidata.org/entity/Q10513450
8XOQJTC5,2,0,http://www.wikidata.org/entity/Q26267190
8XOQJTC5,2,1,http://www.wikidata.org/entity/Q1860
8XOQJTC5,2,3,http://www.wikidata.org/entity/Q334661
8XOQJTC5,3,0,http://www.wikidata.org/entity/Q18168774
8XOQJTC5,3,1,http://www.wikidata.org/entity/Q34147
8XOQJTC5,3,3,http://www.wikidata.org/entity/Q185534
8XOQJTC5,4,0,http://www.wikidata.org/entity/Q19961543
8XOQJTC5,4,1,http://www.wikidata.org/entity/Q1860
8XOQJTC5,4,3,http://www.wikidata.org/entity/Q19652
8XOQJTC5,5,0,http://www.wikidata.org/entity/Q479882
8XOQJTC5,5,1,http://www.wikidata.org/entity/Q1860
8XOQJTC5,5,3,http://www.wikidata.org/entity/Q3238057
8XOQJTC5,6,0,http://www.wikidata.org/entity/Q305216
8XOQJTC5,6,1,http://www.wikidata.org/entity/Q1860
8XOQJTC5,6,3,http://www.wikidata.org/entity/Q3238057
8XOQJTC5,7,0,http://www.wikidata.org/entity/Q215448
8XOQJTC5,7,1,http://www.wikidata.org/entity/Q1860
8XOQJTC5,7,3,http://www.wikidata.org/entity/Q334661
8XOQJTC5,8,0,http://www.wikidata.org/entity/Q269856
8XOQJTC5,8,1,http://www.wikidata.org/entity/Q1860
8XOQJTC5,8,3,http://www.wikidata.org/entity/Q218616
8XOQJTC5,9,0,http://www.wikidata.org/entity/Q380473
8XOQJTC5,9,1,http://www.wikidata.org/entity/Q1860
8XOQJTC5,9,3,http://www.wikidata.org/entity/Q191307
DBCFNHMX,1,0,http://www.wikidata.org/entity/Q172952
DBCFNHMX,1,1,http://www.wikidata.org/entity/Q171356
DBCFNHMX,1,2,http://www.wikidata.org/entity/Q42311
DBCFNHMX,1,4,http://www.wikidata.org/entity/Q28
DBCFNHMX,2,0,http://www.wikidata.org/entity/Q664997
DBCFNHMX,2,1,http://www.wikidata.org/entity/Q171356
DBCFNHMX,2,2,http://www.wikidata.org/entity/Q10490
DBCFNHMX,2,4,http://www.wikidata.org/entity/Q28
DBCFNHMX,3,0,http://www.wikidata.org/entity/Q6352432
DBCFNHMX,3,1,http://www.wikidata.org/entity/Q171356
DBCFNHMX,3,2,http://www.wikidata.org/entity/Q9673
DBCFNHMX,3,4,http://www.wikidata.org/entity/Q28
DBCFNHMX,4,0,http://www.wikidata.org/entity/Q665552
DBCFNHMX,4,1,http://www.wikidata.org/entity/Q171356
DBCFNHMX,4,2,http://www.wikidata.org/entity/Q9671
DBCFNHMX,4,4,http://www.wikidata.org/entity/Q28
PM8K8QH5,1,0,http://www.wikidata.org/entity/Q473087
PM8K8QH5,1,2,http://www.wikidata.org/entity/Q896765
PM8K8QH5,1,3,http://www.wikidata.org/entity/Q676583
PM8K8QH5,2,0,http://www.wikidata.org/entity/Q875402
PM8K8QH5,2,2,http://www.wikidata.org/entity/Q297650
PM8K8QH5,2,3,http://www.wikidata.org/entity/Q43325
PM8K8QH5,3,0,http://www.wikidata.org/entity/Q432033
PM8K8QH5,3,2,http://www.wikidata.org/entity/Q297650
PM8K8QH5,3,3,http://www.wikidata.org/entity/Q43325
PM8K8QH5,4,0,http://www.wikidata.org/entity/Q935104
PM8K8QH5,4,2,http://www.wikidata.org/entity/Q5604860
PM8K8QH5,4,3,http://www.wikidata.org/entity/Q693450
PR5DJXT2,1,0,http://www.wikidata.org/entity/Q14365
PR5DJXT2,1,2,http://www.wikidata.org/entity/Q9285
PR5DJXT2,1,3,http://www.wikidata.org/entity/Q311022
PR5DJXT2,2,0,http://www.wikidata.org/entity/Q1038127
PR5DJXT2,2,2,http://www.wikidata.org/entity/Q10565
PR5DJXT2,2,3,http://www.wikidata.org/entity/Q274349
PR5DJXT2,3,0,http://www.wikidata.org/entity/Q1048522
PR5DJXT2,3,2,http://www.wikidata.org/entity/Q10428
PR5DJXT2,3,3,http://www.wikidata.org/entity/Q274349
PR5DJXT2,4,0,http://www.wikidata.org/entity/Q1048961
PR5DJXT2,4,2,http://www.wikidata.org/entity/Q8923
PR5DJXT2,4,3,http://www.wikidata.org/entity/Q274349
PR5DJXT2,5,0,http://www.wikidata.org/entity/Q1105444
PR5DJXT2,5,2,http://www.wikidata.org/entity/Q8853
PR5DJXT2,5,3,http://www.wikidata.org/entity/Q274349
PR5DJXT2,6,0,http://www.wikidata.org/entity/Q1108903
PR5DJXT2,6,2,http://www.wikidata.org/entity/Q9285
PR5DJXT2,6,3,http://www.wikidata.org/entity/Q155013
PR5DJXT2,7,0,http://www.wikidata.org/entity/Q549458
PR5DJXT2,7,2,http://www.wikidata.org/entity/Q9285
PR5DJXT2,7,3,http://www.wikidata.org/entity/Q155013
PR5DJXT2,8,0,http://www.wikidata.org/entity/Q1051151
PR5DJXT2,8,2,http://www.wikidata.org/entity/Q8849
PR5DJXT2,8,3,http://www.wikidata.org/entity/Q155013
PR5DJXT2,9,0,http://www.wikidata.org/entity/Q650879
PR5DJXT2,9,2,http://www.wikidata.org/entity/Q9285
PR5DJXT2,9,3,http://www.wikidata.org/entity/Q66398
PR5DJXT2,10,0,http://www.wikidata.org/entity/Q1102466
PR5DJXT2,10,2,http://www.wikidata.org/entity/Q10525
PR5DJXT2,10,3,http://www.wikidata.org/entity/Q57378
PR5DJXT2,11,0,http://www.wikidata.org/entity/Q749231
PR5DJXT2,11,2,http://www.wikidata.org/entity/Q10525
PR5DJXT2,11,3,http://www.wikidata.org/entity/Q57378
SMFHTNE9,1,0,http://www.wikidata.org/entity/Q47009940
SMFHTNE9,1,1,http://www.wikidata.org/entity/Q6387
SMFHTNE9,1,2,http://www.wikidata.org/entity/Q25435675
SMFHTNE9,1,3,http://www.wikidata.org/entity/Q25435675
SMFHTNE9,2,0,http://www.wikidata.org/entity/Q788906
SMFHTNE9,2,1,http://www.wikidata.org/entity/Q277491
SMFHTNE9,2,2,http://www.wikidata.org/entity/Q7309054
SMFHTNE9,2,3,http://www.wikidata.org/entity/Q7309054
SMFHTNE9,3,0,http://www.wikidata.org/entity/Q849404
SMFHTNE9,3,1,http://www.wikidata.org/entity/Q377173
SMFHTNE9,3,2,http://www.wikidata.org/entity/Q5168189
SMFHTNE9,3,3,http://www.wikidata.org/entity/Q5168189
SMFHTNE9,4,0,http://www.wikidata.org/entity/Q822614
SMFHTNE9,4,1,http://www.wikidata.org/entity/Q139289
SMFHTNE9,4,2,http://www.wikidata.org/entity/Q4033665
SMFHTNE9,4,3,http://www.wikidata.org/entity/Q4033665
SMFHTNE9,5,0,http://www.wikidata.org/entity/Q859510
SMFHTNE9,5,1,http://www.wikidata.org/entity/Q6475
SMFHTNE9,5,2,http://www.wikidata.org/entity/Q1776564
SMFHTNE9,5,3,http://www.wikidata.org/entity/Q1776564
SMFHTNE9,6,0,http://www.wikidata.org/entity/Q918006
SMFHTNE9,6,1,http://www.wikidata.org/entity/Q962677
SMFHTNE9,6,2,http://www.wikidata.org/entity/Q407237
SMFHTNE9,6,3,http://www.wikidata.org/entity/Q407237
SMFHTNE9,7,0,http://www.wikidata.org/entity/Q865858
SMFHTNE9,7,1,http://www.wikidata.org/entity/Q6475
SMFHTNE9,7,2,http://www.wikidata.org/entity/Q156829
SMFHTNE9,7,3,http://www.wikidata.org/entity/Q156829
SMFHTNE9,8,0,http://www.wikidata.org/entity/Q877284
SMFHTNE9,8,1,http://www.wikidata.org/entity/Q736765
SMFHTNE9,8,2,http://www.wikidata.org/entity/Q32491
SMFHTNE9,8,3,http://www.wikidata.org/entity/Q32491
SMFHTNE9,9,0,http://www.wikidata.org/entity/Q767627
SMFHTNE9,9,1,http://www.wikidata.org/entity/Q6428
SMFHTNE9,9,2,http://www.wikidata.org/entity/Q32491
SMFHTNE9,9,3,http://www.wikidata.org/entity/Q32491
SMFHTNE9,10,0,http://www.wikidata.org/entity/Q781770
SMFHTNE9,10,1,http://www.wikidata.org/entity/Q6423
SMFHTNE9,10,2,http://www.wikidata.org/entity/Q9325
SMFHTNE9,10,3,http://www.wikidata.org/entity/Q9325
SMFHTNE9,11,0,http://www.wikidata.org/entity/Q866103
SMFHTNE9,11,1,http://www.wikidata.org/entity/Q6423
SMFHTNE9,11,2,http://www.wikidata.org/entity/Q12208534
SMFHTNE9,11,3,http://www.wikidata.org/entity/Q3117542
SMFHTNE9,12,0,http://www.wikidata.org/entity/Q1726112
SMFHTNE9,12,1,http://www.wikidata.org/entity/Q12476717
SMFHTNE9,12,2,http://www.wikidata.org/entity/Q4548
SMFHTNE9,12,3,http://www.wikidata.org/entity/Q1137136
348UM8H8,1,0,http://www.wikidata.org/entity/Q46676
348UM8H8,1,1,http://www.wikidata.org/entity/Q891786
348UM8H8,1,2,http://www.wikidata.org/entity/Q7537214
348UM8H8,1,3,http://www.wikidata.org/entity/Q7537214
348UM8H8,2,0,http://www.wikidata.org/entity/Q51756
348UM8H8,2,1,http://www.wikidata.org/entity/Q6425
348UM8H8,2,2,http://www.wikidata.org/entity/Q5099568
348UM8H8,2,3,http://www.wikidata.org/entity/Q5099568
348UM8H8,3,0,http://www.wikidata.org/entity/Q32396
348UM8H8,3,1,http://www.wikidata.org/entity/Q6387
348UM8H8,3,2,http://www.wikidata.org/entity/Q4742937
348UM8H8,3,3,http://www.wikidata.org/entity/Q4742937
348UM8H8,4,0,http://www.wikidata.org/entity/Q51747
348UM8H8,4,1,http://www.wikidata.org/entity/Q6418
348UM8H8,4,2,http://www.wikidata.org/entity/Q866852
348UM8H8,4,3,http://www.wikidata.org/entity/Q866852
348UM8H8,5,0,http://www.wikidata.org/entity/Q127316
348UM8H8,5,1,http://www.wikidata.org/entity/Q736765
348UM8H8,5,2,http://www.wikidata.org/entity/Q204296
348UM8H8,5,3,http://www.wikidata.org/entity/Q204296
348UM8H8,6,0,http://www.wikidata.org/entity/Q1139145
348UM8H8,6,1,http://www.wikidata.org/entity/Q6475
348UM8H8,6,2,http://www.wikidata.org/entity/Q1892498
348UM8H8,6,3,http://www.wikidata.org/entity/Q790788
348UM8H8,7,0,http://www.wikidata.org/entity/Q32245
348UM8H8,7,1,http://www.wikidata.org/entity/Q5830
348UM8H8,7,2,http://www.wikidata.org/entity/Q762479
348UM8H8,7,3,http://www.wikidata.org/entity/Q762479
348UM8H8,8,0,http://www.wikidata.org/entity/Q32277
348UM8H8,8,1,http://www.wikidata.org/entity/Q6428
348UM8H8,8,2,http://www.wikidata.org/entity/Q494917
348UM8H8,8,3,http://www.wikidata.org/entity/Q494917
348UM8H8,9,0,http://www.wikidata.org/entity/Q8766
348UM8H8,9,1,http://www.wikidata.org/entity/Q6505
348UM8H8,9,2,http://www.wikidata.org/entity/Q8774
348UM8H8,9,3,http://www.wikidata.org/entity/Q8774
348UM8H8,10,0,http://www.wikidata.org/entity/Q1758698
348UM8H8,10,1,http://www.wikidata.org/entity/Q6503
348UM8H8,10,2,http://www.wikidata.org/entity/Q73915870
348UM8H8,10,3,http://www.wikidata.org/entity/Q73915870
348UM8H8,11,0,http://www.wikidata.org/entity/Q1922297
348UM8H8,11,1,http://www.wikidata.org/entity/Q891786
348UM8H8,11,2,http://www.wikidata.org/entity/Q1922290
348UM8H8,11,3,http://www.wikidata.org/entity/Q1922290
348UM8H8,12,0,http://www.wikidata.org/entity/Q208046
348UM8H8,12,1,http://www.wikidata.org/entity/Q6418
348UM8H8,12,2,http://www.wikidata.org/entity/Q4742937
348UM8H8,12,3,http://www.wikidata.org/entity/Q4742937
348UM8H8,13,0,http://www.wikidata.org/entity/Q192653
348UM8H8,13,1,http://www.wikidata.org/entity/Q12470485
348UM8H8,13,2,http://www.wikidata.org/entity/Q1853488
348UM8H8,13,3,http://www.wikidata.org/entity/Q1853488
9VEDIV1K,1,0,http://www.wikidata.org/entity/Q75009590
9VEDIV1K,2,0,http://www.wikidata.org/entity/Q75009576
9VEDIV1K,3,0,http://www.wikidata.org/entity/Q74929483
9VEDIV1K,4,0,http://www.wikidata.org/entity/Q74717648
9VEDIV1K,5,0,http://www.wikidata.org/entity/Q74284889
9VEDIV1K,6,0,http://www.wikidata.org/entity/Q74270399
9VEDIV1K,7,0,http://www.wikidata.org/entity/Q75299585
9VEDIV1K,8,0,http://www.wikidata.org/entity/Q75288458
9VEDIV1K,9,0,http://www.wikidata.org/entity/Q75260968
WVGEMQ83,1,0,http://www.wikidata.org/entity/Q123258
WVGEMQ83,1,3,http://www.wikidata.org/entity/Q7041
WVGEMQ83,2,0,http://www.wikidata.org/entity/Q122723
WVGEMQ83,2,3,http://www.wikidata.org/entity/Q7041
WVGEMQ83,3,0,http://www.wikidata.org/entity/Q120730
WVGEMQ83,3,3,http://www.wikidata.org/entity/Q7041
WVGEMQ83,4,0,http://www.wikidata.org/entity/Q81863
WVGEMQ83,4,3,http://www.wikidata.org/entity/Q7041
SF6MQRQV,1,0,http://www.wikidata.org/entity/Q30229526
SF6MQRQV,1,2,http://www.wikidata.org/entity/Q986984
SF6MQRQV,1,3,http://www.wikidata.org/entity/Q21438156
SF6MQRQV,1,4,http://www.wikidata.org/entity/Q30229512
SF6MQRQV,2,0,http://www.wikidata.org/entity/Q26656069
SF6MQRQV,2,2,http://www.wikidata.org/entity/Q774015
SF6MQRQV,2,3,http://www.wikidata.org/entity/Q15700834
SF6MQRQV,2,4,http://www.wikidata.org/entity/Q26656067
SF6MQRQV,3,0,http://www.wikidata.org/entity/Q26547311
SF6MQRQV,3,2,http://www.wikidata.org/entity/Q774015
SF6MQRQV,3,3,http://www.wikidata.org/entity/Q15700834
SF6MQRQV,3,4,http://www.wikidata.org/entity/Q26547310
SF6MQRQV,4,0,http://www.wikidata.org/entity/Q26965384
SF6MQRQV,4,2,http://www.wikidata.org/entity/Q752346
SF6MQRQV,4,3,http://www.wikidata.org/entity/Q19718195
SF6MQRQV,4,4,http://www.wikidata.org/entity/Q2621907
GPO2386G,1,0,http://www.wikidata.org/entity/Q10585758
GPO2386G,1,1,http://www.wikidata.org/entity/Q25579
GPO2386G,1,3,http://www.wikidata.org/entity/Q34
GPO2386G,1,4,http://www.wikidata.org/entity/Q507709
GPO2386G,2,0,http://www.wikidata.org/entity/Q7405689
GPO2386G,2,1,http://www.wikidata.org/entity/Q5481062
GPO2386G,2,3,http://www.wikidata.org/entity/Q33
GPO2386G,2,4,http://www.wikidata.org/entity/Q210987
GPO2386G,3,0,http://www.wikidata.org/entity/Q11870277
GPO2386G,3,1,http://www.wikidata.org/entity/Q3892155
GPO2386G,3,3,http://www.wikidata.org/entity/Q33
GPO2386G,3,4,http://www.wikidata.org/entity/Q47048
GPO2386G,4,0,http://www.wikidata.org/entity/Q10685170
GPO2386G,4,1,http://www.wikidata.org/entity/Q3815357
GPO2386G,4,3,http://www.wikidata.org/entity/Q33
GPO2386G,4,4,http://www.wikidata.org/entity/Q47048
GPO2386G,5,0,http://www.wikidata.org/entity/Q11858817
GPO2386G,5,1,http://www.wikidata.org/entity/Q211491
GPO2386G,5,3,http://www.wikidata.org/entity/Q33
GPO2386G,5,4,http://www.wikidata.org/entity/Q47034
GPO2386G,6,0,http://www.wikidata.org/entity/Q10511376
GPO2386G,6,1,http://www.wikidata.org/entity/Q2661900
GPO2386G,6,3,http://www.wikidata.org/entity/Q33
GPO2386G,6,4,http://www.wikidata.org/entity/Q1757
GPO2386G,7,0,http://www.wikidata.org/entity/Q11883732
GPO2386G,7,1,http://www.wikidata.org/entity/Q1973972
GPO2386G,7,3,http://www.wikidata.org/entity/Q33
GPO2386G,7,4,http://www.wikidata.org/entity/Q1757
GPO2386G,8,0,http://www.wikidata.org/entity/Q13192452
GPO2386G,8,1,http://www.wikidata.org/entity/Q735138
GPO2386G,8,3,http://www.wikidata.org/entity/Q37
GPO2386G,8,4,http://www.wikidata.org/entity/Q46786
GPO2386G,9,0,http://www.wikidata.org/entity/Q13647114
GPO2386G,9,1,http://www.wikidata.org/entity/Q34370
GPO2386G,9,3,http://www.wikidata.org/entity/Q55
GPO2386G,9,4,http://www.wikidata.org/entity/Q2680952
GPO2386G,10,0,http://www.wikidata.org/entity/Q2324614
GPO2386G,10,1,http://www.wikidata.org/entity/Q445471
GPO2386G,10,3,http://www.wikidata.org/entity/Q183
GPO2386G,10,4,http://www.wikidata.org/entity/Q971198
PM3CLX4Q,1,0,http://www.wikidata.org/entity/Q2641613
PM3CLX4Q,1,1,http://www.wikidata.org/entity/Q3537
PM3CLX4Q,1,3,http://www.wikidata.org/entity/Q183
PM3CLX4Q,1,4,http://www.wikidata.org/entity/Q1635
PM3CLX4Q,2,0,http://www.wikidata.org/entity/Q1827909
PM3CLX4Q,2,1,http://www.wikidata.org/entity/Q1600
PM3CLX4Q,2,3,http://www.wikidata.org/entity/Q183
PM3CLX4Q,2,4,http://www.wikidata.org/entity/Q1630
PM3CLX4Q,3,0,http://www.wikidata.org/entity/Q880228
PM3CLX4Q,3,1,http://www.wikidata.org/entity/Q2567428
PM3CLX4Q,3,3,http://www.wikidata.org/entity/Q183
PM3CLX4Q,3,4,http://www.wikidata.org/entity/Q435295
PM3CLX4Q,4,0,http://www.wikidata.org/entity/Q6348487
PM3CLX4Q,4,1,http://www.wikidata.org/entity/Q162049
PM3CLX4Q,4,3,http://www.wikidata.org/entity/Q183
PM3CLX4Q,4,4,http://www.wikidata.org/entity/Q158095
PM3CLX4Q,5,0,http://www.wikidata.org/entity/Q6466569
PM3CLX4Q,5,1,http://www.wikidata.org/entity/Q18659091
PM3CLX4Q,5,3,http://www.wikidata.org/entity/Q33
PM3CLX4Q,5,4,http://www.wikidata.org/entity/Q47048
PM3CLX4Q,6,0,http://www.wikidata.org/entity/Q5391306
PM3CLX4Q,6,1,http://www.wikidata.org/entity/Q3815357
PM3CLX4Q,6,3,http://www.wikidata.org/entity/Q33
PM3CLX4Q,6,4,http://www.wikidata.org/entity/Q47048
PM3CLX4Q,7,0,http://www.wikidata.org/entity/Q6305662
PM3CLX4Q,7,1,http://www.wikidata.org/entity/Q3815354
PM3CLX4Q,7,3,http://www.wikidata.org/entity/Q33
PM3CLX4Q,7,4,http://www.wikidata.org/entity/Q47048
PM3CLX4Q,8,0,http://www.wikidata.org/entity/Q4735648
PM3CLX4Q,8,1,http://www.wikidata.org/entity/Q2840133
PM3CLX4Q,8,3,http://www.wikidata.org/entity/Q33
PM3CLX4Q,8,4,http://www.wikidata.org/entity/Q1757
ZR0957HS,1,0,http://www.wikidata.org/entity/Q12018639
ZR0957HS,1,1,http://www.wikidata.org/entity/Q1008696
ZR0957HS,1,2,http://www.wikidata.org/entity/Q192536
ZR0957HS,1,3,http://www.wikidata.org/entity/Q7257282
ZR0957HS,1,4,http://www.wikidata.org/entity/Q45938468
ZR0957HS,2,0,http://www.wikidata.org/entity/Q8302927
ZR0957HS,2,1,http://www.wikidata.org/entity/Q16515
ZR0957HS,2,2,http://www.wikidata.org/entity/Q188399
ZR0957HS,2,3,http://www.wikidata.org/entity/Q7257282
ZR0957HS,2,4,http://www.wikidata.org/entity/Q45731961
ZR0957HS,3,0,http://www.wikidata.org/entity/Q12018634
ZR0957HS,3,1,http://www.wikidata.org/entity/Q1008589
ZR0957HS,3,2,http://www.wikidata.org/entity/Q46070
ZR0957HS,3,3,http://www.wikidata.org/entity/Q7257282
ZR0957HS,3,4,http://www.wikidata.org/entity/Q45340462
ZR0957HS,4,0,http://www.wikidata.org/entity/Q10843078
ZR0957HS,4,1,http://www.wikidata.org/entity/Q8385
ZR0957HS,4,2,http://www.wikidata.org/entity/Q190550
ZR0957HS,4,3,http://www.wikidata.org/entity/Q7257282
ZR0957HS,4,4,http://www.wikidata.org/entity/Q45318167
ZR0957HS,5,0,http://www.wikidata.org/entity/Q12018626
ZR0957HS,5,1,http://www.wikidata.org/entity/Q8385
ZR0957HS,5,2,http://www.wikidata.org/entity/Q190550
ZR0957HS,5,3,http://www.wikidata.org/entity/Q7257282
ZR0957HS,5,4,http://www.wikidata.org/entity/Q45315338
ZR0957HS,6,0,http://www.wikidata.org/entity/Q12018619
ZR0957HS,6,1,http://www.wikidata.org/entity/Q1015409
ZR0957HS,6,2,http://www.wikidata.org/entity/Q190550
ZR0957HS,6,3,http://www.wikidata.org/entity/Q7257282
ZR0957HS,6,4,http://www.wikidata.org/entity/Q45269339
ZR0957HS,7,0,http://www.wikidata.org/entity/Q12018662
ZR0957HS,7,1,http://www.wikidata.org/entity/Q11764361
ZR0957HS,7,2,http://www.wikidata.org/entity/Q190550
ZR0957HS,7,3,http://www.wikidata.org/entity/Q7257282
ZR0957HS,7,4,http://www.wikidata.org/entity/Q45110705
ZR0957HS,8,0,http://www.wikidata.org/entity/Q11775241
ZR0957HS,8,1,http://www.wikidata.org/entity/Q1010131
ZR0957HS,8,2,http://www.wikidata.org/entity/Q190550
ZR0957HS,8,3,http://www.wikidata.org/entity/Q7257282
ZR0957HS,8,4,http://www.wikidata.org/entity/Q44827448
9VPZXGQC,1,0,http://www.wikidata.org/entity/Q3969077
9VPZXGQC,1,1,http://www.wikidata.org/entity/Q801397
9VPZXGQC,1,2,http://www.wikidata.org/entity/Q56195105
9VPZXGQC,1,4,http://www.wikidata.org/entity/Q25989
9VPZXGQC,1,5,http://www.wikidata.org/entity/Q268214
9VPZXGQC,2,0,http://www.wikidata.org/entity/Q16609099
9VPZXGQC,2,1,http://www.wikidata.org/entity/Q3970194
9VPZXGQC,2,2,http://www.wikidata.org/entity/Q56195105
9VPZXGQC,2,4,http://www.wikidata.org/entity/Q25989
9VPZXGQC,2,5,http://www.wikidata.org/entity/Q47491
9VPZXGQC,3,0,http://www.wikidata.org/entity/Q22299007
9VPZXGQC,3,1,http://www.wikidata.org/entity/Q3969509
9VPZXGQC,3,2,http://www.wikidata.org/entity/Q56195105
9VPZXGQC,3,4,http://www.wikidata.org/entity/Q25989
9VPZXGQC,3,5,http://www.wikidata.org/entity/Q19933
9VPZXGQC,4,0,http://www.wikidata.org/entity/Q15714374
9VPZXGQC,4,1,http://www.wikidata.org/entity/Q15714375
9VPZXGQC,4,2,http://www.wikidata.org/entity/Q56195105
9VPZXGQC,4,4,http://www.wikidata.org/entity/Q25989
9VPZXGQC,4,5,http://www.wikidata.org/entity/Q83559
8DQ71OA3,1,0,http://www.wikidata.org/entity/Q5475273
8DQ71OA3,1,1,http://www.wikidata.org/entity/Q541027
8DQ71OA3,1,3,http://www.wikidata.org/entity/Q7860508
8DQ71OA3,2,0,http://www.wikidata.org/entity/Q685952
8DQ71OA3,2,1,http://www.wikidata.org/entity/Q1311711
8DQ71OA3,2,3,http://www.wikidata.org/entity/Q1696490
8DQ71OA3,3,0,http://www.wikidata.org/entity/Q801125
8DQ71OA3,3,1,http://www.wikidata.org/entity/Q1311711
8DQ71OA3,3,3,http://www.wikidata.org/entity/Q1501071
8DQ71OA3,4,0,http://www.wikidata.org/entity/Q688541
8DQ71OA3,4,1,http://www.wikidata.org/entity/Q526319
8DQ71OA3,4,3,http://www.wikidata.org/entity/Q1152119
8DQ71OA3,5,0,http://www.wikidata.org/entity/Q5399435
8DQ71OA3,5,1,http://www.wikidata.org/entity/Q481509
8DQ71OA3,5,3,http://www.wikidata.org/entity/Q1152119
8DQ71OA3,6,0,http://www.wikidata.org/entity/Q470060
8DQ71OA3,6,1,http://www.wikidata.org/entity/Q481509
8DQ71OA3,6,3,http://www.wikidata.org/entity/Q1152119
8DQ71OA3,7,0,http://www.wikidata.org/entity/Q314955
8DQ71OA3,7,1,http://www.wikidata.org/entity/Q481504
8DQ71OA3,7,3,http://www.wikidata.org/entity/Q1152119
8DQ71OA3,8,0,http://www.wikidata.org/entity/Q7109916
8DQ71OA3,8,1,http://www.wikidata.org/entity/Q256524
8DQ71OA3,8,3,http://www.wikidata.org/entity/Q1152119
8DQ71OA3,9,0,http://www.wikidata.org/entity/Q800958
8DQ71OA3,9,1,http://www.wikidata.org/entity/Q256524
8DQ71OA3,9,3,http://www.wikidata.org/entity/Q1152119
8DQ71OA3,10,0,http://www.wikidata.org/entity/Q683239
8DQ71OA3,10,1,http://www.wikidata.org/entity/Q99654
8DQ71OA3,10,3,http://www.wikidata.org/entity/Q1152119
8DQ71OA3,11,0,http://www.wikidata.org/entity/Q660045
8DQ71OA3,11,1,http://www.wikidata.org/entity/Q99654
8DQ71OA3,11,3,http://www.wikidata.org/entity/Q1152119
8DQ71OA3,12,0,http://www.wikidata.org/entity/Q681785
8DQ71OA3,12,1,http://www.wikidata.org/entity/Q68646
8DQ71OA3,12,3,http://www.wikidata.org/entity/Q1152119
8DQ71OA3,13,0,http://www.wikidata.org/entity/Q55423
8DQ71OA3,13,1,http://www.wikidata.org/entity/Q2326657
8DQ71OA3,13,3,http://www.wikidata.org/entity/Q896765
8DQ71OA3,14,0,http://www.wikidata.org/entity/Q1954
8DQ71OA3,14,1,http://www.wikidata.org/entity/Q481509
8DQ71OA3,14,3,http://www.wikidata.org/entity/Q896765
5C7S6X1Z,1,0,http://www.wikidata.org/entity/Q11521261
5C7S6X1Z,1,2,http://www.wikidata.org/entity/Q1151119
5C7S6X1Z,1,3,http://www.wikidata.org/entity/Q589441
5C7S6X1Z,1,4,http://www.wikidata.org/entity/Q384011
5C7S6X1Z,2,0,http://www.wikidata.org/entity/Q11514124
5C7S6X1Z,2,2,http://www.wikidata.org/entity/Q11415241
5C7S6X1Z,2,3,http://www.wikidata.org/entity/Q11528000
5C7S6X1Z,2,4,http://www.wikidata.org/entity/Q6958989
5C7S6X1Z,3,0,http://www.wikidata.org/entity/Q11386777
5C7S6X1Z,3,2,http://www.wikidata.org/entity/Q11548514
5C7S6X1Z,3,3,http://www.wikidata.org/entity/Q11357127
5C7S6X1Z,3,4,http://www.wikidata.org/entity/Q6884901
5C7S6X1Z,4,0,http://www.wikidata.org/entity/Q11415257
5C7S6X1Z,4,2,http://www.wikidata.org/entity/Q911774
5C7S6X1Z,4,3,http://www.wikidata.org/entity/Q10908910
5C7S6X1Z,4,4,http://www.wikidata.org/entity/Q1190669
9VAFOMSQ,1,0,http://www.wikidata.org/entity/Q50192066
9VAFOMSQ,1,1,http://www.wikidata.org/entity/Q111
9VAFOMSQ,1,3,http://www.wikidata.org/entity/Q3055690
9VAFOMSQ,2,0,http://www.wikidata.org/entity/Q3809832
9VAFOMSQ,2,1,http://www.wikidata.org/entity/Q405
9VAFOMSQ,2,3,http://www.wikidata.org/entity/Q56551325
9VAFOMSQ,3,0,http://www.wikidata.org/entity/Q578511
9VAFOMSQ,3,1,http://www.wikidata.org/entity/Q405
9VAFOMSQ,3,3,http://www.wikidata.org/entity/Q56551357
9VAFOMSQ,4,0,http://www.wikidata.org/entity/Q531202
9VAFOMSQ,4,1,http://www.wikidata.org/entity/Q405
9VAFOMSQ,4,3,http://www.wikidata.org/entity/Q56551357
9VAFOMSQ,5,0,http://www.wikidata.org/entity/Q428182
9VAFOMSQ,5,1,http://www.wikidata.org/entity/Q405
9VAFOMSQ,5,3,http://www.wikidata.org/entity/Q56551357
9VAFOMSQ,6,0,http://www.wikidata.org/entity/Q422182
9VAFOMSQ,6,1,http://www.wikidata.org/entity/Q405
9VAFOMSQ,6,3,http://www.wikidata.org/entity/Q56551357
9VAFOMSQ,7,0,http://www.wikidata.org/entity/Q422126
9VAFOMSQ,7,1,http://www.wikidata.org/entity/Q405
9VAFOMSQ,7,3,http://www.wikidata.org/entity/Q56551357
9VAFOMSQ,8,0,http://www.wikidata.org/entity/Q422120
9VAFOMSQ,8,1,http://www.wikidata.org/entity/Q405
9VAFOMSQ,8,3,http://www.wikidata.org/entity/Q56551357
V126ANIY,1,0,http://www.wikidata.org/entity/Q644906
V126ANIY,1,1,http://www.wikidata.org/entity/Q405
V126ANIY,1,3,http://www.wikidata.org/entity/Q56551339
V126ANIY,2,0,http://www.wikidata.org/entity/Q631753
V126ANIY,2,1,http://www.wikidata.org/entity/Q405
V126ANIY,2,3,http://www.wikidata.org/entity/Q56551339
V126ANIY,3,0,http://www.wikidata.org/entity/Q602362
V126ANIY,3,1,http://www.wikidata.org/entity/Q405
V126ANIY,3,3,http://www.wikidata.org/entity/Q56551339
V126ANIY,4,0,http://www.wikidata.org/entity/Q429718
V126ANIY,4,1,http://www.wikidata.org/entity/Q405
V126ANIY,4,3,http://www.wikidata.org/entity/Q56551339
V126ANIY,5,0,http://www.wikidata.org/entity/Q654003
V126ANIY,5,1,http://www.wikidata.org/entity/Q405
V126ANIY,5,3,http://www.wikidata.org/entity/Q56551337
V126ANIY,6,0,http://www.wikidata.org/entity/Q653548
V126ANIY,6,1,http://www.wikidata.org/entity/Q405
V126ANIY,6,3,http://www.wikidata.org/entity/Q56551337
V126ANIY,7,0,http://www.wikidata.org/entity/Q426002
V126ANIY,7,1,http://www.wikidata.org/entity/Q405
V126ANIY,7,3,http://www.wikidata.org/entity/Q56551337
YKGXCHZR,1,0,http://www.wikidata.org/entity/Q814900
YKGXCHZR,1,3,http://www.wikidata.org/entity/Q6723
YKGXCHZR,2,0,http://www.wikidata.org/entity/Q1425428
YKGXCHZR,2,3,http://www.wikidata.org/entity/Q6574
YKGXCHZR,3,0,http://www.wikidata.org/entity/Q1522402
YKGXCHZR,3,3,http://www.wikidata.org/entity/Q6513
YKGXCHZR,4,0,http://www.wikidata.org/entity/Q2626773
YKGXCHZR,4,3,http://www.wikidata.org/entity/Q6513
P5SJ3ZBL,1,0,http://www.wikidata.org/entity/Q3365263
P5SJ3ZBL,1,1,http://www.wikidata.org/entity/Q3508314
P5SJ3ZBL,1,2,http://www.wikidata.org/entity/Q142
P5SJ3ZBL,1,3,http://www.wikidata.org/entity/Q941594
P5SJ3ZBL,2,0,http://www.wikidata.org/entity/Q17266419
P5SJ3ZBL,2,1,http://www.wikidata.org/entity/Q860060
P5SJ3ZBL,2,2,http://www.wikidata.org/entity/Q29
P5SJ3ZBL,2,3,http://www.wikidata.org/entity/Q941594
P5SJ3ZBL,3,0,http://www.wikidata.org/entity/Q300169
P5SJ3ZBL,3,1,http://www.wikidata.org/entity/Q379049
P5SJ3ZBL,3,2,http://www.wikidata.org/entity/Q30
P5SJ3ZBL,3,3,http://www.wikidata.org/entity/Q4373046
P5SJ3ZBL,4,0,http://www.wikidata.org/entity/Q2107127
P5SJ3ZBL,4,1,http://www.wikidata.org/entity/Q895956
P5SJ3ZBL,4,2,http://www.wikidata.org/entity/Q183
P5SJ3ZBL,4,3,http://www.wikidata.org/entity/Q2144042
FK8AF0LS,1,0,http://www.wikidata.org/entity/Q7850905
FK8AF0LS,1,3,http://www.wikidata.org/entity/Q6985
FK8AF0LS,2,0,http://www.wikidata.org/entity/Q7808513
FK8AF0LS,2,3,http://www.wikidata.org/entity/Q6985
FK8AF0LS,3,0,http://www.wikidata.org/entity/Q7684726
FK8AF0LS,3,3,http://www.wikidata.org/entity/Q6985
FK8AF0LS,4,0,http://www.wikidata.org/entity/Q7523674
FK8AF0LS,4,3,http://www.wikidata.org/entity/Q6985
67BP6GJZ,1,0,http://www.wikidata.org/entity/Q25280
67BP6GJZ,1,1,http://www.wikidata.org/entity/Q13416964
67BP6GJZ,1,3,http://www.wikidata.org/entity/Q1935905
67BP6GJZ,1,4,http://www.wikidata.org/entity/Q1400
67BP6GJZ,2,0,http://www.wikidata.org/entity/Q6106
67BP6GJZ,2,1,http://www.wikidata.org/entity/Q49201
67BP6GJZ,2,3,http://www.wikidata.org/entity/Q262291
67BP6GJZ,2,4,http://www.wikidata.org/entity/Q450374
67BP6GJZ,3,0,http://www.wikidata.org/entity/Q79867
67BP6GJZ,3,1,http://www.wikidata.org/entity/Q2256
67BP6GJZ,3,3,http://www.wikidata.org/entity/Q3175504
67BP6GJZ,3,4,http://www.wikidata.org/entity/Q112271
67BP6GJZ,4,0,http://www.wikidata.org/entity/Q131335
67BP6GJZ,4,1,http://www.wikidata.org/entity/Q107434
67BP6GJZ,4,3,http://www.wikidata.org/entity/Q3485145
67BP6GJZ,4,4,http://www.wikidata.org/entity/Q489222
R90S3VWB,1,0,http://www.wikidata.org/entity/Q45320097
R90S3VWB,1,1,http://www.wikidata.org/entity/Q7314775
R90S3VWB,1,2,http://www.wikidata.org/entity/Q10353439
R90S3VWB,1,3,http://www.wikidata.org/entity/Q155
R90S3VWB,1,4,http://www.wikidata.org/entity/Q11758
R90S3VWB,2,0,http://www.wikidata.org/entity/Q18950702
R90S3VWB,2,1,http://www.wikidata.org/entity/Q9978
R90S3VWB,2,2,http://www.wikidata.org/entity/Q2429243
R90S3VWB,2,3,http://www.wikidata.org/entity/Q55
R90S3VWB,2,4,http://www.wikidata.org/entity/Q11758
R90S3VWB,3,0,http://www.wikidata.org/entity/Q18950706
R90S3VWB,3,1,http://www.wikidata.org/entity/Q835083
R90S3VWB,3,2,http://www.wikidata.org/entity/Q2405988
R90S3VWB,3,3,http://www.wikidata.org/entity/Q55
R90S3VWB,3,4,http://www.wikidata.org/entity/Q11758
R90S3VWB,4,0,http://www.wikidata.org/entity/Q18950698
R90S3VWB,4,1,http://www.wikidata.org/entity/Q1347872
R90S3VWB,4,2,http://www.wikidata.org/entity/Q1890680
R90S3VWB,4,3,http://www.wikidata.org/entity/Q55
R90S3VWB,4,4,http://www.wikidata.org/entity/Q11758
R90S3VWB,5,0,http://www.wikidata.org/entity/Q19120278
R90S3VWB,5,1,http://www.wikidata.org/entity/Q932066
R90S3VWB,5,2,http://www.wikidata.org/entity/Q2239824
R90S3VWB,5,3,http://www.wikidata.org/entity/Q55
R90S3VWB,5,4,http://www.wikidata.org/entity/Q143
R90S3VWB,6,0,http://www.wikidata.org/entity/Q19120282
R90S3VWB,6,1,http://www.wikidata.org/entity/Q9770
R90S3VWB,6,2,http://www.wikidata.org/entity/Q1980267
R90S3VWB,6,3,http://www.wikidata.org/entity/Q55
R90S3VWB,6,4,http://www.wikidata.org/entity/Q143
R90S3VWB,7,0,http://www.wikidata.org/entity/Q686443
R90S3VWB,7,1,http://www.wikidata.org/entity/Q1741
R90S3VWB,7,2,http://www.wikidata.org/entity/Q610784
R90S3VWB,7,3,http://www.wikidata.org/entity/Q40
R90S3VWB,7,4,http://www.wikidata.org/entity/Q143
R90S3VWB,8,0,http://www.wikidata.org/entity/Q10489151
R90S3VWB,8,1,http://www.wikidata.org/entity/Q52502
R90S3VWB,8,2,http://www.wikidata.org/entity/Q10535875
R90S3VWB,8,3,http://www.wikidata.org/entity/Q34
R90S3VWB,8,4,http://www.wikidata.org/entity/Q143
R90S3VWB,9,0,http://www.wikidata.org/entity/Q56825869
R90S3VWB,9,1,http://www.wikidata.org/entity/Q1794
R90S3VWB,9,2,http://www.wikidata.org/entity/Q1794
R90S3VWB,9,3,http://www.wikidata.org/entity/Q183
R90S3VWB,9,4,http://www.wikidata.org/entity/Q53713
R90S3VWB,10,0,http://www.wikidata.org/entity/Q56071532
R90S3VWB,10,1,http://www.wikidata.org/entity/Q6506
R90S3VWB,10,2,http://www.wikidata.org/entity/Q6506
R90S3VWB,10,3,http://www.wikidata.org/entity/Q219
R90S3VWB,10,4,http://www.wikidata.org/entity/Q11758
N12TT0LB,1,0,http://www.wikidata.org/entity/Q10671703
N12TT0LB,1,1,http://www.wikidata.org/entity/Q10685673
N12TT0LB,1,2,http://www.wikidata.org/entity/Q849086
N12TT0LB,2,0,http://www.wikidata.org/entity/Q10728258
N12TT0LB,2,1,http://www.wikidata.org/entity/Q10602419
N12TT0LB,2,2,http://www.wikidata.org/entity/Q849086
N12TT0LB,3,0,http://www.wikidata.org/entity/Q10688762
N12TT0LB,3,1,http://www.wikidata.org/entity/Q10699034
N12TT0LB,3,2,http://www.wikidata.org/entity/Q740149
N12TT0LB,4,0,http://www.wikidata.org/entity/Q10728209
N12TT0LB,4,1,http://www.wikidata.org/entity/Q10684482
N12TT0LB,4,2,http://www.wikidata.org/entity/Q740149
N12TT0LB,5,0,http://www.wikidata.org/entity/Q28911908
N12TT0LB,5,1,http://www.wikidata.org/entity/Q10655520
N12TT0LB,5,2,http://www.wikidata.org/entity/Q740149
N12TT0LB,6,0,http://www.wikidata.org/entity/Q10723864
N12TT0LB,6,1,http://www.wikidata.org/entity/Q10655520
N12TT0LB,6,2,http://www.wikidata.org/entity/Q740149
N12TT0LB,7,0,http://www.wikidata.org/entity/Q10720452
N12TT0LB,7,1,http://www.wikidata.org/entity/Q10655520
N12TT0LB,7,2,http://www.wikidata.org/entity/Q740149
N12TT0LB,8,0,http://www.wikidata.org/entity/Q10671212
N12TT0LB,8,1,http://www.wikidata.org/entity/Q10655520
N12TT0LB,8,2,http://www.wikidata.org/entity/Q740149
N12TT0LB,9,0,http://www.wikidata.org/entity/Q10570725
N12TT0LB,9,1,http://www.wikidata.org/entity/Q10655520
N12TT0LB,9,2,http://www.wikidata.org/entity/Q740149
N12TT0LB,10,0,http://www.wikidata.org/entity/Q10576082
N12TT0LB,10,1,http://www.wikidata.org/entity/Q10650978
N12TT0LB,10,2,http://www.wikidata.org/entity/Q740149
N12TT0LB,11,0,http://www.wikidata.org/entity/Q15132773
N12TT0LB,11,1,http://www.wikidata.org/entity/Q10647909
N12TT0LB,11,2,http://www.wikidata.org/entity/Q740149
N12TT0LB,12,0,http://www.wikidata.org/entity/Q15886173
N12TT0LB,12,1,http://www.wikidata.org/entity/Q10661346
N12TT0LB,12,2,http://www.wikidata.org/entity/Q666729
N12TT0LB,13,0,http://www.wikidata.org/entity/Q10590584
N12TT0LB,13,1,http://www.wikidata.org/entity/Q10526725
N12TT0LB,13,2,http://www.wikidata.org/entity/Q1888208
U42I1ICX,1,0,http://www.wikidata.org/entity/Q83496029
U42I1ICX,1,1,http://www.wikidata.org/entity/Q700211
U42I1ICX,1,2,http://www.wikidata.org/entity/Q1796016
U42I1ICX,1,3,http://www.wikidata.org/entity/Q158064
U42I1ICX,2,0,http://www.wikidata.org/entity/Q83520486
U42I1ICX,2,1,http://www.wikidata.org/entity/Q155211
U42I1ICX,2,2,http://www.wikidata.org/entity/Q1796016
U42I1ICX,2,3,http://www.wikidata.org/entity/Q158064
U42I1ICX,3,0,http://www.wikidata.org/entity/Q263293
U42I1ICX,3,1,http://www.wikidata.org/entity/Q1492
U42I1ICX,3,2,http://www.wikidata.org/entity/Q2456037
U42I1ICX,3,3,http://www.wikidata.org/entity/Q1492
U42I1ICX,4,0,http://www.wikidata.org/entity/Q12325259
U42I1ICX,4,1,http://www.wikidata.org/entity/Q308345
U42I1ICX,4,2,http://www.wikidata.org/entity/Q1997356
U42I1ICX,4,3,http://www.wikidata.org/entity/Q500076
U42I1ICX,5,0,http://www.wikidata.org/entity/Q75241079
U42I1ICX,5,1,http://www.wikidata.org/entity/Q531738
U42I1ICX,5,2,http://www.wikidata.org/entity/Q1990662
U42I1ICX,5,3,http://www.wikidata.org/entity/Q119284
U42I1ICX,6,0,http://www.wikidata.org/entity/Q21777336
U42I1ICX,6,1,http://www.wikidata.org/entity/Q693628
U42I1ICX,6,2,http://www.wikidata.org/entity/Q2474094
U42I1ICX,6,3,http://www.wikidata.org/entity/Q158095
U42I1ICX,7,0,http://www.wikidata.org/entity/Q63167406
U42I1ICX,7,1,http://www.wikidata.org/entity/Q641689
U42I1ICX,7,2,http://www.wikidata.org/entity/Q2474094
U42I1ICX,7,3,http://www.wikidata.org/entity/Q158095
U42I1ICX,8,0,http://www.wikidata.org/entity/Q5330001
U42I1ICX,8,1,http://www.wikidata.org/entity/Q2402523
U42I1ICX,8,2,http://www.wikidata.org/entity/Q2450604
U42I1ICX,8,3,http://www.wikidata.org/entity/Q61
U42I1ICX,9,0,http://www.wikidata.org/entity/Q80091666
U42I1ICX,9,1,http://www.wikidata.org/entity/Q2013767
U42I1ICX,9,2,http://www.wikidata.org/entity/Q1796552
U42I1ICX,9,3,http://www.wikidata.org/entity/Q163966
U42I1ICX,10,0,http://www.wikidata.org/entity/Q66124031
U42I1ICX,10,1,http://www.wikidata.org/entity/Q2013767
U42I1ICX,10,2,http://www.wikidata.org/entity/Q1796552
U42I1ICX,10,3,http://www.wikidata.org/entity/Q163966
U42I1ICX,11,0,http://www.wikidata.org/entity/Q75694027
U42I1ICX,11,1,http://www.wikidata.org/entity/Q702521
U42I1ICX,11,2,http://www.wikidata.org/entity/Q1957427
U42I1ICX,11,3,http://www.wikidata.org/entity/Q119284
U42I1ICX,12,0,http://www.wikidata.org/entity/Q75693713
U42I1ICX,12,1,http://www.wikidata.org/entity/Q702521
U42I1ICX,12,2,http://www.wikidata.org/entity/Q1957427
U42I1ICX,12,3,http://www.wikidata.org/entity/Q119284
U42I1ICX,13,0,http://www.wikidata.org/entity/Q66368440
U42I1ICX,13,1,http://www.wikidata.org/entity/Q329609
U42I1ICX,13,2,http://www.wikidata.org/entity/Q1957919
U42I1ICX,13,3,http://www.wikidata.org/entity/Q64
U42I1ICX,14,0,http://www.wikidata.org/entity/Q75722489
U42I1ICX,14,1,http://www.wikidata.org/entity/Q674988
U42I1ICX,14,2,http://www.wikidata.org/entity/Q1957427
U42I1ICX,14,3,http://www.wikidata.org/entity/Q329609
5JFFTRLC,1,0,http://www.wikidata.org/entity/Q39713682
5JFFTRLC,1,1,http://www.wikidata.org/entity/Q45
5JFFTRLC,1,2,http://www.wikidata.org/entity/Q2652407
5JFFTRLC,1,3,http://www.wikidata.org/entity/Q18469458
5JFFTRLC,2,0,http://www.wikidata.org/entity/Q56640852
5JFFTRLC,2,1,http://www.wikidata.org/entity/Q29
5JFFTRLC,2,2,http://www.wikidata.org/entity/Q6158739
5JFFTRLC,2,3,http://www.wikidata.org/entity/Q1645203
5JFFTRLC,3,0,http://www.wikidata.org/entity/Q38280614
5JFFTRLC,3,1,http://www.wikidata.org/entity/Q41
5JFFTRLC,3,2,http://www.wikidata.org/entity/Q188527
5JFFTRLC,3,3,http://www.wikidata.org/entity/Q1242834
5JFFTRLC,4,0,http://www.wikidata.org/entity/Q43146787
5JFFTRLC,4,1,http://www.wikidata.org/entity/Q29
5JFFTRLC,4,2,http://www.wikidata.org/entity/Q9056027
5JFFTRLC,4,3,http://www.wikidata.org/entity/Q619126
5JFFTRLC,5,0,http://www.wikidata.org/entity/Q56396139
5JFFTRLC,5,1,http://www.wikidata.org/entity/Q29
5JFFTRLC,5,2,http://www.wikidata.org/entity/Q956435
5JFFTRLC,5,3,http://www.wikidata.org/entity/Q180611
5JFFTRLC,6,0,http://www.wikidata.org/entity/Q43127419
5JFFTRLC,6,1,http://www.wikidata.org/entity/Q29
5JFFTRLC,6,2,http://www.wikidata.org/entity/Q8253933
5JFFTRLC,6,3,http://www.wikidata.org/entity/Q12812
5JFFTRLC,7,0,http://www.wikidata.org/entity/Q9088953
5JFFTRLC,7,1,http://www.wikidata.org/entity/Q45
5JFFTRLC,7,2,http://www.wikidata.org/entity/Q111497
5JFFTRLC,7,3,http://www.wikidata.org/entity/Q25440216
5JFFTRLC,8,0,http://www.wikidata.org/entity/Q9088858
5JFFTRLC,8,1,http://www.wikidata.org/entity/Q45
5JFFTRLC,8,2,http://www.wikidata.org/entity/Q1405202
5JFFTRLC,8,3,http://www.wikidata.org/entity/Q25439589
5JFFTRLC,9,0,http://www.wikidata.org/entity/Q10383768
5JFFTRLC,9,1,http://www.wikidata.org/entity/Q45
5JFFTRLC,9,2,http://www.wikidata.org/entity/Q986217
5JFFTRLC,9,3,http://www.wikidata.org/entity/Q20061618
5JFFTRLC,10,0,http://www.wikidata.org/entity/Q9088941
5JFFTRLC,10,1,http://www.wikidata.org/entity/Q45
5JFFTRLC,10,2,http://www.wikidata.org/entity/Q188650
5JFFTRLC,10,3,http://www.wikidata.org/entity/Q18469458
5JFFTRLC,11,0,http://www.wikidata.org/entity/Q10390552
5JFFTRLC,11,1,http://www.wikidata.org/entity/Q45
5JFFTRLC,11,2,http://www.wikidata.org/entity/Q512030
5JFFTRLC,11,3,http://www.wikidata.org/entity/Q18468107
5JFFTRLC,12,0,http://www.wikidata.org/entity/Q9088866
5JFFTRLC,12,1,http://www.wikidata.org/entity/Q45
5JFFTRLC,12,2,http://www.wikidata.org/entity/Q807927
5JFFTRLC,12,3,http://www.wikidata.org/entity/Q15614011
5JFFTRLC,13,0,http://www.wikidata.org/entity/Q7829779
5JFFTRLC,13,1,http://www.wikidata.org/entity/Q29
5JFFTRLC,13,2,http://www.wikidata.org/entity/Q623419
5JFFTRLC,13,3,http://www.wikidata.org/entity/Q14318
5JFFTRLC,14,0,http://www.wikidata.org/entity/Q5840855
5JFFTRLC,14,1,http://www.wikidata.org/entity/Q45
5JFFTRLC,14,2,http://www.wikidata.org/entity/Q2119041
5JFFTRLC,14,3,http://www.wikidata.org/entity/Q17460815
89D4K24T,1,0,http://www.wikidata.org/entity/Q2841453
89D4K24T,1,1,http://www.wikidata.org/entity/Q177567
89D4K24T,1,2,http://www.wikidata.org/entity/Q15584566
89D4K24T,1,3,http://www.wikidata.org/entity/Q155
89D4K24T,2,0,http://www.wikidata.org/entity/Q21195
89D4K24T,2,1,http://www.wikidata.org/entity/Q20
89D4K24T,2,2,http://www.wikidata.org/entity/Q14204302
89D4K24T,2,3,http://www.wikidata.org/entity/Q20
89D4K24T,3,0,http://www.wikidata.org/entity/Q676537
89D4K24T,3,1,http://www.wikidata.org/entity/Q11929
89D4K24T,3,2,http://www.wikidata.org/entity/Q15630565
89D4K24T,3,3,http://www.wikidata.org/entity/Q39
89D4K24T,4,0,http://www.wikidata.org/entity/Q18097
89D4K24T,4,1,http://www.wikidata.org/entity/Q483134
89D4K24T,4,2,http://www.wikidata.org/entity/Q4977665
89D4K24T,4,3,http://www.wikidata.org/entity/Q28179
P5FPD41P,1,0,http://www.wikidata.org/entity/Q3996127
P5FPD41P,1,3,http://www.wikidata.org/entity/Q72
P5FPD41P,1,4,http://www.wikidata.org/entity/Q3435332
P5FPD41P,2,0,http://www.wikidata.org/entity/Q3996126
P5FPD41P,2,3,http://www.wikidata.org/entity/Q64186
P5FPD41P,2,4,http://www.wikidata.org/entity/Q2322154
P5FPD41P,3,0,http://www.wikidata.org/entity/Q3996118
P5FPD41P,3,3,http://www.wikidata.org/entity/Q64139
P5FPD41P,3,4,http://www.wikidata.org/entity/Q870132
P5FPD41P,4,0,http://www.wikidata.org/entity/Q15851286
P5FPD41P,4,3,http://www.wikidata.org/entity/Q68283
P5FPD41P,4,4,http://www.wikidata.org/entity/Q827438
P5FPD41P,5,0,http://www.wikidata.org/entity/Q3996132
P5FPD41P,5,3,http://www.wikidata.org/entity/Q68129
P5FPD41P,5,4,http://www.wikidata.org/entity/Q736875
P5FPD41P,6,0,http://www.wikidata.org/entity/Q3996125
P5FPD41P,6,3,http://www.wikidata.org/entity/Q72
P5FPD41P,6,4,http://www.wikidata.org/entity/Q721367
P5FPD41P,7,0,http://www.wikidata.org/entity/Q3996128
P5FPD41P,7,3,http://www.wikidata.org/entity/Q72
P5FPD41P,7,4,http://www.wikidata.org/entity/Q494653
P5FPD41P,8,0,http://www.wikidata.org/entity/Q3996130
P5FPD41P,8,3,http://www.wikidata.org/entity/Q68129
P5FPD41P,8,4,http://www.wikidata.org/entity/Q492008
P5FPD41P,9,0,http://www.wikidata.org/entity/Q3996121
P5FPD41P,9,3,http://www.wikidata.org/entity/Q807
P5FPD41P,9,4,http://www.wikidata.org/entity/Q470562
P5FPD41P,10,0,http://www.wikidata.org/entity/Q3996124
P5FPD41P,10,3,http://www.wikidata.org/entity/Q72
P5FPD41P,10,4,http://www.wikidata.org/entity/Q470562
0SM6UCJY,1,0,http://www.wikidata.org/entity/Q6796030
0SM6UCJY,1,1,http://www.wikidata.org/entity/Q23140
0SM6UCJY,1,2,http://www.wikidata.org/entity/Q4233718
0SM6UCJY,1,3,http://www.wikidata.org/entity/Q7610117
0SM6UCJY,2,0,http://www.wikidata.org/entity/Q3783556
0SM6UCJY,2,1,http://www.wikidata.org/entity/Q2789148
0SM6UCJY,2,2,http://www.wikidata.org/entity/Q4233718
0SM6UCJY,2,3,http://www.wikidata.org/entity/Q7528630
0SM6UCJY,3,0,http://www.wikidata.org/entity/Q495086
0SM6UCJY,3,1,http://www.wikidata.org/entity/Q1683013
0SM6UCJY,3,2,http://www.wikidata.org/entity/Q18917400
0SM6UCJY,3,3,http://www.wikidata.org/entity/Q7330227
0SM6UCJY,4,0,http://www.wikidata.org/entity/Q7601480
0SM6UCJY,4,1,http://www.wikidata.org/entity/Q23276
0SM6UCJY,4,2,http://www.wikidata.org/entity/Q4233718
0SM6UCJY,4,3,http://www.wikidata.org/entity/Q7308923
0SM6UCJY,5,0,http://www.wikidata.org/entity/Q6703353
0SM6UCJY,5,1,http://www.wikidata.org/entity/Q23082
0SM6UCJY,5,2,http://www.wikidata.org/entity/Q333398
0SM6UCJY,5,3,http://www.wikidata.org/entity/Q7288318
O55TW6JK,1,0,http://www.wikidata.org/entity/Q29332738
O55TW6JK,1,1,http://www.wikidata.org/entity/Q61058403
O55TW6JK,1,2,http://www.wikidata.org/entity/Q34095
O55TW6JK,1,3,http://www.wikidata.org/entity/Q142
O55TW6JK,1,4,http://www.wikidata.org/entity/Q1066608
O55TW6JK,2,0,http://www.wikidata.org/entity/Q29255811
O55TW6JK,2,1,http://www.wikidata.org/entity/Q61058403
O55TW6JK,2,2,http://www.wikidata.org/entity/Q34095
O55TW6JK,2,3,http://www.wikidata.org/entity/Q142
O55TW6JK,2,4,http://www.wikidata.org/entity/Q192919
O55TW6JK,3,0,http://www.wikidata.org/entity/Q29217431
O55TW6JK,3,1,http://www.wikidata.org/entity/Q61058403
O55TW6JK,3,2,http://www.wikidata.org/entity/Q34095
O55TW6JK,3,3,http://www.wikidata.org/entity/Q142
O55TW6JK,3,4,http://www.wikidata.org/entity/Q12423
O55TW6JK,4,0,http://www.wikidata.org/entity/Q29223700
O55TW6JK,4,1,http://www.wikidata.org/entity/Q61058403
O55TW6JK,4,2,http://www.wikidata.org/entity/Q34095
O55TW6JK,4,3,http://www.wikidata.org/entity/Q142
O55TW6JK,4,4,http://www.wikidata.org/entity/Q1458595
5R4ZW4NQ,1,0,http://www.wikidata.org/entity/Q81314794
5R4ZW4NQ,1,1,http://www.wikidata.org/entity/Q9256
5R4ZW4NQ,1,3,http://www.wikidata.org/entity/Q4662
5R4ZW4NQ,2,0,http://www.wikidata.org/entity/Q81310807
5R4ZW4NQ,2,1,http://www.wikidata.org/entity/Q9256
5R4ZW4NQ,2,3,http://www.wikidata.org/entity/Q4662
5R4ZW4NQ,3,0,http://www.wikidata.org/entity/Q81315050
5R4ZW4NQ,3,1,http://www.wikidata.org/entity/Q9256
5R4ZW4NQ,3,3,http://www.wikidata.org/entity/Q2469
5R4ZW4NQ,4,0,http://www.wikidata.org/entity/Q81314977
5R4ZW4NQ,4,1,http://www.wikidata.org/entity/Q9256
5R4ZW4NQ,4,3,http://www.wikidata.org/entity/Q2469
5R4ZW4NQ,5,0,http://www.wikidata.org/entity/Q81312647
5R4ZW4NQ,5,1,http://www.wikidata.org/entity/Q9256
5R4ZW4NQ,5,3,http://www.wikidata.org/entity/Q2469
5R4ZW4NQ,6,0,http://www.wikidata.org/entity/Q81311373
5R4ZW4NQ,6,1,http://www.wikidata.org/entity/Q9256
5R4ZW4NQ,6,3,http://www.wikidata.org/entity/Q2469
5R4ZW4NQ,7,0,http://www.wikidata.org/entity/Q81310550
5R4ZW4NQ,7,1,http://www.wikidata.org/entity/Q9256
5R4ZW4NQ,7,3,http://www.wikidata.org/entity/Q2469
5R4ZW4NQ,8,0,http://www.wikidata.org/entity/Q81309733
5R4ZW4NQ,8,1,http://www.wikidata.org/entity/Q9256
5R4ZW4NQ,8,3,http://www.wikidata.org/entity/Q2469
5R4ZW4NQ,9,0,http://www.wikidata.org/entity/Q83613139
5R4ZW4NQ,9,1,http://www.wikidata.org/entity/Q9256
5R4ZW4NQ,9,3,http://www.wikidata.org/entity/Q4759486
GPU8BRFH,1,0,http://www.wikidata.org/entity/Q18683117
GPU8BRFH,1,2,http://www.wikidata.org/entity/Q45581
GPU8BRFH,1,3,http://www.wikidata.org/entity/Q838
GPU8BRFH,2,0,http://www.wikidata.org/entity/Q18683114
GPU8BRFH,2,2,http://www.wikidata.org/entity/Q33923
GPU8BRFH,2,3,http://www.wikidata.org/entity/Q838
GPU8BRFH,3,0,http://www.wikidata.org/entity/Q6469320
GPU8BRFH,3,2,http://www.wikidata.org/entity/Q2625363
GPU8BRFH,3,3,http://www.wikidata.org/entity/Q4233718
GPU8BRFH,4,0,http://www.wikidata.org/entity/Q11771555
GPU8BRFH,4,2,http://www.wikidata.org/entity/Q345
GPU8BRFH,4,3,http://www.wikidata.org/entity/Q4233718
Y3TGXKFQ,1,0,http://www.wikidata.org/entity/Q3785577
Y3TGXKFQ,1,1,http://www.wikidata.org/entity/Q142
Y3TGXKFQ,1,2,http://www.wikidata.org/entity/Q4007286
Y3TGXKFQ,2,0,http://www.wikidata.org/entity/Q2586447
Y3TGXKFQ,2,1,http://www.wikidata.org/entity/Q230
Y3TGXKFQ,2,2,http://www.wikidata.org/entity/Q2090524
Y3TGXKFQ,3,0,http://www.wikidata.org/entity/Q2238147
Y3TGXKFQ,3,1,http://www.wikidata.org/entity/Q230
Y3TGXKFQ,3,2,http://www.wikidata.org/entity/Q145127
Y3TGXKFQ,4,0,http://www.wikidata.org/entity/Q1368496
Y3TGXKFQ,4,1,http://www.wikidata.org/entity/Q145
Y3TGXKFQ,4,2,http://www.wikidata.org/entity/Q238803
W0VWPBXW,1,0,http://www.wikidata.org/entity/Q756504
W0VWPBXW,1,1,http://www.wikidata.org/entity/Q566257
W0VWPBXW,1,2,http://www.wikidata.org/entity/Q388698
W0VWPBXW,1,3,http://www.wikidata.org/entity/Q9299236
W0VWPBXW,2,0,http://www.wikidata.org/entity/Q1415874
W0VWPBXW,2,1,http://www.wikidata.org/entity/Q2501767
W0VWPBXW,2,2,http://www.wikidata.org/entity/Q72562
W0VWPBXW,2,3,http://www.wikidata.org/entity/Q9299236
W0VWPBXW,3,0,http://www.wikidata.org/entity/Q651061
W0VWPBXW,3,1,http://www.wikidata.org/entity/Q106200
W0VWPBXW,3,2,http://www.wikidata.org/entity/Q42747
W0VWPBXW,3,3,http://www.wikidata.org/entity/Q9299236
W0VWPBXW,4,0,http://www.wikidata.org/entity/Q317886
W0VWPBXW,4,1,http://www.wikidata.org/entity/Q1806196
W0VWPBXW,4,2,http://www.wikidata.org/entity/Q38654
W0VWPBXW,4,3,http://www.wikidata.org/entity/Q9299236
F750VRUC,1,0,http://www.wikidata.org/entity/Q5890508
F750VRUC,1,1,http://www.wikidata.org/entity/Q5569454
F750VRUC,1,2,http://www.wikidata.org/entity/Q64143989
F750VRUC,1,3,http://www.wikidata.org/entity/Q19558910
F750VRUC,2,0,http://www.wikidata.org/entity/Q7545513
F750VRUC,2,1,http://www.wikidata.org/entity/Q5471837
F750VRUC,2,2,http://www.wikidata.org/entity/Q59686438
F750VRUC,2,3,http://www.wikidata.org/entity/Q624232
F750VRUC,3,0,http://www.wikidata.org/entity/Q5472302
F750VRUC,3,1,http://www.wikidata.org/entity/Q7279183
F750VRUC,3,2,http://www.wikidata.org/entity/Q5472289
F750VRUC,3,3,http://www.wikidata.org/entity/Q19558910
F750VRUC,4,0,http://www.wikidata.org/entity/Q1740293
F750VRUC,4,1,http://www.wikidata.org/entity/Q1074863
F750VRUC,4,2,http://www.wikidata.org/entity/Q1854601
F750VRUC,4,3,http://www.wikidata.org/entity/Q15700834
PB9S02J0,1,0,http://www.wikidata.org/entity/Q10515280
PB9S02J0,1,2,http://www.wikidata.org/entity/Q596643
PB9S02J0,1,3,http://www.wikidata.org/entity/Q3496336
PB9S02J0,2,0,http://www.wikidata.org/entity/Q10515215
PB9S02J0,2,2,http://www.wikidata.org/entity/Q596643
PB9S02J0,2,3,http://www.wikidata.org/entity/Q3496336
PB9S02J0,3,0,http://www.wikidata.org/entity/Q16958046
PB9S02J0,3,2,http://www.wikidata.org/entity/Q336332
PB9S02J0,3,3,http://www.wikidata.org/entity/Q2500278
PB9S02J0,4,0,http://www.wikidata.org/entity/Q46152
PB9S02J0,4,2,http://www.wikidata.org/entity/Q596643
PB9S02J0,4,3,http://www.wikidata.org/entity/Q974939
A2OZRD0A,1,0,http://www.wikidata.org/entity/Q2786061
A2OZRD0A,1,2,http://www.wikidata.org/entity/Q2887548
A2OZRD0A,2,0,http://www.wikidata.org/entity/Q1743861
A2OZRD0A,2,2,http://www.wikidata.org/entity/Q2887548
A2OZRD0A,3,0,http://www.wikidata.org/entity/Q1380487
A2OZRD0A,3,2,http://www.wikidata.org/entity/Q2887548
A2OZRD0A,4,0,http://www.wikidata.org/entity/Q1896953
A2OZRD0A,4,2,http://www.wikidata.org/entity/Q1434368
OAPL760T,1,0,http://www.wikidata.org/entity/Q7129820
OAPL760T,1,3,http://www.wikidata.org/entity/Q41
OAPL760T,1,4,http://www.wikidata.org/entity/Q2793100
OAPL760T,2,0,http://www.wikidata.org/entity/Q4779200
OAPL760T,2,3,http://www.wikidata.org/entity/Q41
OAPL760T,2,4,http://www.wikidata.org/entity/Q1737776
OAPL760T,3,0,http://www.wikidata.org/entity/Q20715605
OAPL760T,3,3,http://www.wikidata.org/entity/Q30
OAPL760T,3,4,http://www.wikidata.org/entity/Q11703
OAPL760T,4,0,http://www.wikidata.org/entity/Q614741
OAPL760T,4,3,http://www.wikidata.org/entity/Q41
OAPL760T,4,4,http://www.wikidata.org/entity/Q20917277
U18HQ8RT,1,0,http://www.wikidata.org/entity/Q42895357
U18HQ8RT,1,1,http://www.wikidata.org/entity/Q28037918
U18HQ8RT,1,2,http://www.wikidata.org/entity/Q47173625
U18HQ8RT,2,0,http://www.wikidata.org/entity/Q203470
U18HQ8RT,2,1,http://www.wikidata.org/entity/Q7317
U18HQ8RT,2,2,http://www.wikidata.org/entity/Q3706452
U18HQ8RT,3,0,http://www.wikidata.org/entity/Q201873
U18HQ8RT,3,1,http://www.wikidata.org/entity/Q254
U18HQ8RT,3,2,http://www.wikidata.org/entity/Q3297858
U18HQ8RT,4,0,http://www.wikidata.org/entity/Q5064
U18HQ8RT,4,1,http://www.wikidata.org/entity/Q254
U18HQ8RT,4,2,http://www.wikidata.org/entity/Q3023536
B8M0G0F7,1,0,http://www.wikidata.org/entity/Q1500262
B8M0G0F7,1,2,http://www.wikidata.org/entity/Q83286
B8M0G0F7,1,3,http://www.wikidata.org/entity/Q542
B8M0G0F7,1,4,http://www.wikidata.org/entity/Q3711
B8M0G0F7,1,6,http://www.wikidata.org/entity/Q1544891
B8M0G0F7,1,7,http://www.wikidata.org/entity/Q1568165
B8M0G0F7,2,0,http://www.wikidata.org/entity/Q210666
B8M0G0F7,2,2,http://www.wikidata.org/entity/Q29
B8M0G0F7,2,3,http://www.wikidata.org/entity/Q542
B8M0G0F7,2,4,http://www.wikidata.org/entity/Q1492
B8M0G0F7,2,6,http://www.wikidata.org/entity/Q217258
B8M0G0F7,2,7,http://www.wikidata.org/entity/Q623563
B8M0G0F7,3,0,http://www.wikidata.org/entity/Q1500237
B8M0G0F7,3,2,http://www.wikidata.org/entity/Q33
B8M0G0F7,3,3,http://www.wikidata.org/entity/Q542
B8M0G0F7,3,4,http://www.wikidata.org/entity/Q1757
B8M0G0F7,3,6,http://www.wikidata.org/entity/Q1500234
B8M0G0F7,3,7,http://www.wikidata.org/entity/Q1544918
B8M0G0F7,4,0,http://www.wikidata.org/entity/Q1544918
B8M0G0F7,4,2,http://www.wikidata.org/entity/Q41
B8M0G0F7,4,3,http://www.wikidata.org/entity/Q542
B8M0G0F7,4,4,http://www.wikidata.org/entity/Q1524
B8M0G0F7,4,6,http://www.wikidata.org/entity/Q1500237
B8M0G0F7,4,7,http://www.wikidata.org/entity/Q1544891
3XH9OGYZ,1,0,http://www.wikidata.org/entity/Q214162
3XH9OGYZ,1,1,http://www.wikidata.org/entity/Q56708931
3XH9OGYZ,1,2,http://www.wikidata.org/entity/Q56708811
3XH9OGYZ,2,0,http://www.wikidata.org/entity/Q215038
3XH9OGYZ,2,1,http://www.wikidata.org/entity/Q56708929
3XH9OGYZ,2,2,http://www.wikidata.org/entity/Q56708810
3XH9OGYZ,3,0,http://www.wikidata.org/entity/Q202088
3XH9OGYZ,3,1,http://www.wikidata.org/entity/Q56708928
3XH9OGYZ,3,2,http://www.wikidata.org/entity/Q56708809
3XH9OGYZ,4,0,http://www.wikidata.org/entity/Q208152
3XH9OGYZ,4,1,http://www.wikidata.org/entity/Q56708940
3XH9OGYZ,4,2,http://www.wikidata.org/entity/Q17015787
UC2B7AIN,1,0,http://www.wikidata.org/entity/Q47467078
UC2B7AIN,1,1,http://www.wikidata.org/entity/Q47289106
UC2B7AIN,1,2,http://www.wikidata.org/entity/Q217082
UC2B7AIN,1,3,http://www.wikidata.org/entity/Q3415158
UC2B7AIN,2,0,http://www.wikidata.org/entity/Q47165538
UC2B7AIN,2,1,http://www.wikidata.org/entity/Q47464293
UC2B7AIN,2,2,http://www.wikidata.org/entity/Q217082
UC2B7AIN,2,3,http://www.wikidata.org/entity/Q47464293
UC2B7AIN,3,0,http://www.wikidata.org/entity/Q26701848
UC2B7AIN,3,1,http://www.wikidata.org/entity/Q26827838
UC2B7AIN,3,2,http://www.wikidata.org/entity/Q217082
UC2B7AIN,3,3,http://www.wikidata.org/entity/Q47483690
UC2B7AIN,4,0,http://www.wikidata.org/entity/Q47168523
UC2B7AIN,4,1,http://www.wikidata.org/entity/Q47197819
UC2B7AIN,4,2,http://www.wikidata.org/entity/Q217082
UC2B7AIN,4,3,http://www.wikidata.org/entity/Q47169262
W5R7IHT2,1,0,http://www.wikidata.org/entity/Q30102324
W5R7IHT2,1,2,http://www.wikidata.org/entity/Q29940414
W5R7IHT2,1,3,http://www.wikidata.org/entity/Q385378
W5R7IHT2,2,0,http://www.wikidata.org/entity/Q30035239
W5R7IHT2,2,2,http://www.wikidata.org/entity/Q29940414
W5R7IHT2,2,3,http://www.wikidata.org/entity/Q385378
W5R7IHT2,3,0,http://www.wikidata.org/entity/Q436026
W5R7IHT2,3,2,http://www.wikidata.org/entity/Q17297633
W5R7IHT2,3,3,http://www.wikidata.org/entity/Q27136782
W5R7IHT2,4,0,http://www.wikidata.org/entity/Q1980221
W5R7IHT2,4,2,http://www.wikidata.org/entity/Q811165
W5R7IHT2,4,3,http://www.wikidata.org/entity/Q385378
AMNXYE66,1,0,http://www.wikidata.org/entity/Q26231983
AMNXYE66,1,2,http://www.wikidata.org/entity/Q181018
AMNXYE66,1,3,http://www.wikidata.org/entity/Q19683138
AMNXYE66,2,0,http://www.wikidata.org/entity/Q22586563
AMNXYE66,2,2,http://www.wikidata.org/entity/Q1904
AMNXYE66,2,3,http://www.wikidata.org/entity/Q4788667
AMNXYE66,3,0,http://www.wikidata.org/entity/Q1363707
AMNXYE66,3,2,http://www.wikidata.org/entity/Q159
AMNXYE66,3,3,http://www.wikidata.org/entity/Q17278671
AMNXYE66,4,0,http://www.wikidata.org/entity/Q3287423
AMNXYE66,4,2,http://www.wikidata.org/entity/Q548499
AMNXYE66,4,3,http://www.wikidata.org/entity/Q15069452
I4RKYUJG,1,0,http://www.wikidata.org/entity/Q27866138
I4RKYUJG,1,1,http://www.wikidata.org/entity/Q14960
I4RKYUJG,1,2,http://www.wikidata.org/entity/Q45090941
I4RKYUJG,1,3,http://www.wikidata.org/entity/Q27685655
I4RKYUJG,2,0,http://www.wikidata.org/entity/Q27778959
I4RKYUJG,2,1,http://www.wikidata.org/entity/Q384544
I4RKYUJG,2,2,http://www.wikidata.org/entity/Q1258386
I4RKYUJG,2,3,http://www.wikidata.org/entity/Q875206
I4RKYUJG,3,0,http://www.wikidata.org/entity/Q30286995
I4RKYUJG,3,1,http://www.wikidata.org/entity/Q12258
I4RKYUJG,3,2,http://www.wikidata.org/entity/Q54810204
I4RKYUJG,3,3,http://www.wikidata.org/entity/Q43452
I4RKYUJG,4,0,http://www.wikidata.org/entity/Q478214
I4RKYUJG,4,1,http://www.wikidata.org/entity/Q47265
I4RKYUJG,4,2,http://www.wikidata.org/entity/Q7555824
I4RKYUJG,4,3,http://www.wikidata.org/entity/Q317521
0C7Y2OJC,1,0,http://www.wikidata.org/entity/Q1942315
0C7Y2OJC,1,1,http://www.wikidata.org/entity/Q5616833
0C7Y2OJC,1,2,http://www.wikidata.org/entity/Q1589009
0C7Y2OJC,1,3,http://www.wikidata.org/entity/Q2091584
0C7Y2OJC,2,0,http://www.wikidata.org/entity/Q1303887
0C7Y2OJC,2,1,http://www.wikidata.org/entity/Q1903919
0C7Y2OJC,2,2,http://www.wikidata.org/entity/Q891723
0C7Y2OJC,2,3,http://www.wikidata.org/entity/Q58720
0C7Y2OJC,3,0,http://www.wikidata.org/entity/Q880640
0C7Y2OJC,3,1,http://www.wikidata.org/entity/Q869095
0C7Y2OJC,3,2,http://www.wikidata.org/entity/Q460178
0C7Y2OJC,3,3,http://www.wikidata.org/entity/Q1665368
0C7Y2OJC,4,0,http://www.wikidata.org/entity/Q153546
0C7Y2OJC,4,1,http://www.wikidata.org/entity/Q869095
0C7Y2OJC,4,2,http://www.wikidata.org/entity/Q1780029
0C7Y2OJC,4,3,http://www.wikidata.org/entity/Q768472
MUN91Q48,1,0,http://www.wikidata.org/entity/Q61646553
MUN91Q48,1,1,http://www.wikidata.org/entity/Q18484991
MUN91Q48,1,2,http://www.wikidata.org/entity/Q155
MUN91Q48,1,4,http://www.wikidata.org/entity/Q4008727
MUN91Q48,2,0,http://www.wikidata.org/entity/Q65018405
MUN91Q48,2,1,http://www.wikidata.org/entity/Q7680560
MUN91Q48,2,2,http://www.wikidata.org/entity/Q664
MUN91Q48,2,4,http://www.wikidata.org/entity/Q1973593
MUN91Q48,3,0,http://www.wikidata.org/entity/Q82083845
MUN91Q48,3,1,http://www.wikidata.org/entity/Q19826580
MUN91Q48,3,2,http://www.wikidata.org/entity/Q29
MUN91Q48,3,4,http://www.wikidata.org/entity/Q1245507
MUN91Q48,4,0,http://www.wikidata.org/entity/Q56273318
MUN91Q48,4,1,http://www.wikidata.org/entity/Q42956
MUN91Q48,4,2,http://www.wikidata.org/entity/Q148
MUN91Q48,4,4,http://www.wikidata.org/entity/Q19206
O3ZQDLLW,1,0,http://www.wikidata.org/entity/Q28472137
O3ZQDLLW,2,0,http://www.wikidata.org/entity/Q24004490
O3ZQDLLW,3,0,http://www.wikidata.org/entity/Q815951
O3ZQDLLW,4,0,http://www.wikidata.org/entity/Q225475
ZZPG07Y2,1,0,http://www.wikidata.org/entity/Q50252333
ZZPG07Y2,1,1,http://www.wikidata.org/entity/Q31
ZZPG07Y2,1,2,http://www.wikidata.org/entity/Q1113
ZZPG07Y2,1,3,http://www.wikidata.org/entity/Q41793685
ZZPG07Y2,2,0,http://www.wikidata.org/entity/Q50252322
ZZPG07Y2,2,1,http://www.wikidata.org/entity/Q31
ZZPG07Y2,2,2,http://www.wikidata.org/entity/Q1113
ZZPG07Y2,2,3,http://www.wikidata.org/entity/Q41793685
ZZPG07Y2,3,0,http://www.wikidata.org/entity/Q50252312
ZZPG07Y2,3,1,http://www.wikidata.org/entity/Q31
ZZPG07Y2,3,2,http://www.wikidata.org/entity/Q1113
ZZPG07Y2,3,3,http://www.wikidata.org/entity/Q41793685
ZZPG07Y2,4,0,http://www.wikidata.org/entity/Q49968827
ZZPG07Y2,4,1,http://www.wikidata.org/entity/Q31
ZZPG07Y2,4,2,http://www.wikidata.org/entity/Q12992
ZZPG07Y2,4,3,http://www.wikidata.org/entity/Q41793682
ZZPG07Y2,5,0,http://www.wikidata.org/entity/Q49968655
ZZPG07Y2,5,1,http://www.wikidata.org/entity/Q31
ZZPG07Y2,5,2,http://www.wikidata.org/entity/Q12992
ZZPG07Y2,5,3,http://www.wikidata.org/entity/Q41793682
ZZPG07Y2,6,0,http://www.wikidata.org/entity/Q47111876
ZZPG07Y2,6,1,http://www.wikidata.org/entity/Q31
ZZPG07Y2,6,2,http://www.wikidata.org/entity/Q499313
ZZPG07Y2,6,3,http://www.wikidata.org/entity/Q2753709
ZZPG07Y2,7,0,http://www.wikidata.org/entity/Q47111918
ZZPG07Y2,7,1,http://www.wikidata.org/entity/Q31
ZZPG07Y2,7,2,http://www.wikidata.org/entity/Q268219
ZZPG07Y2,7,3,http://www.wikidata.org/entity/Q2753709
JDC3XY4J,1,0,http://www.wikidata.org/entity/Q23639899
JDC3XY4J,1,1,http://www.wikidata.org/entity/Q467
JDC3XY4J,1,2,http://www.wikidata.org/entity/Q23402
JDC3XY4J,1,3,http://www.wikidata.org/entity/Q259463
JDC3XY4J,2,0,http://www.wikidata.org/entity/Q23639894
JDC3XY4J,2,1,http://www.wikidata.org/entity/Q467
JDC3XY4J,2,2,http://www.wikidata.org/entity/Q23402
JDC3XY4J,2,3,http://www.wikidata.org/entity/Q259463
JDC3XY4J,3,0,http://www.wikidata.org/entity/Q23639898
JDC3XY4J,3,1,http://www.wikidata.org/entity/Q140
JDC3XY4J,3,2,http://www.wikidata.org/entity/Q23402
JDC3XY4J,3,3,http://www.wikidata.org/entity/Q259463
JDC3XY4J,4,0,http://www.wikidata.org/entity/Q21141743
JDC3XY4J,4,1,http://www.wikidata.org/entity/Q726
JDC3XY4J,4,2,http://www.wikidata.org/entity/Q2518724
JDC3XY4J,4,3,http://www.wikidata.org/entity/Q2028
JDC3XY4J,5,0,http://www.wikidata.org/entity/Q11850731
JDC3XY4J,5,1,http://www.wikidata.org/entity/Q216904
JDC3XY4J,5,2,http://www.wikidata.org/entity/Q5710459
JDC3XY4J,5,3,http://www.wikidata.org/entity/Q1757
JDC3XY4J,6,0,http://www.wikidata.org/entity/Q27083559
JDC3XY4J,6,1,http://www.wikidata.org/entity/Q180413
JDC3XY4J,6,2,http://www.wikidata.org/entity/Q5474645
JDC3XY4J,6,3,http://www.wikidata.org/entity/Q202088
JDC3XY4J,7,0,http://www.wikidata.org/entity/Q17515936
JDC3XY4J,7,1,http://www.wikidata.org/entity/Q10791
JDC3XY4J,7,2,http://www.wikidata.org/entity/Q954222
JDC3XY4J,7,3,http://www.wikidata.org/entity/Q1479
JDC3XY4J,8,0,http://www.wikidata.org/entity/Q18631818
JDC3XY4J,8,1,http://www.wikidata.org/entity/Q215627
JDC3XY4J,8,2,http://www.wikidata.org/entity/Q49133
JDC3XY4J,8,3,http://www.wikidata.org/entity/Q100
JDC3XY4J,9,0,http://www.wikidata.org/entity/Q26658880
JDC3XY4J,9,1,http://www.wikidata.org/entity/Q431614
JDC3XY4J,9,2,http://www.wikidata.org/entity/Q8005708
JDC3XY4J,9,3,http://www.wikidata.org/entity/Q730706
JDC3XY4J,10,0,http://www.wikidata.org/entity/Q26658879
JDC3XY4J,10,1,http://www.wikidata.org/entity/Q309882
JDC3XY4J,10,2,http://www.wikidata.org/entity/Q8005708
JDC3XY4J,10,3,http://www.wikidata.org/entity/Q730706
JDC3XY4J,11,0,http://www.wikidata.org/entity/Q16760837
JDC3XY4J,11,1,http://www.wikidata.org/entity/Q43499
JDC3XY4J,11,2,http://www.wikidata.org/entity/Q2084947
JDC3XY4J,11,3,http://www.wikidata.org/entity/Q2680952
JDC3XY4J,12,0,http://www.wikidata.org/entity/Q16025108
JDC3XY4J,12,1,http://www.wikidata.org/entity/Q1067
JDC3XY4J,12,2,http://www.wikidata.org/entity/Q581044
JDC3XY4J,12,3,http://www.wikidata.org/entity/Q11299
JDC3XY4J,13,0,http://www.wikidata.org/entity/Q18822234
JDC3XY4J,13,1,http://www.wikidata.org/entity/Q241070
JDC3XY4J,13,2,http://www.wikidata.org/entity/Q3591574
JDC3XY4J,13,3,http://www.wikidata.org/entity/Q621
JDC3XY4J,14,0,http://www.wikidata.org/entity/Q18822193
JDC3XY4J,14,1,http://www.wikidata.org/entity/Q178831
JDC3XY4J,14,2,http://www.wikidata.org/entity/Q3591574
JDC3XY4J,14,3,http://www.wikidata.org/entity/Q621
CI63EXFM,1,0,http://www.wikidata.org/entity/Q183539
CI63EXFM,1,1,http://www.wikidata.org/entity/Q54931493
CI63EXFM,1,2,http://www.wikidata.org/entity/Q54931494
CI63EXFM,1,4,http://www.wikidata.org/entity/Q183544
CI63EXFM,2,0,http://www.wikidata.org/entity/Q180231
CI63EXFM,2,1,http://www.wikidata.org/entity/Q16152907
CI63EXFM,2,2,http://www.wikidata.org/entity/Q54931488
CI63EXFM,2,4,http://www.wikidata.org/entity/Q181882
CI63EXFM,3,0,http://www.wikidata.org/entity/Q173332
CI63EXFM,3,1,http://www.wikidata.org/entity/Q54931486
CI63EXFM,3,2,http://www.wikidata.org/entity/Q54931487
CI63EXFM,3,4,http://www.wikidata.org/entity/Q181882
CI63EXFM,4,0,http://www.wikidata.org/entity/Q178283
CI63EXFM,4,1,http://www.wikidata.org/entity/Q30587682
CI63EXFM,4,2,http://www.wikidata.org/entity/Q54931547
CI63EXFM,4,4,http://www.wikidata.org/entity/Q181862
CI63EXFM,5,0,http://www.wikidata.org/entity/Q184594
CI63EXFM,5,1,http://www.wikidata.org/entity/Q54931555
CI63EXFM,5,2,http://www.wikidata.org/entity/Q54931556
CI63EXFM,5,4,http://www.wikidata.org/entity/Q180231
CI63EXFM,6,0,http://www.wikidata.org/entity/Q184599
CI63EXFM,6,1,http://www.wikidata.org/entity/Q54931512
CI63EXFM,6,2,http://www.wikidata.org/entity/Q54931514
CI63EXFM,6,4,http://www.wikidata.org/entity/Q180231
CI63EXFM,7,0,http://www.wikidata.org/entity/Q182633
CI63EXFM,7,1,http://www.wikidata.org/entity/Q54931508
CI63EXFM,7,2,http://www.wikidata.org/entity/Q54931510
CI63EXFM,7,4,http://www.wikidata.org/entity/Q179437
CI63EXFM,8,0,http://www.wikidata.org/entity/Q178626
CI63EXFM,8,1,http://www.wikidata.org/entity/Q54932337
CI63EXFM,8,2,http://www.wikidata.org/entity/Q54931430
CI63EXFM,8,4,http://www.wikidata.org/entity/Q179325
CI63EXFM,9,0,http://www.wikidata.org/entity/Q107397
CI63EXFM,9,1,http://www.wikidata.org/entity/Q54932336
CI63EXFM,9,2,http://www.wikidata.org/entity/Q54931429
CI63EXFM,9,4,http://www.wikidata.org/entity/Q179325
RWVT9LC0,1,0,http://www.wikidata.org/entity/Q890975
RWVT9LC0,1,1,http://www.wikidata.org/entity/Q506079
RWVT9LC0,1,2,http://www.wikidata.org/entity/Q1057925
RWVT9LC0,2,0,http://www.wikidata.org/entity/Q846708
RWVT9LC0,2,1,http://www.wikidata.org/entity/Q2389310
RWVT9LC0,2,2,http://www.wikidata.org/entity/Q182445
RWVT9LC0,3,0,http://www.wikidata.org/entity/Q1252915
RWVT9LC0,3,1,http://www.wikidata.org/entity/Q456993
RWVT9LC0,3,2,http://www.wikidata.org/entity/Q1218
RWVT9LC0,4,0,http://www.wikidata.org/entity/Q1723525
RWVT9LC0,4,1,http://www.wikidata.org/entity/Q2860095
RWVT9LC0,4,2,http://www.wikidata.org/entity/Q3579
EOCZMK6G,1,0,http://www.wikidata.org/entity/Q4878573
EOCZMK6G,1,1,http://www.wikidata.org/entity/Q35
EOCZMK6G,1,2,http://www.wikidata.org/entity/Q2598329
EOCZMK6G,1,3,http://www.wikidata.org/entity/Q21436546
EOCZMK6G,2,0,http://www.wikidata.org/entity/Q17482183
EOCZMK6G,2,1,http://www.wikidata.org/entity/Q35
EOCZMK6G,2,2,http://www.wikidata.org/entity/Q513256
EOCZMK6G,2,3,http://www.wikidata.org/entity/Q21436546
EOCZMK6G,3,0,http://www.wikidata.org/entity/Q7825879
EOCZMK6G,3,1,http://www.wikidata.org/entity/Q35
EOCZMK6G,3,2,http://www.wikidata.org/entity/Q510997
EOCZMK6G,3,3,http://www.wikidata.org/entity/Q21436546
EOCZMK6G,4,0,http://www.wikidata.org/entity/Q5183960
EOCZMK6G,4,1,http://www.wikidata.org/entity/Q145
EOCZMK6G,4,2,http://www.wikidata.org/entity/Q4022063
EOCZMK6G,4,3,http://www.wikidata.org/entity/Q15700834
EOCZMK6G,5,0,http://www.wikidata.org/entity/Q5884725
EOCZMK6G,5,1,http://www.wikidata.org/entity/Q145
EOCZMK6G,5,2,http://www.wikidata.org/entity/Q2918921
EOCZMK6G,5,3,http://www.wikidata.org/entity/Q15700834
EOCZMK6G,6,0,http://www.wikidata.org/entity/Q7010388
EOCZMK6G,6,1,http://www.wikidata.org/entity/Q145
EOCZMK6G,6,2,http://www.wikidata.org/entity/Q2553386
EOCZMK6G,6,3,http://www.wikidata.org/entity/Q15700834
EOCZMK6G,7,0,http://www.wikidata.org/entity/Q5311446
EOCZMK6G,7,1,http://www.wikidata.org/entity/Q145
EOCZMK6G,7,2,http://www.wikidata.org/entity/Q2160817
EOCZMK6G,7,3,http://www.wikidata.org/entity/Q15700834
EOCZMK6G,8,0,http://www.wikidata.org/entity/Q7618188
EOCZMK6G,8,1,http://www.wikidata.org/entity/Q145
EOCZMK6G,8,2,http://www.wikidata.org/entity/Q2301427
EOCZMK6G,8,3,http://www.wikidata.org/entity/Q15700831
EOCZMK6G,9,0,http://www.wikidata.org/entity/Q7310080
EOCZMK6G,9,1,http://www.wikidata.org/entity/Q145
EOCZMK6G,9,2,http://www.wikidata.org/entity/Q2066396
EOCZMK6G,9,3,http://www.wikidata.org/entity/Q15700831
EOCZMK6G,10,0,http://www.wikidata.org/entity/Q7199059
EOCZMK6G,10,1,http://www.wikidata.org/entity/Q145
EOCZMK6G,10,2,http://www.wikidata.org/entity/Q793056
EOCZMK6G,10,3,http://www.wikidata.org/entity/Q15700831
EOCZMK6G,11,0,http://www.wikidata.org/entity/Q86928375
EOCZMK6G,11,1,http://www.wikidata.org/entity/Q145
EOCZMK6G,11,2,http://www.wikidata.org/entity/Q2722452
EOCZMK6G,11,3,http://www.wikidata.org/entity/Q15700818
EOCZMK6G,12,0,http://www.wikidata.org/entity/Q7113099
EOCZMK6G,12,1,http://www.wikidata.org/entity/Q145
EOCZMK6G,12,2,http://www.wikidata.org/entity/Q2171655
EOCZMK6G,12,3,http://www.wikidata.org/entity/Q15700818
EOCZMK6G,13,0,http://www.wikidata.org/entity/Q62070532
EOCZMK6G,13,1,http://www.wikidata.org/entity/Q31
EOCZMK6G,13,2,http://www.wikidata.org/entity/Q506707
EOCZMK6G,13,3,http://www.wikidata.org/entity/Q12053139
EOCZMK6G,14,0,http://www.wikidata.org/entity/Q60609210
EOCZMK6G,14,1,http://www.wikidata.org/entity/Q31
EOCZMK6G,14,2,http://www.wikidata.org/entity/Q492351
EOCZMK6G,14,3,http://www.wikidata.org/entity/Q12053139
EOCZMK6G,15,0,http://www.wikidata.org/entity/Q27087934
EOCZMK6G,15,1,http://www.wikidata.org/entity/Q183
EOCZMK6G,15,2,http://www.wikidata.org/entity/Q16044
EOCZMK6G,15,3,http://www.wikidata.org/entity/Q11691318
XY68WYMB,1,0,http://www.wikidata.org/entity/Q55599472
XY68WYMB,1,2,http://www.wikidata.org/entity/Q55078430
XY68WYMB,1,3,http://www.wikidata.org/entity/Q54824224
XY68WYMB,1,4,http://www.wikidata.org/entity/Q193367
XY68WYMB,2,0,http://www.wikidata.org/entity/Q55599474
XY68WYMB,2,2,http://www.wikidata.org/entity/Q11882681
XY68WYMB,2,3,http://www.wikidata.org/entity/Q54824229
XY68WYMB,2,4,http://www.wikidata.org/entity/Q190583
XY68WYMB,3,0,http://www.wikidata.org/entity/Q55599469
XY68WYMB,3,2,http://www.wikidata.org/entity/Q30505564
XY68WYMB,3,3,http://www.wikidata.org/entity/Q54824224
XY68WYMB,3,4,http://www.wikidata.org/entity/Q125080
XY68WYMB,4,0,http://www.wikidata.org/entity/Q59504285
XY68WYMB,4,2,http://www.wikidata.org/entity/Q4504150
XY68WYMB,4,3,http://www.wikidata.org/entity/Q14451490
XY68WYMB,4,4,http://www.wikidata.org/entity/Q1930
92JV9835,1,0,http://www.wikidata.org/entity/Q1032062
92JV9835,1,2,http://www.wikidata.org/entity/Q172771
92JV9835,1,3,http://www.wikidata.org/entity/Q1329840
92JV9835,2,0,http://www.wikidata.org/entity/Q855635
92JV9835,2,2,http://www.wikidata.org/entity/Q172771
92JV9835,2,3,http://www.wikidata.org/entity/Q1329840
92JV9835,3,0,http://www.wikidata.org/entity/Q1328905
92JV9835,3,2,http://www.wikidata.org/entity/Q11220
92JV9835,3,3,http://www.wikidata.org/entity/Q1314382
92JV9835,4,0,http://www.wikidata.org/entity/Q2113916
92JV9835,4,2,http://www.wikidata.org/entity/Q217406
92JV9835,4,3,http://www.wikidata.org/entity/Q955928
XCQTQYIK,1,0,http://www.wikidata.org/entity/Q555130
XCQTQYIK,1,3,http://www.wikidata.org/entity/Q145
XCQTQYIK,2,0,http://www.wikidata.org/entity/Q5065853
XCQTQYIK,2,3,http://www.wikidata.org/entity/Q30
XCQTQYIK,3,0,http://www.wikidata.org/entity/Q3648864
XCQTQYIK,3,3,http://www.wikidata.org/entity/Q29
XCQTQYIK,4,0,http://www.wikidata.org/entity/Q139994
XCQTQYIK,4,3,http://www.wikidata.org/entity/Q29
SJV5CCHW,1,0,http://www.wikidata.org/entity/Q61929844
SJV5CCHW,1,1,http://www.wikidata.org/entity/Q1429071
SJV5CCHW,1,2,http://www.wikidata.org/entity/Q23768
SJV5CCHW,2,0,http://www.wikidata.org/entity/Q61857227
SJV5CCHW,2,1,http://www.wikidata.org/entity/Q779373
SJV5CCHW,2,2,http://www.wikidata.org/entity/Q23768
SJV5CCHW,3,0,http://www.wikidata.org/entity/Q61857522
SJV5CCHW,3,1,http://www.wikidata.org/entity/Q654279
SJV5CCHW,3,2,http://www.wikidata.org/entity/Q23768
SJV5CCHW,4,0,http://www.wikidata.org/entity/Q4671345
SJV5CCHW,4,1,http://www.wikidata.org/entity/Q3973790
SJV5CCHW,4,2,http://www.wikidata.org/entity/Q21693433
TVRQS003,1,0,http://www.wikidata.org/entity/Q1014485
TVRQS003,1,1,http://www.wikidata.org/entity/Q276404
TVRQS003,1,2,http://www.wikidata.org/entity/Q849200
TVRQS003,1,3,http://www.wikidata.org/entity/Q80434
TVRQS003,2,0,http://www.wikidata.org/entity/Q1307876
TVRQS003,2,1,http://www.wikidata.org/entity/Q30
TVRQS003,2,2,http://www.wikidata.org/entity/Q1438776
TVRQS003,2,3,http://www.wikidata.org/entity/Q1384
TVRQS003,3,0,http://www.wikidata.org/entity/Q3394840
TVRQS003,3,1,http://www.wikidata.org/entity/Q12560
TVRQS003,3,2,http://www.wikidata.org/entity/Q642810
TVRQS003,3,3,http://www.wikidata.org/entity/Q642810
TVRQS003,4,0,http://www.wikidata.org/entity/Q650567
TVRQS003,4,1,http://www.wikidata.org/entity/Q12560
TVRQS003,4,2,http://www.wikidata.org/entity/Q642810
TVRQS003,4,3,http://www.wikidata.org/entity/Q642810
Z6BAP3IW,1,0,http://www.wikidata.org/entity/Q64658410
Z6BAP3IW,1,1,http://www.wikidata.org/entity/Q2695156
Z6BAP3IW,1,2,http://www.wikidata.org/entity/Q732858
Z6BAP3IW,1,3,http://www.wikidata.org/entity/Q461264
Z6BAP3IW,2,0,http://www.wikidata.org/entity/Q59184158
Z6BAP3IW,2,1,http://www.wikidata.org/entity/Q79015
Z6BAP3IW,2,2,http://www.wikidata.org/entity/Q1474926
Z6BAP3IW,2,3,http://www.wikidata.org/entity/Q174311
Z6BAP3IW,3,0,http://www.wikidata.org/entity/Q19866576
Z6BAP3IW,3,1,http://www.wikidata.org/entity/Q611993
Z6BAP3IW,3,2,http://www.wikidata.org/entity/Q1419655
Z6BAP3IW,3,3,http://www.wikidata.org/entity/Q616960
Z6BAP3IW,4,0,http://www.wikidata.org/entity/Q2469992
Z6BAP3IW,4,1,http://www.wikidata.org/entity/Q64022171
Z6BAP3IW,4,2,http://www.wikidata.org/entity/Q732858
Z6BAP3IW,4,3,http://www.wikidata.org/entity/Q231891
PTLZ0QP5,1,0,http://www.wikidata.org/entity/Q629905
PTLZ0QP5,1,2,http://www.wikidata.org/entity/Q178865
PTLZ0QP5,1,3,http://www.wikidata.org/entity/Q159
PTLZ0QP5,2,0,http://www.wikidata.org/entity/Q1110013
PTLZ0QP5,2,2,http://www.wikidata.org/entity/Q177310
PTLZ0QP5,2,3,http://www.wikidata.org/entity/Q159
PTLZ0QP5,3,0,http://www.wikidata.org/entity/Q661537
PTLZ0QP5,3,2,http://www.wikidata.org/entity/Q131674
PTLZ0QP5,3,3,http://www.wikidata.org/entity/Q159
PTLZ0QP5,4,0,http://www.wikidata.org/entity/Q1381914
PTLZ0QP5,4,2,http://www.wikidata.org/entity/Q104148
PTLZ0QP5,4,3,http://www.wikidata.org/entity/Q159
PTLZ0QP5,5,0,http://www.wikidata.org/entity/Q1628115
PTLZ0QP5,5,2,http://www.wikidata.org/entity/Q102664
PTLZ0QP5,5,3,http://www.wikidata.org/entity/Q159
PTLZ0QP5,6,0,http://www.wikidata.org/entity/Q650624
PTLZ0QP5,6,2,http://www.wikidata.org/entity/Q28614
PTLZ0QP5,6,3,http://www.wikidata.org/entity/Q159
PTLZ0QP5,7,0,http://www.wikidata.org/entity/Q1345226
PTLZ0QP5,7,2,http://www.wikidata.org/entity/Q161092
PTLZ0QP5,7,3,http://www.wikidata.org/entity/Q145
PTLZ0QP5,8,0,http://www.wikidata.org/entity/Q1185145
PTLZ0QP5,8,2,http://www.wikidata.org/entity/Q28614
PTLZ0QP5,8,3,http://www.wikidata.org/entity/Q145
28VQML2Z,1,0,http://www.wikidata.org/entity/Q450812
28VQML2Z,1,1,http://www.wikidata.org/entity/Q181653
28VQML2Z,1,2,http://www.wikidata.org/entity/Q22657
28VQML2Z,1,3,http://www.wikidata.org/entity/Q1202561
28VQML2Z,1,4,http://www.wikidata.org/entity/Q1295
28VQML2Z,2,0,http://www.wikidata.org/entity/Q896195
28VQML2Z,2,1,http://www.wikidata.org/entity/Q181653
28VQML2Z,2,2,http://www.wikidata.org/entity/Q22657
28VQML2Z,2,3,http://www.wikidata.org/entity/Q1202561
28VQML2Z,2,4,http://www.wikidata.org/entity/Q1022
28VQML2Z,3,0,http://www.wikidata.org/entity/Q2257120
28VQML2Z,3,1,http://www.wikidata.org/entity/Q316296
28VQML2Z,3,2,http://www.wikidata.org/entity/Q22657
28VQML2Z,3,3,http://www.wikidata.org/entity/Q1202561
28VQML2Z,3,4,http://www.wikidata.org/entity/Q1709
28VQML2Z,4,0,http://www.wikidata.org/entity/Q15128335
28VQML2Z,4,1,http://www.wikidata.org/entity/Q446987
28VQML2Z,4,2,http://www.wikidata.org/entity/Q22657
28VQML2Z,4,3,http://www.wikidata.org/entity/Q700133
28VQML2Z,4,4,http://www.wikidata.org/entity/Q1584
65I8CQNZ,1,0,http://www.wikidata.org/entity/Q7980461
65I8CQNZ,1,2,http://www.wikidata.org/entity/Q2062891
65I8CQNZ,1,3,http://www.wikidata.org/entity/Q183
65I8CQNZ,2,0,http://www.wikidata.org/entity/Q2270668
65I8CQNZ,2,2,http://www.wikidata.org/entity/Q1650762
65I8CQNZ,2,3,http://www.wikidata.org/entity/Q183
65I8CQNZ,3,0,http://www.wikidata.org/entity/Q1307362
65I8CQNZ,3,2,http://www.wikidata.org/entity/Q428846
65I8CQNZ,3,3,http://www.wikidata.org/entity/Q183
65I8CQNZ,4,0,http://www.wikidata.org/entity/Q920206
65I8CQNZ,4,2,http://www.wikidata.org/entity/Q922836
65I8CQNZ,4,3,http://www.wikidata.org/entity/Q34
BNSDI1YX,1,0,http://www.wikidata.org/entity/Q390320
BNSDI1YX,1,1,http://www.wikidata.org/entity/Q159
BNSDI1YX,1,3,http://www.wikidata.org/entity/Q277494
BNSDI1YX,1,4,http://www.wikidata.org/entity/Q83085
BNSDI1YX,2,0,http://www.wikidata.org/entity/Q1054077
BNSDI1YX,2,1,http://www.wikidata.org/entity/Q30
BNSDI1YX,2,3,http://www.wikidata.org/entity/Q259210
BNSDI1YX,2,4,http://www.wikidata.org/entity/Q37643
BNSDI1YX,3,0,http://www.wikidata.org/entity/Q4043360
BNSDI1YX,3,1,http://www.wikidata.org/entity/Q30
BNSDI1YX,3,3,http://www.wikidata.org/entity/Q171628
BNSDI1YX,3,4,http://www.wikidata.org/entity/Q37643
BNSDI1YX,4,0,http://www.wikidata.org/entity/Q1196923
BNSDI1YX,4,1,http://www.wikidata.org/entity/Q30
BNSDI1YX,4,3,http://www.wikidata.org/entity/Q259210
BNSDI1YX,4,4,http://www.wikidata.org/entity/Q8740
Z90OYDN1,1,0,http://www.wikidata.org/entity/Q1115078
Z90OYDN1,1,1,http://www.wikidata.org/entity/Q14277
Z90OYDN1,2,0,http://www.wikidata.org/entity/Q1114383
Z90OYDN1,2,1,http://www.wikidata.org/entity/Q14277
Z90OYDN1,3,0,http://www.wikidata.org/entity/Q1113434
Z90OYDN1,3,1,http://www.wikidata.org/entity/Q14277
Z90OYDN1,4,0,http://www.wikidata.org/entity/Q1112734
Z90OYDN1,4,1,http://www.wikidata.org/entity/Q14277
Z90OYDN1,5,0,http://www.wikidata.org/entity/Q1112454
Z90OYDN1,5,1,http://www.wikidata.org/entity/Q14277
Z90OYDN1,6,0,http://www.wikidata.org/entity/Q1111058
Z90OYDN1,6,1,http://www.wikidata.org/entity/Q14277
Z90OYDN1,7,0,http://www.wikidata.org/entity/Q1110262
Z90OYDN1,7,1,http://www.wikidata.org/entity/Q14277
Z90OYDN1,8,0,http://www.wikidata.org/entity/Q1108463
Z90OYDN1,8,1,http://www.wikidata.org/entity/Q14277
Z90OYDN1,9,0,http://www.wikidata.org/entity/Q1106918
Z90OYDN1,9,1,http://www.wikidata.org/entity/Q14277
Z90OYDN1,10,0,http://www.wikidata.org/entity/Q1104506
Z90OYDN1,10,1,http://www.wikidata.org/entity/Q14277
Z90OYDN1,11,0,http://www.wikidata.org/entity/Q1104441
Z90OYDN1,11,1,http://www.wikidata.org/entity/Q14277
Z90OYDN1,12,0,http://www.wikidata.org/entity/Q1048267
Z90OYDN1,12,1,http://www.wikidata.org/entity/Q14277
Z90OYDN1,13,0,http://www.wikidata.org/entity/Q1043986
Z90OYDN1,13,1,http://www.wikidata.org/entity/Q14277
O45WAQ5W,1,0,http://www.wikidata.org/entity/Q66122378
O45WAQ5W,1,2,http://www.wikidata.org/entity/Q3025531
O45WAQ5W,1,3,http://www.wikidata.org/entity/Q29
O45WAQ5W,2,0,http://www.wikidata.org/entity/Q66122376
O45WAQ5W,2,2,http://www.wikidata.org/entity/Q3025531
O45WAQ5W,2,3,http://www.wikidata.org/entity/Q29
O45WAQ5W,3,0,http://www.wikidata.org/entity/Q66122375
O45WAQ5W,3,2,http://www.wikidata.org/entity/Q3025531
O45WAQ5W,3,3,http://www.wikidata.org/entity/Q29
O45WAQ5W,4,0,http://www.wikidata.org/entity/Q66122372
O45WAQ5W,4,2,http://www.wikidata.org/entity/Q3025531
O45WAQ5W,4,3,http://www.wikidata.org/entity/Q29
O45WAQ5W,5,0,http://www.wikidata.org/entity/Q66122371
O45WAQ5W,5,2,http://www.wikidata.org/entity/Q3025531
O45WAQ5W,5,3,http://www.wikidata.org/entity/Q29
O45WAQ5W,6,0,http://www.wikidata.org/entity/Q66122370
O45WAQ5W,6,2,http://www.wikidata.org/entity/Q3025531
O45WAQ5W,6,3,http://www.wikidata.org/entity/Q29
O45WAQ5W,7,0,http://www.wikidata.org/entity/Q66122368
O45WAQ5W,7,2,http://www.wikidata.org/entity/Q3025531
O45WAQ5W,7,3,http://www.wikidata.org/entity/Q29
O45WAQ5W,8,0,http://www.wikidata.org/entity/Q66122365
O45WAQ5W,8,2,http://www.wikidata.org/entity/Q3025531
O45WAQ5W,8,3,http://www.wikidata.org/entity/Q29
O45WAQ5W,9,0,http://www.wikidata.org/entity/Q66122361
O45WAQ5W,9,2,http://www.wikidata.org/entity/Q3025531
O45WAQ5W,9,3,http://www.wikidata.org/entity/Q29
O45WAQ5W,10,0,http://www.wikidata.org/entity/Q66122360
O45WAQ5W,10,2,http://www.wikidata.org/entity/Q3025531
O45WAQ5W,10,3,http://www.wikidata.org/entity/Q29
O45WAQ5W,11,0,http://www.wikidata.org/entity/Q66122359
O45WAQ5W,11,2,http://www.wikidata.org/entity/Q3025531
O45WAQ5W,11,3,http://www.wikidata.org/entity/Q29
O45WAQ5W,12,0,http://www.wikidata.org/entity/Q66122357
O45WAQ5W,12,2,http://www.wikidata.org/entity/Q3025531
O45WAQ5W,12,3,http://www.wikidata.org/entity/Q29
O45WAQ5W,13,0,http://www.wikidata.org/entity/Q66122356
O45WAQ5W,13,2,http://www.wikidata.org/entity/Q3025531
O45WAQ5W,13,3,http://www.wikidata.org/entity/Q29
ROXJFEGZ,1,0,http://www.wikidata.org/entity/Q1703174
ROXJFEGZ,1,1,http://www.wikidata.org/entity/Q211274
ROXJFEGZ,1,4,http://www.wikidata.org/entity/Q579688
ROXJFEGZ,1,5,http://www.wikidata.org/entity/Q21916748
ROXJFEGZ,2,0,http://www.wikidata.org/entity/Q1630643
ROXJFEGZ,2,1,http://www.wikidata.org/entity/Q159
ROXJFEGZ,2,4,http://www.wikidata.org/entity/Q1652500
ROXJFEGZ,2,5,http://www.wikidata.org/entity/Q18080423
ROXJFEGZ,3,0,http://www.wikidata.org/entity/Q2029246
ROXJFEGZ,3,1,http://www.wikidata.org/entity/Q766
ROXJFEGZ,3,4,http://www.wikidata.org/entity/Q1873505
ROXJFEGZ,3,5,http://www.wikidata.org/entity/Q14606267
ROXJFEGZ,4,0,http://www.wikidata.org/entity/Q1026769
ROXJFEGZ,4,1,http://www.wikidata.org/entity/Q159
ROXJFEGZ,4,4,http://www.wikidata.org/entity/Q658052
ROXJFEGZ,4,5,http://www.wikidata.org/entity/Q57316823
4JZ1ID74,1,0,http://www.wikidata.org/entity/Q949193
4JZ1ID74,1,1,http://www.wikidata.org/entity/Q668
4JZ1ID74,1,4,http://www.wikidata.org/entity/Q2539648
4JZ1ID74,1,5,http://www.wikidata.org/entity/Q30132492
4JZ1ID74,2,0,http://www.wikidata.org/entity/Q944955
4JZ1ID74,2,1,http://www.wikidata.org/entity/Q36
4JZ1ID74,2,4,http://www.wikidata.org/entity/Q579688
4JZ1ID74,2,5,http://www.wikidata.org/entity/Q21877402
4JZ1ID74,3,0,http://www.wikidata.org/entity/Q1123431
4JZ1ID74,3,1,http://www.wikidata.org/entity/Q142
4JZ1ID74,3,4,http://www.wikidata.org/entity/Q1465214
4JZ1ID74,3,5,http://www.wikidata.org/entity/Q2990283
4JZ1ID74,4,0,http://www.wikidata.org/entity/Q655396
4JZ1ID74,4,1,http://www.wikidata.org/entity/Q15180
4JZ1ID74,4,4,http://www.wikidata.org/entity/Q960966
4JZ1ID74,4,5,http://www.wikidata.org/entity/Q18204156
MCVWOF08,1,0,http://www.wikidata.org/entity/Q64819690
MCVWOF08,1,1,http://www.wikidata.org/entity/Q9035
MCVWOF08,1,2,http://www.wikidata.org/entity/Q4993234
MCVWOF08,1,3,http://www.wikidata.org/entity/Q22006653
MCVWOF08,2,0,http://www.wikidata.org/entity/Q63959157
MCVWOF08,2,1,http://www.wikidata.org/entity/Q9035
MCVWOF08,2,2,http://www.wikidata.org/entity/Q4974280
MCVWOF08,2,3,http://www.wikidata.org/entity/Q22006653
MCVWOF08,3,0,http://www.wikidata.org/entity/Q64513796
MCVWOF08,3,1,http://www.wikidata.org/entity/Q7992
MCVWOF08,3,2,http://www.wikidata.org/entity/Q3127826
MCVWOF08,3,3,http://www.wikidata.org/entity/Q22006653
MCVWOF08,4,0,http://www.wikidata.org/entity/Q64667680
MCVWOF08,4,1,http://www.wikidata.org/entity/Q1860
MCVWOF08,4,2,http://www.wikidata.org/entity/Q2963267
MCVWOF08,4,3,http://www.wikidata.org/entity/Q22006653
MCVWOF08,5,0,http://www.wikidata.org/entity/Q63183401
MCVWOF08,5,1,http://www.wikidata.org/entity/Q1321
MCVWOF08,5,2,http://www.wikidata.org/entity/Q228798
MCVWOF08,5,3,http://www.wikidata.org/entity/Q22006653
MCVWOF08,6,0,http://www.wikidata.org/entity/Q64157868
MCVWOF08,6,1,http://www.wikidata.org/entity/Q1860
MCVWOF08,6,2,http://www.wikidata.org/entity/Q172632
MCVWOF08,6,3,http://www.wikidata.org/entity/Q22006653
MCVWOF08,7,0,http://www.wikidata.org/entity/Q60862435
MCVWOF08,7,1,http://www.wikidata.org/entity/Q1860
MCVWOF08,7,2,http://www.wikidata.org/entity/Q151892
MCVWOF08,7,3,http://www.wikidata.org/entity/Q22006653
MCVWOF08,8,0,http://www.wikidata.org/entity/Q17747156
MCVWOF08,8,1,http://www.wikidata.org/entity/Q1860
MCVWOF08,8,2,http://www.wikidata.org/entity/Q20150
MCVWOF08,8,3,http://www.wikidata.org/entity/Q22006653
MCVWOF08,9,0,http://www.wikidata.org/entity/Q63929729
MCVWOF08,9,1,http://www.wikidata.org/entity/Q1860
MCVWOF08,9,2,http://www.wikidata.org/entity/Q18804
MCVWOF08,9,3,http://www.wikidata.org/entity/Q22006653
MCVWOF08,10,0,http://www.wikidata.org/entity/Q63406383
MCVWOF08,10,1,http://www.wikidata.org/entity/Q1860
MCVWOF08,10,2,http://www.wikidata.org/entity/Q2831
MCVWOF08,10,3,http://www.wikidata.org/entity/Q22006653
MCVWOF08,11,0,http://www.wikidata.org/entity/Q64787782
MCVWOF08,11,1,http://www.wikidata.org/entity/Q9035
MCVWOF08,11,2,http://www.wikidata.org/entity/Q4974280
MCVWOF08,11,3,http://www.wikidata.org/entity/Q838368
MCVWOF08,12,0,http://www.wikidata.org/entity/Q63930921
MCVWOF08,12,1,http://www.wikidata.org/entity/Q9035
MCVWOF08,12,2,http://www.wikidata.org/entity/Q4974280
MCVWOF08,12,3,http://www.wikidata.org/entity/Q838368
MGYFRBCN,1,0,http://www.wikidata.org/entity/Q18770717
MGYFRBCN,1,1,http://www.wikidata.org/entity/Q101918
MGYFRBCN,1,2,http://www.wikidata.org/entity/Q3018561
MGYFRBCN,1,3,http://www.wikidata.org/entity/Q154946
MGYFRBCN,2,0,http://www.wikidata.org/entity/Q33262691
MGYFRBCN,2,1,http://www.wikidata.org/entity/Q613
MGYFRBCN,2,2,http://www.wikidata.org/entity/Q612
MGYFRBCN,2,3,http://www.wikidata.org/entity/Q93196
MGYFRBCN,3,0,http://www.wikidata.org/entity/Q30590075
MGYFRBCN,3,1,http://www.wikidata.org/entity/Q187712
MGYFRBCN,3,2,http://www.wikidata.org/entity/Q1519
MGYFRBCN,3,3,http://www.wikidata.org/entity/Q126399
MGYFRBCN,4,0,http://www.wikidata.org/entity/Q1414854
MGYFRBCN,4,1,http://www.wikidata.org/entity/Q674954
MGYFRBCN,4,2,http://www.wikidata.org/entity/Q301745
MGYFRBCN,4,3,http://www.wikidata.org/entity/Q2832088
8ZQ63QEY,1,0,http://www.wikidata.org/entity/Q80729368
8ZQ63QEY,1,2,http://www.wikidata.org/entity/Q8842
8ZQ63QEY,1,4,http://www.wikidata.org/entity/Q67799406
8ZQ63QEY,2,0,http://www.wikidata.org/entity/Q80605740
8ZQ63QEY,2,2,http://www.wikidata.org/entity/Q10443
8ZQ63QEY,2,4,http://www.wikidata.org/entity/Q67744498
8ZQ63QEY,3,0,http://www.wikidata.org/entity/Q79993718
8ZQ63QEY,3,2,http://www.wikidata.org/entity/Q8853
8ZQ63QEY,3,4,http://www.wikidata.org/entity/Q67643769
8ZQ63QEY,4,0,http://www.wikidata.org/entity/Q76882058
8ZQ63QEY,4,2,http://www.wikidata.org/entity/Q10448
8ZQ63QEY,4,4,http://www.wikidata.org/entity/Q67680656
EKYZ1EYN,1,0,http://www.wikidata.org/entity/Q1726
EKYZ1EYN,1,1,http://www.wikidata.org/entity/Q1479
EKYZ1EYN,1,2,http://www.wikidata.org/entity/Q10562
EKYZ1EYN,1,3,http://www.wikidata.org/entity/Q131610
EKYZ1EYN,2,0,http://www.wikidata.org/entity/Q3616
EKYZ1EYN,2,1,http://www.wikidata.org/entity/Q64
EKYZ1EYN,2,2,http://www.wikidata.org/entity/Q5060982
EKYZ1EYN,2,3,http://www.wikidata.org/entity/Q17070322
EKYZ1EYN,3,0,http://www.wikidata.org/entity/Q1741
EKYZ1EYN,3,1,http://www.wikidata.org/entity/Q70
EKYZ1EYN,3,2,http://www.wikidata.org/entity/Q40
EKYZ1EYN,3,3,http://www.wikidata.org/entity/Q2243049
EKYZ1EYN,4,0,http://www.wikidata.org/entity/Q1757
EKYZ1EYN,4,1,http://www.wikidata.org/entity/Q226
EKYZ1EYN,4,2,http://www.wikidata.org/entity/Q5711
EKYZ1EYN,4,3,http://www.wikidata.org/entity/Q1139227
UC7TBR4X,1,0,http://www.wikidata.org/entity/Q20942819
UC7TBR4X,1,2,http://www.wikidata.org/entity/Q28980118
UC7TBR4X,1,3,http://www.wikidata.org/entity/Q20644796
UC7TBR4X,2,0,http://www.wikidata.org/entity/Q24832112
UC7TBR4X,2,2,http://www.wikidata.org/entity/Q28980099
UC7TBR4X,2,3,http://www.wikidata.org/entity/Q20644795
UC7TBR4X,3,0,http://www.wikidata.org/entity/Q18786471
UC7TBR4X,3,2,http://www.wikidata.org/entity/Q28980099
UC7TBR4X,3,3,http://www.wikidata.org/entity/Q20644795
UC7TBR4X,4,0,http://www.wikidata.org/entity/Q16248866
UC7TBR4X,4,2,http://www.wikidata.org/entity/Q28980099
UC7TBR4X,4,3,http://www.wikidata.org/entity/Q20644795
UC7TBR4X,5,0,http://www.wikidata.org/entity/Q18740903
UC7TBR4X,5,2,http://www.wikidata.org/entity/Q28980099
UC7TBR4X,5,3,http://www.wikidata.org/entity/Q20644794
UC7TBR4X,6,0,http://www.wikidata.org/entity/Q24904727
UC7TBR4X,6,2,http://www.wikidata.org/entity/Q28980093
UC7TBR4X,6,3,http://www.wikidata.org/entity/Q20644794
UC7TBR4X,7,0,http://www.wikidata.org/entity/Q23013169
UC7TBR4X,7,2,http://www.wikidata.org/entity/Q28980099
UC7TBR4X,7,3,http://www.wikidata.org/entity/Q20644795
UC7TBR4X,8,0,http://www.wikidata.org/entity/Q13091172
UC7TBR4X,8,2,http://www.wikidata.org/entity/Q28980093
UC7TBR4X,8,3,http://www.wikidata.org/entity/Q20644795
UC7TBR4X,9,0,http://www.wikidata.org/entity/Q28891
UC7TBR4X,9,2,http://www.wikidata.org/entity/Q28980093
UC7TBR4X,9,3,http://www.wikidata.org/entity/Q20644795
UC7TBR4X,10,0,http://www.wikidata.org/entity/Q21450480
UC7TBR4X,10,2,http://www.wikidata.org/entity/Q28980093
UC7TBR4X,10,3,http://www.wikidata.org/entity/Q20644794
DT8Q3CNO,1,0,http://www.wikidata.org/entity/Q52375937
DT8Q3CNO,1,3,http://www.wikidata.org/entity/Q21170351
DT8Q3CNO,1,4,http://www.wikidata.org/entity/Q1055
DT8Q3CNO,2,0,http://www.wikidata.org/entity/Q52352718
DT8Q3CNO,2,3,http://www.wikidata.org/entity/Q21170351
DT8Q3CNO,2,4,http://www.wikidata.org/entity/Q185632
DT8Q3CNO,3,0,http://www.wikidata.org/entity/Q52350988
DT8Q3CNO,3,3,http://www.wikidata.org/entity/Q21170351
DT8Q3CNO,3,4,http://www.wikidata.org/entity/Q36262
DT8Q3CNO,4,0,http://www.wikidata.org/entity/Q52342543
DT8Q3CNO,4,3,http://www.wikidata.org/entity/Q21170351
DT8Q3CNO,4,4,http://www.wikidata.org/entity/Q36262
DT8Q3CNO,5,0,http://www.wikidata.org/entity/Q52351589
DT8Q3CNO,5,3,http://www.wikidata.org/entity/Q21170351
DT8Q3CNO,5,4,http://www.wikidata.org/entity/Q36262
WGXV7UO4,1,0,http://www.wikidata.org/entity/Q273487
WGXV7UO4,1,1,http://www.wikidata.org/entity/Q7880
WGXV7UO4,1,3,http://www.wikidata.org/entity/Q142
WGXV7UO4,2,0,http://www.wikidata.org/entity/Q55596371
WGXV7UO4,2,1,http://www.wikidata.org/entity/Q3366
WGXV7UO4,2,3,http://www.wikidata.org/entity/Q142
WGXV7UO4,3,0,http://www.wikidata.org/entity/Q64847323
WGXV7UO4,3,1,http://www.wikidata.org/entity/Q90
WGXV7UO4,3,3,http://www.wikidata.org/entity/Q142
WGXV7UO4,4,0,http://www.wikidata.org/entity/Q4813030
WGXV7UO4,4,1,http://www.wikidata.org/entity/Q90
WGXV7UO4,4,3,http://www.wikidata.org/entity/Q142
WGXV7UO4,5,0,http://www.wikidata.org/entity/Q1664782
WGXV7UO4,5,1,http://www.wikidata.org/entity/Q90
WGXV7UO4,5,3,http://www.wikidata.org/entity/Q142
DNF0WNEZ,1,0,http://www.wikidata.org/entity/Q3313721
DNF0WNEZ,1,1,http://www.wikidata.org/entity/Q7272
DNF0WNEZ,2,0,http://www.wikidata.org/entity/Q3393021
DNF0WNEZ,2,1,http://www.wikidata.org/entity/Q7169
DNF0WNEZ,3,0,http://www.wikidata.org/entity/Q5422079
DNF0WNEZ,3,1,http://www.wikidata.org/entity/Q6216
DNF0WNEZ,4,0,http://www.wikidata.org/entity/Q5025162
DNF0WNEZ,4,1,http://www.wikidata.org/entity/Q6216
DNF0WNEZ,5,0,http://www.wikidata.org/entity/Q3242650
DNF0WNEZ,5,1,http://www.wikidata.org/entity/Q6216
DNF0WNEZ,6,0,http://www.wikidata.org/entity/Q549209
DNF0WNEZ,6,1,http://www.wikidata.org/entity/Q6216
DNF0WNEZ,7,0,http://www.wikidata.org/entity/Q724682
DNF0WNEZ,7,1,http://www.wikidata.org/entity/Q6186
M53ZK1MA,1,0,http://www.wikidata.org/entity/Q18844872
M53ZK1MA,1,1,http://www.wikidata.org/entity/Q725
M53ZK1MA,1,2,http://www.wikidata.org/entity/Q2376511
M53ZK1MA,2,0,http://www.wikidata.org/entity/Q2424589
M53ZK1MA,2,1,http://www.wikidata.org/entity/Q725
M53ZK1MA,2,2,http://www.wikidata.org/entity/Q2269284
M53ZK1MA,3,0,http://www.wikidata.org/entity/Q1973151
M53ZK1MA,3,1,http://www.wikidata.org/entity/Q725
M53ZK1MA,3,2,http://www.wikidata.org/entity/Q1931262
M53ZK1MA,4,0,http://www.wikidata.org/entity/Q18879564
M53ZK1MA,4,1,http://www.wikidata.org/entity/Q725
M53ZK1MA,4,2,http://www.wikidata.org/entity/Q18844874
ALB1X47T,1,0,http://www.wikidata.org/entity/Q1370832
ALB1X47T,1,1,http://www.wikidata.org/entity/Q131578
ALB1X47T,1,2,http://www.wikidata.org/entity/Q75020510
ALB1X47T,2,0,http://www.wikidata.org/entity/Q1756180
ALB1X47T,2,1,http://www.wikidata.org/entity/Q20378
ALB1X47T,2,2,http://www.wikidata.org/entity/Q74665877
ALB1X47T,3,0,http://www.wikidata.org/entity/Q1140480
ALB1X47T,3,1,http://www.wikidata.org/entity/Q3071
ALB1X47T,3,2,http://www.wikidata.org/entity/Q73256463
ALB1X47T,4,0,http://www.wikidata.org/entity/Q3987439
ALB1X47T,4,1,http://www.wikidata.org/entity/Q11366
ALB1X47T,4,2,http://www.wikidata.org/entity/Q63383322
OV2V3NYB,1,0,http://www.wikidata.org/entity/Q18853
OV2V3NYB,1,1,http://www.wikidata.org/entity/Q3565868
OV2V3NYB,1,2,http://www.wikidata.org/entity/Q151378
OV2V3NYB,1,3,http://www.wikidata.org/entity/Q392157
OV2V3NYB,2,0,http://www.wikidata.org/entity/Q9322
OV2V3NYB,2,1,http://www.wikidata.org/entity/Q177777
OV2V3NYB,2,2,http://www.wikidata.org/entity/Q18853
OV2V3NYB,2,3,http://www.wikidata.org/entity/Q183
OV2V3NYB,3,0,http://www.wikidata.org/entity/Q513679
OV2V3NYB,3,1,http://www.wikidata.org/entity/Q3565868
OV2V3NYB,3,2,http://www.wikidata.org/entity/Q11502613
OV2V3NYB,3,3,http://www.wikidata.org/entity/Q7754291
OV2V3NYB,4,0,http://www.wikidata.org/entity/Q525359
OV2V3NYB,4,1,http://www.wikidata.org/entity/Q3565868
OV2V3NYB,4,2,http://www.wikidata.org/entity/Q11707124
OV2V3NYB,4,3,http://www.wikidata.org/entity/Q31
8GVS5IQD,1,0,http://www.wikidata.org/entity/Q2540792
8GVS5IQD,1,1,http://www.wikidata.org/entity/Q40
8GVS5IQD,1,2,http://www.wikidata.org/entity/Q1188447
8GVS5IQD,1,3,http://www.wikidata.org/entity/Q669323
8GVS5IQD,2,0,http://www.wikidata.org/entity/Q2873119
8GVS5IQD,2,1,http://www.wikidata.org/entity/Q142
8GVS5IQD,2,2,http://www.wikidata.org/entity/Q10387575
8GVS5IQD,2,3,http://www.wikidata.org/entity/Q544505
8GVS5IQD,3,0,http://www.wikidata.org/entity/Q1734104
8GVS5IQD,3,1,http://www.wikidata.org/entity/Q40
8GVS5IQD,3,2,http://www.wikidata.org/entity/Q1188447
8GVS5IQD,3,3,http://www.wikidata.org/entity/Q368598
8GVS5IQD,4,0,http://www.wikidata.org/entity/Q22925934
8GVS5IQD,4,1,http://www.wikidata.org/entity/Q142
8GVS5IQD,4,2,http://www.wikidata.org/entity/Q10387575
8GVS5IQD,4,3,http://www.wikidata.org/entity/Q325946
YFPRVELJ,1,0,http://www.wikidata.org/entity/Q5638966
YFPRVELJ,1,1,http://www.wikidata.org/entity/Q5454183
YFPRVELJ,1,2,http://www.wikidata.org/entity/Q54109
YFPRVELJ,1,3,http://www.wikidata.org/entity/Q25245979
YFPRVELJ,2,0,http://www.wikidata.org/entity/Q7443706
YFPRVELJ,2,1,http://www.wikidata.org/entity/Q6013778
YFPRVELJ,2,2,http://www.wikidata.org/entity/Q54109
YFPRVELJ,2,3,http://www.wikidata.org/entity/Q20708389
YFPRVELJ,3,0,http://www.wikidata.org/entity/Q7443726
YFPRVELJ,3,1,http://www.wikidata.org/entity/Q6013791
YFPRVELJ,3,2,http://www.wikidata.org/entity/Q54109
YFPRVELJ,3,3,http://www.wikidata.org/entity/Q7241112
YFPRVELJ,4,0,http://www.wikidata.org/entity/Q7443724
YFPRVELJ,4,1,http://www.wikidata.org/entity/Q5454191
YFPRVELJ,4,2,http://www.wikidata.org/entity/Q54109
YFPRVELJ,4,3,http://www.wikidata.org/entity/Q7241111
YFPRVELJ,5,0,http://www.wikidata.org/entity/Q5454197
YFPRVELJ,5,1,http://www.wikidata.org/entity/Q580983
YFPRVELJ,5,2,http://www.wikidata.org/entity/Q7782001
YFPRVELJ,5,3,http://www.wikidata.org/entity/Q7241110
YFPRVELJ,6,0,http://www.wikidata.org/entity/Q944023
YFPRVELJ,6,1,http://www.wikidata.org/entity/Q5488768
YFPRVELJ,6,2,http://www.wikidata.org/entity/Q54109
YFPRVELJ,6,3,http://www.wikidata.org/entity/Q7241094
YFPRVELJ,7,0,http://www.wikidata.org/entity/Q13637781
YFPRVELJ,7,1,http://www.wikidata.org/entity/Q6013749
YFPRVELJ,7,2,http://www.wikidata.org/entity/Q61
YFPRVELJ,7,3,http://www.wikidata.org/entity/Q2824576
YFPRVELJ,8,0,http://www.wikidata.org/entity/Q2918145
YFPRVELJ,8,1,http://www.wikidata.org/entity/Q944023
YFPRVELJ,8,2,http://www.wikidata.org/entity/Q54109
YFPRVELJ,8,3,http://www.wikidata.org/entity/Q2824575
YFPRVELJ,9,0,http://www.wikidata.org/entity/Q6013749
YFPRVELJ,9,1,http://www.wikidata.org/entity/Q6013811
YFPRVELJ,9,2,http://www.wikidata.org/entity/Q54109
YFPRVELJ,9,3,http://www.wikidata.org/entity/Q2824570
YFPRVELJ,10,0,http://www.wikidata.org/entity/Q6013770
YFPRVELJ,10,1,http://www.wikidata.org/entity/Q5454196
YFPRVELJ,10,2,http://www.wikidata.org/entity/Q54109
YFPRVELJ,10,3,http://www.wikidata.org/entity/Q2824562
YFPRVELJ,11,0,http://www.wikidata.org/entity/Q6013763
YFPRVELJ,11,1,http://www.wikidata.org/entity/Q5454180
YFPRVELJ,11,2,http://www.wikidata.org/entity/Q54109
YFPRVELJ,11,3,http://www.wikidata.org/entity/Q2824558
YFPRVELJ,12,0,http://www.wikidata.org/entity/Q4274309
YFPRVELJ,12,1,http://www.wikidata.org/entity/Q930012
YFPRVELJ,12,2,http://www.wikidata.org/entity/Q1144849
YFPRVELJ,12,3,http://www.wikidata.org/entity/Q2824551
YFPRVELJ,13,0,http://www.wikidata.org/entity/Q7443711
YFPRVELJ,13,1,http://www.wikidata.org/entity/Q5454187
YFPRVELJ,13,2,http://www.wikidata.org/entity/Q54109
YFPRVELJ,13,3,http://www.wikidata.org/entity/Q2824550
YFPRVELJ,14,0,http://www.wikidata.org/entity/Q16847047
YFPRVELJ,14,1,http://www.wikidata.org/entity/Q6013726
YFPRVELJ,14,2,http://www.wikidata.org/entity/Q54109
YFPRVELJ,14,3,http://www.wikidata.org/entity/Q2824549
YFPRVELJ,15,0,http://www.wikidata.org/entity/Q5454185
YFPRVELJ,15,1,http://www.wikidata.org/entity/Q7443712
YFPRVELJ,15,2,http://www.wikidata.org/entity/Q54109
YFPRVELJ,15,3,http://www.wikidata.org/entity/Q2824548
FLR5GCMU,1,0,http://www.wikidata.org/entity/Q2675565
FLR5GCMU,1,3,http://www.wikidata.org/entity/Q319777
FLR5GCMU,1,4,http://www.wikidata.org/entity/Q239582
FLR5GCMU,2,0,http://www.wikidata.org/entity/Q2148607
FLR5GCMU,2,3,http://www.wikidata.org/entity/Q319777
FLR5GCMU,2,4,http://www.wikidata.org/entity/Q239582
FLR5GCMU,3,0,http://www.wikidata.org/entity/Q933311
FLR5GCMU,3,3,http://www.wikidata.org/entity/Q45682
FLR5GCMU,3,4,http://www.wikidata.org/entity/Q30903
FLR5GCMU,4,0,http://www.wikidata.org/entity/Q60149044
FLR5GCMU,4,3,http://www.wikidata.org/entity/Q319777
FLR5GCMU,4,4,http://www.wikidata.org/entity/Q239582
3I9JCLSD,1,0,http://www.wikidata.org/entity/Q850183
3I9JCLSD,1,1,http://www.wikidata.org/entity/Q189289
3I9JCLSD,1,2,http://www.wikidata.org/entity/Q3183
3I9JCLSD,1,3,http://www.wikidata.org/entity/Q7707
3I9JCLSD,2,0,http://www.wikidata.org/entity/Q752378
3I9JCLSD,2,1,http://www.wikidata.org/entity/Q189289
3I9JCLSD,2,2,http://www.wikidata.org/entity/Q3141
3I9JCLSD,2,3,http://www.wikidata.org/entity/Q7707
3I9JCLSD,3,0,http://www.wikidata.org/entity/Q2257733
3I9JCLSD,3,1,http://www.wikidata.org/entity/Q189289
3I9JCLSD,3,2,http://www.wikidata.org/entity/Q1781
3I9JCLSD,3,3,http://www.wikidata.org/entity/Q7707
3I9JCLSD,4,0,http://www.wikidata.org/entity/Q680498
3I9JCLSD,4,1,http://www.wikidata.org/entity/Q189289
3I9JCLSD,4,2,http://www.wikidata.org/entity/Q1492
3I9JCLSD,4,3,http://www.wikidata.org/entity/Q7707
3I9JCLSD,5,0,http://www.wikidata.org/entity/Q640488
3I9JCLSD,5,1,http://www.wikidata.org/entity/Q189289
3I9JCLSD,5,2,http://www.wikidata.org/entity/Q1492
3I9JCLSD,5,3,http://www.wikidata.org/entity/Q7707
3I9JCLSD,6,0,http://www.wikidata.org/entity/Q584097
3I9JCLSD,6,1,http://www.wikidata.org/entity/Q189289
3I9JCLSD,6,2,http://www.wikidata.org/entity/Q1492
3I9JCLSD,6,3,http://www.wikidata.org/entity/Q7707
V7IP7BRV,1,0,http://www.wikidata.org/entity/Q26271076
V7IP7BRV,1,1,http://www.wikidata.org/entity/Q26271083
V7IP7BRV,1,2,http://www.wikidata.org/entity/Q26271066
V7IP7BRV,2,0,http://www.wikidata.org/entity/Q26271066
V7IP7BRV,2,1,http://www.wikidata.org/entity/Q26271076
V7IP7BRV,2,2,http://www.wikidata.org/entity/Q26271056
V7IP7BRV,3,0,http://www.wikidata.org/entity/Q26271056
V7IP7BRV,3,1,http://www.wikidata.org/entity/Q26271066
V7IP7BRV,3,2,http://www.wikidata.org/entity/Q26271047
V7IP7BRV,4,0,http://www.wikidata.org/entity/Q26271047
V7IP7BRV,4,1,http://www.wikidata.org/entity/Q26271056
V7IP7BRV,4,2,http://www.wikidata.org/entity/Q26271038
V7IP7BRV,5,0,http://www.wikidata.org/entity/Q26271038
V7IP7BRV,5,1,http://www.wikidata.org/entity/Q26271047
V7IP7BRV,5,2,http://www.wikidata.org/entity/Q26271031
V7IP7BRV,6,0,http://www.wikidata.org/entity/Q26271031
V7IP7BRV,6,1,http://www.wikidata.org/entity/Q26271038
V7IP7BRV,6,2,http://www.wikidata.org/entity/Q26271021
V7IP7BRV,7,0,http://www.wikidata.org/entity/Q26271021
V7IP7BRV,7,1,http://www.wikidata.org/entity/Q26271031
V7IP7BRV,7,2,http://www.wikidata.org/entity/Q26271015
V7IP7BRV,8,0,http://www.wikidata.org/entity/Q26271015
V7IP7BRV,8,1,http://www.wikidata.org/entity/Q26271021
V7IP7BRV,8,2,http://www.wikidata.org/entity/Q26271005
V7IP7BRV,9,0,http://www.wikidata.org/entity/Q26271005
V7IP7BRV,9,1,http://www.wikidata.org/entity/Q26271015
V7IP7BRV,9,2,http://www.wikidata.org/entity/Q26271002
V7IP7BRV,10,0,http://www.wikidata.org/entity/Q26254105
V7IP7BRV,10,1,http://www.wikidata.org/entity/Q26254106
V7IP7BRV,10,2,http://www.wikidata.org/entity/Q26254102
V7IP7BRV,11,0,http://www.wikidata.org/entity/Q26254098
V7IP7BRV,11,1,http://www.wikidata.org/entity/Q26254099
V7IP7BRV,11,2,http://www.wikidata.org/entity/Q26254097
X1H25GCK,1,0,http://www.wikidata.org/entity/Q13560154
X1H25GCK,1,1,http://www.wikidata.org/entity/Q1479335
X1H25GCK,1,3,http://www.wikidata.org/entity/Q1748406
X1H25GCK,2,0,http://www.wikidata.org/entity/Q13426794
X1H25GCK,2,1,http://www.wikidata.org/entity/Q1479335
X1H25GCK,2,3,http://www.wikidata.org/entity/Q1748406
X1H25GCK,3,0,http://www.wikidata.org/entity/Q13416852
X1H25GCK,3,1,http://www.wikidata.org/entity/Q1479335
X1H25GCK,3,3,http://www.wikidata.org/entity/Q1748406
X1H25GCK,4,0,http://www.wikidata.org/entity/Q13415412
X1H25GCK,4,1,http://www.wikidata.org/entity/Q1479335
X1H25GCK,4,3,http://www.wikidata.org/entity/Q1748406
X1H25GCK,5,0,http://www.wikidata.org/entity/Q9685680
X1H25GCK,5,1,http://www.wikidata.org/entity/Q1479335
X1H25GCK,5,3,http://www.wikidata.org/entity/Q1748406
X1H25GCK,6,0,http://www.wikidata.org/entity/Q9685675
X1H25GCK,6,1,http://www.wikidata.org/entity/Q1479335
X1H25GCK,6,3,http://www.wikidata.org/entity/Q1748406
X1H25GCK,7,0,http://www.wikidata.org/entity/Q9685667
X1H25GCK,7,1,http://www.wikidata.org/entity/Q1479335
X1H25GCK,7,3,http://www.wikidata.org/entity/Q1748406
X1H25GCK,8,0,http://www.wikidata.org/entity/Q9685659
X1H25GCK,8,1,http://www.wikidata.org/entity/Q1479335
X1H25GCK,8,3,http://www.wikidata.org/entity/Q1748406
X1H25GCK,9,0,http://www.wikidata.org/entity/Q6344632
X1H25GCK,9,1,http://www.wikidata.org/entity/Q1479335
X1H25GCK,9,3,http://www.wikidata.org/entity/Q1748406
X1H25GCK,10,0,http://www.wikidata.org/entity/Q5745531
X1H25GCK,10,1,http://www.wikidata.org/entity/Q1479335
X1H25GCK,10,3,http://www.wikidata.org/entity/Q1748406
X1H25GCK,11,0,http://www.wikidata.org/entity/Q5745529
X1H25GCK,11,1,http://www.wikidata.org/entity/Q1479335
X1H25GCK,11,3,http://www.wikidata.org/entity/Q1748406
WRX863W4,1,0,http://www.wikidata.org/entity/Q5745526
WRX863W4,1,1,http://www.wikidata.org/entity/Q1479335
WRX863W4,1,3,http://www.wikidata.org/entity/Q1748406
WRX863W4,2,0,http://www.wikidata.org/entity/Q5745523
WRX863W4,2,1,http://www.wikidata.org/entity/Q1479335
WRX863W4,2,3,http://www.wikidata.org/entity/Q1748406
WRX863W4,3,0,http://www.wikidata.org/entity/Q5745517
WRX863W4,3,1,http://www.wikidata.org/entity/Q1479335
WRX863W4,3,3,http://www.wikidata.org/entity/Q1748406
WRX863W4,4,0,http://www.wikidata.org/entity/Q5681466
WRX863W4,4,1,http://www.wikidata.org/entity/Q1479335
WRX863W4,4,3,http://www.wikidata.org/entity/Q1748406
YTPJ1A6U,1,0,http://www.wikidata.org/entity/Q2470265
YTPJ1A6U,1,1,http://www.wikidata.org/entity/Q721946
YTPJ1A6U,1,2,http://www.wikidata.org/entity/Q4304009
YTPJ1A6U,1,3,http://www.wikidata.org/entity/Q120180
YTPJ1A6U,2,0,http://www.wikidata.org/entity/Q4193436
YTPJ1A6U,2,1,http://www.wikidata.org/entity/Q721946
YTPJ1A6U,2,2,http://www.wikidata.org/entity/Q768717
YTPJ1A6U,2,3,http://www.wikidata.org/entity/Q120180
YTPJ1A6U,3,0,http://www.wikidata.org/entity/Q4006212
YTPJ1A6U,3,1,http://www.wikidata.org/entity/Q1369599
YTPJ1A6U,3,2,http://www.wikidata.org/entity/Q60728866
YTPJ1A6U,3,3,http://www.wikidata.org/entity/Q40787
YTPJ1A6U,4,0,http://www.wikidata.org/entity/Q2058050
YTPJ1A6U,4,1,http://www.wikidata.org/entity/Q1369109
YTPJ1A6U,4,2,http://www.wikidata.org/entity/Q56849582
YTPJ1A6U,4,3,http://www.wikidata.org/entity/Q40787
YTPJ1A6U,5,0,http://www.wikidata.org/entity/Q12137142
YTPJ1A6U,5,1,http://www.wikidata.org/entity/Q1369599
YTPJ1A6U,5,2,http://www.wikidata.org/entity/Q17489369
YTPJ1A6U,5,3,http://www.wikidata.org/entity/Q40787
YTPJ1A6U,6,0,http://www.wikidata.org/entity/Q4536589
YTPJ1A6U,6,1,http://www.wikidata.org/entity/Q1369109
YTPJ1A6U,6,2,http://www.wikidata.org/entity/Q17489369
YTPJ1A6U,6,3,http://www.wikidata.org/entity/Q40787
YTPJ1A6U,7,0,http://www.wikidata.org/entity/Q4006200
YTPJ1A6U,7,1,http://www.wikidata.org/entity/Q1369109
YTPJ1A6U,7,2,http://www.wikidata.org/entity/Q17489369
YTPJ1A6U,7,3,http://www.wikidata.org/entity/Q40787
YTPJ1A6U,8,0,http://www.wikidata.org/entity/Q2485033
YTPJ1A6U,8,1,http://www.wikidata.org/entity/Q1369109
YTPJ1A6U,8,2,http://www.wikidata.org/entity/Q17489369
YTPJ1A6U,8,3,http://www.wikidata.org/entity/Q40787
YTPJ1A6U,9,0,http://www.wikidata.org/entity/Q2062499
YTPJ1A6U,9,1,http://www.wikidata.org/entity/Q1369109
YTPJ1A6U,9,2,http://www.wikidata.org/entity/Q17489369
YTPJ1A6U,9,3,http://www.wikidata.org/entity/Q40787
YTPJ1A6U,10,0,http://www.wikidata.org/entity/Q4006204
YTPJ1A6U,10,1,http://www.wikidata.org/entity/Q1369599
YTPJ1A6U,10,2,http://www.wikidata.org/entity/Q4304009
YTPJ1A6U,10,3,http://www.wikidata.org/entity/Q40787
UWPGFREC,1,0,http://www.wikidata.org/entity/Q943192
UWPGFREC,1,1,http://www.wikidata.org/entity/Q184781
UWPGFREC,1,2,http://www.wikidata.org/entity/Q157394
UWPGFREC,1,3,http://www.wikidata.org/entity/Q56070713
UWPGFREC,1,4,http://www.wikidata.org/entity/Q464028
UWPGFREC,1,5,http://www.wikidata.org/entity/Q7414
UWPGFREC,2,0,http://www.wikidata.org/entity/Q869741
UWPGFREC,2,1,http://www.wikidata.org/entity/Q184781
UWPGFREC,2,2,http://www.wikidata.org/entity/Q28968511
UWPGFREC,2,3,http://www.wikidata.org/entity/Q56070713
UWPGFREC,2,4,http://www.wikidata.org/entity/Q231082
UWPGFREC,2,5,http://www.wikidata.org/entity/Q7414
UWPGFREC,3,0,http://www.wikidata.org/entity/Q842306
UWPGFREC,3,1,http://www.wikidata.org/entity/Q184781
UWPGFREC,3,2,http://www.wikidata.org/entity/Q157394
UWPGFREC,3,3,http://www.wikidata.org/entity/Q56070713
UWPGFREC,3,4,http://www.wikidata.org/entity/Q2864559
UWPGFREC,3,5,http://www.wikidata.org/entity/Q1047410
UWPGFREC,4,0,http://www.wikidata.org/entity/Q853718
UWPGFREC,4,1,http://www.wikidata.org/entity/Q184781
UWPGFREC,4,2,http://www.wikidata.org/entity/Q157394
UWPGFREC,4,3,http://www.wikidata.org/entity/Q56070713
UWPGFREC,4,4,http://www.wikidata.org/entity/Q336424
UWPGFREC,4,5,http://www.wikidata.org/entity/Q7414
2AKV172D,1,0,http://www.wikidata.org/entity/Q58374994
2AKV172D,1,1,http://www.wikidata.org/entity/Q827453
2AKV172D,1,2,http://www.wikidata.org/entity/Q58374995
2AKV172D,1,3,http://www.wikidata.org/entity/Q58374993
2AKV172D,2,0,http://www.wikidata.org/entity/Q58374993
2AKV172D,2,1,http://www.wikidata.org/entity/Q1515360
2AKV172D,2,2,http://www.wikidata.org/entity/Q58374994
2AKV172D,2,3,http://www.wikidata.org/entity/Q58374991
2AKV172D,3,0,http://www.wikidata.org/entity/Q58374991
2AKV172D,3,1,http://www.wikidata.org/entity/Q2605426
2AKV172D,3,2,http://www.wikidata.org/entity/Q58374993
2AKV172D,3,3,http://www.wikidata.org/entity/Q58374990
2AKV172D,4,0,http://www.wikidata.org/entity/Q58374990
2AKV172D,4,1,http://www.wikidata.org/entity/Q433949
2AKV172D,4,2,http://www.wikidata.org/entity/Q58374991
2AKV172D,4,3,http://www.wikidata.org/entity/Q58374989
2AKV172D,5,0,http://www.wikidata.org/entity/Q58374989
2AKV172D,5,1,http://www.wikidata.org/entity/Q2649341
2AKV172D,5,2,http://www.wikidata.org/entity/Q58374990
2AKV172D,5,3,http://www.wikidata.org/entity/Q58374988
2AKV172D,6,0,http://www.wikidata.org/entity/Q58374988
2AKV172D,6,1,http://www.wikidata.org/entity/Q971798
2AKV172D,6,2,http://www.wikidata.org/entity/Q58374989
2AKV172D,6,3,http://www.wikidata.org/entity/Q58374987
2AKV172D,7,0,http://www.wikidata.org/entity/Q58374987
2AKV172D,7,1,http://www.wikidata.org/entity/Q2276264
2AKV172D,7,2,http://www.wikidata.org/entity/Q58374988
2AKV172D,7,3,http://www.wikidata.org/entity/Q58374986
2AKV172D,8,0,http://www.wikidata.org/entity/Q58374986
2AKV172D,8,1,http://www.wikidata.org/entity/Q1517682
2AKV172D,8,2,http://www.wikidata.org/entity/Q58374987
2AKV172D,8,3,http://www.wikidata.org/entity/Q58374985
2AKV172D,9,0,http://www.wikidata.org/entity/Q58374985
2AKV172D,9,1,http://www.wikidata.org/entity/Q16466986
2AKV172D,9,2,http://www.wikidata.org/entity/Q58374986
2AKV172D,9,3,http://www.wikidata.org/entity/Q58374982
2AKV172D,10,0,http://www.wikidata.org/entity/Q58374982
2AKV172D,10,1,http://www.wikidata.org/entity/Q2692008
2AKV172D,10,2,http://www.wikidata.org/entity/Q58374985
2AKV172D,10,3,http://www.wikidata.org/entity/Q58374981
Y9KKYI02,1,0,http://www.wikidata.org/entity/Q15600513
Y9KKYI02,1,1,http://www.wikidata.org/entity/Q653470
Y9KKYI02,1,3,http://www.wikidata.org/entity/Q7318
Y9KKYI02,1,4,http://www.wikidata.org/entity/Q48084
Y9KKYI02,2,0,http://www.wikidata.org/entity/Q3533435
Y9KKYI02,2,1,http://www.wikidata.org/entity/Q1922071
Y9KKYI02,2,3,http://www.wikidata.org/entity/Q668
Y9KKYI02,2,4,http://www.wikidata.org/entity/Q668
Y9KKYI02,3,0,http://www.wikidata.org/entity/Q17354007
Y9KKYI02,3,1,http://www.wikidata.org/entity/Q2946372
Y9KKYI02,3,3,http://www.wikidata.org/entity/Q142
Y9KKYI02,3,4,http://www.wikidata.org/entity/Q25456
Y9KKYI02,4,0,http://www.wikidata.org/entity/Q19682450
Y9KKYI02,4,1,http://www.wikidata.org/entity/Q19686631
Y9KKYI02,4,3,http://www.wikidata.org/entity/Q805
Y9KKYI02,4,4,http://www.wikidata.org/entity/Q398
5SUR0FPY,1,0,http://www.wikidata.org/entity/Q2604192
5SUR0FPY,1,2,http://www.wikidata.org/entity/Q6222050
5SUR0FPY,2,0,http://www.wikidata.org/entity/Q2680204
5SUR0FPY,2,2,http://www.wikidata.org/entity/Q6171778
5SUR0FPY,3,0,http://www.wikidata.org/entity/Q7194358
5SUR0FPY,3,2,http://www.wikidata.org/entity/Q3294204
5SUR0FPY,4,0,http://www.wikidata.org/entity/Q7194391
5SUR0FPY,4,2,http://www.wikidata.org/entity/Q3099573
NDS6BLRO,1,0,http://www.wikidata.org/entity/Q876210
NDS6BLRO,1,1,http://www.wikidata.org/entity/Q259019
NDS6BLRO,1,2,http://www.wikidata.org/entity/Q54854521
NDS6BLRO,1,3,http://www.wikidata.org/entity/Q14551656
NDS6BLRO,2,0,http://www.wikidata.org/entity/Q666615
NDS6BLRO,2,1,http://www.wikidata.org/entity/Q516740
NDS6BLRO,2,2,http://www.wikidata.org/entity/Q54865885
NDS6BLRO,2,3,http://www.wikidata.org/entity/Q1855017
NDS6BLRO,3,0,http://www.wikidata.org/entity/Q683242
NDS6BLRO,3,1,http://www.wikidata.org/entity/Q675427
NDS6BLRO,3,2,http://www.wikidata.org/entity/Q54870575
NDS6BLRO,3,3,http://www.wikidata.org/entity/Q1517368
NDS6BLRO,4,0,http://www.wikidata.org/entity/Q660921
NDS6BLRO,4,1,http://www.wikidata.org/entity/Q1741
NDS6BLRO,4,2,http://www.wikidata.org/entity/Q27869442
NDS6BLRO,4,3,http://www.wikidata.org/entity/Q1411129
9K81276I,1,0,http://www.wikidata.org/entity/Q7314684
9K81276I,1,1,http://www.wikidata.org/entity/Q661008
9K81276I,1,2,http://www.wikidata.org/entity/Q11696
9K81276I,1,3,http://www.wikidata.org/entity/Q7314683
9K81276I,1,4,http://www.wikidata.org/entity/Q2145369
9K81276I,2,0,http://www.wikidata.org/entity/Q7314686
9K81276I,2,1,http://www.wikidata.org/entity/Q23505
9K81276I,2,2,http://www.wikidata.org/entity/Q11696
9K81276I,2,3,http://www.wikidata.org/entity/Q7314684
9K81276I,2,4,http://www.wikidata.org/entity/Q2145369
9K81276I,3,0,http://www.wikidata.org/entity/Q38051523
9K81276I,3,1,http://www.wikidata.org/entity/Q22686
9K81276I,3,2,http://www.wikidata.org/entity/Q11696
9K81276I,3,3,http://www.wikidata.org/entity/Q17092711
9K81276I,3,4,http://www.wikidata.org/entity/Q2145369
9K81276I,4,0,http://www.wikidata.org/entity/Q28229503
9K81276I,4,1,http://www.wikidata.org/entity/Q47563
9K81276I,4,2,http://www.wikidata.org/entity/Q15309742
9K81276I,4,3,http://www.wikidata.org/entity/Q15107411
9K81276I,4,4,http://www.wikidata.org/entity/Q47729
CB9SAZEI,1,0,http://www.wikidata.org/entity/Q60235119
CB9SAZEI,1,2,http://www.wikidata.org/entity/Q301618
CB9SAZEI,1,3,http://www.wikidata.org/entity/Q59643695
CB9SAZEI,1,4,http://www.wikidata.org/entity/Q59774768
CB9SAZEI,2,0,http://www.wikidata.org/entity/Q64539176
CB9SAZEI,2,2,http://www.wikidata.org/entity/Q392
CB9SAZEI,2,3,http://www.wikidata.org/entity/Q183387
CB9SAZEI,2,4,http://www.wikidata.org/entity/Q58046253
CB9SAZEI,3,0,http://www.wikidata.org/entity/Q68023434
CB9SAZEI,3,2,http://www.wikidata.org/entity/Q22151
CB9SAZEI,3,3,http://www.wikidata.org/entity/Q64485314
CB9SAZEI,3,4,http://www.wikidata.org/entity/Q55692744
CB9SAZEI,4,0,http://www.wikidata.org/entity/Q56276797
CB9SAZEI,4,2,http://www.wikidata.org/entity/Q5383
CB9SAZEI,4,3,http://www.wikidata.org/entity/Q208909
CB9SAZEI,4,4,http://www.wikidata.org/entity/Q52159856
CB9SAZEI,5,0,http://www.wikidata.org/entity/Q40021287
CB9SAZEI,5,2,http://www.wikidata.org/entity/Q5383
CB9SAZEI,5,3,http://www.wikidata.org/entity/Q208909
CB9SAZEI,5,4,http://www.wikidata.org/entity/Q39070774
CB9SAZEI,6,0,http://www.wikidata.org/entity/Q65497446
CB9SAZEI,6,2,http://www.wikidata.org/entity/Q50065448
CB9SAZEI,6,3,http://www.wikidata.org/entity/Q38903
CB9SAZEI,6,4,http://www.wikidata.org/entity/Q30879848
CB9SAZEI,7,0,http://www.wikidata.org/entity/Q42406620
CB9SAZEI,7,2,http://www.wikidata.org/entity/Q864433
CB9SAZEI,7,3,http://www.wikidata.org/entity/Q11890138
CB9SAZEI,7,4,http://www.wikidata.org/entity/Q28213007
9994QVBI,1,0,http://www.wikidata.org/entity/Q29999
9994QVBI,1,1,http://www.wikidata.org/entity/Q727
9994QVBI,1,2,http://www.wikidata.org/entity/Q4916
9994QVBI,1,3,http://www.wikidata.org/entity/Q2201099
9994QVBI,1,4,http://www.wikidata.org/entity/Q717
9994QVBI,1,5,http://www.wikidata.org/entity/Q49
9994QVBI,2,0,http://www.wikidata.org/entity/Q45670
9994QVBI,2,1,http://www.wikidata.org/entity/Q597
9994QVBI,2,2,http://www.wikidata.org/entity/Q118881
9994QVBI,2,3,http://www.wikidata.org/entity/Q13330
9994QVBI,2,4,http://www.wikidata.org/entity/Q303421
9994QVBI,2,5,http://www.wikidata.org/entity/Q46
9994QVBI,3,0,http://www.wikidata.org/entity/Q209857
9994QVBI,3,1,http://www.wikidata.org/entity/Q490
9994QVBI,3,2,http://www.wikidata.org/entity/Q4266153
9994QVBI,3,3,http://www.wikidata.org/entity/Q33754
9994QVBI,3,4,http://www.wikidata.org/entity/Q165040
9994QVBI,3,5,http://www.wikidata.org/entity/Q46
9994QVBI,4,0,http://www.wikidata.org/entity/Q209065
9994QVBI,4,1,http://www.wikidata.org/entity/Q1524
9994QVBI,4,2,http://www.wikidata.org/entity/Q1546443
9994QVBI,4,3,http://www.wikidata.org/entity/Q9129
9994QVBI,4,4,http://www.wikidata.org/entity/Q147909
9994QVBI,4,5,http://www.wikidata.org/entity/Q46
46OA7RWL,1,0,http://www.wikidata.org/entity/Q499204
46OA7RWL,1,1,http://www.wikidata.org/entity/Q312278
46OA7RWL,1,2,http://www.wikidata.org/entity/Q405
46OA7RWL,1,3,http://www.wikidata.org/entity/Q56551317
46OA7RWL,2,0,http://www.wikidata.org/entity/Q501125
46OA7RWL,2,1,http://www.wikidata.org/entity/Q172556
46OA7RWL,2,2,http://www.wikidata.org/entity/Q405
46OA7RWL,2,3,http://www.wikidata.org/entity/Q56551317
46OA7RWL,3,0,http://www.wikidata.org/entity/Q499340
46OA7RWL,3,1,http://www.wikidata.org/entity/Q18869
46OA7RWL,3,2,http://www.wikidata.org/entity/Q405
46OA7RWL,3,3,http://www.wikidata.org/entity/Q56551304
46OA7RWL,4,0,http://www.wikidata.org/entity/Q2821560
46OA7RWL,4,1,http://www.wikidata.org/entity/Q319280
46OA7RWL,4,2,http://www.wikidata.org/entity/Q313
46OA7RWL,4,3,http://www.wikidata.org/entity/Q29562801
CCZIHH60,1,0,http://www.wikidata.org/entity/Q11059
CCZIHH60,1,1,http://www.wikidata.org/entity/Q668
CCZIHH60,1,2,http://www.wikidata.org/entity/Q192170
CCZIHH60,1,3,http://www.wikidata.org/entity/Q318917
CCZIHH60,2,0,http://www.wikidata.org/entity/Q35518
CCZIHH60,2,1,http://www.wikidata.org/entity/Q41137
CCZIHH60,2,2,http://www.wikidata.org/entity/Q164273
CCZIHH60,2,3,http://www.wikidata.org/entity/Q318917
CCZIHH60,3,0,http://www.wikidata.org/entity/Q35722
CCZIHH60,3,1,http://www.wikidata.org/entity/Q29
CCZIHH60,3,2,http://www.wikidata.org/entity/Q108662
CCZIHH60,3,3,http://www.wikidata.org/entity/Q318917
CCZIHH60,4,0,http://www.wikidata.org/entity/Q397
CCZIHH60,4,1,http://www.wikidata.org/entity/Q237
CCZIHH60,4,2,http://www.wikidata.org/entity/Q33478
CCZIHH60,4,3,http://www.wikidata.org/entity/Q318917
7YIBEE4N,1,0,http://www.wikidata.org/entity/Q531916
7YIBEE4N,1,1,http://www.wikidata.org/entity/Q2092093
7YIBEE4N,1,3,http://www.wikidata.org/entity/Q496576
7YIBEE4N,1,5,http://www.wikidata.org/entity/Q7313
7YIBEE4N,2,0,http://www.wikidata.org/entity/Q107802
7YIBEE4N,2,1,http://www.wikidata.org/entity/Q545449
7YIBEE4N,2,3,http://www.wikidata.org/entity/Q796
7YIBEE4N,2,5,http://www.wikidata.org/entity/Q30
7YIBEE4N,3,0,http://www.wikidata.org/entity/Q541369
7YIBEE4N,3,1,http://www.wikidata.org/entity/Q696817
7YIBEE4N,3,3,http://www.wikidata.org/entity/Q207991
7YIBEE4N,3,5,http://www.wikidata.org/entity/Q207991
7YIBEE4N,4,0,http://www.wikidata.org/entity/Q179250
7YIBEE4N,4,1,http://www.wikidata.org/entity/Q78994
7YIBEE4N,4,3,http://www.wikidata.org/entity/Q34266
7YIBEE4N,4,5,http://www.wikidata.org/entity/Q34266
AGK5U9MP,1,0,http://www.wikidata.org/entity/Q21594957
AGK5U9MP,1,1,http://www.wikidata.org/entity/Q19652
AGK5U9MP,2,0,http://www.wikidata.org/entity/Q21013240
AGK5U9MP,2,1,http://www.wikidata.org/entity/Q19652
AGK5U9MP,3,0,http://www.wikidata.org/entity/Q18424339
AGK5U9MP,3,1,http://www.wikidata.org/entity/Q19652
AGK5U9MP,4,0,http://www.wikidata.org/entity/Q18424337
AGK5U9MP,4,1,http://www.wikidata.org/entity/Q19652
AGK5U9MP,5,0,http://www.wikidata.org/entity/Q17167087
AGK5U9MP,5,1,http://www.wikidata.org/entity/Q19652
AGK5U9MP,6,0,http://www.wikidata.org/entity/Q16038709
AGK5U9MP,6,1,http://www.wikidata.org/entity/Q19652
AGK5U9MP,7,0,http://www.wikidata.org/entity/Q9247664
AGK5U9MP,7,1,http://www.wikidata.org/entity/Q19652
AGK5U9MP,8,0,http://www.wikidata.org/entity/Q9213727
AGK5U9MP,8,1,http://www.wikidata.org/entity/Q19652
AGK5U9MP,9,0,http://www.wikidata.org/entity/Q9019364
AGK5U9MP,9,1,http://www.wikidata.org/entity/Q19652
AGK5U9MP,10,0,http://www.wikidata.org/entity/Q7134393
AGK5U9MP,10,1,http://www.wikidata.org/entity/Q19652
AGK5U9MP,11,0,http://www.wikidata.org/entity/Q5189814
AGK5U9MP,11,1,http://www.wikidata.org/entity/Q19652
GF7BBQ5G,1,0,http://www.wikidata.org/entity/Q18845188
GF7BBQ5G,2,0,http://www.wikidata.org/entity/Q18845187
GF7BBQ5G,3,0,http://www.wikidata.org/entity/Q18845186
GF7BBQ5G,4,0,http://www.wikidata.org/entity/Q4504994
6LQU658T,1,0,http://www.wikidata.org/entity/Q202208
6LQU658T,1,1,http://www.wikidata.org/entity/Q602358
6LQU658T,1,2,http://www.wikidata.org/entity/Q482
6LQU658T,1,3,http://www.wikidata.org/entity/Q3958013
6LQU658T,2,0,http://www.wikidata.org/entity/Q47307
6LQU658T,2,1,http://www.wikidata.org/entity/Q602358
6LQU658T,2,2,http://www.wikidata.org/entity/Q80083
6LQU658T,2,3,http://www.wikidata.org/entity/Q2857712
6LQU658T,3,0,http://www.wikidata.org/entity/Q7163
6LQU658T,3,1,http://www.wikidata.org/entity/Q2041543
6LQU658T,3,2,http://www.wikidata.org/entity/Q1914636
6LQU658T,3,3,http://www.wikidata.org/entity/Q1156854
6LQU658T,4,0,http://www.wikidata.org/entity/Q35874
6LQU658T,4,1,http://www.wikidata.org/entity/Q602358
6LQU658T,4,2,http://www.wikidata.org/entity/Q9332
6LQU658T,4,3,http://www.wikidata.org/entity/Q170579
QXC02SYE,1,0,http://www.wikidata.org/entity/Q19361206
QXC02SYE,1,2,http://www.wikidata.org/entity/Q460872
QXC02SYE,1,3,http://www.wikidata.org/entity/Q23294076
QXC02SYE,1,4,http://www.wikidata.org/entity/Q18192726
QXC02SYE,2,0,http://www.wikidata.org/entity/Q15881445
QXC02SYE,2,2,http://www.wikidata.org/entity/Q219446
QXC02SYE,2,3,http://www.wikidata.org/entity/Q19361206
QXC02SYE,2,4,http://www.wikidata.org/entity/Q14979277
QXC02SYE,3,0,http://www.wikidata.org/entity/Q4503632
QXC02SYE,3,2,http://www.wikidata.org/entity/Q283851
QXC02SYE,3,3,http://www.wikidata.org/entity/Q15881445
QXC02SYE,3,4,http://www.wikidata.org/entity/Q1031504
QXC02SYE,4,0,http://www.wikidata.org/entity/Q665456
QXC02SYE,4,2,http://www.wikidata.org/entity/Q507896
QXC02SYE,4,3,http://www.wikidata.org/entity/Q689187
QXC02SYE,4,4,http://www.wikidata.org/entity/Q849092
R6A86BD3,1,0,http://www.wikidata.org/entity/Q776962
R6A86BD3,1,1,http://www.wikidata.org/entity/Q499313
R6A86BD3,1,2,http://www.wikidata.org/entity/Q200973
R6A86BD3,1,3,http://www.wikidata.org/entity/Q2436502
R6A86BD3,2,0,http://www.wikidata.org/entity/Q520906
R6A86BD3,2,1,http://www.wikidata.org/entity/Q1296
R6A86BD3,2,2,http://www.wikidata.org/entity/Q115797
R6A86BD3,2,3,http://www.wikidata.org/entity/Q2349229
R6A86BD3,3,0,http://www.wikidata.org/entity/Q667413
R6A86BD3,3,1,http://www.wikidata.org/entity/Q499313
R6A86BD3,3,2,http://www.wikidata.org/entity/Q259412
R6A86BD3,3,3,http://www.wikidata.org/entity/Q674847
R6A86BD3,4,0,http://www.wikidata.org/entity/Q57083619
R6A86BD3,4,1,http://www.wikidata.org/entity/Q499313
R6A86BD3,4,2,http://www.wikidata.org/entity/Q77352
R6A86BD3,4,3,http://www.wikidata.org/entity/Q82032696
E2BX6NEG,1,0,http://www.wikidata.org/entity/Q4028758
E2BX6NEG,1,1,http://www.wikidata.org/entity/Q362
E2BX6NEG,1,3,http://www.wikidata.org/entity/Q217406
E2BX6NEG,2,0,http://www.wikidata.org/entity/Q5033286
E2BX6NEG,2,1,http://www.wikidata.org/entity/Q361
E2BX6NEG,2,3,http://www.wikidata.org/entity/Q217406
E2BX6NEG,3,0,http://www.wikidata.org/entity/Q5033285
E2BX6NEG,3,1,http://www.wikidata.org/entity/Q361
E2BX6NEG,3,3,http://www.wikidata.org/entity/Q217406
E2BX6NEG,4,0,http://www.wikidata.org/entity/Q4644314
E2BX6NEG,4,1,http://www.wikidata.org/entity/Q361
E2BX6NEG,4,3,http://www.wikidata.org/entity/Q156649
GPBQCXHA,1,0,http://www.wikidata.org/entity/Q44440
GPBQCXHA,1,1,http://www.wikidata.org/entity/Q385378
GPBQCXHA,1,2,http://www.wikidata.org/entity/Q220032
GPBQCXHA,2,0,http://www.wikidata.org/entity/Q125006
GPBQCXHA,2,1,http://www.wikidata.org/entity/Q385378
GPBQCXHA,2,2,http://www.wikidata.org/entity/Q212862
GPBQCXHA,3,0,http://www.wikidata.org/entity/Q4484
GPBQCXHA,3,1,http://www.wikidata.org/entity/Q25906338
GPBQCXHA,3,2,http://www.wikidata.org/entity/Q35958
GPBQCXHA,4,0,http://www.wikidata.org/entity/Q130206
GPBQCXHA,4,1,http://www.wikidata.org/entity/Q30119692
GPBQCXHA,4,2,http://www.wikidata.org/entity/Q19686
1R22KN8J,1,0,http://www.wikidata.org/entity/Q1138183
1R22KN8J,1,1,http://www.wikidata.org/entity/Q30
1R22KN8J,1,2,http://www.wikidata.org/entity/Q174419
1R22KN8J,1,4,http://www.wikidata.org/entity/Q6247385
1R22KN8J,2,0,http://www.wikidata.org/entity/Q673296
1R22KN8J,2,1,http://www.wikidata.org/entity/Q38
1R22KN8J,2,2,http://www.wikidata.org/entity/Q54111
1R22KN8J,2,4,http://www.wikidata.org/entity/Q3972515
1R22KN8J,3,0,http://www.wikidata.org/entity/Q648483
1R22KN8J,3,1,http://www.wikidata.org/entity/Q34
1R22KN8J,3,2,http://www.wikidata.org/entity/Q34636
1R22KN8J,3,4,http://www.wikidata.org/entity/Q944344
1R22KN8J,4,0,http://www.wikidata.org/entity/Q940882
1R22KN8J,4,1,http://www.wikidata.org/entity/Q31
1R22KN8J,4,2,http://www.wikidata.org/entity/Q176483
1R22KN8J,4,4,http://www.wikidata.org/entity/Q719192
ILELACW7,1,0,http://www.wikidata.org/entity/Q2666133
ILELACW7,1,2,http://www.wikidata.org/entity/Q1386
ILELACW7,2,0,http://www.wikidata.org/entity/Q2620168
ILELACW7,2,2,http://www.wikidata.org/entity/Q1386
ILELACW7,3,0,http://www.wikidata.org/entity/Q2503314
ILELACW7,3,2,http://www.wikidata.org/entity/Q1386
ILELACW7,4,0,http://www.wikidata.org/entity/Q2418174
ILELACW7,4,2,http://www.wikidata.org/entity/Q1386
ILELACW7,5,0,http://www.wikidata.org/entity/Q2365252
ILELACW7,5,2,http://www.wikidata.org/entity/Q1386
W3J1DYAO,1,0,http://www.wikidata.org/entity/Q18882348
W3J1DYAO,2,0,http://www.wikidata.org/entity/Q18882347
W3J1DYAO,3,0,http://www.wikidata.org/entity/Q18882346
W3J1DYAO,4,0,http://www.wikidata.org/entity/Q18882345
K2FXFT7M,1,0,http://www.wikidata.org/entity/Q66362602
K2FXFT7M,1,1,http://www.wikidata.org/entity/Q17541465
K2FXFT7M,1,2,http://www.wikidata.org/entity/Q1756136
K2FXFT7M,1,3,http://www.wikidata.org/entity/Q4975851
K2FXFT7M,2,0,http://www.wikidata.org/entity/Q65760680
K2FXFT7M,2,1,http://www.wikidata.org/entity/Q17537358
K2FXFT7M,2,2,http://www.wikidata.org/entity/Q371752
K2FXFT7M,2,3,http://www.wikidata.org/entity/Q19722266
K2FXFT7M,3,0,http://www.wikidata.org/entity/Q65512468
K2FXFT7M,3,1,http://www.wikidata.org/entity/Q17533532
K2FXFT7M,3,2,http://www.wikidata.org/entity/Q229788
K2FXFT7M,3,3,http://www.wikidata.org/entity/Q9377857
K2FXFT7M,4,0,http://www.wikidata.org/entity/Q66050714
K2FXFT7M,4,1,http://www.wikidata.org/entity/Q17553457
K2FXFT7M,4,2,http://www.wikidata.org/entity/Q229788
K2FXFT7M,4,3,http://www.wikidata.org/entity/Q2802579
K2FXFT7M,5,0,http://www.wikidata.org/entity/Q65924659
K2FXFT7M,5,1,http://www.wikidata.org/entity/Q978120
K2FXFT7M,5,2,http://www.wikidata.org/entity/Q200674
K2FXFT7M,5,3,http://www.wikidata.org/entity/Q2323980
K2FXFT7M,6,0,http://www.wikidata.org/entity/Q65683073
K2FXFT7M,6,1,http://www.wikidata.org/entity/Q17540324
K2FXFT7M,6,2,http://www.wikidata.org/entity/Q1756136
K2FXFT7M,6,3,http://www.wikidata.org/entity/Q2015829
K2FXFT7M,7,0,http://www.wikidata.org/entity/Q65553021
K2FXFT7M,7,1,http://www.wikidata.org/entity/Q65553051
K2FXFT7M,7,2,http://www.wikidata.org/entity/Q229788
K2FXFT7M,7,3,http://www.wikidata.org/entity/Q643160
K2FXFT7M,8,0,http://www.wikidata.org/entity/Q62012065
K2FXFT7M,8,1,http://www.wikidata.org/entity/Q17530036
K2FXFT7M,8,2,http://www.wikidata.org/entity/Q200674
K2FXFT7M,8,3,http://www.wikidata.org/entity/Q3784238
K2FXFT7M,9,0,http://www.wikidata.org/entity/Q61827237
K2FXFT7M,9,1,http://www.wikidata.org/entity/Q17526804
K2FXFT7M,9,2,http://www.wikidata.org/entity/Q200674
K2FXFT7M,9,3,http://www.wikidata.org/entity/Q2492056
K2FXFT7M,10,0,http://www.wikidata.org/entity/Q62668869
K2FXFT7M,10,1,http://www.wikidata.org/entity/Q17547008
K2FXFT7M,10,2,http://www.wikidata.org/entity/Q200674
K2FXFT7M,10,3,http://www.wikidata.org/entity/Q2458749
K2FXFT7M,11,0,http://www.wikidata.org/entity/Q62076762
K2FXFT7M,11,1,http://www.wikidata.org/entity/Q1221024
K2FXFT7M,11,2,http://www.wikidata.org/entity/Q200674
K2FXFT7M,11,3,http://www.wikidata.org/entity/Q1924474
K2FXFT7M,12,0,http://www.wikidata.org/entity/Q62281158
K2FXFT7M,12,1,http://www.wikidata.org/entity/Q17555388
K2FXFT7M,12,2,http://www.wikidata.org/entity/Q200674
K2FXFT7M,12,3,http://www.wikidata.org/entity/Q1742192
ELNFT3CT,1,0,http://www.wikidata.org/entity/Q23709747
ELNFT3CT,1,1,http://www.wikidata.org/entity/Q840829
ELNFT3CT,1,2,http://www.wikidata.org/entity/Q38
ELNFT3CT,1,3,http://www.wikidata.org/entity/Q26971668
ELNFT3CT,2,0,http://www.wikidata.org/entity/Q28872363
ELNFT3CT,2,1,http://www.wikidata.org/entity/Q54111
ELNFT3CT,2,2,http://www.wikidata.org/entity/Q38
ELNFT3CT,2,3,http://www.wikidata.org/entity/Q26971668
ELNFT3CT,3,0,http://www.wikidata.org/entity/Q28711370
ELNFT3CT,3,1,http://www.wikidata.org/entity/Q930314
ELNFT3CT,3,2,http://www.wikidata.org/entity/Q29
ELNFT3CT,3,3,http://www.wikidata.org/entity/Q11910250
ELNFT3CT,4,0,http://www.wikidata.org/entity/Q65206865
ELNFT3CT,4,1,http://www.wikidata.org/entity/Q176483
ELNFT3CT,4,2,http://www.wikidata.org/entity/Q29
ELNFT3CT,4,3,http://www.wikidata.org/entity/Q28034408
GDLUZVZR,1,0,http://www.wikidata.org/entity/Q14291642
GDLUZVZR,1,1,http://www.wikidata.org/entity/Q197829
GDLUZVZR,1,2,http://www.wikidata.org/entity/Q6985
GDLUZVZR,1,3,http://www.wikidata.org/entity/Q14291640
GDLUZVZR,2,0,http://www.wikidata.org/entity/Q14237612
GDLUZVZR,2,1,http://www.wikidata.org/entity/Q1374551
GDLUZVZR,2,2,http://www.wikidata.org/entity/Q6985
GDLUZVZR,2,3,http://www.wikidata.org/entity/Q14237627
GDLUZVZR,3,0,http://www.wikidata.org/entity/Q14418550
GDLUZVZR,3,1,http://www.wikidata.org/entity/Q1023910
GDLUZVZR,3,2,http://www.wikidata.org/entity/Q6985
GDLUZVZR,3,3,http://www.wikidata.org/entity/Q14418572
GDLUZVZR,4,0,http://www.wikidata.org/entity/Q14480588
GDLUZVZR,4,1,http://www.wikidata.org/entity/Q1355288
GDLUZVZR,4,2,http://www.wikidata.org/entity/Q6985
GDLUZVZR,4,3,http://www.wikidata.org/entity/Q14480586
GDLUZVZR,5,0,http://www.wikidata.org/entity/Q13906232
GDLUZVZR,5,1,http://www.wikidata.org/entity/Q1196638
GDLUZVZR,5,2,http://www.wikidata.org/entity/Q6985
GDLUZVZR,5,3,http://www.wikidata.org/entity/Q13906231
GDLUZVZR,6,0,http://www.wikidata.org/entity/Q13903231
GDLUZVZR,6,1,http://www.wikidata.org/entity/Q1196616
GDLUZVZR,6,2,http://www.wikidata.org/entity/Q6985
GDLUZVZR,6,3,http://www.wikidata.org/entity/Q13903240
GDLUZVZR,7,0,http://www.wikidata.org/entity/Q14140876
GDLUZVZR,7,1,http://www.wikidata.org/entity/Q244211
GDLUZVZR,7,2,http://www.wikidata.org/entity/Q6985
GDLUZVZR,7,3,http://www.wikidata.org/entity/Q14140880
THLKSWNO,1,0,http://www.wikidata.org/entity/Q14044597
THLKSWNO,1,1,http://www.wikidata.org/entity/Q1354609
THLKSWNO,1,2,http://www.wikidata.org/entity/Q6985
THLKSWNO,1,3,http://www.wikidata.org/entity/Q14044604
THLKSWNO,2,0,http://www.wikidata.org/entity/Q14194502
THLKSWNO,2,1,http://www.wikidata.org/entity/Q748400
THLKSWNO,2,2,http://www.wikidata.org/entity/Q6985
THLKSWNO,2,3,http://www.wikidata.org/entity/Q14194555
THLKSWNO,3,0,http://www.wikidata.org/entity/Q14132543
THLKSWNO,3,1,http://www.wikidata.org/entity/Q911737
THLKSWNO,3,2,http://www.wikidata.org/entity/Q6985
THLKSWNO,3,3,http://www.wikidata.org/entity/Q14132542
THLKSWNO,4,0,http://www.wikidata.org/entity/Q13745545
THLKSWNO,4,1,http://www.wikidata.org/entity/Q677700
THLKSWNO,4,2,http://www.wikidata.org/entity/Q6985
THLKSWNO,4,3,http://www.wikidata.org/entity/Q13745541
THLKSWNO,5,0,http://www.wikidata.org/entity/Q11116235
THLKSWNO,5,1,http://www.wikidata.org/entity/Q540493
THLKSWNO,5,2,http://www.wikidata.org/entity/Q6985
THLKSWNO,5,3,http://www.wikidata.org/entity/Q14288018
THLKSWNO,6,0,http://www.wikidata.org/entity/Q11111211
THLKSWNO,6,1,http://www.wikidata.org/entity/Q1342211
THLKSWNO,6,2,http://www.wikidata.org/entity/Q6985
THLKSWNO,6,3,http://www.wikidata.org/entity/Q13746768
THLKSWNO,7,0,http://www.wikidata.org/entity/Q10923481
THLKSWNO,7,1,http://www.wikidata.org/entity/Q121911
THLKSWNO,7,2,http://www.wikidata.org/entity/Q6985
THLKSWNO,7,3,http://www.wikidata.org/entity/Q13664996
THLKSWNO,8,0,http://www.wikidata.org/entity/Q10895848
THLKSWNO,8,1,http://www.wikidata.org/entity/Q814826
THLKSWNO,8,2,http://www.wikidata.org/entity/Q6985
THLKSWNO,8,3,http://www.wikidata.org/entity/Q13801973
THLKSWNO,9,0,http://www.wikidata.org/entity/Q14038714
THLKSWNO,9,1,http://www.wikidata.org/entity/Q1023056
THLKSWNO,9,2,http://www.wikidata.org/entity/Q6985
THLKSWNO,9,3,http://www.wikidata.org/entity/Q29858902
THLKSWNO,10,0,http://www.wikidata.org/entity/Q13664949
THLKSWNO,10,1,http://www.wikidata.org/entity/Q121911
THLKSWNO,10,2,http://www.wikidata.org/entity/Q6985
THLKSWNO,10,3,http://www.wikidata.org/entity/Q13664947
THLKSWNO,11,0,http://www.wikidata.org/entity/Q10869668
THLKSWNO,11,1,http://www.wikidata.org/entity/Q1027319
THLKSWNO,11,2,http://www.wikidata.org/entity/Q6985
THLKSWNO,11,3,http://www.wikidata.org/entity/Q13718857
THLKSWNO,12,0,http://www.wikidata.org/entity/Q11098953
THLKSWNO,12,1,http://www.wikidata.org/entity/Q34761
THLKSWNO,12,2,http://www.wikidata.org/entity/Q6985
THLKSWNO,12,3,http://www.wikidata.org/entity/Q13920991
PVXEORUA,1,0,http://www.wikidata.org/entity/Q56479409
PVXEORUA,1,2,http://www.wikidata.org/entity/Q29
PVXEORUA,1,3,http://www.wikidata.org/entity/Q11910250
PVXEORUA,2,0,http://www.wikidata.org/entity/Q56451374
PVXEORUA,2,2,http://www.wikidata.org/entity/Q29
PVXEORUA,2,3,http://www.wikidata.org/entity/Q11910250
PVXEORUA,3,0,http://www.wikidata.org/entity/Q56401126
PVXEORUA,3,2,http://www.wikidata.org/entity/Q29
PVXEORUA,3,3,http://www.wikidata.org/entity/Q11910250
PVXEORUA,4,0,http://www.wikidata.org/entity/Q56100151
PVXEORUA,4,2,http://www.wikidata.org/entity/Q29
PVXEORUA,4,3,http://www.wikidata.org/entity/Q11910250
PVXEORUA,5,0,http://www.wikidata.org/entity/Q56099969
PVXEORUA,5,2,http://www.wikidata.org/entity/Q29
PVXEORUA,5,3,http://www.wikidata.org/entity/Q11910250
PVXEORUA,6,0,http://www.wikidata.org/entity/Q47188680
PVXEORUA,6,2,http://www.wikidata.org/entity/Q29
PVXEORUA,6,3,http://www.wikidata.org/entity/Q11910250
PVXEORUA,7,0,http://www.wikidata.org/entity/Q47185312
PVXEORUA,7,2,http://www.wikidata.org/entity/Q29
PVXEORUA,7,3,http://www.wikidata.org/entity/Q11910250
PVXEORUA,8,0,http://www.wikidata.org/entity/Q47182598
PVXEORUA,8,2,http://www.wikidata.org/entity/Q29
PVXEORUA,8,3,http://www.wikidata.org/entity/Q11910250
PVXEORUA,9,0,http://www.wikidata.org/entity/Q47182591
PVXEORUA,9,2,http://www.wikidata.org/entity/Q29
PVXEORUA,9,3,http://www.wikidata.org/entity/Q11910250
PVXEORUA,10,0,http://www.wikidata.org/entity/Q47182572
PVXEORUA,10,2,http://www.wikidata.org/entity/Q29
PVXEORUA,10,3,http://www.wikidata.org/entity/Q11910250
PVXEORUA,11,0,http://www.wikidata.org/entity/Q47182549
PVXEORUA,11,2,http://www.wikidata.org/entity/Q29
PVXEORUA,11,3,http://www.wikidata.org/entity/Q11910250
PVXEORUA,12,0,http://www.wikidata.org/entity/Q47182544
PVXEORUA,12,2,http://www.wikidata.org/entity/Q29
PVXEORUA,12,3,http://www.wikidata.org/entity/Q11910250
PVXEORUA,13,0,http://www.wikidata.org/entity/Q47182542
PVXEORUA,13,2,http://www.wikidata.org/entity/Q29
PVXEORUA,13,3,http://www.wikidata.org/entity/Q11910250
PVXEORUA,14,0,http://www.wikidata.org/entity/Q47182522
PVXEORUA,14,2,http://www.wikidata.org/entity/Q29
PVXEORUA,14,3,http://www.wikidata.org/entity/Q11910250
PVXEORUA,15,0,http://www.wikidata.org/entity/Q47182436
PVXEORUA,15,2,http://www.wikidata.org/entity/Q29
PVXEORUA,15,3,http://www.wikidata.org/entity/Q11910250
7FOUJXZ4,1,0,http://www.wikidata.org/entity/Q959517
7FOUJXZ4,1,1,http://www.wikidata.org/entity/Q888839
7FOUJXZ4,1,3,http://www.wikidata.org/entity/Q1158034
7FOUJXZ4,1,4,http://www.wikidata.org/entity/Q6655
7FOUJXZ4,2,0,http://www.wikidata.org/entity/Q865808
7FOUJXZ4,2,1,http://www.wikidata.org/entity/Q888839
7FOUJXZ4,2,3,http://www.wikidata.org/entity/Q1158034
7FOUJXZ4,2,4,http://www.wikidata.org/entity/Q6655
7FOUJXZ4,3,0,http://www.wikidata.org/entity/Q894535
7FOUJXZ4,3,1,http://www.wikidata.org/entity/Q15713714
7FOUJXZ4,3,3,http://www.wikidata.org/entity/Q125309
7FOUJXZ4,3,4,http://www.wikidata.org/entity/Q6655
7FOUJXZ4,4,0,http://www.wikidata.org/entity/Q793407
7FOUJXZ4,4,1,http://www.wikidata.org/entity/Q15713671
7FOUJXZ4,4,3,http://www.wikidata.org/entity/Q3542
7FOUJXZ4,4,4,http://www.wikidata.org/entity/Q6655
7FOUJXZ4,5,0,http://www.wikidata.org/entity/Q806799
7FOUJXZ4,5,1,http://www.wikidata.org/entity/Q15713663
7FOUJXZ4,5,3,http://www.wikidata.org/entity/Q3542
7FOUJXZ4,5,4,http://www.wikidata.org/entity/Q6655
7FOUJXZ4,6,0,http://www.wikidata.org/entity/Q614706
7FOUJXZ4,6,1,http://www.wikidata.org/entity/Q1538697
7FOUJXZ4,6,3,http://www.wikidata.org/entity/Q3542
7FOUJXZ4,6,4,http://www.wikidata.org/entity/Q6655
7FOUJXZ4,7,0,http://www.wikidata.org/entity/Q786111
7FOUJXZ4,7,1,http://www.wikidata.org/entity/Q1538673
7FOUJXZ4,7,3,http://www.wikidata.org/entity/Q3542
7FOUJXZ4,7,4,http://www.wikidata.org/entity/Q6655
7FOUJXZ4,8,0,http://www.wikidata.org/entity/Q542647
7FOUJXZ4,8,1,http://www.wikidata.org/entity/Q1538673
7FOUJXZ4,8,3,http://www.wikidata.org/entity/Q3542
7FOUJXZ4,8,4,http://www.wikidata.org/entity/Q6655
7FOUJXZ4,9,0,http://www.wikidata.org/entity/Q766896
7FOUJXZ4,9,1,http://www.wikidata.org/entity/Q912246
7FOUJXZ4,9,3,http://www.wikidata.org/entity/Q3542
7FOUJXZ4,9,4,http://www.wikidata.org/entity/Q6655
7FOUJXZ4,10,0,http://www.wikidata.org/entity/Q956125
7FOUJXZ4,10,1,http://www.wikidata.org/entity/Q667343
7FOUJXZ4,10,3,http://www.wikidata.org/entity/Q3542
7FOUJXZ4,10,4,http://www.wikidata.org/entity/Q6655
7FOUJXZ4,11,0,http://www.wikidata.org/entity/Q878809
7FOUJXZ4,11,1,http://www.wikidata.org/entity/Q667343
7FOUJXZ4,11,3,http://www.wikidata.org/entity/Q3542
7FOUJXZ4,11,4,http://www.wikidata.org/entity/Q6655
7FOUJXZ4,12,0,http://www.wikidata.org/entity/Q1784869
7FOUJXZ4,12,1,http://www.wikidata.org/entity/Q15713703
7FOUJXZ4,12,3,http://www.wikidata.org/entity/Q3012474
7FOUJXZ4,12,4,http://www.wikidata.org/entity/Q6655
7FOUJXZ4,13,0,http://www.wikidata.org/entity/Q2303966
7FOUJXZ4,13,1,http://www.wikidata.org/entity/Q912641
7FOUJXZ4,13,3,http://www.wikidata.org/entity/Q3012474
7FOUJXZ4,13,4,http://www.wikidata.org/entity/Q6655
7FOUJXZ4,14,0,http://www.wikidata.org/entity/Q1908062
7FOUJXZ4,14,1,http://www.wikidata.org/entity/Q912641
7FOUJXZ4,14,3,http://www.wikidata.org/entity/Q3012474
7FOUJXZ4,14,4,http://www.wikidata.org/entity/Q6655
5919T9LP,1,0,http://www.wikidata.org/entity/Q56255785
5919T9LP,1,2,http://www.wikidata.org/entity/Q183
5919T9LP,1,3,http://www.wikidata.org/entity/Q432286
5919T9LP,2,0,http://www.wikidata.org/entity/Q811994
5919T9LP,2,2,http://www.wikidata.org/entity/Q183
5919T9LP,2,3,http://www.wikidata.org/entity/Q372317
5919T9LP,3,0,http://www.wikidata.org/entity/Q1346236
5919T9LP,3,2,http://www.wikidata.org/entity/Q159
5919T9LP,3,3,http://www.wikidata.org/entity/Q273462
5919T9LP,4,0,http://www.wikidata.org/entity/Q16629443
5919T9LP,4,2,http://www.wikidata.org/entity/Q739
5919T9LP,4,3,http://www.wikidata.org/entity/Q201785
5919T9LP,5,0,http://www.wikidata.org/entity/Q12125952
5919T9LP,5,2,http://www.wikidata.org/entity/Q869
5919T9LP,5,3,http://www.wikidata.org/entity/Q194316
5919T9LP,6,0,http://www.wikidata.org/entity/Q508417
5919T9LP,6,2,http://www.wikidata.org/entity/Q183
5919T9LP,6,3,http://www.wikidata.org/entity/Q170169
R2OAWPSQ,1,0,http://www.wikidata.org/entity/Q13823385
R2OAWPSQ,1,1,http://www.wikidata.org/entity/Q585
R2OAWPSQ,1,2,http://www.wikidata.org/entity/Q4770808
R2OAWPSQ,1,3,http://www.wikidata.org/entity/Q13847488
R2OAWPSQ,2,0,http://www.wikidata.org/entity/Q38805995
R2OAWPSQ,2,1,http://www.wikidata.org/entity/Q65
R2OAWPSQ,2,2,http://www.wikidata.org/entity/Q1588658
R2OAWPSQ,2,3,http://www.wikidata.org/entity/Q7342642
R2OAWPSQ,3,0,http://www.wikidata.org/entity/Q9035311
R2OAWPSQ,3,1,http://www.wikidata.org/entity/Q3306
R2OAWPSQ,3,2,http://www.wikidata.org/entity/Q1589009
R2OAWPSQ,3,3,http://www.wikidata.org/entity/Q6099627
R2OAWPSQ,4,0,http://www.wikidata.org/entity/Q6374625
R2OAWPSQ,4,1,http://www.wikidata.org/entity/Q2051730
R2OAWPSQ,4,2,http://www.wikidata.org/entity/Q1588658
R2OAWPSQ,4,3,http://www.wikidata.org/entity/Q30177794
R2OAWPSQ,5,0,http://www.wikidata.org/entity/Q5194247
R2OAWPSQ,5,1,http://www.wikidata.org/entity/Q61
R2OAWPSQ,5,2,http://www.wikidata.org/entity/Q149789
R2OAWPSQ,5,3,http://www.wikidata.org/entity/Q6272866
R2OAWPSQ,6,0,http://www.wikidata.org/entity/Q5130347
R2OAWPSQ,6,1,http://www.wikidata.org/entity/Q1852577
R2OAWPSQ,6,2,http://www.wikidata.org/entity/Q728646
R2OAWPSQ,6,3,http://www.wikidata.org/entity/Q5542882
INEQZIOQ,1,0,http://www.wikidata.org/entity/Q4794927
INEQZIOQ,1,1,http://www.wikidata.org/entity/Q61
INEQZIOQ,1,2,http://www.wikidata.org/entity/Q1588658
INEQZIOQ,1,3,http://www.wikidata.org/entity/Q318143
INEQZIOQ,2,0,http://www.wikidata.org/entity/Q2351312
INEQZIOQ,2,1,http://www.wikidata.org/entity/Q33935
INEQZIOQ,2,2,http://www.wikidata.org/entity/Q646164
INEQZIOQ,2,3,http://www.wikidata.org/entity/Q188386
INEQZIOQ,3,0,http://www.wikidata.org/entity/Q61714954
INEQZIOQ,3,1,http://www.wikidata.org/entity/Q1492
INEQZIOQ,3,2,http://www.wikidata.org/entity/Q18624259
INEQZIOQ,3,3,http://www.wikidata.org/entity/Q61413161
INEQZIOQ,4,0,http://www.wikidata.org/entity/Q56117902
INEQZIOQ,4,1,http://www.wikidata.org/entity/Q1085
INEQZIOQ,4,2,http://www.wikidata.org/entity/Q15646299
INEQZIOQ,4,3,http://www.wikidata.org/entity/Q27974702
P5MMWUXH,1,0,http://www.wikidata.org/entity/Q184152
P5MMWUXH,1,1,http://www.wikidata.org/entity/Q2066
P5MMWUXH,1,2,http://www.wikidata.org/entity/Q48204
P5MMWUXH,1,3,http://www.wikidata.org/entity/Q1206012
P5MMWUXH,2,0,http://www.wikidata.org/entity/Q1516174
P5MMWUXH,2,1,http://www.wikidata.org/entity/Q2904
P5MMWUXH,2,2,http://www.wikidata.org/entity/Q9299236
P5MMWUXH,2,3,http://www.wikidata.org/entity/Q183
P5MMWUXH,3,0,http://www.wikidata.org/entity/Q1009131
P5MMWUXH,3,1,http://www.wikidata.org/entity/Q64
P5MMWUXH,3,2,http://www.wikidata.org/entity/Q9299236
P5MMWUXH,3,3,http://www.wikidata.org/entity/Q183
P5MMWUXH,4,0,http://www.wikidata.org/entity/Q563359
P5MMWUXH,4,1,http://www.wikidata.org/entity/Q64
P5MMWUXH,4,2,http://www.wikidata.org/entity/Q9299236
P5MMWUXH,4,3,http://www.wikidata.org/entity/Q183
P5MMWUXH,5,0,http://www.wikidata.org/entity/Q2574590
P5MMWUXH,5,1,http://www.wikidata.org/entity/Q36600
P5MMWUXH,5,2,http://www.wikidata.org/entity/Q64686674
P5MMWUXH,5,3,http://www.wikidata.org/entity/Q55
V541ETWU,1,0,http://www.wikidata.org/entity/Q13415415
V541ETWU,1,1,http://www.wikidata.org/entity/Q295212
V541ETWU,1,3,http://www.wikidata.org/entity/Q10908333
V541ETWU,2,0,http://www.wikidata.org/entity/Q15933276
V541ETWU,2,1,http://www.wikidata.org/entity/Q312557
V541ETWU,2,3,http://www.wikidata.org/entity/Q8563352
V541ETWU,3,0,http://www.wikidata.org/entity/Q5121220
V541ETWU,3,1,http://www.wikidata.org/entity/Q299152
V541ETWU,3,3,http://www.wikidata.org/entity/Q7944914
V541ETWU,4,0,http://www.wikidata.org/entity/Q7286211
V541ETWU,4,1,http://www.wikidata.org/entity/Q334851
V541ETWU,4,3,http://www.wikidata.org/entity/Q7784879
V541ETWU,5,0,http://www.wikidata.org/entity/Q7906170
V541ETWU,5,1,http://www.wikidata.org/entity/Q297950
V541ETWU,5,3,http://www.wikidata.org/entity/Q7286211
V541ETWU,6,0,http://www.wikidata.org/entity/Q15933364
V541ETWU,6,1,http://www.wikidata.org/entity/Q336913
V541ETWU,6,3,http://www.wikidata.org/entity/Q7240400
V541ETWU,7,0,http://www.wikidata.org/entity/Q15927429
V541ETWU,7,1,http://www.wikidata.org/entity/Q472323
V541ETWU,7,3,http://www.wikidata.org/entity/Q6167788
V541ETWU,8,0,http://www.wikidata.org/entity/Q5589384
V541ETWU,8,1,http://www.wikidata.org/entity/Q269412
V541ETWU,8,3,http://www.wikidata.org/entity/Q5589383
V541ETWU,9,0,http://www.wikidata.org/entity/Q5589379
V541ETWU,9,1,http://www.wikidata.org/entity/Q269412
V541ETWU,9,3,http://www.wikidata.org/entity/Q5589376
V541ETWU,10,0,http://www.wikidata.org/entity/Q5589365
V541ETWU,10,1,http://www.wikidata.org/entity/Q310994
V541ETWU,10,3,http://www.wikidata.org/entity/Q5589363
V541ETWU,11,0,http://www.wikidata.org/entity/Q5589351
V541ETWU,11,1,http://www.wikidata.org/entity/Q327203
V541ETWU,11,3,http://www.wikidata.org/entity/Q5589349
V541ETWU,12,0,http://www.wikidata.org/entity/Q15927703
V541ETWU,12,1,http://www.wikidata.org/entity/Q332157
V541ETWU,12,3,http://www.wikidata.org/entity/Q5454047
V541ETWU,13,0,http://www.wikidata.org/entity/Q7916612
V541ETWU,13,1,http://www.wikidata.org/entity/Q299152
V541ETWU,13,3,http://www.wikidata.org/entity/Q5121220
3CJD4CV6,1,0,http://www.wikidata.org/entity/Q2695937
3CJD4CV6,1,2,http://www.wikidata.org/entity/Q1096
3CJD4CV6,2,0,http://www.wikidata.org/entity/Q2678872
3CJD4CV6,2,2,http://www.wikidata.org/entity/Q1096
3CJD4CV6,3,0,http://www.wikidata.org/entity/Q2648599
3CJD4CV6,3,2,http://www.wikidata.org/entity/Q1096
3CJD4CV6,4,0,http://www.wikidata.org/entity/Q2533714
3CJD4CV6,4,2,http://www.wikidata.org/entity/Q1096
73R44ENG,1,0,http://www.wikidata.org/entity/Q79380090
73R44ENG,1,1,http://www.wikidata.org/entity/Q7291
73R44ENG,1,2,http://www.wikidata.org/entity/Q79380089
73R44ENG,2,0,http://www.wikidata.org/entity/Q79380089
73R44ENG,2,1,http://www.wikidata.org/entity/Q7291
73R44ENG,2,2,http://www.wikidata.org/entity/Q79380088
73R44ENG,3,0,http://www.wikidata.org/entity/Q79380088
73R44ENG,3,1,http://www.wikidata.org/entity/Q7291
73R44ENG,3,2,http://www.wikidata.org/entity/Q79380087
73R44ENG,4,0,http://www.wikidata.org/entity/Q79380087
73R44ENG,4,1,http://www.wikidata.org/entity/Q7291
73R44ENG,4,2,http://www.wikidata.org/entity/Q79380086
73R44ENG,5,0,http://www.wikidata.org/entity/Q79380086
73R44ENG,5,1,http://www.wikidata.org/entity/Q7291
73R44ENG,5,2,http://www.wikidata.org/entity/Q79380085
73R44ENG,6,0,http://www.wikidata.org/entity/Q79380085
73R44ENG,6,1,http://www.wikidata.org/entity/Q7291
73R44ENG,6,2,http://www.wikidata.org/entity/Q79380084
73R44ENG,7,0,http://www.wikidata.org/entity/Q79380084
73R44ENG,7,1,http://www.wikidata.org/entity/Q7291
73R44ENG,7,2,http://www.wikidata.org/entity/Q79380083
73R44ENG,8,0,http://www.wikidata.org/entity/Q79380083
73R44ENG,8,1,http://www.wikidata.org/entity/Q7291
73R44ENG,8,2,http://www.wikidata.org/entity/Q79380082
GOO3CZIP,1,0,http://www.wikidata.org/entity/Q32252090
GOO3CZIP,1,1,http://www.wikidata.org/entity/Q103686
GOO3CZIP,1,2,http://www.wikidata.org/entity/Q34
GOO3CZIP,2,0,http://www.wikidata.org/entity/Q32245301
GOO3CZIP,2,1,http://www.wikidata.org/entity/Q103686
GOO3CZIP,2,2,http://www.wikidata.org/entity/Q34
GOO3CZIP,3,0,http://www.wikidata.org/entity/Q32227577
GOO3CZIP,3,1,http://www.wikidata.org/entity/Q103686
GOO3CZIP,3,2,http://www.wikidata.org/entity/Q34
GOO3CZIP,4,0,http://www.wikidata.org/entity/Q32223920
GOO3CZIP,4,1,http://www.wikidata.org/entity/Q103686
GOO3CZIP,4,2,http://www.wikidata.org/entity/Q34
GOO3CZIP,5,0,http://www.wikidata.org/entity/Q32220805
GOO3CZIP,5,1,http://www.wikidata.org/entity/Q103686
GOO3CZIP,5,2,http://www.wikidata.org/entity/Q34
GOO3CZIP,6,0,http://www.wikidata.org/entity/Q32270653
GOO3CZIP,6,1,http://www.wikidata.org/entity/Q103679
GOO3CZIP,6,2,http://www.wikidata.org/entity/Q34
GOO3CZIP,7,0,http://www.wikidata.org/entity/Q32254651
GOO3CZIP,7,1,http://www.wikidata.org/entity/Q103679
GOO3CZIP,7,2,http://www.wikidata.org/entity/Q34
NHNYY048,1,0,http://www.wikidata.org/entity/Q14030
NHNYY048,1,2,http://www.wikidata.org/entity/Q10578
NHNYY048,2,0,http://www.wikidata.org/entity/Q195556
NHNYY048,2,2,http://www.wikidata.org/entity/Q10525
NHNYY048,3,0,http://www.wikidata.org/entity/Q495791
NHNYY048,3,2,http://www.wikidata.org/entity/Q10498
NHNYY048,4,0,http://www.wikidata.org/entity/Q584728
NHNYY048,4,2,http://www.wikidata.org/entity/Q10486
NHNYY048,5,0,http://www.wikidata.org/entity/Q27994
NHNYY048,5,2,http://www.wikidata.org/entity/Q10464
NHNYY048,6,0,http://www.wikidata.org/entity/Q1653354
NHNYY048,6,2,http://www.wikidata.org/entity/Q10452
NHNYY048,7,0,http://www.wikidata.org/entity/Q1117276
NHNYY048,7,2,http://www.wikidata.org/entity/Q10452
NHNYY048,8,0,http://www.wikidata.org/entity/Q842507
NHNYY048,8,2,http://www.wikidata.org/entity/Q10452
NHNYY048,9,0,http://www.wikidata.org/entity/Q1045395
NHNYY048,9,2,http://www.wikidata.org/entity/Q10433
NHNYY048,10,0,http://www.wikidata.org/entity/Q1042241
NHNYY048,10,2,http://www.wikidata.org/entity/Q10433
NHNYY048,11,0,http://www.wikidata.org/entity/Q3682565
NHNYY048,11,2,http://www.wikidata.org/entity/Q10406
NHNYY048,12,0,http://www.wikidata.org/entity/Q487221
NHNYY048,12,2,http://www.wikidata.org/entity/Q9286
NHNYY048,13,0,http://www.wikidata.org/entity/Q1116262
NHNYY048,13,2,http://www.wikidata.org/entity/Q9285
NHNYY048,14,0,http://www.wikidata.org/entity/Q1114343
NHNYY048,14,2,http://www.wikidata.org/entity/Q9285
NHNYY048,15,0,http://www.wikidata.org/entity/Q1113830
NHNYY048,15,2,http://www.wikidata.org/entity/Q9285
Q23T3NU7,1,0,http://www.wikidata.org/entity/Q1112169
Q23T3NU7,1,2,http://www.wikidata.org/entity/Q9285
Q23T3NU7,2,0,http://www.wikidata.org/entity/Q14026
Q23T3NU7,2,2,http://www.wikidata.org/entity/Q8918
Q23T3NU7,3,0,http://www.wikidata.org/entity/Q4751
Q23T3NU7,3,2,http://www.wikidata.org/entity/Q8918
Q23T3NU7,4,0,http://www.wikidata.org/entity/Q502000
Q23T3NU7,4,2,http://www.wikidata.org/entity/Q8906
FDETFQ48,1,0,http://www.wikidata.org/entity/Q1364115
FDETFQ48,1,2,http://www.wikidata.org/entity/Q35581
FDETFQ48,1,3,http://www.wikidata.org/entity/Q164338
FDETFQ48,2,0,http://www.wikidata.org/entity/Q357597
FDETFQ48,2,2,http://www.wikidata.org/entity/Q667
FDETFQ48,2,3,http://www.wikidata.org/entity/Q15905619
FDETFQ48,3,0,http://www.wikidata.org/entity/Q1523585
FDETFQ48,3,2,http://www.wikidata.org/entity/Q473903
FDETFQ48,3,3,http://www.wikidata.org/entity/Q1205604
FDETFQ48,4,0,http://www.wikidata.org/entity/Q884702
FDETFQ48,4,2,http://www.wikidata.org/entity/Q2109396
FDETFQ48,4,3,http://www.wikidata.org/entity/Q875870
XFFM4IQU,1,0,http://www.wikidata.org/entity/Q1688046
XFFM4IQU,1,1,http://www.wikidata.org/entity/Q916195
XFFM4IQU,1,2,http://www.wikidata.org/entity/Q213
XFFM4IQU,1,3,http://www.wikidata.org/entity/Q146351
XFFM4IQU,2,0,http://www.wikidata.org/entity/Q515059
XFFM4IQU,2,1,http://www.wikidata.org/entity/Q1321468
XFFM4IQU,2,2,http://www.wikidata.org/entity/Q30
XFFM4IQU,2,3,http://www.wikidata.org/entity/Q61363
XFFM4IQU,3,0,http://www.wikidata.org/entity/Q2372442
XFFM4IQU,3,1,http://www.wikidata.org/entity/Q80389
XFFM4IQU,3,2,http://www.wikidata.org/entity/Q159
XFFM4IQU,3,3,http://www.wikidata.org/entity/Q7797
XFFM4IQU,4,0,http://www.wikidata.org/entity/Q1494979
XFFM4IQU,4,1,http://www.wikidata.org/entity/Q20204287
XFFM4IQU,4,2,http://www.wikidata.org/entity/Q183
XFFM4IQU,4,3,http://www.wikidata.org/entity/Q6087
N6QLQASK,1,0,http://www.wikidata.org/entity/Q1472533
N6QLQASK,1,2,http://www.wikidata.org/entity/Q1770965
N6QLQASK,1,3,http://www.wikidata.org/entity/Q13298
N6QLQASK,2,0,http://www.wikidata.org/entity/Q1440470
N6QLQASK,2,2,http://www.wikidata.org/entity/Q18224
N6QLQASK,2,3,http://www.wikidata.org/entity/Q12892
N6QLQASK,3,0,http://www.wikidata.org/entity/Q1382191
N6QLQASK,3,2,http://www.wikidata.org/entity/Q897024
N6QLQASK,3,3,http://www.wikidata.org/entity/Q2079
N6QLQASK,4,0,http://www.wikidata.org/entity/Q1351775
N6QLQASK,4,2,http://www.wikidata.org/entity/Q660770
N6QLQASK,4,3,http://www.wikidata.org/entity/Q891
N6QLQASK,5,0,http://www.wikidata.org/entity/Q1327441
N6QLQASK,5,2,http://www.wikidata.org/entity/Q660770
N6QLQASK,5,3,http://www.wikidata.org/entity/Q656
HFAFEKZH,1,0,http://www.wikidata.org/entity/Q57165824
HFAFEKZH,1,1,http://www.wikidata.org/entity/Q52386025
HFAFEKZH,1,2,http://www.wikidata.org/entity/Q3609
HFAFEKZH,1,3,http://www.wikidata.org/entity/Q277582
HFAFEKZH,2,0,http://www.wikidata.org/entity/Q18890259
HFAFEKZH,2,1,http://www.wikidata.org/entity/Q17420039
HFAFEKZH,2,2,http://www.wikidata.org/entity/Q3609
HFAFEKZH,2,3,http://www.wikidata.org/entity/Q259412
HFAFEKZH,3,0,http://www.wikidata.org/entity/Q17420039
HFAFEKZH,3,1,http://www.wikidata.org/entity/Q11270941
HFAFEKZH,3,2,http://www.wikidata.org/entity/Q3609
HFAFEKZH,3,3,http://www.wikidata.org/entity/Q169109
HFAFEKZH,4,0,http://www.wikidata.org/entity/Q2269704
HFAFEKZH,4,1,http://www.wikidata.org/entity/Q1813483
HFAFEKZH,4,2,http://www.wikidata.org/entity/Q3609
HFAFEKZH,4,3,http://www.wikidata.org/entity/Q164090
MAS4BVHG,1,0,http://www.wikidata.org/entity/Q17390158
MAS4BVHG,1,1,http://www.wikidata.org/entity/Q45
MAS4BVHG,1,2,http://www.wikidata.org/entity/Q908411
MAS4BVHG,1,3,http://www.wikidata.org/entity/Q369692
MAS4BVHG,2,0,http://www.wikidata.org/entity/Q17390154
MAS4BVHG,2,1,http://www.wikidata.org/entity/Q45
MAS4BVHG,2,2,http://www.wikidata.org/entity/Q15697324
MAS4BVHG,2,3,http://www.wikidata.org/entity/Q188650
MAS4BVHG,3,0,http://www.wikidata.org/entity/Q17390127
MAS4BVHG,3,1,http://www.wikidata.org/entity/Q45
MAS4BVHG,3,2,http://www.wikidata.org/entity/Q908411
MAS4BVHG,3,3,http://www.wikidata.org/entity/Q168252
MAS4BVHG,4,0,http://www.wikidata.org/entity/Q17390120
MAS4BVHG,4,1,http://www.wikidata.org/entity/Q45
MAS4BVHG,4,2,http://www.wikidata.org/entity/Q15697324
MAS4BVHG,4,3,http://www.wikidata.org/entity/Q111485
MAS4BVHG,5,0,http://www.wikidata.org/entity/Q29358922
MAS4BVHG,5,1,http://www.wikidata.org/entity/Q34
MAS4BVHG,5,2,http://www.wikidata.org/entity/Q21287602
MAS4BVHG,5,3,http://www.wikidata.org/entity/Q10602691
MAS4BVHG,6,0,http://www.wikidata.org/entity/Q42851906
MAS4BVHG,6,1,http://www.wikidata.org/entity/Q213
MAS4BVHG,6,2,http://www.wikidata.org/entity/Q385405
MAS4BVHG,6,3,http://www.wikidata.org/entity/Q7962666
MAS4BVHG,7,0,http://www.wikidata.org/entity/Q9706875
MAS4BVHG,7,1,http://www.wikidata.org/entity/Q45
MAS4BVHG,7,2,http://www.wikidata.org/entity/Q66733014
MAS4BVHG,7,3,http://www.wikidata.org/entity/Q1916624
MAS4BVHG,8,0,http://www.wikidata.org/entity/Q10276240
MAS4BVHG,8,1,http://www.wikidata.org/entity/Q45
MAS4BVHG,8,2,http://www.wikidata.org/entity/Q15697324
MAS4BVHG,8,3,http://www.wikidata.org/entity/Q1801302
MAS4BVHG,9,0,http://www.wikidata.org/entity/Q9706886
MAS4BVHG,9,1,http://www.wikidata.org/entity/Q45
MAS4BVHG,9,2,http://www.wikidata.org/entity/Q66733014
MAS4BVHG,9,3,http://www.wikidata.org/entity/Q1413950
MAS4BVHG,10,0,http://www.wikidata.org/entity/Q9671239
MAS4BVHG,10,1,http://www.wikidata.org/entity/Q45
MAS4BVHG,10,2,http://www.wikidata.org/entity/Q15697324
MAS4BVHG,10,3,http://www.wikidata.org/entity/Q799398
MAS4BVHG,11,0,http://www.wikidata.org/entity/Q10276236
MAS4BVHG,11,1,http://www.wikidata.org/entity/Q45
MAS4BVHG,11,2,http://www.wikidata.org/entity/Q908411
MAS4BVHG,11,3,http://www.wikidata.org/entity/Q687504
MAS4BVHG,12,0,http://www.wikidata.org/entity/Q9706879
MAS4BVHG,12,1,http://www.wikidata.org/entity/Q45
MAS4BVHG,12,2,http://www.wikidata.org/entity/Q15697324
MAS4BVHG,12,3,http://www.wikidata.org/entity/Q369692
MAS4BVHG,13,0,http://www.wikidata.org/entity/Q9706881
MAS4BVHG,13,1,http://www.wikidata.org/entity/Q45
MAS4BVHG,13,2,http://www.wikidata.org/entity/Q54163210
MAS4BVHG,13,3,http://www.wikidata.org/entity/Q154072
MAS4BVHG,14,0,http://www.wikidata.org/entity/Q10333261
MAS4BVHG,14,1,http://www.wikidata.org/entity/Q45
MAS4BVHG,14,2,http://www.wikidata.org/entity/Q15697324
MAS4BVHG,14,3,http://www.wikidata.org/entity/Q64284
MAS4BVHG,15,0,http://www.wikidata.org/entity/Q1011625
MAS4BVHG,15,1,http://www.wikidata.org/entity/Q34
MAS4BVHG,15,2,http://www.wikidata.org/entity/Q21287602
MAS4BVHG,15,3,http://www.wikidata.org/entity/Q10509790
6VA5GW8C,1,0,http://www.wikidata.org/entity/Q30015850
6VA5GW8C,1,1,http://www.wikidata.org/entity/Q3308663
6VA5GW8C,1,2,http://www.wikidata.org/entity/Q7703955
6VA5GW8C,1,3,http://www.wikidata.org/entity/Q21525592
6VA5GW8C,2,0,http://www.wikidata.org/entity/Q24561572
6VA5GW8C,2,1,http://www.wikidata.org/entity/Q739882
6VA5GW8C,2,2,http://www.wikidata.org/entity/Q583261
6VA5GW8C,2,3,http://www.wikidata.org/entity/Q49233
6VA5GW8C,3,0,http://www.wikidata.org/entity/Q25893254
6VA5GW8C,3,1,http://www.wikidata.org/entity/Q12796
6VA5GW8C,3,2,http://www.wikidata.org/entity/Q21024818
6VA5GW8C,3,3,http://www.wikidata.org/entity/Q33959
6VA5GW8C,4,0,http://www.wikidata.org/entity/Q55239340
6VA5GW8C,4,1,http://www.wikidata.org/entity/Q486396
6VA5GW8C,4,2,http://www.wikidata.org/entity/Q4560881
6VA5GW8C,4,3,http://www.wikidata.org/entity/Q28271
7T9VG6I0,1,0,http://www.wikidata.org/entity/Q21426043
7T9VG6I0,1,1,http://www.wikidata.org/entity/Q53953145
7T9VG6I0,1,3,http://www.wikidata.org/entity/Q57554463
7T9VG6I0,2,0,http://www.wikidata.org/entity/Q56217052
7T9VG6I0,2,1,http://www.wikidata.org/entity/Q1602721
7T9VG6I0,2,3,http://www.wikidata.org/entity/Q67131062
7T9VG6I0,3,0,http://www.wikidata.org/entity/Q56217018
7T9VG6I0,3,1,http://www.wikidata.org/entity/Q1602721
7T9VG6I0,3,3,http://www.wikidata.org/entity/Q67131062
7T9VG6I0,4,0,http://www.wikidata.org/entity/Q26128041
7T9VG6I0,4,1,http://www.wikidata.org/entity/Q1444502
7T9VG6I0,4,3,http://www.wikidata.org/entity/Q60668698
7T9VG6I0,5,0,http://www.wikidata.org/entity/Q16320459
7T9VG6I0,5,1,http://www.wikidata.org/entity/Q826070
7T9VG6I0,5,3,http://www.wikidata.org/entity/Q36254050
7T9VG6I0,6,0,http://www.wikidata.org/entity/Q16320427
7T9VG6I0,6,1,http://www.wikidata.org/entity/Q31548689
7T9VG6I0,6,3,http://www.wikidata.org/entity/Q63452544
7T9VG6I0,7,0,http://www.wikidata.org/entity/Q17326380
7T9VG6I0,7,1,http://www.wikidata.org/entity/Q702102
7T9VG6I0,7,3,http://www.wikidata.org/entity/Q61728336
7T9VG6I0,8,0,http://www.wikidata.org/entity/Q1940736
7T9VG6I0,8,1,http://www.wikidata.org/entity/Q2569669
7T9VG6I0,8,3,http://www.wikidata.org/entity/Q70367477
7T9VG6I0,9,0,http://www.wikidata.org/entity/Q1971015
7T9VG6I0,9,1,http://www.wikidata.org/entity/Q1424822
7T9VG6I0,9,3,http://www.wikidata.org/entity/Q58487728
7T9VG6I0,10,0,http://www.wikidata.org/entity/Q1971222
7T9VG6I0,10,1,http://www.wikidata.org/entity/Q1658
7T9VG6I0,10,3,http://www.wikidata.org/entity/Q1797923
7T9VG6I0,11,0,http://www.wikidata.org/entity/Q1971220
7T9VG6I0,11,1,http://www.wikidata.org/entity/Q1658
7T9VG6I0,11,3,http://www.wikidata.org/entity/Q1797923
7T9VG6I0,12,0,http://www.wikidata.org/entity/Q1453909
7T9VG6I0,12,1,http://www.wikidata.org/entity/Q1424822
7T9VG6I0,12,3,http://www.wikidata.org/entity/Q58487728
7T9VG6I0,13,0,http://www.wikidata.org/entity/Q1538522
7T9VG6I0,13,1,http://www.wikidata.org/entity/Q2264279
7T9VG6I0,13,3,http://www.wikidata.org/entity/Q57550779
7T9VG6I0,14,0,http://www.wikidata.org/entity/Q1421723
7T9VG6I0,14,1,http://www.wikidata.org/entity/Q826954
7T9VG6I0,14,3,http://www.wikidata.org/entity/Q56489301
7T9VG6I0,15,0,http://www.wikidata.org/entity/Q1790164
7T9VG6I0,15,1,http://www.wikidata.org/entity/Q32068338
7T9VG6I0,15,3,http://www.wikidata.org/entity/Q57550779
I3AVLNM8,1,0,http://www.wikidata.org/entity/Q2047431
I3AVLNM8,1,2,http://www.wikidata.org/entity/Q1419953
I3AVLNM8,2,0,http://www.wikidata.org/entity/Q971700
I3AVLNM8,2,2,http://www.wikidata.org/entity/Q220383
I3AVLNM8,3,0,http://www.wikidata.org/entity/Q7232898
I3AVLNM8,3,2,http://www.wikidata.org/entity/Q1900390
I3AVLNM8,4,0,http://www.wikidata.org/entity/Q594610
I3AVLNM8,4,2,http://www.wikidata.org/entity/Q3621686
DYTWI334,1,0,http://www.wikidata.org/entity/Q571136
DYTWI334,1,2,http://www.wikidata.org/entity/Q6655
DYTWI334,1,3,http://www.wikidata.org/entity/Q917716
DYTWI334,2,0,http://www.wikidata.org/entity/Q477170
DYTWI334,2,2,http://www.wikidata.org/entity/Q6655
DYTWI334,2,3,http://www.wikidata.org/entity/Q855709
DYTWI334,3,0,http://www.wikidata.org/entity/Q684630
DYTWI334,3,2,http://www.wikidata.org/entity/Q25989
DYTWI334,3,3,http://www.wikidata.org/entity/Q852570
DYTWI334,4,0,http://www.wikidata.org/entity/Q271922
DYTWI334,4,2,http://www.wikidata.org/entity/Q6723
DYTWI334,4,3,http://www.wikidata.org/entity/Q828274
Q2E4KSQN,1,0,http://www.wikidata.org/entity/Q58925187
Q2E4KSQN,1,1,http://www.wikidata.org/entity/Q29
Q2E4KSQN,1,3,http://www.wikidata.org/entity/Q3609
Q2E4KSQN,2,0,http://www.wikidata.org/entity/Q58925184
Q2E4KSQN,2,1,http://www.wikidata.org/entity/Q29
Q2E4KSQN,2,3,http://www.wikidata.org/entity/Q3609
Q2E4KSQN,3,0,http://www.wikidata.org/entity/Q58925183
Q2E4KSQN,3,1,http://www.wikidata.org/entity/Q29
Q2E4KSQN,3,3,http://www.wikidata.org/entity/Q3609
Q2E4KSQN,4,0,http://www.wikidata.org/entity/Q58925182
Q2E4KSQN,4,1,http://www.wikidata.org/entity/Q29
Q2E4KSQN,4,3,http://www.wikidata.org/entity/Q3609
Q2E4KSQN,5,0,http://www.wikidata.org/entity/Q58925181
Q2E4KSQN,5,1,http://www.wikidata.org/entity/Q29
Q2E4KSQN,5,3,http://www.wikidata.org/entity/Q3609
Q2E4KSQN,6,0,http://www.wikidata.org/entity/Q58925180
Q2E4KSQN,6,1,http://www.wikidata.org/entity/Q29
Q2E4KSQN,6,3,http://www.wikidata.org/entity/Q3609
G6IMPHTW,1,0,http://www.wikidata.org/entity/Q66613494
G6IMPHTW,1,6,http://www.wikidata.org/entity/Q1049735
G6IMPHTW,2,0,http://www.wikidata.org/entity/Q66613492
G6IMPHTW,2,6,http://www.wikidata.org/entity/Q1049735
G6IMPHTW,3,0,http://www.wikidata.org/entity/Q6055569
G6IMPHTW,3,6,http://www.wikidata.org/entity/Q1014842
G6IMPHTW,4,0,http://www.wikidata.org/entity/Q15868298
G6IMPHTW,4,6,http://www.wikidata.org/entity/Q249302
G6IMPHTW,5,0,http://www.wikidata.org/entity/Q84538948
G6IMPHTW,5,6,http://www.wikidata.org/entity/Q77840143
G6IMPHTW,6,0,http://www.wikidata.org/entity/Q84455754
G6IMPHTW,6,6,http://www.wikidata.org/entity/Q1065564
G6IMPHTW,7,0,http://www.wikidata.org/entity/Q84445479
G6IMPHTW,7,6,http://www.wikidata.org/entity/Q1065564
G6IMPHTW,8,0,http://www.wikidata.org/entity/Q84539280
G6IMPHTW,8,6,http://www.wikidata.org/entity/Q1049735
P34RTBOZ,1,0,http://www.wikidata.org/entity/Q882879
P34RTBOZ,1,1,http://www.wikidata.org/entity/Q505803
P34RTBOZ,1,2,http://www.wikidata.org/entity/Q258606
P34RTBOZ,1,3,http://www.wikidata.org/entity/Q1841
P34RTBOZ,2,0,http://www.wikidata.org/entity/Q279689
P34RTBOZ,2,1,http://www.wikidata.org/entity/Q2048373
P34RTBOZ,2,2,http://www.wikidata.org/entity/Q1346612
P34RTBOZ,2,3,http://www.wikidata.org/entity/Q3333484
P34RTBOZ,3,0,http://www.wikidata.org/entity/Q255343
P34RTBOZ,3,1,http://www.wikidata.org/entity/Q2634
P34RTBOZ,3,2,http://www.wikidata.org/entity/Q1857767
P34RTBOZ,3,3,http://www.wikidata.org/entity/Q1841
P34RTBOZ,4,0,http://www.wikidata.org/entity/Q99309
P34RTBOZ,4,1,http://www.wikidata.org/entity/Q1282
P34RTBOZ,4,2,http://www.wikidata.org/entity/Q665037
P34RTBOZ,4,3,http://www.wikidata.org/entity/Q1841
7BT3GW7J,1,0,http://www.wikidata.org/entity/Q986744
7BT3GW7J,1,2,http://www.wikidata.org/entity/Q134161
7BT3GW7J,1,3,http://www.wikidata.org/entity/Q837171
7BT3GW7J,1,4,http://www.wikidata.org/entity/Q30138
7BT3GW7J,2,0,http://www.wikidata.org/entity/Q487230
7BT3GW7J,2,2,http://www.wikidata.org/entity/Q22687
7BT3GW7J,2,3,http://www.wikidata.org/entity/Q1416657
7BT3GW7J,2,4,http://www.wikidata.org/entity/Q8684
7BT3GW7J,3,0,http://www.wikidata.org/entity/Q971680
7BT3GW7J,3,2,http://www.wikidata.org/entity/Q891723
7BT3GW7J,3,3,http://www.wikidata.org/entity/Q837171
7BT3GW7J,3,4,http://www.wikidata.org/entity/Q4093
7BT3GW7J,4,0,http://www.wikidata.org/entity/Q1136759
7BT3GW7J,4,2,http://www.wikidata.org/entity/Q166280
7BT3GW7J,4,3,http://www.wikidata.org/entity/Q1416657
7BT3GW7J,4,4,http://www.wikidata.org/entity/Q3861
87OHYL6P,1,0,http://www.wikidata.org/entity/Q23663
87OHYL6P,1,1,http://www.wikidata.org/entity/Q10368958
87OHYL6P,2,0,http://www.wikidata.org/entity/Q25264
87OHYL6P,2,1,http://www.wikidata.org/entity/Q4235084
87OHYL6P,3,0,http://www.wikidata.org/entity/Q719789
87OHYL6P,3,1,http://www.wikidata.org/entity/Q1393751
87OHYL6P,4,0,http://www.wikidata.org/entity/Q280068
87OHYL6P,4,1,http://www.wikidata.org/entity/Q682764
87OHYL6P,5,0,http://www.wikidata.org/entity/Q290390
87OHYL6P,5,1,http://www.wikidata.org/entity/Q262629
87OHYL6P,6,0,http://www.wikidata.org/entity/Q49692
87OHYL6P,6,1,http://www.wikidata.org/entity/Q18532
87OHYL6P,7,0,http://www.wikidata.org/entity/Q15915007
87OHYL6P,7,1,http://www.wikidata.org/entity/Q22808999
87OHYL6P,8,0,http://www.wikidata.org/entity/Q16054810
87OHYL6P,8,1,http://www.wikidata.org/entity/Q13220030
87OHYL6P,9,0,http://www.wikidata.org/entity/Q2949436
87OHYL6P,9,1,http://www.wikidata.org/entity/Q4235084
87OHYL6P,10,0,http://www.wikidata.org/entity/Q14290935
87OHYL6P,10,1,http://www.wikidata.org/entity/Q1656530
87OHYL6P,11,0,http://www.wikidata.org/entity/Q14290893
87OHYL6P,11,1,http://www.wikidata.org/entity/Q1656530
87OHYL6P,12,0,http://www.wikidata.org/entity/Q4241153
87OHYL6P,12,1,http://www.wikidata.org/entity/Q682764
87OHYL6P,13,0,http://www.wikidata.org/entity/Q15292930
87OHYL6P,13,1,http://www.wikidata.org/entity/Q54186
87OHYL6P,14,0,http://www.wikidata.org/entity/Q1886982
87OHYL6P,14,1,http://www.wikidata.org/entity/Q49538
6K85FL34,1,0,http://www.wikidata.org/entity/Q675666
6K85FL34,1,1,http://www.wikidata.org/entity/Q28726746
6K85FL34,1,2,http://www.wikidata.org/entity/Q6304597
6K85FL34,1,3,http://www.wikidata.org/entity/Q6723
6K85FL34,2,0,http://www.wikidata.org/entity/Q984927
6K85FL34,2,1,http://www.wikidata.org/entity/Q28720373
6K85FL34,2,2,http://www.wikidata.org/entity/Q6304597
6K85FL34,2,3,http://www.wikidata.org/entity/Q6723
6K85FL34,3,0,http://www.wikidata.org/entity/Q543800
6K85FL34,3,1,http://www.wikidata.org/entity/Q28726756
6K85FL34,3,2,http://www.wikidata.org/entity/Q6304273
6K85FL34,3,3,http://www.wikidata.org/entity/Q6723
6K85FL34,4,0,http://www.wikidata.org/entity/Q807905
6K85FL34,4,1,http://www.wikidata.org/entity/Q28726743
6K85FL34,4,2,http://www.wikidata.org/entity/Q5450453
6K85FL34,4,3,http://www.wikidata.org/entity/Q6723
6K85FL34,5,0,http://www.wikidata.org/entity/Q807904
6K85FL34,5,1,http://www.wikidata.org/entity/Q28726717
6K85FL34,5,2,http://www.wikidata.org/entity/Q5450453
6K85FL34,5,3,http://www.wikidata.org/entity/Q6723
EJNZ6BN4,1,0,http://www.wikidata.org/entity/Q586879
EJNZ6BN4,1,3,http://www.wikidata.org/entity/Q1999572
EJNZ6BN4,2,0,http://www.wikidata.org/entity/Q585219
EJNZ6BN4,2,3,http://www.wikidata.org/entity/Q1999572
EJNZ6BN4,3,0,http://www.wikidata.org/entity/Q570809
EJNZ6BN4,3,3,http://www.wikidata.org/entity/Q1999572
EJNZ6BN4,4,0,http://www.wikidata.org/entity/Q551240
EJNZ6BN4,4,3,http://www.wikidata.org/entity/Q1999572
01V9HXDX,1,0,http://www.wikidata.org/entity/Q15882884
01V9HXDX,1,5,http://www.wikidata.org/entity/Q1853
01V9HXDX,2,0,http://www.wikidata.org/entity/Q15874948
01V9HXDX,2,5,http://www.wikidata.org/entity/Q1849
01V9HXDX,3,0,http://www.wikidata.org/entity/Q15874946
01V9HXDX,3,5,http://www.wikidata.org/entity/Q1849
01V9HXDX,4,0,http://www.wikidata.org/entity/Q15874945
01V9HXDX,4,5,http://www.wikidata.org/entity/Q1849
01V9HXDX,5,0,http://www.wikidata.org/entity/Q15874944
01V9HXDX,5,5,http://www.wikidata.org/entity/Q1849
01V9HXDX,6,0,http://www.wikidata.org/entity/Q15874941
01V9HXDX,6,5,http://www.wikidata.org/entity/Q1849
01V9HXDX,7,0,http://www.wikidata.org/entity/Q15874939
01V9HXDX,7,5,http://www.wikidata.org/entity/Q1849
01V9HXDX,8,0,http://www.wikidata.org/entity/Q15876412
01V9HXDX,8,5,http://www.wikidata.org/entity/Q1846
01V9HXDX,9,0,http://www.wikidata.org/entity/Q13574979
01V9HXDX,9,5,http://www.wikidata.org/entity/Q1843
01V9HXDX,10,0,http://www.wikidata.org/entity/Q13574978
01V9HXDX,10,5,http://www.wikidata.org/entity/Q1843
01V9HXDX,11,0,http://www.wikidata.org/entity/Q13574977
01V9HXDX,11,5,http://www.wikidata.org/entity/Q1843
01V9HXDX,12,0,http://www.wikidata.org/entity/Q13574976
01V9HXDX,12,5,http://www.wikidata.org/entity/Q1843
SWUH0R75,1,0,http://www.wikidata.org/entity/Q26796943
SWUH0R75,1,1,http://www.wikidata.org/entity/Q1177
SWUH0R75,1,2,http://www.wikidata.org/entity/Q668
SWUH0R75,2,0,http://www.wikidata.org/entity/Q23952563
SWUH0R75,2,1,http://www.wikidata.org/entity/Q30656
SWUH0R75,2,2,http://www.wikidata.org/entity/Q79
SWUH0R75,3,0,http://www.wikidata.org/entity/Q2618638
SWUH0R75,3,1,http://www.wikidata.org/entity/Q192959
SWUH0R75,3,2,http://www.wikidata.org/entity/Q184
SWUH0R75,4,0,http://www.wikidata.org/entity/Q1241230
SWUH0R75,4,1,http://www.wikidata.org/entity/Q3573
SWUH0R75,4,2,http://www.wikidata.org/entity/Q159
SWUH0R75,5,0,http://www.wikidata.org/entity/Q7455205
SWUH0R75,5,1,http://www.wikidata.org/entity/Q43319
SWUH0R75,5,2,http://www.wikidata.org/entity/Q155
LBA2ZZRG,1,0,http://www.wikidata.org/entity/Q59588173
LBA2ZZRG,1,2,http://www.wikidata.org/entity/Q142
LBA2ZZRG,1,3,http://www.wikidata.org/entity/Q380930
LBA2ZZRG,1,4,http://www.wikidata.org/entity/Q59588174
LBA2ZZRG,1,5,http://www.wikidata.org/entity/Q3609
LBA2ZZRG,1,6,http://www.wikidata.org/entity/Q59588172
LBA2ZZRG,2,0,http://www.wikidata.org/entity/Q59588172
LBA2ZZRG,2,2,http://www.wikidata.org/entity/Q142
LBA2ZZRG,2,3,http://www.wikidata.org/entity/Q221001
LBA2ZZRG,2,4,http://www.wikidata.org/entity/Q59588173
LBA2ZZRG,2,5,http://www.wikidata.org/entity/Q3609
LBA2ZZRG,2,6,http://www.wikidata.org/entity/Q59588171
LBA2ZZRG,3,0,http://www.wikidata.org/entity/Q59588171
LBA2ZZRG,3,2,http://www.wikidata.org/entity/Q142
LBA2ZZRG,3,3,http://www.wikidata.org/entity/Q445037
LBA2ZZRG,3,4,http://www.wikidata.org/entity/Q59588172
LBA2ZZRG,3,5,http://www.wikidata.org/entity/Q3609
LBA2ZZRG,3,6,http://www.wikidata.org/entity/Q59588170
LBA2ZZRG,4,0,http://www.wikidata.org/entity/Q59588170
LBA2ZZRG,4,2,http://www.wikidata.org/entity/Q142
LBA2ZZRG,4,3,http://www.wikidata.org/entity/Q337271
LBA2ZZRG,4,4,http://www.wikidata.org/entity/Q59588171
LBA2ZZRG,4,5,http://www.wikidata.org/entity/Q3609
LBA2ZZRG,4,6,http://www.wikidata.org/entity/Q59588169
LBA2ZZRG,5,0,http://www.wikidata.org/entity/Q59588169
LBA2ZZRG,5,2,http://www.wikidata.org/entity/Q142
LBA2ZZRG,5,3,http://www.wikidata.org/entity/Q150537
LBA2ZZRG,5,4,http://www.wikidata.org/entity/Q59588170
LBA2ZZRG,5,5,http://www.wikidata.org/entity/Q3609
LBA2ZZRG,5,6,http://www.wikidata.org/entity/Q59588168
LBA2ZZRG,6,0,http://www.wikidata.org/entity/Q59588168
LBA2ZZRG,6,2,http://www.wikidata.org/entity/Q142
LBA2ZZRG,6,3,http://www.wikidata.org/entity/Q358167
LBA2ZZRG,6,4,http://www.wikidata.org/entity/Q59588169
LBA2ZZRG,6,5,http://www.wikidata.org/entity/Q3609
LBA2ZZRG,6,6,http://www.wikidata.org/entity/Q59588166
LBA2ZZRG,7,0,http://www.wikidata.org/entity/Q59588166
LBA2ZZRG,7,2,http://www.wikidata.org/entity/Q142
LBA2ZZRG,7,3,http://www.wikidata.org/entity/Q591144
LBA2ZZRG,7,4,http://www.wikidata.org/entity/Q59588168
LBA2ZZRG,7,5,http://www.wikidata.org/entity/Q3609
LBA2ZZRG,7,6,http://www.wikidata.org/entity/Q59588165
LBA2ZZRG,8,0,http://www.wikidata.org/entity/Q59588165
LBA2ZZRG,8,2,http://www.wikidata.org/entity/Q142
LBA2ZZRG,8,3,http://www.wikidata.org/entity/Q358167
LBA2ZZRG,8,4,http://www.wikidata.org/entity/Q59588166
LBA2ZZRG,8,5,http://www.wikidata.org/entity/Q3609
LBA2ZZRG,8,6,http://www.wikidata.org/entity/Q59588164
LBA2ZZRG,9,0,http://www.wikidata.org/entity/Q59588164
LBA2ZZRG,9,2,http://www.wikidata.org/entity/Q142
LBA2ZZRG,9,3,http://www.wikidata.org/entity/Q722368
LBA2ZZRG,9,4,http://www.wikidata.org/entity/Q59588165
LBA2ZZRG,9,5,http://www.wikidata.org/entity/Q3609
LBA2ZZRG,9,6,http://www.wikidata.org/entity/Q59588163
LBA2ZZRG,10,0,http://www.wikidata.org/entity/Q59588163
LBA2ZZRG,10,2,http://www.wikidata.org/entity/Q142
LBA2ZZRG,10,3,http://www.wikidata.org/entity/Q275830
LBA2ZZRG,10,4,http://www.wikidata.org/entity/Q59588164
LBA2ZZRG,10,5,http://www.wikidata.org/entity/Q3609
LBA2ZZRG,10,6,http://www.wikidata.org/entity/Q59588162
LBA2ZZRG,11,0,http://www.wikidata.org/entity/Q59588162
LBA2ZZRG,11,2,http://www.wikidata.org/entity/Q142
LBA2ZZRG,11,3,http://www.wikidata.org/entity/Q561247
LBA2ZZRG,11,4,http://www.wikidata.org/entity/Q59588163
LBA2ZZRG,11,5,http://www.wikidata.org/entity/Q3609
LBA2ZZRG,11,6,http://www.wikidata.org/entity/Q59588161
LBA2ZZRG,12,0,http://www.wikidata.org/entity/Q59588161
LBA2ZZRG,12,2,http://www.wikidata.org/entity/Q142
LBA2ZZRG,12,3,http://www.wikidata.org/entity/Q372996
LBA2ZZRG,12,4,http://www.wikidata.org/entity/Q59588162
LBA2ZZRG,12,5,http://www.wikidata.org/entity/Q3609
LBA2ZZRG,12,6,http://www.wikidata.org/entity/Q59588160
LBA2ZZRG,13,0,http://www.wikidata.org/entity/Q59588160
LBA2ZZRG,13,2,http://www.wikidata.org/entity/Q142
LBA2ZZRG,13,3,http://www.wikidata.org/entity/Q458713
LBA2ZZRG,13,4,http://www.wikidata.org/entity/Q59588161
LBA2ZZRG,13,5,http://www.wikidata.org/entity/Q3609
LBA2ZZRG,13,6,http://www.wikidata.org/entity/Q59588159
IVG411SU,1,0,http://www.wikidata.org/entity/Q3380108
IVG411SU,1,1,http://www.wikidata.org/entity/Q1775415
IVG411SU,1,2,http://www.wikidata.org/entity/Q1747689
IVG411SU,1,3,http://www.wikidata.org/entity/Q486761
IVG411SU,1,4,http://www.wikidata.org/entity/Q47500198
IVG411SU,2,0,http://www.wikidata.org/entity/Q3380056
IVG411SU,2,1,http://www.wikidata.org/entity/Q1775415
IVG411SU,2,2,http://www.wikidata.org/entity/Q1747689
IVG411SU,2,3,http://www.wikidata.org/entity/Q486761
IVG411SU,2,4,http://www.wikidata.org/entity/Q47500198
IVG411SU,3,0,http://www.wikidata.org/entity/Q3380048
IVG411SU,3,1,http://www.wikidata.org/entity/Q1775415
IVG411SU,3,2,http://www.wikidata.org/entity/Q1747689
IVG411SU,3,3,http://www.wikidata.org/entity/Q486761
IVG411SU,3,4,http://www.wikidata.org/entity/Q47500198
IVG411SU,4,0,http://www.wikidata.org/entity/Q3074984
IVG411SU,4,1,http://www.wikidata.org/entity/Q1775415
IVG411SU,4,2,http://www.wikidata.org/entity/Q1747689
IVG411SU,4,3,http://www.wikidata.org/entity/Q486761
IVG411SU,4,4,http://www.wikidata.org/entity/Q47500198
IVG411SU,5,0,http://www.wikidata.org/entity/Q2979537
IVG411SU,5,1,http://www.wikidata.org/entity/Q1775415
IVG411SU,5,2,http://www.wikidata.org/entity/Q1747689
IVG411SU,5,3,http://www.wikidata.org/entity/Q486761
IVG411SU,5,4,http://www.wikidata.org/entity/Q47500198
IVG411SU,6,0,http://www.wikidata.org/entity/Q2701857
IVG411SU,6,1,http://www.wikidata.org/entity/Q1775415
IVG411SU,6,2,http://www.wikidata.org/entity/Q1747689
IVG411SU,6,3,http://www.wikidata.org/entity/Q486761
IVG411SU,6,4,http://www.wikidata.org/entity/Q47500198
IVG411SU,7,0,http://www.wikidata.org/entity/Q4818310
IVG411SU,7,1,http://www.wikidata.org/entity/Q1775415
IVG411SU,7,2,http://www.wikidata.org/entity/Q1747689
IVG411SU,7,3,http://www.wikidata.org/entity/Q486761
IVG411SU,7,4,http://www.wikidata.org/entity/Q30059240
IVG411SU,8,0,http://www.wikidata.org/entity/Q4289436
IVG411SU,8,1,http://www.wikidata.org/entity/Q1775415
IVG411SU,8,2,http://www.wikidata.org/entity/Q1747689
IVG411SU,8,3,http://www.wikidata.org/entity/Q486761
IVG411SU,8,4,http://www.wikidata.org/entity/Q30059240
IVG411SU,9,0,http://www.wikidata.org/entity/Q3760096
IVG411SU,9,1,http://www.wikidata.org/entity/Q1775415
IVG411SU,9,2,http://www.wikidata.org/entity/Q1747689
IVG411SU,9,3,http://www.wikidata.org/entity/Q486761
IVG411SU,9,4,http://www.wikidata.org/entity/Q30059240
IVG411SU,10,0,http://www.wikidata.org/entity/Q3760087
IVG411SU,10,1,http://www.wikidata.org/entity/Q1775415
IVG411SU,10,2,http://www.wikidata.org/entity/Q1747689
IVG411SU,10,3,http://www.wikidata.org/entity/Q486761
IVG411SU,10,4,http://www.wikidata.org/entity/Q30059240
IE2UVS8X,1,0,http://www.wikidata.org/entity/Q12060566
IE2UVS8X,1,1,http://www.wikidata.org/entity/Q26971668
IE2UVS8X,1,2,http://www.wikidata.org/entity/Q36471
IE2UVS8X,1,3,http://www.wikidata.org/entity/Q38
IE2UVS8X,1,4,http://www.wikidata.org/entity/Q43332
IE2UVS8X,2,0,http://www.wikidata.org/entity/Q5502693
IE2UVS8X,2,1,http://www.wikidata.org/entity/Q916333
IE2UVS8X,2,2,http://www.wikidata.org/entity/Q9770
IE2UVS8X,2,3,http://www.wikidata.org/entity/Q55
IE2UVS8X,2,4,http://www.wikidata.org/entity/Q14515958
IE2UVS8X,3,0,http://www.wikidata.org/entity/Q17454165
IE2UVS8X,3,1,http://www.wikidata.org/entity/Q916333
IE2UVS8X,3,2,http://www.wikidata.org/entity/Q9772
IE2UVS8X,3,3,http://www.wikidata.org/entity/Q55
IE2UVS8X,3,4,http://www.wikidata.org/entity/Q2452442
IE2UVS8X,4,0,http://www.wikidata.org/entity/Q66815070
IE2UVS8X,4,1,http://www.wikidata.org/entity/Q15697324
IE2UVS8X,4,2,http://www.wikidata.org/entity/Q25439614
IE2UVS8X,4,3,http://www.wikidata.org/entity/Q45
IE2UVS8X,4,4,http://www.wikidata.org/entity/Q2451756
9LLT96K0,1,0,http://www.wikidata.org/entity/Q74998764
9LLT96K0,1,1,http://www.wikidata.org/entity/Q920941
9LLT96K0,1,3,http://www.wikidata.org/entity/Q8866
9LLT96K0,2,0,http://www.wikidata.org/entity/Q18452041
9LLT96K0,2,1,http://www.wikidata.org/entity/Q920941
9LLT96K0,2,3,http://www.wikidata.org/entity/Q8866
9LLT96K0,3,0,http://www.wikidata.org/entity/Q18450611
9LLT96K0,3,1,http://www.wikidata.org/entity/Q920941
9LLT96K0,3,3,http://www.wikidata.org/entity/Q8866
9LLT96K0,4,0,http://www.wikidata.org/entity/Q56750900
9LLT96K0,4,1,http://www.wikidata.org/entity/Q920941
9LLT96K0,4,3,http://www.wikidata.org/entity/Q8865
9LLT96K0,5,0,http://www.wikidata.org/entity/Q76555832
9LLT96K0,5,1,http://www.wikidata.org/entity/Q744691
9LLT96K0,5,3,http://www.wikidata.org/entity/Q8865
9LLT96K0,6,0,http://www.wikidata.org/entity/Q18449942
9LLT96K0,6,1,http://www.wikidata.org/entity/Q920941
9LLT96K0,6,3,http://www.wikidata.org/entity/Q8844
15QTT6DJ,1,0,http://www.wikidata.org/entity/Q62102182
15QTT6DJ,1,1,http://www.wikidata.org/entity/Q62102183
15QTT6DJ,1,2,http://www.wikidata.org/entity/Q1445424
15QTT6DJ,1,3,http://www.wikidata.org/entity/Q3609
15QTT6DJ,2,0,http://www.wikidata.org/entity/Q62102174
15QTT6DJ,2,1,http://www.wikidata.org/entity/Q62102175
15QTT6DJ,2,2,http://www.wikidata.org/entity/Q1445424
15QTT6DJ,2,3,http://www.wikidata.org/entity/Q3609
15QTT6DJ,3,0,http://www.wikidata.org/entity/Q28004049
15QTT6DJ,3,1,http://www.wikidata.org/entity/Q28004051
15QTT6DJ,3,2,http://www.wikidata.org/entity/Q962360
15QTT6DJ,3,3,http://www.wikidata.org/entity/Q3609
15QTT6DJ,4,0,http://www.wikidata.org/entity/Q28004051
15QTT6DJ,4,1,http://www.wikidata.org/entity/Q28004052
15QTT6DJ,4,2,http://www.wikidata.org/entity/Q817718
15QTT6DJ,4,3,http://www.wikidata.org/entity/Q3609
15QTT6DJ,5,0,http://www.wikidata.org/entity/Q62102176
15QTT6DJ,5,1,http://www.wikidata.org/entity/Q62102177
15QTT6DJ,5,2,http://www.wikidata.org/entity/Q763110
15QTT6DJ,5,3,http://www.wikidata.org/entity/Q3609
15QTT6DJ,6,0,http://www.wikidata.org/entity/Q62102173
15QTT6DJ,6,1,http://www.wikidata.org/entity/Q62102174
15QTT6DJ,6,2,http://www.wikidata.org/entity/Q635234
15QTT6DJ,6,3,http://www.wikidata.org/entity/Q3609
15QTT6DJ,7,0,http://www.wikidata.org/entity/Q62102177
15QTT6DJ,7,1,http://www.wikidata.org/entity/Q62102178
15QTT6DJ,7,2,http://www.wikidata.org/entity/Q559277
15QTT6DJ,7,3,http://www.wikidata.org/entity/Q3609
157A1IB7,1,0,http://www.wikidata.org/entity/Q58310464
157A1IB7,1,2,http://www.wikidata.org/entity/Q58310455
157A1IB7,1,3,http://www.wikidata.org/entity/Q3609
157A1IB7,1,4,http://www.wikidata.org/entity/Q58310867
157A1IB7,1,5,http://www.wikidata.org/entity/Q534802
157A1IB7,1,6,http://www.wikidata.org/entity/Q1885715
157A1IB7,2,0,http://www.wikidata.org/entity/Q58310874
157A1IB7,2,2,http://www.wikidata.org/entity/Q58310867
157A1IB7,2,3,http://www.wikidata.org/entity/Q3609
157A1IB7,2,4,http://www.wikidata.org/entity/Q58310879
157A1IB7,2,5,http://www.wikidata.org/entity/Q523707
157A1IB7,2,6,http://www.wikidata.org/entity/Q1584946
157A1IB7,3,0,http://www.wikidata.org/entity/Q58318159
157A1IB7,3,2,http://www.wikidata.org/entity/Q58318143
157A1IB7,3,3,http://www.wikidata.org/entity/Q3609
157A1IB7,3,4,http://www.wikidata.org/entity/Q58318164
157A1IB7,3,5,http://www.wikidata.org/entity/Q233834
157A1IB7,3,6,http://www.wikidata.org/entity/Q1393672
157A1IB7,4,0,http://www.wikidata.org/entity/Q58310887
157A1IB7,4,2,http://www.wikidata.org/entity/Q58310882
157A1IB7,4,3,http://www.wikidata.org/entity/Q3609
157A1IB7,4,4,http://www.wikidata.org/entity/Q58310889
157A1IB7,4,5,http://www.wikidata.org/entity/Q456559
157A1IB7,4,6,http://www.wikidata.org/entity/Q1318874
157A1IB7,5,0,http://www.wikidata.org/entity/Q58310867
157A1IB7,5,2,http://www.wikidata.org/entity/Q58310464
157A1IB7,5,3,http://www.wikidata.org/entity/Q3609
157A1IB7,5,4,http://www.wikidata.org/entity/Q58310874
157A1IB7,5,5,http://www.wikidata.org/entity/Q456559
157A1IB7,5,6,http://www.wikidata.org/entity/Q673370
157A1IB7,6,0,http://www.wikidata.org/entity/Q58318225
157A1IB7,6,2,http://www.wikidata.org/entity/Q58318211
157A1IB7,6,3,http://www.wikidata.org/entity/Q3609
157A1IB7,6,4,http://www.wikidata.org/entity/Q4591770
157A1IB7,6,5,http://www.wikidata.org/entity/Q117508
157A1IB7,6,6,http://www.wikidata.org/entity/Q668106
XZKETSJ0,1,0,http://www.wikidata.org/entity/Q15348
XZKETSJ0,1,1,http://www.wikidata.org/entity/Q81949
XZKETSJ0,1,2,http://www.wikidata.org/entity/Q14303
XZKETSJ0,1,3,http://www.wikidata.org/entity/Q29
XZKETSJ0,2,0,http://www.wikidata.org/entity/Q15346
XZKETSJ0,2,1,http://www.wikidata.org/entity/Q81949
XZKETSJ0,2,2,http://www.wikidata.org/entity/Q12793
XZKETSJ0,2,3,http://www.wikidata.org/entity/Q29
XZKETSJ0,3,0,http://www.wikidata.org/entity/Q14303
XZKETSJ0,3,1,http://www.wikidata.org/entity/Q81949
XZKETSJ0,3,2,http://www.wikidata.org/entity/Q12793
XZKETSJ0,3,3,http://www.wikidata.org/entity/Q29
XZKETSJ0,4,0,http://www.wikidata.org/entity/Q15345
XZKETSJ0,4,1,http://www.wikidata.org/entity/Q1113390
XZKETSJ0,4,2,http://www.wikidata.org/entity/Q12787
XZKETSJ0,4,3,http://www.wikidata.org/entity/Q29
XZKETSJ0,5,0,http://www.wikidata.org/entity/Q12732
XZKETSJ0,5,1,http://www.wikidata.org/entity/Q1462520
XZKETSJ0,5,2,http://www.wikidata.org/entity/Q12727
XZKETSJ0,5,3,http://www.wikidata.org/entity/Q29
XZKETSJ0,6,0,http://www.wikidata.org/entity/Q12733
XZKETSJ0,6,1,http://www.wikidata.org/entity/Q1462520
XZKETSJ0,6,2,http://www.wikidata.org/entity/Q12726
XZKETSJ0,6,3,http://www.wikidata.org/entity/Q29
XZKETSJ0,7,0,http://www.wikidata.org/entity/Q12729
XZKETSJ0,7,1,http://www.wikidata.org/entity/Q1462520
XZKETSJ0,7,2,http://www.wikidata.org/entity/Q12726
XZKETSJ0,7,3,http://www.wikidata.org/entity/Q29
XZKETSJ0,8,0,http://www.wikidata.org/entity/Q12728
XZKETSJ0,8,1,http://www.wikidata.org/entity/Q1462520
XZKETSJ0,8,2,http://www.wikidata.org/entity/Q12726
XZKETSJ0,8,3,http://www.wikidata.org/entity/Q29
XZKETSJ0,9,0,http://www.wikidata.org/entity/Q12727
XZKETSJ0,9,1,http://www.wikidata.org/entity/Q1462520
XZKETSJ0,9,2,http://www.wikidata.org/entity/Q12726
XZKETSJ0,9,3,http://www.wikidata.org/entity/Q29
XZKETSJ0,10,0,http://www.wikidata.org/entity/Q12726
XZKETSJ0,10,1,http://www.wikidata.org/entity/Q1462520
XZKETSJ0,10,2,http://www.wikidata.org/entity/Q12720
XZKETSJ0,10,3,http://www.wikidata.org/entity/Q29
A8UZS8I6,1,0,http://www.wikidata.org/entity/Q15261151
A8UZS8I6,1,1,http://www.wikidata.org/entity/Q19558910
A8UZS8I6,1,2,http://www.wikidata.org/entity/Q62597019
A8UZS8I6,1,3,http://www.wikidata.org/entity/Q12065534
A8UZS8I6,2,0,http://www.wikidata.org/entity/Q17203170
A8UZS8I6,2,1,http://www.wikidata.org/entity/Q916333
A8UZS8I6,2,2,http://www.wikidata.org/entity/Q708240
A8UZS8I6,2,3,http://www.wikidata.org/entity/Q2229853
A8UZS8I6,3,0,http://www.wikidata.org/entity/Q17384048
A8UZS8I6,3,1,http://www.wikidata.org/entity/Q54824224
A8UZS8I6,3,2,http://www.wikidata.org/entity/Q747265
A8UZS8I6,3,3,http://www.wikidata.org/entity/Q976443
A8UZS8I6,4,0,http://www.wikidata.org/entity/Q42418899
A8UZS8I6,4,1,http://www.wikidata.org/entity/Q19346745
A8UZS8I6,4,2,http://www.wikidata.org/entity/Q612665
A8UZS8I6,4,3,http://www.wikidata.org/entity/Q63371940
LAA6D6JA,1,0,http://www.wikidata.org/entity/Q57231557
LAA6D6JA,1,1,http://www.wikidata.org/entity/Q1129142
LAA6D6JA,1,2,http://www.wikidata.org/entity/Q2629670
LAA6D6JA,1,3,http://www.wikidata.org/entity/Q1468648
LAA6D6JA,2,0,http://www.wikidata.org/entity/Q52421719
LAA6D6JA,2,1,http://www.wikidata.org/entity/Q30129400
LAA6D6JA,2,2,http://www.wikidata.org/entity/Q2304362
LAA6D6JA,2,3,http://www.wikidata.org/entity/Q5112
LAA6D6JA,3,0,http://www.wikidata.org/entity/Q5204101
LAA6D6JA,3,1,http://www.wikidata.org/entity/Q916333
LAA6D6JA,3,2,http://www.wikidata.org/entity/Q2197465
LAA6D6JA,3,3,http://www.wikidata.org/entity/Q16977290
LAA6D6JA,4,0,http://www.wikidata.org/entity/Q526963
LAA6D6JA,4,1,http://www.wikidata.org/entity/Q17297633
LAA6D6JA,4,2,http://www.wikidata.org/entity/Q26678
LAA6D6JA,4,3,http://www.wikidata.org/entity/Q23541393
STK0L5KB,1,0,http://www.wikidata.org/entity/Q1939338
STK0L5KB,1,1,http://www.wikidata.org/entity/Q38
STK0L5KB,1,2,http://www.wikidata.org/entity/Q495026
STK0L5KB,1,4,http://www.wikidata.org/entity/Q220
STK0L5KB,1,5,http://www.wikidata.org/entity/Q1430989
STK0L5KB,2,0,http://www.wikidata.org/entity/Q326794
STK0L5KB,2,1,http://www.wikidata.org/entity/Q398
STK0L5KB,2,2,http://www.wikidata.org/entity/Q489815
STK0L5KB,2,4,http://www.wikidata.org/entity/Q270500
STK0L5KB,2,5,http://www.wikidata.org/entity/Q637639
STK0L5KB,3,0,http://www.wikidata.org/entity/Q1066031
STK0L5KB,3,1,http://www.wikidata.org/entity/Q31
STK0L5KB,3,2,http://www.wikidata.org/entity/Q61719469
STK0L5KB,3,4,http://www.wikidata.org/entity/Q3992
STK0L5KB,3,5,http://www.wikidata.org/entity/Q606067
STK0L5KB,4,0,http://www.wikidata.org/entity/Q1319130
STK0L5KB,4,1,http://www.wikidata.org/entity/Q79
STK0L5KB,4,2,http://www.wikidata.org/entity/Q374740
STK0L5KB,4,4,http://www.wikidata.org/entity/Q85
STK0L5KB,4,5,http://www.wikidata.org/entity/Q461793
STK0L5KB,5,0,http://www.wikidata.org/entity/Q18434260
STK0L5KB,5,1,http://www.wikidata.org/entity/Q227
STK0L5KB,5,2,http://www.wikidata.org/entity/Q1715027
STK0L5KB,5,4,http://www.wikidata.org/entity/Q9248
STK0L5KB,5,5,http://www.wikidata.org/entity/Q386864
QVD680OR,1,0,http://www.wikidata.org/entity/Q2283
QVD680OR,1,1,http://www.wikidata.org/entity/Q223718
QVD680OR,1,2,http://www.wikidata.org/entity/Q34804
QVD680OR,1,3,http://www.wikidata.org/entity/Q167037
QVD680OR,1,4,http://www.wikidata.org/entity/Q31327320
QVD680OR,2,0,http://www.wikidata.org/entity/Q37156
QVD680OR,2,1,http://www.wikidata.org/entity/Q1384
QVD680OR,2,2,http://www.wikidata.org/entity/Q3459600
QVD680OR,2,3,http://www.wikidata.org/entity/Q134161
QVD680OR,2,4,http://www.wikidata.org/entity/Q476208
QVD680OR,3,0,http://www.wikidata.org/entity/Q193559
QVD680OR,3,1,http://www.wikidata.org/entity/Q214164
QVD680OR,3,2,http://www.wikidata.org/entity/Q936768
QVD680OR,3,3,http://www.wikidata.org/entity/Q1589009
QVD680OR,3,4,http://www.wikidata.org/entity/Q337535
QVD680OR,4,0,http://www.wikidata.org/entity/Q552581
QVD680OR,4,1,http://www.wikidata.org/entity/Q22872
QVD680OR,4,2,http://www.wikidata.org/entity/Q7050
QVD680OR,4,3,http://www.wikidata.org/entity/Q279014
QVD680OR,4,4,http://www.wikidata.org/entity/Q259966
PJ4WSIRA,1,0,http://www.wikidata.org/entity/Q1089057
PJ4WSIRA,1,2,http://www.wikidata.org/entity/Q6985
PJ4WSIRA,2,0,http://www.wikidata.org/entity/Q1069849
PJ4WSIRA,2,2,http://www.wikidata.org/entity/Q6985
PJ4WSIRA,3,0,http://www.wikidata.org/entity/Q1062584
PJ4WSIRA,3,2,http://www.wikidata.org/entity/Q6985
PJ4WSIRA,4,0,http://www.wikidata.org/entity/Q423242
PJ4WSIRA,4,2,http://www.wikidata.org/entity/Q6985
UIZJ1QYE,1,0,http://www.wikidata.org/entity/Q7380435
UIZJ1QYE,1,2,http://www.wikidata.org/entity/Q213417
UIZJ1QYE,1,3,http://www.wikidata.org/entity/Q7016626
UIZJ1QYE,2,0,http://www.wikidata.org/entity/Q7338559
UIZJ1QYE,2,2,http://www.wikidata.org/entity/Q2802947
UIZJ1QYE,2,3,http://www.wikidata.org/entity/Q653772
UIZJ1QYE,3,0,http://www.wikidata.org/entity/Q5764114
UIZJ1QYE,3,2,http://www.wikidata.org/entity/Q5487446
UIZJ1QYE,3,3,http://www.wikidata.org/entity/Q213417
UIZJ1QYE,4,0,http://www.wikidata.org/entity/Q6984713
UIZJ1QYE,4,2,http://www.wikidata.org/entity/Q1353679
UIZJ1QYE,4,3,http://www.wikidata.org/entity/Q6984693
UIZJ1QYE,5,0,http://www.wikidata.org/entity/Q6815515
UIZJ1QYE,5,2,http://www.wikidata.org/entity/Q1079140
UIZJ1QYE,5,3,http://www.wikidata.org/entity/Q3140337
UIZJ1QYE,6,0,http://www.wikidata.org/entity/Q7105786
UIZJ1QYE,6,2,http://www.wikidata.org/entity/Q21578
UIZJ1QYE,6,3,http://www.wikidata.org/entity/Q7245012
UIZJ1QYE,7,0,http://www.wikidata.org/entity/Q7170850
UIZJ1QYE,7,2,http://www.wikidata.org/entity/Q7457267
UIZJ1QYE,7,3,http://www.wikidata.org/entity/Q2756389
UIZJ1QYE,8,0,http://www.wikidata.org/entity/Q7201480
UIZJ1QYE,8,2,http://www.wikidata.org/entity/Q3132598
UIZJ1QYE,8,3,http://www.wikidata.org/entity/Q246782
UIZJ1QYE,9,0,http://www.wikidata.org/entity/Q7516362
UIZJ1QYE,9,2,http://www.wikidata.org/entity/Q7353965
UIZJ1QYE,9,3,http://www.wikidata.org/entity/Q1966948
UIZJ1QYE,10,0,http://www.wikidata.org/entity/Q7636519
UIZJ1QYE,10,2,http://www.wikidata.org/entity/Q6967022
UIZJ1QYE,10,3,http://www.wikidata.org/entity/Q6966942
UIZJ1QYE,11,0,http://www.wikidata.org/entity/Q7690137
UIZJ1QYE,11,2,http://www.wikidata.org/entity/Q622137
UIZJ1QYE,11,3,http://www.wikidata.org/entity/Q6518816
UIZJ1QYE,12,0,http://www.wikidata.org/entity/Q7676297
UIZJ1QYE,12,2,http://www.wikidata.org/entity/Q9105560
UIZJ1QYE,12,3,http://www.wikidata.org/entity/Q697128
2JU8661C,1,0,http://www.wikidata.org/entity/Q2607719
2JU8661C,1,1,http://www.wikidata.org/entity/Q916333
2JU8661C,1,2,http://www.wikidata.org/entity/Q133704
2JU8661C,1,3,http://www.wikidata.org/entity/Q4993522
2JU8661C,2,0,http://www.wikidata.org/entity/Q3603222
2JU8661C,2,1,http://www.wikidata.org/entity/Q26971668
2JU8661C,2,2,http://www.wikidata.org/entity/Q44015
2JU8661C,2,3,http://www.wikidata.org/entity/Q3638737
2JU8661C,3,0,http://www.wikidata.org/entity/Q68140838
2JU8661C,3,1,http://www.wikidata.org/entity/Q1129142
2JU8661C,3,2,http://www.wikidata.org/entity/Q719794
2JU8661C,3,3,http://www.wikidata.org/entity/Q5346422
2JU8661C,4,0,http://www.wikidata.org/entity/Q13031051
2JU8661C,4,1,http://www.wikidata.org/entity/Q2079150
2JU8661C,4,2,http://www.wikidata.org/entity/Q37090
2JU8661C,4,3,http://www.wikidata.org/entity/Q57622986
HH1H2CG1,1,0,http://www.wikidata.org/entity/Q2469992
HH1H2CG1,1,1,http://www.wikidata.org/entity/Q1860
HH1H2CG1,1,2,http://www.wikidata.org/entity/Q732858
HH1H2CG1,1,3,http://www.wikidata.org/entity/Q732858
HH1H2CG1,2,0,http://www.wikidata.org/entity/Q16311
HH1H2CG1,2,1,http://www.wikidata.org/entity/Q1860
HH1H2CG1,2,2,http://www.wikidata.org/entity/Q1221
HH1H2CG1,2,3,http://www.wikidata.org/entity/Q1925824
HH1H2CG1,3,0,http://www.wikidata.org/entity/Q11937
HH1H2CG1,3,1,http://www.wikidata.org/entity/Q1553250
HH1H2CG1,3,2,http://www.wikidata.org/entity/Q11940
HH1H2CG1,3,3,http://www.wikidata.org/entity/Q22
HH1H2CG1,4,0,http://www.wikidata.org/entity/Q774772
HH1H2CG1,4,1,http://www.wikidata.org/entity/Q1860
HH1H2CG1,4,2,http://www.wikidata.org/entity/Q1474926
HH1H2CG1,4,3,http://www.wikidata.org/entity/Q587251
0YMAO306,1,0,http://www.wikidata.org/entity/Q2671285
0YMAO306,1,1,http://www.wikidata.org/entity/Q2671280
0YMAO306,1,2,http://www.wikidata.org/entity/Q1748
0YMAO306,1,3,http://www.wikidata.org/entity/Q3432289
0YMAO306,1,4,http://www.wikidata.org/entity/Q7291
0YMAO306,1,5,http://www.wikidata.org/entity/Q79571737
0YMAO306,1,6,http://www.wikidata.org/entity/Q1131043
0YMAO306,2,0,http://www.wikidata.org/entity/Q2671280
0YMAO306,2,1,http://www.wikidata.org/entity/Q2671277
0YMAO306,2,2,http://www.wikidata.org/entity/Q1748
0YMAO306,2,3,http://www.wikidata.org/entity/Q3432289
0YMAO306,2,4,http://www.wikidata.org/entity/Q7291
0YMAO306,2,5,http://www.wikidata.org/entity/Q79571735
0YMAO306,2,6,http://www.wikidata.org/entity/Q2671285
0YMAO306,3,0,http://www.wikidata.org/entity/Q2671277
0YMAO306,3,1,http://www.wikidata.org/entity/Q1761833
0YMAO306,3,2,http://www.wikidata.org/entity/Q1748
0YMAO306,3,3,http://www.wikidata.org/entity/Q3432289
0YMAO306,3,4,http://www.wikidata.org/entity/Q7291
0YMAO306,3,5,http://www.wikidata.org/entity/Q79571732
0YMAO306,3,6,http://www.wikidata.org/entity/Q2671280
0YMAO306,4,0,http://www.wikidata.org/entity/Q1131059
0YMAO306,4,1,http://www.wikidata.org/entity/Q1131054
0YMAO306,4,2,http://www.wikidata.org/entity/Q1748
0YMAO306,4,3,http://www.wikidata.org/entity/Q12311007
0YMAO306,4,4,http://www.wikidata.org/entity/Q7291
0YMAO306,4,5,http://www.wikidata.org/entity/Q79571753
0YMAO306,4,6,http://www.wikidata.org/entity/Q1131068
D3ELLSMI,1,0,http://www.wikidata.org/entity/Q47508158
D3ELLSMI,1,1,http://www.wikidata.org/entity/Q3609
D3ELLSMI,2,0,http://www.wikidata.org/entity/Q25550420
D3ELLSMI,2,1,http://www.wikidata.org/entity/Q3609
D3ELLSMI,3,0,http://www.wikidata.org/entity/Q22248291
D3ELLSMI,3,1,http://www.wikidata.org/entity/Q3609
D3ELLSMI,4,0,http://www.wikidata.org/entity/Q19576822
D3ELLSMI,4,1,http://www.wikidata.org/entity/Q3609
D3ELLSMI,5,0,http://www.wikidata.org/entity/Q15706116
D3ELLSMI,5,1,http://www.wikidata.org/entity/Q3609
D3ELLSMI,6,0,http://www.wikidata.org/entity/Q3813480
D3ELLSMI,6,1,http://www.wikidata.org/entity/Q3609
D3ELLSMI,7,0,http://www.wikidata.org/entity/Q2083740
D3ELLSMI,7,1,http://www.wikidata.org/entity/Q3609
D3ELLSMI,8,0,http://www.wikidata.org/entity/Q2082998
D3ELLSMI,8,1,http://www.wikidata.org/entity/Q3609
F62QNTDR,1,0,http://www.wikidata.org/entity/Q78252561
F62QNTDR,2,0,http://www.wikidata.org/entity/Q78252547
F62QNTDR,3,0,http://www.wikidata.org/entity/Q78252530
F62QNTDR,4,0,http://www.wikidata.org/entity/Q78252461
F62QNTDR,5,0,http://www.wikidata.org/entity/Q78252382
F62QNTDR,6,0,http://www.wikidata.org/entity/Q78252367
00N3TXQ5,1,0,http://www.wikidata.org/entity/Q1748543
00N3TXQ5,1,3,http://www.wikidata.org/entity/Q10586
00N3TXQ5,2,0,http://www.wikidata.org/entity/Q781147
00N3TXQ5,2,3,http://www.wikidata.org/entity/Q10586
00N3TXQ5,3,0,http://www.wikidata.org/entity/Q1097299
00N3TXQ5,3,3,http://www.wikidata.org/entity/Q10584
00N3TXQ5,4,0,http://www.wikidata.org/entity/Q2070190
00N3TXQ5,4,3,http://www.wikidata.org/entity/Q10578
00N3TXQ5,5,0,http://www.wikidata.org/entity/Q1748003
00N3TXQ5,5,3,http://www.wikidata.org/entity/Q10576
00N3TXQ5,6,0,http://www.wikidata.org/entity/Q1747908
00N3TXQ5,6,3,http://www.wikidata.org/entity/Q10576
K34GUDNY,1,0,http://www.wikidata.org/entity/Q1367682
K34GUDNY,1,4,http://www.wikidata.org/entity/Q601812
K34GUDNY,2,0,http://www.wikidata.org/entity/Q848579
K34GUDNY,2,4,http://www.wikidata.org/entity/Q552425
K34GUDNY,3,0,http://www.wikidata.org/entity/Q276890
K34GUDNY,3,4,http://www.wikidata.org/entity/Q276894
K34GUDNY,4,0,http://www.wikidata.org/entity/Q130691
K34GUDNY,4,4,http://www.wikidata.org/entity/Q129220
102K3MSF,1,0,http://www.wikidata.org/entity/Q18844858
102K3MSF,1,5,http://www.wikidata.org/entity/Q3339822
102K3MSF,2,0,http://www.wikidata.org/entity/Q18844855
102K3MSF,2,5,http://www.wikidata.org/entity/Q2704780
102K3MSF,3,0,http://www.wikidata.org/entity/Q18844850
102K3MSF,3,5,http://www.wikidata.org/entity/Q2696892
102K3MSF,4,0,http://www.wikidata.org/entity/Q18844856
102K3MSF,4,5,http://www.wikidata.org/entity/Q2468639
0GBL5JXE,1,0,http://www.wikidata.org/entity/Q18888119
0GBL5JXE,1,3,http://www.wikidata.org/entity/Q942
0GBL5JXE,2,0,http://www.wikidata.org/entity/Q18888113
0GBL5JXE,2,3,http://www.wikidata.org/entity/Q942
0GBL5JXE,3,0,http://www.wikidata.org/entity/Q18888104
0GBL5JXE,3,3,http://www.wikidata.org/entity/Q942
0GBL5JXE,4,0,http://www.wikidata.org/entity/Q18888099
0GBL5JXE,4,3,http://www.wikidata.org/entity/Q942
ZQL9BOS8,1,0,http://www.wikidata.org/entity/Q2675212
ZQL9BOS8,2,0,http://www.wikidata.org/entity/Q2499088
ZQL9BOS8,3,0,http://www.wikidata.org/entity/Q2276062
ZQL9BOS8,4,0,http://www.wikidata.org/entity/Q2199746
X1NNXM3L,1,0,http://www.wikidata.org/entity/Q3221068
X1NNXM3L,1,2,http://www.wikidata.org/entity/Q1086
X1NNXM3L,2,0,http://www.wikidata.org/entity/Q3190653
X1NNXM3L,2,2,http://www.wikidata.org/entity/Q1086
X1NNXM3L,3,0,http://www.wikidata.org/entity/Q2855890
X1NNXM3L,3,2,http://www.wikidata.org/entity/Q1086
X1NNXM3L,4,0,http://www.wikidata.org/entity/Q2705828
X1NNXM3L,4,2,http://www.wikidata.org/entity/Q1086
X1NNXM3L,5,0,http://www.wikidata.org/entity/Q2675212
X1NNXM3L,5,2,http://www.wikidata.org/entity/Q1086
X1NNXM3L,6,0,http://www.wikidata.org/entity/Q2511176
X1NNXM3L,6,2,http://www.wikidata.org/entity/Q1086
5Y0R2L2T,1,0,http://www.wikidata.org/entity/Q799356
5Y0R2L2T,1,2,http://www.wikidata.org/entity/Q799354
5Y0R2L2T,1,3,http://www.wikidata.org/entity/Q146363
5Y0R2L2T,2,0,http://www.wikidata.org/entity/Q799363
5Y0R2L2T,2,2,http://www.wikidata.org/entity/Q799361
5Y0R2L2T,2,3,http://www.wikidata.org/entity/Q135265
5Y0R2L2T,3,0,http://www.wikidata.org/entity/Q799369
5Y0R2L2T,3,2,http://www.wikidata.org/entity/Q799368
5Y0R2L2T,3,3,http://www.wikidata.org/entity/Q45779
5Y0R2L2T,4,0,http://www.wikidata.org/entity/Q799362
5Y0R2L2T,4,2,http://www.wikidata.org/entity/Q799359
5Y0R2L2T,4,3,http://www.wikidata.org/entity/Q25286
5Y0R2L2T,5,0,http://www.wikidata.org/entity/Q799336
5Y0R2L2T,5,2,http://www.wikidata.org/entity/Q799332
5Y0R2L2T,5,3,http://www.wikidata.org/entity/Q9920
5Y0R2L2T,6,0,http://www.wikidata.org/entity/Q799355
5Y0R2L2T,6,2,http://www.wikidata.org/entity/Q177089
5Y0R2L2T,6,3,http://www.wikidata.org/entity/Q9920
9JHMX2AN,1,0,http://www.wikidata.org/entity/Q62026054
9JHMX2AN,1,1,http://www.wikidata.org/entity/Q63869675
9JHMX2AN,1,3,http://www.wikidata.org/entity/Q7291
9JHMX2AN,2,0,http://www.wikidata.org/entity/Q54222613
9JHMX2AN,2,1,http://www.wikidata.org/entity/Q63869675
9JHMX2AN,2,3,http://www.wikidata.org/entity/Q7291
9JHMX2AN,3,0,http://www.wikidata.org/entity/Q28945570
9JHMX2AN,3,1,http://www.wikidata.org/entity/Q63869675
9JHMX2AN,3,3,http://www.wikidata.org/entity/Q7291
9JHMX2AN,4,0,http://www.wikidata.org/entity/Q23706920
9JHMX2AN,4,1,http://www.wikidata.org/entity/Q63869675
9JHMX2AN,4,3,http://www.wikidata.org/entity/Q7291
9JHMX2AN,5,0,http://www.wikidata.org/entity/Q19354983
9JHMX2AN,5,1,http://www.wikidata.org/entity/Q63869675
9JHMX2AN,5,3,http://www.wikidata.org/entity/Q7291
9JHMX2AN,6,0,http://www.wikidata.org/entity/Q15533053
9JHMX2AN,6,1,http://www.wikidata.org/entity/Q63869675
9JHMX2AN,6,3,http://www.wikidata.org/entity/Q7291
9JHMX2AN,7,0,http://www.wikidata.org/entity/Q3388883
9JHMX2AN,7,1,http://www.wikidata.org/entity/Q63869675
9JHMX2AN,7,3,http://www.wikidata.org/entity/Q7291
9JHMX2AN,8,0,http://www.wikidata.org/entity/Q2776090
9JHMX2AN,8,1,http://www.wikidata.org/entity/Q63869675
9JHMX2AN,8,3,http://www.wikidata.org/entity/Q7291
MPEAQKZH,1,0,http://www.wikidata.org/entity/Q18881813
MPEAQKZH,2,0,http://www.wikidata.org/entity/Q18881812
MPEAQKZH,3,0,http://www.wikidata.org/entity/Q18881811
MPEAQKZH,4,0,http://www.wikidata.org/entity/Q18881810
MPEAQKZH,5,0,http://www.wikidata.org/entity/Q4591114
MPEAQKZH,6,0,http://www.wikidata.org/entity/Q2854706
MPEAQKZH,7,0,http://www.wikidata.org/entity/Q2639061
MPEAQKZH,8,0,http://www.wikidata.org/entity/Q2610076
C5I4YZAJ,1,0,http://www.wikidata.org/entity/Q24206910
C5I4YZAJ,1,1,http://www.wikidata.org/entity/Q179351
C5I4YZAJ,1,2,http://www.wikidata.org/entity/Q18810690
C5I4YZAJ,2,0,http://www.wikidata.org/entity/Q16894983
C5I4YZAJ,2,1,http://www.wikidata.org/entity/Q23800
C5I4YZAJ,2,2,http://www.wikidata.org/entity/Q907536
C5I4YZAJ,3,0,http://www.wikidata.org/entity/Q6783772
C5I4YZAJ,3,1,http://www.wikidata.org/entity/Q199797
C5I4YZAJ,3,2,http://www.wikidata.org/entity/Q16023299
C5I4YZAJ,4,0,http://www.wikidata.org/entity/Q3030310
C5I4YZAJ,4,1,http://www.wikidata.org/entity/Q812
C5I4YZAJ,4,2,http://www.wikidata.org/entity/Q2140930
62BXHZGU,1,0,http://www.wikidata.org/entity/Q27561
62BXHZGU,1,1,http://www.wikidata.org/entity/Q49
62BXHZGU,1,2,http://www.wikidata.org/entity/Q55
62BXHZGU,2,0,http://www.wikidata.org/entity/Q16645
62BXHZGU,2,1,http://www.wikidata.org/entity/Q49
62BXHZGU,2,2,http://www.wikidata.org/entity/Q30
62BXHZGU,3,0,http://www.wikidata.org/entity/Q386111
62BXHZGU,3,1,http://www.wikidata.org/entity/Q18
62BXHZGU,3,2,http://www.wikidata.org/entity/Q298
62BXHZGU,4,0,http://www.wikidata.org/entity/Q756987
62BXHZGU,4,1,http://www.wikidata.org/entity/Q46
62BXHZGU,4,2,http://www.wikidata.org/entity/Q224
FP3TR5TW,1,0,http://www.wikidata.org/entity/Q73723
FP3TR5TW,1,1,http://www.wikidata.org/entity/Q37495
FP3TR5TW,1,2,http://www.wikidata.org/entity/Q192849
FP3TR5TW,1,3,http://www.wikidata.org/entity/Q891803
FP3TR5TW,1,4,http://www.wikidata.org/entity/Q25989
FP3TR5TW,2,0,http://www.wikidata.org/entity/Q274388
FP3TR5TW,2,1,http://www.wikidata.org/entity/Q1141500
FP3TR5TW,2,2,http://www.wikidata.org/entity/Q25282
FP3TR5TW,2,3,http://www.wikidata.org/entity/Q37660
FP3TR5TW,2,4,http://www.wikidata.org/entity/Q6985
FP3TR5TW,3,0,http://www.wikidata.org/entity/Q215664
FP3TR5TW,3,1,http://www.wikidata.org/entity/Q1141500
FP3TR5TW,3,2,http://www.wikidata.org/entity/Q264818
FP3TR5TW,3,3,http://www.wikidata.org/entity/Q37660
FP3TR5TW,3,4,http://www.wikidata.org/entity/Q6940
FP3TR5TW,4,0,http://www.wikidata.org/entity/Q270844
FP3TR5TW,4,1,http://www.wikidata.org/entity/Q16502
FP3TR5TW,4,2,http://www.wikidata.org/entity/Q613
FP3TR5TW,4,3,http://www.wikidata.org/entity/Q34675
FP3TR5TW,4,4,http://www.wikidata.org/entity/Q6779
FP3TR5TW,5,0,http://www.wikidata.org/entity/Q25651
FP3TR5TW,5,1,http://www.wikidata.org/entity/Q81052
FP3TR5TW,5,2,http://www.wikidata.org/entity/Q202174
FP3TR5TW,5,3,http://www.wikidata.org/entity/Q1971856
FP3TR5TW,5,4,http://www.wikidata.org/entity/Q6574
FP3TR5TW,6,0,http://www.wikidata.org/entity/Q32425
FP3TR5TW,6,1,http://www.wikidata.org/entity/Q81052
FP3TR5TW,6,2,http://www.wikidata.org/entity/Q202174
FP3TR5TW,6,3,http://www.wikidata.org/entity/Q1444742
FP3TR5TW,6,4,http://www.wikidata.org/entity/Q6574
FP3TR5TW,7,0,http://www.wikidata.org/entity/Q81052
FP3TR5TW,7,1,http://www.wikidata.org/entity/Q123377
FP3TR5TW,7,2,http://www.wikidata.org/entity/Q202174
FP3TR5TW,7,3,http://www.wikidata.org/entity/Q97
FP3TR5TW,7,4,http://www.wikidata.org/entity/Q6574
FP3TR5TW,8,0,http://www.wikidata.org/entity/Q292657
FP3TR5TW,8,1,http://www.wikidata.org/entity/Q29971
FP3TR5TW,8,2,http://www.wikidata.org/entity/Q17012
FP3TR5TW,8,3,http://www.wikidata.org/entity/Q1247
FP3TR5TW,8,4,http://www.wikidata.org/entity/Q5762
LPEOGTXP,1,0,http://www.wikidata.org/entity/Q3593555
LPEOGTXP,1,2,http://www.wikidata.org/entity/Q118350
LPEOGTXP,2,0,http://www.wikidata.org/entity/Q768065
LPEOGTXP,2,2,http://www.wikidata.org/entity/Q34575
LPEOGTXP,3,0,http://www.wikidata.org/entity/Q706541
LPEOGTXP,3,2,http://www.wikidata.org/entity/Q1239
LPEOGTXP,4,0,http://www.wikidata.org/entity/Q504043
LPEOGTXP,4,2,http://www.wikidata.org/entity/Q98
H0XR0WWY,1,0,http://www.wikidata.org/entity/Q28404987
H0XR0WWY,1,1,http://www.wikidata.org/entity/Q112652
H0XR0WWY,2,0,http://www.wikidata.org/entity/Q14711383
H0XR0WWY,2,1,http://www.wikidata.org/entity/Q1439
H0XR0WWY,3,0,http://www.wikidata.org/entity/Q12061030
H0XR0WWY,3,1,http://www.wikidata.org/entity/Q58698
H0XR0WWY,4,0,http://www.wikidata.org/entity/Q7615723
H0XR0WWY,4,1,http://www.wikidata.org/entity/Q779
R722GTXB,1,0,http://www.wikidata.org/entity/Q2147856
R722GTXB,1,1,http://www.wikidata.org/entity/Q65914
R722GTXB,1,2,http://www.wikidata.org/entity/Q584
R722GTXB,2,0,http://www.wikidata.org/entity/Q1786196
R722GTXB,2,1,http://www.wikidata.org/entity/Q62001
R722GTXB,2,2,http://www.wikidata.org/entity/Q584
R722GTXB,3,0,http://www.wikidata.org/entity/Q1694223
R722GTXB,3,1,http://www.wikidata.org/entity/Q16077
R722GTXB,3,2,http://www.wikidata.org/entity/Q584
R722GTXB,4,0,http://www.wikidata.org/entity/Q17124139
R722GTXB,4,1,http://www.wikidata.org/entity/Q4190
R722GTXB,4,2,http://www.wikidata.org/entity/Q14369
ZQCI32TR,1,0,http://www.wikidata.org/entity/Q3775284
ZQCI32TR,1,1,http://www.wikidata.org/entity/Q3775285
ZQCI32TR,1,2,http://www.wikidata.org/entity/Q3775283
ZQCI32TR,1,3,http://www.wikidata.org/entity/Q3609
ZQCI32TR,2,0,http://www.wikidata.org/entity/Q3775283
ZQCI32TR,2,1,http://www.wikidata.org/entity/Q3775284
ZQCI32TR,2,2,http://www.wikidata.org/entity/Q3775282
ZQCI32TR,2,3,http://www.wikidata.org/entity/Q3609
ZQCI32TR,3,0,http://www.wikidata.org/entity/Q30318654
ZQCI32TR,3,1,http://www.wikidata.org/entity/Q4025129
ZQCI32TR,3,2,http://www.wikidata.org/entity/Q30318665
ZQCI32TR,3,3,http://www.wikidata.org/entity/Q3609
ZQCI32TR,4,0,http://www.wikidata.org/entity/Q4025129
ZQCI32TR,4,1,http://www.wikidata.org/entity/Q4025130
ZQCI32TR,4,2,http://www.wikidata.org/entity/Q30318654
ZQCI32TR,4,3,http://www.wikidata.org/entity/Q3609
ZQCI32TR,5,0,http://www.wikidata.org/entity/Q30318588
ZQCI32TR,5,1,http://www.wikidata.org/entity/Q30318592
ZQCI32TR,5,2,http://www.wikidata.org/entity/Q30318586
ZQCI32TR,5,3,http://www.wikidata.org/entity/Q3609
ZQCI32TR,6,0,http://www.wikidata.org/entity/Q4025130
ZQCI32TR,6,1,http://www.wikidata.org/entity/Q4025131
ZQCI32TR,6,2,http://www.wikidata.org/entity/Q4025129
ZQCI32TR,6,3,http://www.wikidata.org/entity/Q3609
ZQCI32TR,7,0,http://www.wikidata.org/entity/Q3775282
ZQCI32TR,7,1,http://www.wikidata.org/entity/Q3775283
ZQCI32TR,7,2,http://www.wikidata.org/entity/Q3775280
ZQCI32TR,7,3,http://www.wikidata.org/entity/Q3609
TJKA35DD,1,0,http://www.wikidata.org/entity/Q634262
TJKA35DD,1,3,http://www.wikidata.org/entity/Q6828
TJKA35DD,2,0,http://www.wikidata.org/entity/Q633114
TJKA35DD,2,3,http://www.wikidata.org/entity/Q6828
TJKA35DD,3,0,http://www.wikidata.org/entity/Q607915
TJKA35DD,3,3,http://www.wikidata.org/entity/Q6828
TJKA35DD,4,0,http://www.wikidata.org/entity/Q606343
TJKA35DD,4,3,http://www.wikidata.org/entity/Q6828
TJKA35DD,5,0,http://www.wikidata.org/entity/Q596693
TJKA35DD,5,3,http://www.wikidata.org/entity/Q6828
TJKA35DD,6,0,http://www.wikidata.org/entity/Q579205
TJKA35DD,6,3,http://www.wikidata.org/entity/Q6828
TJKA35DD,7,0,http://www.wikidata.org/entity/Q549807
TJKA35DD,7,3,http://www.wikidata.org/entity/Q6828
XR1ZESS9,1,0,http://www.wikidata.org/entity/Q1152829
XR1ZESS9,1,1,http://www.wikidata.org/entity/Q16957
XR1ZESS9,1,2,http://www.wikidata.org/entity/Q53389205
XR1ZESS9,1,3,http://www.wikidata.org/entity/Q7291
XR1ZESS9,2,0,http://www.wikidata.org/entity/Q1152830
XR1ZESS9,2,1,http://www.wikidata.org/entity/Q16957
XR1ZESS9,2,2,http://www.wikidata.org/entity/Q53389177
XR1ZESS9,2,3,http://www.wikidata.org/entity/Q7291
XR1ZESS9,3,0,http://www.wikidata.org/entity/Q1152825
XR1ZESS9,3,1,http://www.wikidata.org/entity/Q16957
XR1ZESS9,3,2,http://www.wikidata.org/entity/Q53389143
XR1ZESS9,3,3,http://www.wikidata.org/entity/Q7291
XR1ZESS9,4,0,http://www.wikidata.org/entity/Q1152827
XR1ZESS9,4,1,http://www.wikidata.org/entity/Q16957
XR1ZESS9,4,2,http://www.wikidata.org/entity/Q53389114
XR1ZESS9,4,3,http://www.wikidata.org/entity/Q7291
JJNYXKLN,1,0,http://www.wikidata.org/entity/Q1152823
JJNYXKLN,1,1,http://www.wikidata.org/entity/Q16957
JJNYXKLN,1,2,http://www.wikidata.org/entity/Q53389083
JJNYXKLN,1,3,http://www.wikidata.org/entity/Q7291
JJNYXKLN,2,0,http://www.wikidata.org/entity/Q1152822
JJNYXKLN,2,1,http://www.wikidata.org/entity/Q16957
JJNYXKLN,2,2,http://www.wikidata.org/entity/Q53389052
JJNYXKLN,2,3,http://www.wikidata.org/entity/Q7291
JJNYXKLN,3,0,http://www.wikidata.org/entity/Q1152765
JJNYXKLN,3,1,http://www.wikidata.org/entity/Q16957
JJNYXKLN,3,2,http://www.wikidata.org/entity/Q53389021
JJNYXKLN,3,3,http://www.wikidata.org/entity/Q7291
JJNYXKLN,4,0,http://www.wikidata.org/entity/Q1152763
JJNYXKLN,4,1,http://www.wikidata.org/entity/Q16957
JJNYXKLN,4,2,http://www.wikidata.org/entity/Q53388992
JJNYXKLN,4,3,http://www.wikidata.org/entity/Q7291
JJNYXKLN,5,0,http://www.wikidata.org/entity/Q1152761
JJNYXKLN,5,1,http://www.wikidata.org/entity/Q16957
JJNYXKLN,5,2,http://www.wikidata.org/entity/Q53388962
JJNYXKLN,5,3,http://www.wikidata.org/entity/Q7291
JJNYXKLN,6,0,http://www.wikidata.org/entity/Q1152759
JJNYXKLN,6,1,http://www.wikidata.org/entity/Q16957
JJNYXKLN,6,2,http://www.wikidata.org/entity/Q53388936
JJNYXKLN,6,3,http://www.wikidata.org/entity/Q7291
JJNYXKLN,7,0,http://www.wikidata.org/entity/Q1152757
JJNYXKLN,7,1,http://www.wikidata.org/entity/Q16957
JJNYXKLN,7,2,http://www.wikidata.org/entity/Q53388906
JJNYXKLN,7,3,http://www.wikidata.org/entity/Q7291
JJNYXKLN,8,0,http://www.wikidata.org/entity/Q16812
JJNYXKLN,8,1,http://www.wikidata.org/entity/Q16957
JJNYXKLN,8,2,http://www.wikidata.org/entity/Q53388885
JJNYXKLN,8,3,http://www.wikidata.org/entity/Q7291
JJNYXKLN,9,0,http://www.wikidata.org/entity/Q1152756
JJNYXKLN,9,1,http://www.wikidata.org/entity/Q16957
JJNYXKLN,9,2,http://www.wikidata.org/entity/Q53388857
JJNYXKLN,9,3,http://www.wikidata.org/entity/Q7291
JJNYXKLN,10,0,http://www.wikidata.org/entity/Q1152749
JJNYXKLN,10,1,http://www.wikidata.org/entity/Q16957
JJNYXKLN,10,2,http://www.wikidata.org/entity/Q53388836
JJNYXKLN,10,3,http://www.wikidata.org/entity/Q7291
ORAKB29G,1,0,http://www.wikidata.org/entity/Q1152830
ORAKB29G,1,1,http://www.wikidata.org/entity/Q63301933
ORAKB29G,1,2,http://www.wikidata.org/entity/Q1152829
ORAKB29G,1,3,http://www.wikidata.org/entity/Q1152825
ORAKB29G,2,0,http://www.wikidata.org/entity/Q1152827
ORAKB29G,2,1,http://www.wikidata.org/entity/Q63301933
ORAKB29G,2,2,http://www.wikidata.org/entity/Q1152825
ORAKB29G,2,3,http://www.wikidata.org/entity/Q1152823
ORAKB29G,3,0,http://www.wikidata.org/entity/Q1152822
ORAKB29G,3,1,http://www.wikidata.org/entity/Q57750246
ORAKB29G,3,2,http://www.wikidata.org/entity/Q1152823
ORAKB29G,3,3,http://www.wikidata.org/entity/Q1152765
ORAKB29G,4,0,http://www.wikidata.org/entity/Q1152765
ORAKB29G,4,1,http://www.wikidata.org/entity/Q63301933
ORAKB29G,4,2,http://www.wikidata.org/entity/Q1152822
ORAKB29G,4,3,http://www.wikidata.org/entity/Q1152763
ORAKB29G,5,0,http://www.wikidata.org/entity/Q1152763
ORAKB29G,5,1,http://www.wikidata.org/entity/Q63301933
ORAKB29G,5,2,http://www.wikidata.org/entity/Q1152765
ORAKB29G,5,3,http://www.wikidata.org/entity/Q1152761
UYJPRC73,1,0,http://www.wikidata.org/entity/Q193651
UYJPRC73,1,2,http://www.wikidata.org/entity/Q207766
UYJPRC73,1,3,http://www.wikidata.org/entity/Q55934339
UYJPRC73,1,4,http://www.wikidata.org/entity/Q145
UYJPRC73,2,0,http://www.wikidata.org/entity/Q1246579
UYJPRC73,2,2,http://www.wikidata.org/entity/Q311935
UYJPRC73,2,3,http://www.wikidata.org/entity/Q10686
UYJPRC73,2,4,http://www.wikidata.org/entity/Q145
UYJPRC73,3,0,http://www.wikidata.org/entity/Q1510204
UYJPRC73,3,2,http://www.wikidata.org/entity/Q207766
UYJPRC73,3,3,http://www.wikidata.org/entity/Q43295
UYJPRC73,3,4,http://www.wikidata.org/entity/Q142
UYJPRC73,4,0,http://www.wikidata.org/entity/Q16564746
UYJPRC73,4,2,http://www.wikidata.org/entity/Q207766
UYJPRC73,4,3,http://www.wikidata.org/entity/Q1335
UYJPRC73,4,4,http://www.wikidata.org/entity/Q77
UYJPRC73,5,0,http://www.wikidata.org/entity/Q498245
UYJPRC73,5,2,http://www.wikidata.org/entity/Q207766
UYJPRC73,5,3,http://www.wikidata.org/entity/Q1335
UYJPRC73,5,4,http://www.wikidata.org/entity/Q77
UYJPRC73,6,0,http://www.wikidata.org/entity/Q2552609
UYJPRC73,6,2,http://www.wikidata.org/entity/Q207766
UYJPRC73,6,3,http://www.wikidata.org/entity/Q9899
UYJPRC73,6,4,http://www.wikidata.org/entity/Q55
UYJPRC73,7,0,http://www.wikidata.org/entity/Q1348100
UYJPRC73,7,2,http://www.wikidata.org/entity/Q207766
UYJPRC73,7,3,http://www.wikidata.org/entity/Q16494134
UYJPRC73,7,4,http://www.wikidata.org/entity/Q38
6YU6XO9E,1,0,http://www.wikidata.org/entity/Q68740
6YU6XO9E,1,1,http://www.wikidata.org/entity/Q192626
6YU6XO9E,1,4,http://www.wikidata.org/entity/Q3241537
6YU6XO9E,1,5,http://www.wikidata.org/entity/Q98
6YU6XO9E,2,0,http://www.wikidata.org/entity/Q1384924
6YU6XO9E,2,1,http://www.wikidata.org/entity/Q16644
6YU6XO9E,2,4,http://www.wikidata.org/entity/Q7056
6YU6XO9E,2,5,http://www.wikidata.org/entity/Q98
6YU6XO9E,3,0,http://www.wikidata.org/entity/Q1075076
6YU6XO9E,3,1,http://www.wikidata.org/entity/Q864302
6YU6XO9E,3,4,http://www.wikidata.org/entity/Q7041
6YU6XO9E,3,5,http://www.wikidata.org/entity/Q98
6YU6XO9E,4,0,http://www.wikidata.org/entity/Q471793
6YU6XO9E,4,1,http://www.wikidata.org/entity/Q26988
6YU6XO9E,4,4,http://www.wikidata.org/entity/Q2163
6YU6XO9E,4,5,http://www.wikidata.org/entity/Q98
0ERHTJWL,1,0,http://www.wikidata.org/entity/Q70
0ERHTJWL,1,1,http://www.wikidata.org/entity/Q1675
0ERHTJWL,1,3,http://www.wikidata.org/entity/Q666217
0ERHTJWL,2,0,http://www.wikidata.org/entity/Q617
0ERHTJWL,2,1,http://www.wikidata.org/entity/Q1242186
0ERHTJWL,2,3,http://www.wikidata.org/entity/Q16226
0ERHTJWL,3,0,http://www.wikidata.org/entity/Q807
0ERHTJWL,3,1,http://www.wikidata.org/entity/Q3073819
0ERHTJWL,3,3,http://www.wikidata.org/entity/Q12771
0ERHTJWL,4,0,http://www.wikidata.org/entity/Q78
0ERHTJWL,4,1,http://www.wikidata.org/entity/Q584
0ERHTJWL,4,3,http://www.wikidata.org/entity/Q12172
0ERHTJWL,5,0,http://www.wikidata.org/entity/Q72
0ERHTJWL,5,1,http://www.wikidata.org/entity/Q14338
0ERHTJWL,5,3,http://www.wikidata.org/entity/Q11943
0ERHTJWL,6,0,http://www.wikidata.org/entity/Q71
0ERHTJWL,6,1,http://www.wikidata.org/entity/Q602
0ERHTJWL,6,3,http://www.wikidata.org/entity/Q11917
0ERHTJWL,7,0,http://www.wikidata.org/entity/Q1726
0ERHTJWL,7,1,http://www.wikidata.org/entity/Q106588
0ERHTJWL,7,3,http://www.wikidata.org/entity/Q10562
0ERHTJWL,8,0,http://www.wikidata.org/entity/Q2749
0ERHTJWL,8,1,http://www.wikidata.org/entity/Q155841
0ERHTJWL,8,3,http://www.wikidata.org/entity/Q10557
0ERHTJWL,9,0,http://www.wikidata.org/entity/Q2833
0ERHTJWL,9,1,http://www.wikidata.org/entity/Q515480
0ERHTJWL,9,3,http://www.wikidata.org/entity/Q8167
0ERHTJWL,10,0,http://www.wikidata.org/entity/Q1794
0ERHTJWL,10,1,http://www.wikidata.org/entity/Q1670
0ERHTJWL,10,3,http://www.wikidata.org/entity/Q7932
0ERHTJWL,11,0,http://www.wikidata.org/entity/Q586
0ERHTJWL,11,1,http://www.wikidata.org/entity/Q584
0ERHTJWL,11,3,http://www.wikidata.org/entity/Q7927
0ERHTJWL,12,0,http://www.wikidata.org/entity/Q2066
0ERHTJWL,12,1,http://www.wikidata.org/entity/Q1664
0ERHTJWL,12,3,http://www.wikidata.org/entity/Q7926
7LI4VTZT,1,0,http://www.wikidata.org/entity/Q34757550
7LI4VTZT,1,1,http://www.wikidata.org/entity/Q30
7LI4VTZT,1,3,http://www.wikidata.org/entity/Q177562
7LI4VTZT,2,0,http://www.wikidata.org/entity/Q34757417
7LI4VTZT,2,1,http://www.wikidata.org/entity/Q30
7LI4VTZT,2,3,http://www.wikidata.org/entity/Q156213
7LI4VTZT,3,0,http://www.wikidata.org/entity/Q34757409
7LI4VTZT,3,1,http://www.wikidata.org/entity/Q30
7LI4VTZT,3,3,http://www.wikidata.org/entity/Q61352
7LI4VTZT,4,0,http://www.wikidata.org/entity/Q34757467
7LI4VTZT,4,1,http://www.wikidata.org/entity/Q30
7LI4VTZT,4,3,http://www.wikidata.org/entity/Q54440
7LI4VTZT,5,0,http://www.wikidata.org/entity/Q34758608
7LI4VTZT,5,1,http://www.wikidata.org/entity/Q212
7LI4VTZT,5,3,http://www.wikidata.org/entity/Q212
7LI4VTZT,6,0,http://www.wikidata.org/entity/Q34749624
7LI4VTZT,6,1,http://www.wikidata.org/entity/Q30
7LI4VTZT,6,3,http://www.wikidata.org/entity/Q11980692
7LI4VTZT,7,0,http://www.wikidata.org/entity/Q34751178
7LI4VTZT,7,1,http://www.wikidata.org/entity/Q30
7LI4VTZT,7,3,http://www.wikidata.org/entity/Q511135
7LI4VTZT,8,0,http://www.wikidata.org/entity/Q34751122
7LI4VTZT,8,1,http://www.wikidata.org/entity/Q30
7LI4VTZT,8,3,http://www.wikidata.org/entity/Q511135
7LI4VTZT,9,0,http://www.wikidata.org/entity/Q34751388
7LI4VTZT,9,1,http://www.wikidata.org/entity/Q30
7LI4VTZT,9,3,http://www.wikidata.org/entity/Q509838
7LI4VTZT,10,0,http://www.wikidata.org/entity/Q34751097
7LI4VTZT,10,1,http://www.wikidata.org/entity/Q30
7LI4VTZT,10,3,http://www.wikidata.org/entity/Q507088
JIG19FNJ,1,0,http://www.wikidata.org/entity/Q941853
JIG19FNJ,1,2,http://www.wikidata.org/entity/Q21628657
JIG19FNJ,1,3,http://www.wikidata.org/entity/Q7880
JIG19FNJ,2,0,http://www.wikidata.org/entity/Q283140
JIG19FNJ,2,2,http://www.wikidata.org/entity/Q1312530
JIG19FNJ,2,3,http://www.wikidata.org/entity/Q1757
JIG19FNJ,3,0,http://www.wikidata.org/entity/Q1520485
JIG19FNJ,3,2,http://www.wikidata.org/entity/Q55497395
JIG19FNJ,3,3,http://www.wikidata.org/entity/Q70
JIG19FNJ,4,0,http://www.wikidata.org/entity/Q214654
JIG19FNJ,4,2,http://www.wikidata.org/entity/Q2957340
JIG19FNJ,4,3,http://www.wikidata.org/entity/Q3413213
AW11SZB3,1,0,http://www.wikidata.org/entity/Q844282
AW11SZB3,1,1,http://www.wikidata.org/entity/Q280413
AW11SZB3,1,2,http://www.wikidata.org/entity/Q37776
AW11SZB3,1,3,http://www.wikidata.org/entity/Q3152437
AW11SZB3,2,0,http://www.wikidata.org/entity/Q752042
AW11SZB3,2,1,http://www.wikidata.org/entity/Q530471
AW11SZB3,2,2,http://www.wikidata.org/entity/Q43194
AW11SZB3,2,3,http://www.wikidata.org/entity/Q530471
AW11SZB3,3,0,http://www.wikidata.org/entity/Q637936
AW11SZB3,3,1,http://www.wikidata.org/entity/Q13371
AW11SZB3,3,2,http://www.wikidata.org/entity/Q49111
AW11SZB3,3,3,http://www.wikidata.org/entity/Q1133697
AW11SZB3,4,0,http://www.wikidata.org/entity/Q592248
AW11SZB3,4,1,http://www.wikidata.org/entity/Q1315390
AW11SZB3,4,2,http://www.wikidata.org/entity/Q2140577
AW11SZB3,4,3,http://www.wikidata.org/entity/Q1315390
HVMDU4XZ,1,0,http://www.wikidata.org/entity/Q55392043
HVMDU4XZ,1,1,http://www.wikidata.org/entity/Q45038499
HVMDU4XZ,1,2,http://www.wikidata.org/entity/Q29061920
HVMDU4XZ,1,3,http://www.wikidata.org/entity/Q29017681
HVMDU4XZ,2,0,http://www.wikidata.org/entity/Q29017681
HVMDU4XZ,2,1,http://www.wikidata.org/entity/Q27092858
HVMDU4XZ,2,2,http://www.wikidata.org/entity/Q28025049
HVMDU4XZ,2,3,http://www.wikidata.org/entity/Q23655565
HVMDU4XZ,3,0,http://www.wikidata.org/entity/Q2547931
HVMDU4XZ,3,1,http://www.wikidata.org/entity/Q772664
HVMDU4XZ,3,2,http://www.wikidata.org/entity/Q2721340
HVMDU4XZ,3,3,http://www.wikidata.org/entity/Q766024
HVMDU4XZ,4,0,http://www.wikidata.org/entity/Q23655565
HVMDU4XZ,4,1,http://www.wikidata.org/entity/Q21000393
HVMDU4XZ,4,2,http://www.wikidata.org/entity/Q21769847
HVMDU4XZ,4,3,http://www.wikidata.org/entity/Q19580171
WVT5HX6E,1,0,http://www.wikidata.org/entity/Q1247168
WVT5HX6E,1,1,http://www.wikidata.org/entity/Q1370
WVT5HX6E,1,2,http://www.wikidata.org/entity/Q1156642
WVT5HX6E,1,3,http://www.wikidata.org/entity/Q296069
WVT5HX6E,2,0,http://www.wikidata.org/entity/Q1230632
WVT5HX6E,2,1,http://www.wikidata.org/entity/Q84
WVT5HX6E,2,2,http://www.wikidata.org/entity/Q2071905
WVT5HX6E,2,3,http://www.wikidata.org/entity/Q209641
WVT5HX6E,3,0,http://www.wikidata.org/entity/Q1964231
WVT5HX6E,3,1,http://www.wikidata.org/entity/Q656
WVT5HX6E,3,2,http://www.wikidata.org/entity/Q141336
WVT5HX6E,3,3,http://www.wikidata.org/entity/Q55207
WVT5HX6E,4,0,http://www.wikidata.org/entity/Q890343
WVT5HX6E,4,1,http://www.wikidata.org/entity/Q60
WVT5HX6E,4,2,http://www.wikidata.org/entity/Q3067892
WVT5HX6E,4,3,http://www.wikidata.org/entity/Q7519378
JD53MRD7,1,0,http://www.wikidata.org/entity/Q4141674
JD53MRD7,1,2,http://www.wikidata.org/entity/Q3052521
JD53MRD7,1,3,http://www.wikidata.org/entity/Q7976
JD53MRD7,2,0,http://www.wikidata.org/entity/Q4673222
JD53MRD7,2,2,http://www.wikidata.org/entity/Q2570312
JD53MRD7,2,3,http://www.wikidata.org/entity/Q7976
JD53MRD7,3,0,http://www.wikidata.org/entity/Q4673220
JD53MRD7,3,2,http://www.wikidata.org/entity/Q2570312
JD53MRD7,3,3,http://www.wikidata.org/entity/Q7976
JD53MRD7,4,0,http://www.wikidata.org/entity/Q7771551
JD53MRD7,4,2,http://www.wikidata.org/entity/Q27888329
JD53MRD7,4,3,http://www.wikidata.org/entity/Q1860
JD53MRD7,5,0,http://www.wikidata.org/entity/Q7770048
JD53MRD7,5,2,http://www.wikidata.org/entity/Q18762328
JD53MRD7,5,3,http://www.wikidata.org/entity/Q1860
JD53MRD7,6,0,http://www.wikidata.org/entity/Q6937690
JD53MRD7,6,2,http://www.wikidata.org/entity/Q6679146
JD53MRD7,6,3,http://www.wikidata.org/entity/Q1860
JD53MRD7,7,0,http://www.wikidata.org/entity/Q6679149
JD53MRD7,7,2,http://www.wikidata.org/entity/Q6679146
JD53MRD7,7,3,http://www.wikidata.org/entity/Q1860
JD53MRD7,8,0,http://www.wikidata.org/entity/Q3938126
JD53MRD7,8,2,http://www.wikidata.org/entity/Q5417845
JD53MRD7,8,3,http://www.wikidata.org/entity/Q1860
JD53MRD7,9,0,http://www.wikidata.org/entity/Q7233013
JD53MRD7,9,2,http://www.wikidata.org/entity/Q4851429
JD53MRD7,9,3,http://www.wikidata.org/entity/Q1860
JD53MRD7,10,0,http://www.wikidata.org/entity/Q7842130
JD53MRD7,10,2,http://www.wikidata.org/entity/Q3025689
JD53MRD7,10,3,http://www.wikidata.org/entity/Q1860
JD53MRD7,11,0,http://www.wikidata.org/entity/Q7508273
JD53MRD7,11,2,http://www.wikidata.org/entity/Q2307373
JD53MRD7,11,3,http://www.wikidata.org/entity/Q1860
TQXCOPLR,1,0,http://www.wikidata.org/entity/Q1678180
TQXCOPLR,1,3,http://www.wikidata.org/entity/Q63051009
TQXCOPLR,2,0,http://www.wikidata.org/entity/Q189577
TQXCOPLR,2,3,http://www.wikidata.org/entity/Q63051009
TQXCOPLR,3,0,http://www.wikidata.org/entity/Q18124943
TQXCOPLR,3,3,http://www.wikidata.org/entity/Q1472987
TQXCOPLR,4,0,http://www.wikidata.org/entity/Q168165
TQXCOPLR,4,3,http://www.wikidata.org/entity/Q214700
QI9U9667,1,0,http://www.wikidata.org/entity/Q18881293
QI9U9667,1,1,http://www.wikidata.org/entity/Q18881376
QI9U9667,2,0,http://www.wikidata.org/entity/Q18881291
QI9U9667,2,1,http://www.wikidata.org/entity/Q18881374
QI9U9667,3,0,http://www.wikidata.org/entity/Q18881290
QI9U9667,3,1,http://www.wikidata.org/entity/Q18881369
QI9U9667,4,0,http://www.wikidata.org/entity/Q18881288
QI9U9667,4,1,http://www.wikidata.org/entity/Q18881366
QI9U9667,5,0,http://www.wikidata.org/entity/Q18881287
QI9U9667,5,1,http://www.wikidata.org/entity/Q18881360
QI9U9667,6,0,http://www.wikidata.org/entity/Q18881285
QI9U9667,6,1,http://www.wikidata.org/entity/Q18881355
QI9U9667,7,0,http://www.wikidata.org/entity/Q18881284
QI9U9667,7,1,http://www.wikidata.org/entity/Q18881351
QI9U9667,8,0,http://www.wikidata.org/entity/Q18881281
QI9U9667,8,1,http://www.wikidata.org/entity/Q18881348
QI9U9667,9,0,http://www.wikidata.org/entity/Q18881273
QI9U9667,9,1,http://www.wikidata.org/entity/Q18881206
QI9U9667,10,0,http://www.wikidata.org/entity/Q18881272
QI9U9667,10,1,http://www.wikidata.org/entity/Q18881202
QI9U9667,11,0,http://www.wikidata.org/entity/Q18881267
QI9U9667,11,1,http://www.wikidata.org/entity/Q18881190
QI9U9667,12,0,http://www.wikidata.org/entity/Q18881269
QI9U9667,12,1,http://www.wikidata.org/entity/Q18881126
2YLZEA9P,1,0,http://www.wikidata.org/entity/Q2571484
2YLZEA9P,1,3,http://www.wikidata.org/entity/Q129286
2YLZEA9P,2,0,http://www.wikidata.org/entity/Q1728782
2YLZEA9P,2,3,http://www.wikidata.org/entity/Q129286
2YLZEA9P,3,0,http://www.wikidata.org/entity/Q1557792
2YLZEA9P,3,3,http://www.wikidata.org/entity/Q129286
2YLZEA9P,4,0,http://www.wikidata.org/entity/Q1207561
2YLZEA9P,4,3,http://www.wikidata.org/entity/Q129286
2YLZEA9P,5,0,http://www.wikidata.org/entity/Q889030
2YLZEA9P,5,3,http://www.wikidata.org/entity/Q129286
2YLZEA9P,6,0,http://www.wikidata.org/entity/Q855044
2YLZEA9P,6,3,http://www.wikidata.org/entity/Q129286
2YLZEA9P,7,0,http://www.wikidata.org/entity/Q854917
2YLZEA9P,7,3,http://www.wikidata.org/entity/Q129286
2YLZEA9P,8,0,http://www.wikidata.org/entity/Q808575
2YLZEA9P,8,3,http://www.wikidata.org/entity/Q129286
2YLZEA9P,9,0,http://www.wikidata.org/entity/Q266923
2YLZEA9P,9,3,http://www.wikidata.org/entity/Q129286
2YLZEA9P,10,0,http://www.wikidata.org/entity/Q150058
2YLZEA9P,10,3,http://www.wikidata.org/entity/Q129286
2YLZEA9P,11,0,http://www.wikidata.org/entity/Q1806438
2YLZEA9P,11,3,http://www.wikidata.org/entity/Q843
2YLZEA9P,12,0,http://www.wikidata.org/entity/Q1240096
2YLZEA9P,12,3,http://www.wikidata.org/entity/Q668
2YLZEA9P,13,0,http://www.wikidata.org/entity/Q6124144
2YLZEA9P,13,3,http://www.wikidata.org/entity/Q129286
F1GVTR3J,1,0,http://www.wikidata.org/entity/Q1206460
F1GVTR3J,1,1,http://www.wikidata.org/entity/Q199968
F1GVTR3J,1,2,http://www.wikidata.org/entity/Q15632117
F1GVTR3J,1,3,http://www.wikidata.org/entity/Q183
F1GVTR3J,2,0,http://www.wikidata.org/entity/Q1591260
F1GVTR3J,2,1,http://www.wikidata.org/entity/Q153745
F1GVTR3J,2,2,http://www.wikidata.org/entity/Q15632117
F1GVTR3J,2,3,http://www.wikidata.org/entity/Q183
F1GVTR3J,3,0,http://www.wikidata.org/entity/Q2748017
F1GVTR3J,3,1,http://www.wikidata.org/entity/Q774015
F1GVTR3J,3,2,http://www.wikidata.org/entity/Q15700818
F1GVTR3J,3,3,http://www.wikidata.org/entity/Q145
F1GVTR3J,4,0,http://www.wikidata.org/entity/Q2985822
F1GVTR3J,4,1,http://www.wikidata.org/entity/Q1368496
F1GVTR3J,4,2,http://www.wikidata.org/entity/Q219538
F1GVTR3J,4,3,http://www.wikidata.org/entity/Q145
F1GVTR3J,5,0,http://www.wikidata.org/entity/Q2985848
F1GVTR3J,5,1,http://www.wikidata.org/entity/Q897454
F1GVTR3J,5,2,http://www.wikidata.org/entity/Q219538
F1GVTR3J,5,3,http://www.wikidata.org/entity/Q145
F1GVTR3J,6,0,http://www.wikidata.org/entity/Q2985835
F1GVTR3J,6,1,http://www.wikidata.org/entity/Q748701
F1GVTR3J,6,2,http://www.wikidata.org/entity/Q16739336
F1GVTR3J,6,3,http://www.wikidata.org/entity/Q142
F1GVTR3J,7,0,http://www.wikidata.org/entity/Q2985833
F1GVTR3J,7,1,http://www.wikidata.org/entity/Q200067
F1GVTR3J,7,2,http://www.wikidata.org/entity/Q16739336
F1GVTR3J,7,3,http://www.wikidata.org/entity/Q142
F1GVTR3J,8,0,http://www.wikidata.org/entity/Q2985874
F1GVTR3J,8,1,http://www.wikidata.org/entity/Q82185
F1GVTR3J,8,2,http://www.wikidata.org/entity/Q16739336
F1GVTR3J,8,3,http://www.wikidata.org/entity/Q142
F1GVTR3J,9,0,http://www.wikidata.org/entity/Q2985826
F1GVTR3J,9,1,http://www.wikidata.org/entity/Q69481
F1GVTR3J,9,2,http://www.wikidata.org/entity/Q16739336
F1GVTR3J,9,3,http://www.wikidata.org/entity/Q142
A3PDZHO4,1,0,http://www.wikidata.org/entity/Q917429
A3PDZHO4,1,1,http://www.wikidata.org/entity/Q954
A3PDZHO4,1,3,http://www.wikidata.org/entity/Q1778838
A3PDZHO4,2,0,http://www.wikidata.org/entity/Q156684
A3PDZHO4,2,1,http://www.wikidata.org/entity/Q30
A3PDZHO4,2,3,http://www.wikidata.org/entity/Q1502747
A3PDZHO4,3,0,http://www.wikidata.org/entity/Q208076
A3PDZHO4,3,1,http://www.wikidata.org/entity/Q29
A3PDZHO4,3,3,http://www.wikidata.org/entity/Q1141172
A3PDZHO4,4,0,http://www.wikidata.org/entity/Q1288
A3PDZHO4,4,1,http://www.wikidata.org/entity/Q28
A3PDZHO4,4,3,http://www.wikidata.org/entity/Q927233
YZQBYU36,1,0,http://www.wikidata.org/entity/Q1455282
YZQBYU36,1,1,http://www.wikidata.org/entity/Q27607224
YZQBYU36,1,2,http://www.wikidata.org/entity/Q2696620
YZQBYU36,1,4,http://www.wikidata.org/entity/Q1455281
YZQBYU36,1,5,http://www.wikidata.org/entity/Q7291
YZQBYU36,2,0,http://www.wikidata.org/entity/Q1455281
YZQBYU36,2,1,http://www.wikidata.org/entity/Q27607223
YZQBYU36,2,2,http://www.wikidata.org/entity/Q1455282
YZQBYU36,2,4,http://www.wikidata.org/entity/Q1455278
YZQBYU36,2,5,http://www.wikidata.org/entity/Q7291
YZQBYU36,3,0,http://www.wikidata.org/entity/Q1455278
YZQBYU36,3,1,http://www.wikidata.org/entity/Q27607222
YZQBYU36,3,2,http://www.wikidata.org/entity/Q1455281
YZQBYU36,3,4,http://www.wikidata.org/entity/Q1455271
YZQBYU36,3,5,http://www.wikidata.org/entity/Q7291
YZQBYU36,4,0,http://www.wikidata.org/entity/Q1455287
YZQBYU36,4,1,http://www.wikidata.org/entity/Q27607235
YZQBYU36,4,2,http://www.wikidata.org/entity/Q2696632
YZQBYU36,4,4,http://www.wikidata.org/entity/Q2696631
YZQBYU36,4,5,http://www.wikidata.org/entity/Q7291
48CIJTXY,1,0,http://www.wikidata.org/entity/Q81025114
48CIJTXY,1,3,http://www.wikidata.org/entity/Q24452
48CIJTXY,2,0,http://www.wikidata.org/entity/Q80977695
48CIJTXY,2,3,http://www.wikidata.org/entity/Q24452
48CIJTXY,3,0,http://www.wikidata.org/entity/Q81274646
48CIJTXY,3,3,http://www.wikidata.org/entity/Q1457376
48CIJTXY,4,0,http://www.wikidata.org/entity/Q81274640
48CIJTXY,4,3,http://www.wikidata.org/entity/Q1457376
48CIJTXY,5,0,http://www.wikidata.org/entity/Q81274638
48CIJTXY,5,3,http://www.wikidata.org/entity/Q1457376
48CIJTXY,6,0,http://www.wikidata.org/entity/Q81274635
48CIJTXY,6,3,http://www.wikidata.org/entity/Q1457376
48CIJTXY,7,0,http://www.wikidata.org/entity/Q81274634
48CIJTXY,7,3,http://www.wikidata.org/entity/Q1457376
4ZFFD5J4,1,0,http://www.wikidata.org/entity/Q6325495
4ZFFD5J4,1,1,http://www.wikidata.org/entity/Q30
4ZFFD5J4,1,3,http://www.wikidata.org/entity/Q14711079
4ZFFD5J4,2,0,http://www.wikidata.org/entity/Q6324960
4ZFFD5J4,2,1,http://www.wikidata.org/entity/Q30
4ZFFD5J4,2,3,http://www.wikidata.org/entity/Q1899149
4ZFFD5J4,3,0,http://www.wikidata.org/entity/Q28958992
4ZFFD5J4,3,1,http://www.wikidata.org/entity/Q30
4ZFFD5J4,3,3,http://www.wikidata.org/entity/Q1813602
4ZFFD5J4,4,0,http://www.wikidata.org/entity/Q16903824
4ZFFD5J4,4,1,http://www.wikidata.org/entity/Q30
4ZFFD5J4,4,3,http://www.wikidata.org/entity/Q1180403
4ZFFD5J4,5,0,http://www.wikidata.org/entity/Q1549630
4ZFFD5J4,5,1,http://www.wikidata.org/entity/Q34
4ZFFD5J4,5,3,http://www.wikidata.org/entity/Q946647
4ZFFD5J4,6,0,http://www.wikidata.org/entity/Q29439731
4ZFFD5J4,6,1,http://www.wikidata.org/entity/Q30
4ZFFD5J4,6,3,http://www.wikidata.org/entity/Q687541
R6ASJGPI,1,0,http://www.wikidata.org/entity/Q474947
R6ASJGPI,1,2,http://www.wikidata.org/entity/Q1139227
R6ASJGPI,1,3,http://www.wikidata.org/entity/Q186532
R6ASJGPI,2,0,http://www.wikidata.org/entity/Q531173
R6ASJGPI,2,2,http://www.wikidata.org/entity/Q1724
R6ASJGPI,2,3,http://www.wikidata.org/entity/Q156975
R6ASJGPI,3,0,http://www.wikidata.org/entity/Q634742
R6ASJGPI,3,2,http://www.wikidata.org/entity/Q3919
R6ASJGPI,3,3,http://www.wikidata.org/entity/Q119322
R6ASJGPI,4,0,http://www.wikidata.org/entity/Q496548
R6ASJGPI,4,2,http://www.wikidata.org/entity/Q1486
R6ASJGPI,4,3,http://www.wikidata.org/entity/Q79800
U3K39JJ9,1,0,http://www.wikidata.org/entity/Q26995723
U3K39JJ9,1,2,http://www.wikidata.org/entity/Q9022
U3K39JJ9,1,3,http://www.wikidata.org/entity/Q7291
U3K39JJ9,1,4,http://www.wikidata.org/entity/Q63869675
U3K39JJ9,1,5,http://www.wikidata.org/entity/Q21004340
U3K39JJ9,2,0,http://www.wikidata.org/entity/Q1926204
U3K39JJ9,2,2,http://www.wikidata.org/entity/Q1489
U3K39JJ9,2,3,http://www.wikidata.org/entity/Q7291
U3K39JJ9,2,4,http://www.wikidata.org/entity/Q63869675
U3K39JJ9,2,5,http://www.wikidata.org/entity/Q18811331
U3K39JJ9,3,0,http://www.wikidata.org/entity/Q21004340
U3K39JJ9,3,2,http://www.wikidata.org/entity/Q8969
U3K39JJ9,3,3,http://www.wikidata.org/entity/Q7291
U3K39JJ9,3,4,http://www.wikidata.org/entity/Q63869675
U3K39JJ9,3,5,http://www.wikidata.org/entity/Q18524079
U3K39JJ9,4,0,http://www.wikidata.org/entity/Q18175406
U3K39JJ9,4,2,http://www.wikidata.org/entity/Q1489
U3K39JJ9,4,3,http://www.wikidata.org/entity/Q7291
U3K39JJ9,4,4,http://www.wikidata.org/entity/Q63869675
U3K39JJ9,4,5,http://www.wikidata.org/entity/Q18175405
IYM1D4QG,1,0,http://www.wikidata.org/entity/Q7870723
IYM1D4QG,1,1,http://www.wikidata.org/entity/Q6390446
IYM1D4QG,1,2,http://www.wikidata.org/entity/Q362
IYM1D4QG,1,3,http://www.wikidata.org/entity/Q11220
IYM1D4QG,1,4,http://www.wikidata.org/entity/Q982388
IYM1D4QG,2,0,http://www.wikidata.org/entity/Q7870456
IYM1D4QG,2,1,http://www.wikidata.org/entity/Q6256028
IYM1D4QG,2,2,http://www.wikidata.org/entity/Q362
IYM1D4QG,2,3,http://www.wikidata.org/entity/Q11220
IYM1D4QG,2,4,http://www.wikidata.org/entity/Q982388
IYM1D4QG,3,0,http://www.wikidata.org/entity/Q7870542
IYM1D4QG,3,1,http://www.wikidata.org/entity/Q6226171
IYM1D4QG,3,2,http://www.wikidata.org/entity/Q362
IYM1D4QG,3,3,http://www.wikidata.org/entity/Q11220
IYM1D4QG,3,4,http://www.wikidata.org/entity/Q982388
IYM1D4QG,4,0,http://www.wikidata.org/entity/Q7871713
IYM1D4QG,4,1,http://www.wikidata.org/entity/Q5734539
IYM1D4QG,4,2,http://www.wikidata.org/entity/Q362
IYM1D4QG,4,3,http://www.wikidata.org/entity/Q11220
IYM1D4QG,4,4,http://www.wikidata.org/entity/Q982388
IYM1D4QG,5,0,http://www.wikidata.org/entity/Q7870132
IYM1D4QG,5,1,http://www.wikidata.org/entity/Q5733751
IYM1D4QG,5,2,http://www.wikidata.org/entity/Q362
IYM1D4QG,5,3,http://www.wikidata.org/entity/Q11220
IYM1D4QG,5,4,http://www.wikidata.org/entity/Q982388
IYM1D4QG,6,0,http://www.wikidata.org/entity/Q7871350
IYM1D4QG,6,1,http://www.wikidata.org/entity/Q5670038
IYM1D4QG,6,2,http://www.wikidata.org/entity/Q362
IYM1D4QG,6,3,http://www.wikidata.org/entity/Q11220
IYM1D4QG,6,4,http://www.wikidata.org/entity/Q982388
IYM1D4QG,7,0,http://www.wikidata.org/entity/Q7870773
IYM1D4QG,7,1,http://www.wikidata.org/entity/Q5407550
IYM1D4QG,7,2,http://www.wikidata.org/entity/Q362
IYM1D4QG,7,3,http://www.wikidata.org/entity/Q11220
IYM1D4QG,7,4,http://www.wikidata.org/entity/Q982388
IYM1D4QG,8,0,http://www.wikidata.org/entity/Q7870315
IYM1D4QG,8,1,http://www.wikidata.org/entity/Q5346916
IYM1D4QG,8,2,http://www.wikidata.org/entity/Q362
IYM1D4QG,8,3,http://www.wikidata.org/entity/Q11220
IYM1D4QG,8,4,http://www.wikidata.org/entity/Q982388
IYM1D4QG,9,0,http://www.wikidata.org/entity/Q7870189
IYM1D4QG,9,1,http://www.wikidata.org/entity/Q5346545
IYM1D4QG,9,2,http://www.wikidata.org/entity/Q362
IYM1D4QG,9,3,http://www.wikidata.org/entity/Q11220
IYM1D4QG,9,4,http://www.wikidata.org/entity/Q982388
IYM1D4QG,10,0,http://www.wikidata.org/entity/Q7869979
IYM1D4QG,10,1,http://www.wikidata.org/entity/Q5078735
IYM1D4QG,10,2,http://www.wikidata.org/entity/Q362
IYM1D4QG,10,3,http://www.wikidata.org/entity/Q11220
IYM1D4QG,10,4,http://www.wikidata.org/entity/Q982388
IYM1D4QG,11,0,http://www.wikidata.org/entity/Q7870483
IYM1D4QG,11,1,http://www.wikidata.org/entity/Q2891319
IYM1D4QG,11,2,http://www.wikidata.org/entity/Q362
IYM1D4QG,11,3,http://www.wikidata.org/entity/Q11220
IYM1D4QG,11,4,http://www.wikidata.org/entity/Q982388
ZND3N669,1,0,http://www.wikidata.org/entity/Q18907471
ZND3N669,1,1,http://www.wikidata.org/entity/Q385405
ZND3N669,1,2,http://www.wikidata.org/entity/Q43999
ZND3N669,1,3,http://www.wikidata.org/entity/Q1236882
ZND3N669,1,4,http://www.wikidata.org/entity/Q12033971
ZND3N669,2,0,http://www.wikidata.org/entity/Q1214872
ZND3N669,2,1,http://www.wikidata.org/entity/Q17297633
ZND3N669,2,2,http://www.wikidata.org/entity/Q345
ZND3N669,2,3,http://www.wikidata.org/entity/Q331886
ZND3N669,2,4,http://www.wikidata.org/entity/Q1214913
ZND3N669,3,0,http://www.wikidata.org/entity/Q18718623
ZND3N669,3,1,http://www.wikidata.org/entity/Q385405
ZND3N669,3,2,http://www.wikidata.org/entity/Q43999
ZND3N669,3,3,http://www.wikidata.org/entity/Q1019524
ZND3N669,3,4,http://www.wikidata.org/entity/Q195592
ZND3N669,4,0,http://www.wikidata.org/entity/Q20432503
ZND3N669,4,1,http://www.wikidata.org/entity/Q916620
ZND3N669,4,2,http://www.wikidata.org/entity/Q45581
ZND3N669,4,3,http://www.wikidata.org/entity/Q876070
ZND3N669,4,4,http://www.wikidata.org/entity/Q876070
IU4123EC,1,0,http://www.wikidata.org/entity/Q7541920
IU4123EC,1,1,http://www.wikidata.org/entity/Q214
IU4123EC,1,3,http://www.wikidata.org/entity/Q210347
IU4123EC,2,0,http://www.wikidata.org/entity/Q6314445
IU4123EC,2,1,http://www.wikidata.org/entity/Q213
IU4123EC,2,3,http://www.wikidata.org/entity/Q210347
IU4123EC,3,0,http://www.wikidata.org/entity/Q5401638
IU4123EC,3,1,http://www.wikidata.org/entity/Q33
IU4123EC,3,3,http://www.wikidata.org/entity/Q210347
IU4123EC,4,0,http://www.wikidata.org/entity/Q8058026
IU4123EC,4,1,http://www.wikidata.org/entity/Q145
IU4123EC,4,3,http://www.wikidata.org/entity/Q27396
W5Z0Z286,1,0,http://www.wikidata.org/entity/Q5314887
W5Z0Z286,1,1,http://www.wikidata.org/entity/Q14713606
W5Z0Z286,2,0,http://www.wikidata.org/entity/Q1501596
W5Z0Z286,2,1,http://www.wikidata.org/entity/Q906512
W5Z0Z286,3,0,http://www.wikidata.org/entity/Q900379
W5Z0Z286,3,1,http://www.wikidata.org/entity/Q596643
W5Z0Z286,4,0,http://www.wikidata.org/entity/Q658502
W5Z0Z286,4,1,http://www.wikidata.org/entity/Q596643
WQB8DE64,1,0,http://www.wikidata.org/entity/Q16963
WQB8DE64,1,1,http://www.wikidata.org/entity/Q80434
WQB8DE64,1,2,http://www.wikidata.org/entity/Q16967
WQB8DE64,1,3,http://www.wikidata.org/entity/Q602358
WQB8DE64,1,4,http://www.wikidata.org/entity/Q3323126
WQB8DE64,2,0,http://www.wikidata.org/entity/Q46913
WQB8DE64,2,1,http://www.wikidata.org/entity/Q128186
WQB8DE64,2,2,http://www.wikidata.org/entity/Q47974
WQB8DE64,2,3,http://www.wikidata.org/entity/Q602358
WQB8DE64,2,4,http://www.wikidata.org/entity/Q120314
WQB8DE64,3,0,http://www.wikidata.org/entity/Q47974
WQB8DE64,3,1,http://www.wikidata.org/entity/Q131287
WQB8DE64,3,2,http://www.wikidata.org/entity/Q42392
WQB8DE64,3,3,http://www.wikidata.org/entity/Q2657718
WQB8DE64,3,4,http://www.wikidata.org/entity/Q6924020
WQB8DE64,4,0,http://www.wikidata.org/entity/Q40956
WQB8DE64,4,1,http://www.wikidata.org/entity/Q134093
WQB8DE64,4,2,http://www.wikidata.org/entity/Q43407
WQB8DE64,4,3,http://www.wikidata.org/entity/Q602358
WQB8DE64,4,4,http://www.wikidata.org/entity/Q10508481
E7WAPBLB,1,0,http://www.wikidata.org/entity/Q8075410
E7WAPBLB,1,1,http://www.wikidata.org/entity/Q59685261
E7WAPBLB,1,2,http://www.wikidata.org/entity/Q59514635
E7WAPBLB,1,3,http://www.wikidata.org/entity/Q59523859
E7WAPBLB,2,0,http://www.wikidata.org/entity/Q8066201
E7WAPBLB,2,1,http://www.wikidata.org/entity/Q59685258
E7WAPBLB,2,2,http://www.wikidata.org/entity/Q59514631
E7WAPBLB,2,3,http://www.wikidata.org/entity/Q59523857
E7WAPBLB,3,0,http://www.wikidata.org/entity/Q7971327
E7WAPBLB,3,1,http://www.wikidata.org/entity/Q59685249
E7WAPBLB,3,2,http://www.wikidata.org/entity/Q59514623
E7WAPBLB,3,3,http://www.wikidata.org/entity/Q59523846
E7WAPBLB,4,0,http://www.wikidata.org/entity/Q7970687
E7WAPBLB,4,1,http://www.wikidata.org/entity/Q59685247
E7WAPBLB,4,2,http://www.wikidata.org/entity/Q59514621
E7WAPBLB,4,3,http://www.wikidata.org/entity/Q59523845
E7WAPBLB,5,0,http://www.wikidata.org/entity/Q15043628
E7WAPBLB,5,1,http://www.wikidata.org/entity/Q59685243
E7WAPBLB,5,2,http://www.wikidata.org/entity/Q59514617
E7WAPBLB,5,3,http://www.wikidata.org/entity/Q59523840
E7WAPBLB,6,0,http://www.wikidata.org/entity/Q11058424
E7WAPBLB,6,1,http://www.wikidata.org/entity/Q59685241
E7WAPBLB,6,2,http://www.wikidata.org/entity/Q59514614
E7WAPBLB,6,3,http://www.wikidata.org/entity/Q59523837
KZDVWNYO,1,0,http://www.wikidata.org/entity/Q27049617
KZDVWNYO,1,1,http://www.wikidata.org/entity/Q215
KZDVWNYO,1,2,http://www.wikidata.org/entity/Q27049629
KZDVWNYO,1,3,http://www.wikidata.org/entity/Q7291
KZDVWNYO,1,5,http://www.wikidata.org/entity/Q63891772
KZDVWNYO,1,6,http://www.wikidata.org/entity/Q27049616
KZDVWNYO,1,7,http://www.wikidata.org/entity/Q63245565
KZDVWNYO,2,0,http://www.wikidata.org/entity/Q27049616
KZDVWNYO,2,1,http://www.wikidata.org/entity/Q215
KZDVWNYO,2,2,http://www.wikidata.org/entity/Q27049617
KZDVWNYO,2,3,http://www.wikidata.org/entity/Q7291
KZDVWNYO,2,5,http://www.wikidata.org/entity/Q63891772
KZDVWNYO,2,6,http://www.wikidata.org/entity/Q27049615
KZDVWNYO,2,7,http://www.wikidata.org/entity/Q63245564
KZDVWNYO,3,0,http://www.wikidata.org/entity/Q27049615
KZDVWNYO,3,1,http://www.wikidata.org/entity/Q215
KZDVWNYO,3,2,http://www.wikidata.org/entity/Q27049616
KZDVWNYO,3,3,http://www.wikidata.org/entity/Q7291
KZDVWNYO,3,5,http://www.wikidata.org/entity/Q63891772
KZDVWNYO,3,6,http://www.wikidata.org/entity/Q27049613
KZDVWNYO,3,7,http://www.wikidata.org/entity/Q63245563
KZDVWNYO,4,0,http://www.wikidata.org/entity/Q27049613
KZDVWNYO,4,1,http://www.wikidata.org/entity/Q215
KZDVWNYO,4,2,http://www.wikidata.org/entity/Q27049615
KZDVWNYO,4,3,http://www.wikidata.org/entity/Q7291
KZDVWNYO,4,5,http://www.wikidata.org/entity/Q63891772
KZDVWNYO,4,6,http://www.wikidata.org/entity/Q27049612
KZDVWNYO,4,7,http://www.wikidata.org/entity/Q63245562
KZDVWNYO,5,0,http://www.wikidata.org/entity/Q63245534
KZDVWNYO,5,1,http://www.wikidata.org/entity/Q215
KZDVWNYO,5,2,http://www.wikidata.org/entity/Q63245536
KZDVWNYO,5,3,http://www.wikidata.org/entity/Q7291
KZDVWNYO,5,5,http://www.wikidata.org/entity/Q63891772
KZDVWNYO,5,6,http://www.wikidata.org/entity/Q63245533
KZDVWNYO,5,7,http://www.wikidata.org/entity/Q63245624
KZDVWNYO,6,0,http://www.wikidata.org/entity/Q63245533
KZDVWNYO,6,1,http://www.wikidata.org/entity/Q215
KZDVWNYO,6,2,http://www.wikidata.org/entity/Q63245534
KZDVWNYO,6,3,http://www.wikidata.org/entity/Q7291
KZDVWNYO,6,5,http://www.wikidata.org/entity/Q63891772
KZDVWNYO,6,6,http://www.wikidata.org/entity/Q27049752
KZDVWNYO,6,7,http://www.wikidata.org/entity/Q63245623
KZDVWNYO,7,0,http://www.wikidata.org/entity/Q27049749
KZDVWNYO,7,1,http://www.wikidata.org/entity/Q215
KZDVWNYO,7,2,http://www.wikidata.org/entity/Q14824203
KZDVWNYO,7,3,http://www.wikidata.org/entity/Q7291
KZDVWNYO,7,5,http://www.wikidata.org/entity/Q63891772
KZDVWNYO,7,6,http://www.wikidata.org/entity/Q27049748
KZDVWNYO,7,7,http://www.wikidata.org/entity/Q63245604
KZDVWNYO,8,0,http://www.wikidata.org/entity/Q27049747
KZDVWNYO,8,1,http://www.wikidata.org/entity/Q215
KZDVWNYO,8,2,http://www.wikidata.org/entity/Q27049748
KZDVWNYO,8,3,http://www.wikidata.org/entity/Q7291
KZDVWNYO,8,5,http://www.wikidata.org/entity/Q63891772
KZDVWNYO,8,6,http://www.wikidata.org/entity/Q27049746
KZDVWNYO,8,7,http://www.wikidata.org/entity/Q63245602
KZDVWNYO,9,0,http://www.wikidata.org/entity/Q27049746
KZDVWNYO,9,1,http://www.wikidata.org/entity/Q215
KZDVWNYO,9,2,http://www.wikidata.org/entity/Q27049747
KZDVWNYO,9,3,http://www.wikidata.org/entity/Q7291
KZDVWNYO,9,5,http://www.wikidata.org/entity/Q63891772
KZDVWNYO,9,6,http://www.wikidata.org/entity/Q27049745
KZDVWNYO,9,7,http://www.wikidata.org/entity/Q63245600
LCHUW5G1,1,0,http://www.wikidata.org/entity/Q79617835
LCHUW5G1,1,1,http://www.wikidata.org/entity/Q576502
LCHUW5G1,1,2,http://www.wikidata.org/entity/Q543115
LCHUW5G1,2,0,http://www.wikidata.org/entity/Q66639308
LCHUW5G1,2,1,http://www.wikidata.org/entity/Q174
LCHUW5G1,2,2,http://www.wikidata.org/entity/Q244754
LCHUW5G1,3,0,http://www.wikidata.org/entity/Q55955248
LCHUW5G1,3,1,http://www.wikidata.org/entity/Q1754
LCHUW5G1,3,2,http://www.wikidata.org/entity/Q3568028
LCHUW5G1,4,0,http://www.wikidata.org/entity/Q28919130
LCHUW5G1,4,1,http://www.wikidata.org/entity/Q200959
LCHUW5G1,4,2,http://www.wikidata.org/entity/Q1353232
B8WDJ3T4,1,0,http://www.wikidata.org/entity/Q14613445
B8WDJ3T4,1,2,http://www.wikidata.org/entity/Q5994
B8WDJ3T4,1,3,http://www.wikidata.org/entity/Q40415
B8WDJ3T4,2,0,http://www.wikidata.org/entity/Q11300846
B8WDJ3T4,2,2,http://www.wikidata.org/entity/Q5994
B8WDJ3T4,2,3,http://www.wikidata.org/entity/Q40415
B8WDJ3T4,3,0,http://www.wikidata.org/entity/Q4228845
B8WDJ3T4,3,2,http://www.wikidata.org/entity/Q5994
B8WDJ3T4,3,3,http://www.wikidata.org/entity/Q40415
B8WDJ3T4,4,0,http://www.wikidata.org/entity/Q3297374
B8WDJ3T4,4,2,http://www.wikidata.org/entity/Q5994
B8WDJ3T4,4,3,http://www.wikidata.org/entity/Q40415
KD7Z61JR,1,0,http://www.wikidata.org/entity/Q3485099
KD7Z61JR,1,2,http://www.wikidata.org/entity/Q1816378
KD7Z61JR,2,0,http://www.wikidata.org/entity/Q3461536
KD7Z61JR,2,2,http://www.wikidata.org/entity/Q1538145
KD7Z61JR,3,0,http://www.wikidata.org/entity/Q13982623
KD7Z61JR,3,2,http://www.wikidata.org/entity/Q1247547
KD7Z61JR,4,0,http://www.wikidata.org/entity/Q3510529
KD7Z61JR,4,2,http://www.wikidata.org/entity/Q1247547
KD7Z61JR,5,0,http://www.wikidata.org/entity/Q3033068
KD7Z61JR,5,2,http://www.wikidata.org/entity/Q1247547
KD7Z61JR,6,0,http://www.wikidata.org/entity/Q2838340
KD7Z61JR,6,2,http://www.wikidata.org/entity/Q1247547
KD7Z61JR,7,0,http://www.wikidata.org/entity/Q2708769
KD7Z61JR,7,2,http://www.wikidata.org/entity/Q1247547
KD7Z61JR,8,0,http://www.wikidata.org/entity/Q2512007
KD7Z61JR,8,2,http://www.wikidata.org/entity/Q1247547
NFDJME4F,1,0,http://www.wikidata.org/entity/Q16222981
NFDJME4F,1,2,http://www.wikidata.org/entity/Q35
NFDJME4F,1,3,http://www.wikidata.org/entity/Q3655776
NFDJME4F,2,0,http://www.wikidata.org/entity/Q11703861
NFDJME4F,2,2,http://www.wikidata.org/entity/Q145
NFDJME4F,2,3,http://www.wikidata.org/entity/Q2298785
NFDJME4F,3,0,http://www.wikidata.org/entity/Q935964
NFDJME4F,3,2,http://www.wikidata.org/entity/Q142
NFDJME4F,3,3,http://www.wikidata.org/entity/Q2258010
NFDJME4F,4,0,http://www.wikidata.org/entity/Q1452488
NFDJME4F,4,2,http://www.wikidata.org/entity/Q34
NFDJME4F,4,3,http://www.wikidata.org/entity/Q2210180
AYNANJR7,1,0,http://www.wikidata.org/entity/Q22328668
AYNANJR7,1,1,http://www.wikidata.org/entity/Q31
AYNANJR7,1,2,http://www.wikidata.org/entity/Q2661035
AYNANJR7,1,3,http://www.wikidata.org/entity/Q940734
AYNANJR7,1,4,http://www.wikidata.org/entity/Q1118
AYNANJR7,2,0,http://www.wikidata.org/entity/Q22671063
AYNANJR7,2,1,http://www.wikidata.org/entity/Q31
AYNANJR7,2,2,http://www.wikidata.org/entity/Q81086
AYNANJR7,2,3,http://www.wikidata.org/entity/Q14178229
AYNANJR7,2,4,http://www.wikidata.org/entity/Q1114
AYNANJR7,3,0,http://www.wikidata.org/entity/Q22668586
AYNANJR7,3,1,http://www.wikidata.org/entity/Q31
AYNANJR7,3,2,http://www.wikidata.org/entity/Q12896
AYNANJR7,3,3,http://www.wikidata.org/entity/Q2473140
AYNANJR7,3,4,http://www.wikidata.org/entity/Q1114
AYNANJR7,4,0,http://www.wikidata.org/entity/Q22668601
AYNANJR7,4,1,http://www.wikidata.org/entity/Q31
AYNANJR7,4,2,http://www.wikidata.org/entity/Q842477
AYNANJR7,4,3,http://www.wikidata.org/entity/Q2185953
AYNANJR7,4,4,http://www.wikidata.org/entity/Q1114
AYNANJR7,5,0,http://www.wikidata.org/entity/Q22671070
AYNANJR7,5,1,http://www.wikidata.org/entity/Q31
AYNANJR7,5,2,http://www.wikidata.org/entity/Q499532
AYNANJR7,5,3,http://www.wikidata.org/entity/Q2185953
AYNANJR7,5,4,http://www.wikidata.org/entity/Q1114
AYNANJR7,6,0,http://www.wikidata.org/entity/Q22669784
AYNANJR7,6,1,http://www.wikidata.org/entity/Q31
AYNANJR7,6,2,http://www.wikidata.org/entity/Q12440
AYNANJR7,6,3,http://www.wikidata.org/entity/Q761372
AYNANJR7,6,4,http://www.wikidata.org/entity/Q1114
AYNANJR7,7,0,http://www.wikidata.org/entity/Q22340669
AYNANJR7,7,1,http://www.wikidata.org/entity/Q31
AYNANJR7,7,2,http://www.wikidata.org/entity/Q318532
AYNANJR7,7,3,http://www.wikidata.org/entity/Q22005953
AYNANJR7,7,4,http://www.wikidata.org/entity/Q1113
AYNANJR7,8,0,http://www.wikidata.org/entity/Q22340601
AYNANJR7,8,1,http://www.wikidata.org/entity/Q31
AYNANJR7,8,2,http://www.wikidata.org/entity/Q215244
AYNANJR7,8,3,http://www.wikidata.org/entity/Q1841581
AYNANJR7,8,4,http://www.wikidata.org/entity/Q1113
AEDHKRTK,1,0,http://www.wikidata.org/entity/Q3656007
AEDHKRTK,1,3,http://www.wikidata.org/entity/Q1610798
AEDHKRTK,2,0,http://www.wikidata.org/entity/Q966559
AEDHKRTK,2,3,http://www.wikidata.org/entity/Q981133
AEDHKRTK,3,0,http://www.wikidata.org/entity/Q1400156
AEDHKRTK,3,3,http://www.wikidata.org/entity/Q622332
AEDHKRTK,4,0,http://www.wikidata.org/entity/Q739801
AEDHKRTK,4,3,http://www.wikidata.org/entity/Q622321
VRRJM1NI,1,0,http://www.wikidata.org/entity/Q24154463
VRRJM1NI,1,1,http://www.wikidata.org/entity/Q383695
VRRJM1NI,1,2,http://www.wikidata.org/entity/Q398951
VRRJM1NI,1,3,http://www.wikidata.org/entity/Q20880195
VRRJM1NI,2,0,http://www.wikidata.org/entity/Q24090564
VRRJM1NI,2,1,http://www.wikidata.org/entity/Q256905
VRRJM1NI,2,2,http://www.wikidata.org/entity/Q6499
VRRJM1NI,2,3,http://www.wikidata.org/entity/Q20880195
VRRJM1NI,3,0,http://www.wikidata.org/entity/Q24138686
VRRJM1NI,3,1,http://www.wikidata.org/entity/Q383695
VRRJM1NI,3,2,http://www.wikidata.org/entity/Q4514
VRRJM1NI,3,3,http://www.wikidata.org/entity/Q20880195
VRRJM1NI,4,0,http://www.wikidata.org/entity/Q24289561
VRRJM1NI,4,1,http://www.wikidata.org/entity/Q256905
VRRJM1NI,4,2,http://www.wikidata.org/entity/Q725319
VRRJM1NI,4,3,http://www.wikidata.org/entity/Q17444689
DW7XMD0F,1,0,http://www.wikidata.org/entity/Q83752710
DW7XMD0F,1,2,http://www.wikidata.org/entity/Q10452
DW7XMD0F,2,0,http://www.wikidata.org/entity/Q83784425
DW7XMD0F,2,2,http://www.wikidata.org/entity/Q10565
DW7XMD0F,3,0,http://www.wikidata.org/entity/Q83783964
DW7XMD0F,3,2,http://www.wikidata.org/entity/Q9256
DW7XMD0F,4,0,http://www.wikidata.org/entity/Q83737312
DW7XMD0F,4,2,http://www.wikidata.org/entity/Q10517
DW7XMD0F,5,0,http://www.wikidata.org/entity/Q83843834
DW7XMD0F,5,2,http://www.wikidata.org/entity/Q10515
DW7XMD0F,6,0,http://www.wikidata.org/entity/Q83842926
DW7XMD0F,6,2,http://www.wikidata.org/entity/Q10450
DW7XMD0F,7,0,http://www.wikidata.org/entity/Q83782214
DW7XMD0F,7,2,http://www.wikidata.org/entity/Q10584
DW7XMD0F,8,0,http://www.wikidata.org/entity/Q83781502
DW7XMD0F,8,2,http://www.wikidata.org/entity/Q9256
DW7XMD0F,9,0,http://www.wikidata.org/entity/Q83782478
DW7XMD0F,9,2,http://www.wikidata.org/entity/Q8679
DW7XMD0F,10,0,http://www.wikidata.org/entity/Q83763768
DW7XMD0F,10,2,http://www.wikidata.org/entity/Q10452
DW7XMD0F,11,0,http://www.wikidata.org/entity/Q83779751
DW7XMD0F,11,2,http://www.wikidata.org/entity/Q10584
DW7XMD0F,12,0,http://www.wikidata.org/entity/Q83781052
DW7XMD0F,12,2,http://www.wikidata.org/entity/Q9256
XIGJLKRV,1,0,http://www.wikidata.org/entity/Q48551728
XIGJLKRV,1,1,http://www.wikidata.org/entity/Q48545636
XIGJLKRV,1,2,http://www.wikidata.org/entity/Q505478
XIGJLKRV,1,3,http://www.wikidata.org/entity/Q537225
XIGJLKRV,2,0,http://www.wikidata.org/entity/Q48551764
XIGJLKRV,2,1,http://www.wikidata.org/entity/Q48545636
XIGJLKRV,2,2,http://www.wikidata.org/entity/Q496391
XIGJLKRV,2,3,http://www.wikidata.org/entity/Q537225
XIGJLKRV,3,0,http://www.wikidata.org/entity/Q48551835
XIGJLKRV,3,1,http://www.wikidata.org/entity/Q47486468
XIGJLKRV,3,2,http://www.wikidata.org/entity/Q494529
XIGJLKRV,3,3,http://www.wikidata.org/entity/Q537225
XIGJLKRV,4,0,http://www.wikidata.org/entity/Q48551656
XIGJLKRV,4,1,http://www.wikidata.org/entity/Q48545636
XIGJLKRV,4,2,http://www.wikidata.org/entity/Q489911
XIGJLKRV,4,3,http://www.wikidata.org/entity/Q537225
B2XTD0PC,1,0,http://www.wikidata.org/entity/Q57601162
B2XTD0PC,1,1,http://www.wikidata.org/entity/Q6435950
B2XTD0PC,1,2,http://www.wikidata.org/entity/Q57600618
B2XTD0PC,1,3,http://www.wikidata.org/entity/Q36402992
B2XTD0PC,2,0,http://www.wikidata.org/entity/Q57675341
B2XTD0PC,2,1,http://www.wikidata.org/entity/Q6435950
B2XTD0PC,2,2,http://www.wikidata.org/entity/Q57671772
B2XTD0PC,2,3,http://www.wikidata.org/entity/Q14847254
B2XTD0PC,3,0,http://www.wikidata.org/entity/Q57676150
B2XTD0PC,3,1,http://www.wikidata.org/entity/Q6435950
B2XTD0PC,3,2,http://www.wikidata.org/entity/Q57675983
B2XTD0PC,3,3,http://www.wikidata.org/entity/Q14406182
B2XTD0PC,4,0,http://www.wikidata.org/entity/Q57600618
B2XTD0PC,4,1,http://www.wikidata.org/entity/Q6435950
B2XTD0PC,4,2,http://www.wikidata.org/entity/Q57600392
B2XTD0PC,4,3,http://www.wikidata.org/entity/Q10261839
B2XTD0PC,5,0,http://www.wikidata.org/entity/Q57600392
B2XTD0PC,5,1,http://www.wikidata.org/entity/Q6435950
B2XTD0PC,5,2,http://www.wikidata.org/entity/Q57600268
B2XTD0PC,5,3,http://www.wikidata.org/entity/Q4078003
B2XTD0PC,6,0,http://www.wikidata.org/entity/Q57662169
B2XTD0PC,6,1,http://www.wikidata.org/entity/Q6435950
B2XTD0PC,6,2,http://www.wikidata.org/entity/Q57634566
B2XTD0PC,6,3,http://www.wikidata.org/entity/Q2543932
B2XTD0PC,7,0,http://www.wikidata.org/entity/Q57676700
B2XTD0PC,7,1,http://www.wikidata.org/entity/Q6435950
B2XTD0PC,7,2,http://www.wikidata.org/entity/Q57676495
B2XTD0PC,7,3,http://www.wikidata.org/entity/Q2333338
B2XTD0PC,8,0,http://www.wikidata.org/entity/Q57676495
B2XTD0PC,8,1,http://www.wikidata.org/entity/Q6435950
B2XTD0PC,8,2,http://www.wikidata.org/entity/Q57676403
B2XTD0PC,8,3,http://www.wikidata.org/entity/Q975872
B2XTD0PC,9,0,http://www.wikidata.org/entity/Q57633806
B2XTD0PC,9,1,http://www.wikidata.org/entity/Q6435950
B2XTD0PC,9,2,http://www.wikidata.org/entity/Q57631861
B2XTD0PC,9,3,http://www.wikidata.org/entity/Q521874
B2XTD0PC,10,0,http://www.wikidata.org/entity/Q57631638
B2XTD0PC,10,1,http://www.wikidata.org/entity/Q6435950
B2XTD0PC,10,2,http://www.wikidata.org/entity/Q57631527
B2XTD0PC,10,3,http://www.wikidata.org/entity/Q157237
B2XTD0PC,11,0,http://www.wikidata.org/entity/Q57667296
B2XTD0PC,11,1,http://www.wikidata.org/entity/Q6435950
B2XTD0PC,11,2,http://www.wikidata.org/entity/Q57666467
B2XTD0PC,11,3,http://www.wikidata.org/entity/Q156691
WXT1XJRL,1,0,http://www.wikidata.org/entity/Q11742511
WXT1XJRL,1,1,http://www.wikidata.org/entity/Q6760
WXT1XJRL,1,3,http://www.wikidata.org/entity/Q184
WXT1XJRL,2,0,http://www.wikidata.org/entity/Q6548589
WXT1XJRL,2,1,http://www.wikidata.org/entity/Q6760
WXT1XJRL,2,3,http://www.wikidata.org/entity/Q184
WXT1XJRL,3,0,http://www.wikidata.org/entity/Q6518335
WXT1XJRL,3,1,http://www.wikidata.org/entity/Q6760
WXT1XJRL,3,3,http://www.wikidata.org/entity/Q184
WXT1XJRL,4,0,http://www.wikidata.org/entity/Q20611929
WXT1XJRL,4,1,http://www.wikidata.org/entity/Q6760
WXT1XJRL,4,3,http://www.wikidata.org/entity/Q184
WXT1XJRL,5,0,http://www.wikidata.org/entity/Q20571871
WXT1XJRL,5,1,http://www.wikidata.org/entity/Q6760
WXT1XJRL,5,3,http://www.wikidata.org/entity/Q184
WXT1XJRL,6,0,http://www.wikidata.org/entity/Q20466718
WXT1XJRL,6,1,http://www.wikidata.org/entity/Q6760
WXT1XJRL,6,3,http://www.wikidata.org/entity/Q184
WXT1XJRL,7,0,http://www.wikidata.org/entity/Q20464997
WXT1XJRL,7,1,http://www.wikidata.org/entity/Q6760
WXT1XJRL,7,3,http://www.wikidata.org/entity/Q184
WXT1XJRL,8,0,http://www.wikidata.org/entity/Q6492521
WXT1XJRL,8,1,http://www.wikidata.org/entity/Q6760
WXT1XJRL,8,3,http://www.wikidata.org/entity/Q184
WXT1XJRL,9,0,http://www.wikidata.org/entity/Q4500438
WXT1XJRL,9,1,http://www.wikidata.org/entity/Q6760
WXT1XJRL,9,3,http://www.wikidata.org/entity/Q184
WXT1XJRL,10,0,http://www.wikidata.org/entity/Q4322020
WXT1XJRL,10,1,http://www.wikidata.org/entity/Q6760
WXT1XJRL,10,3,http://www.wikidata.org/entity/Q184
WXT1XJRL,11,0,http://www.wikidata.org/entity/Q4126702
WXT1XJRL,11,1,http://www.wikidata.org/entity/Q6760
WXT1XJRL,11,3,http://www.wikidata.org/entity/Q184
WXT1XJRL,12,0,http://www.wikidata.org/entity/Q4106012
WXT1XJRL,12,1,http://www.wikidata.org/entity/Q6760
WXT1XJRL,12,3,http://www.wikidata.org/entity/Q184
WXT1XJRL,13,0,http://www.wikidata.org/entity/Q3919901
WXT1XJRL,13,1,http://www.wikidata.org/entity/Q6760
WXT1XJRL,13,3,http://www.wikidata.org/entity/Q184
Y3JE62W1,1,0,http://www.wikidata.org/entity/Q85521944
Y3JE62W1,1,3,http://www.wikidata.org/entity/Q10586
Y3JE62W1,2,0,http://www.wikidata.org/entity/Q85521820
Y3JE62W1,2,3,http://www.wikidata.org/entity/Q10586
Y3JE62W1,3,0,http://www.wikidata.org/entity/Q85422329
Y3JE62W1,3,3,http://www.wikidata.org/entity/Q10586
Y3JE62W1,4,0,http://www.wikidata.org/entity/Q85350613
Y3JE62W1,4,3,http://www.wikidata.org/entity/Q10538
Y3JE62W1,5,0,http://www.wikidata.org/entity/Q85424108
Y3JE62W1,5,3,http://www.wikidata.org/entity/Q10519
Y3JE62W1,6,0,http://www.wikidata.org/entity/Q85355049
Y3JE62W1,6,3,http://www.wikidata.org/entity/Q10519
Y3JE62W1,7,0,http://www.wikidata.org/entity/Q85354871
Y3JE62W1,7,3,http://www.wikidata.org/entity/Q10519
Y3JE62W1,8,0,http://www.wikidata.org/entity/Q85371810
Y3JE62W1,8,3,http://www.wikidata.org/entity/Q10508
0YDKZXX0,1,0,http://www.wikidata.org/entity/Q29142329
0YDKZXX0,1,1,http://www.wikidata.org/entity/Q204979
0YDKZXX0,1,2,http://www.wikidata.org/entity/Q142
0YDKZXX0,1,3,http://www.wikidata.org/entity/Q29167534
0YDKZXX0,1,4,http://www.wikidata.org/entity/Q37681
0YDKZXX0,2,0,http://www.wikidata.org/entity/Q29142328
0YDKZXX0,2,1,http://www.wikidata.org/entity/Q204979
0YDKZXX0,2,2,http://www.wikidata.org/entity/Q142
0YDKZXX0,2,3,http://www.wikidata.org/entity/Q29167534
0YDKZXX0,2,4,http://www.wikidata.org/entity/Q37681
0YDKZXX0,3,0,http://www.wikidata.org/entity/Q29142327
0YDKZXX0,3,1,http://www.wikidata.org/entity/Q204979
0YDKZXX0,3,2,http://www.wikidata.org/entity/Q142
0YDKZXX0,3,3,http://www.wikidata.org/entity/Q29167534
0YDKZXX0,3,4,http://www.wikidata.org/entity/Q37681
0YDKZXX0,4,0,http://www.wikidata.org/entity/Q29278789
0YDKZXX0,4,1,http://www.wikidata.org/entity/Q193821
0YDKZXX0,4,2,http://www.wikidata.org/entity/Q142
0YDKZXX0,4,3,http://www.wikidata.org/entity/Q29167534
0YDKZXX0,4,4,http://www.wikidata.org/entity/Q37681
6L43EWH6,1,0,http://www.wikidata.org/entity/Q57467656
6L43EWH6,1,1,http://www.wikidata.org/entity/Q57421341
6L43EWH6,1,2,http://www.wikidata.org/entity/Q59511435
6L43EWH6,2,0,http://www.wikidata.org/entity/Q56760773
6L43EWH6,2,1,http://www.wikidata.org/entity/Q56751116
6L43EWH6,2,2,http://www.wikidata.org/entity/Q59511404
6L43EWH6,3,0,http://www.wikidata.org/entity/Q56678135
6L43EWH6,3,1,http://www.wikidata.org/entity/Q56678069
6L43EWH6,3,2,http://www.wikidata.org/entity/Q59511305
6L43EWH6,4,0,http://www.wikidata.org/entity/Q56877292
6L43EWH6,4,1,http://www.wikidata.org/entity/Q56877267
6L43EWH6,4,2,http://www.wikidata.org/entity/Q59511280
6L43EWH6,5,0,http://www.wikidata.org/entity/Q56677035
6L43EWH6,5,1,http://www.wikidata.org/entity/Q56676723
6L43EWH6,5,2,http://www.wikidata.org/entity/Q59511275
6L43EWH6,6,0,http://www.wikidata.org/entity/Q56676561
6L43EWH6,6,1,http://www.wikidata.org/entity/Q56676558
6L43EWH6,6,2,http://www.wikidata.org/entity/Q59511275
6L43EWH6,7,0,http://www.wikidata.org/entity/Q56605027
6L43EWH6,7,1,http://www.wikidata.org/entity/Q56604729
6L43EWH6,7,2,http://www.wikidata.org/entity/Q59511191
6L43EWH6,8,0,http://www.wikidata.org/entity/Q56243592
6L43EWH6,8,1,http://www.wikidata.org/entity/Q56243581
6L43EWH6,8,2,http://www.wikidata.org/entity/Q42673181
6L43EWH6,9,0,http://www.wikidata.org/entity/Q57235728
6L43EWH6,9,1,http://www.wikidata.org/entity/Q57209123
6L43EWH6,9,2,http://www.wikidata.org/entity/Q17712311
6L43EWH6,10,0,http://www.wikidata.org/entity/Q57233728
6L43EWH6,10,1,http://www.wikidata.org/entity/Q57208973
6L43EWH6,10,2,http://www.wikidata.org/entity/Q17232771
6L43EWH6,11,0,http://www.wikidata.org/entity/Q56757391
6L43EWH6,11,1,http://www.wikidata.org/entity/Q56751260
6L43EWH6,11,2,http://www.wikidata.org/entity/Q17210232
6L43EWH6,12,0,http://www.wikidata.org/entity/Q56753797
6L43EWH6,12,1,http://www.wikidata.org/entity/Q56751087
6L43EWH6,12,2,http://www.wikidata.org/entity/Q17210232
6L43EWH6,13,0,http://www.wikidata.org/entity/Q48525666
6L43EWH6,13,1,http://www.wikidata.org/entity/Q47296499
6L43EWH6,13,2,http://www.wikidata.org/entity/Q16980055
36QL5JHW,1,0,http://www.wikidata.org/entity/Q17486742
36QL5JHW,1,3,http://www.wikidata.org/entity/Q20750872
36QL5JHW,1,4,http://www.wikidata.org/entity/Q243766
36QL5JHW,2,0,http://www.wikidata.org/entity/Q20726363
36QL5JHW,2,3,http://www.wikidata.org/entity/Q20726364
36QL5JHW,2,4,http://www.wikidata.org/entity/Q243766
36QL5JHW,3,0,http://www.wikidata.org/entity/Q4592891
36QL5JHW,3,3,http://www.wikidata.org/entity/Q4594081
36QL5JHW,3,4,http://www.wikidata.org/entity/Q243766
36QL5JHW,4,0,http://www.wikidata.org/entity/Q20803711
36QL5JHW,4,3,http://www.wikidata.org/entity/Q20803712
36QL5JHW,4,4,http://www.wikidata.org/entity/Q236744
36QL5JHW,5,0,http://www.wikidata.org/entity/Q4595226
36QL5JHW,5,3,http://www.wikidata.org/entity/Q4597951
36QL5JHW,5,4,http://www.wikidata.org/entity/Q235190
36QL5JHW,6,0,http://www.wikidata.org/entity/Q20803710
36QL5JHW,6,3,http://www.wikidata.org/entity/Q20803711
36QL5JHW,6,4,http://www.wikidata.org/entity/Q216847
36QL5JHW,7,0,http://www.wikidata.org/entity/Q20803361
36QL5JHW,7,3,http://www.wikidata.org/entity/Q20803362
36QL5JHW,7,4,http://www.wikidata.org/entity/Q216847
36QL5JHW,8,0,http://www.wikidata.org/entity/Q4600619
36QL5JHW,8,3,http://www.wikidata.org/entity/Q4601970
36QL5JHW,8,4,http://www.wikidata.org/entity/Q216847
36QL5JHW,9,0,http://www.wikidata.org/entity/Q20803364
36QL5JHW,9,3,http://www.wikidata.org/entity/Q20803709
36QL5JHW,9,4,http://www.wikidata.org/entity/Q209016
36QL5JHW,10,0,http://www.wikidata.org/entity/Q20803362
36QL5JHW,10,3,http://www.wikidata.org/entity/Q20803363
36QL5JHW,10,4,http://www.wikidata.org/entity/Q209016
36QL5JHW,11,0,http://www.wikidata.org/entity/Q20803359
36QL5JHW,11,3,http://www.wikidata.org/entity/Q20803360
36QL5JHW,11,4,http://www.wikidata.org/entity/Q209016
XBAG0JKL,1,0,http://www.wikidata.org/entity/Q16185746
XBAG0JKL,1,1,http://www.wikidata.org/entity/Q19832841
XBAG0JKL,1,2,http://www.wikidata.org/entity/Q600246
XBAG0JKL,1,3,http://www.wikidata.org/entity/Q3609
XBAG0JKL,2,0,http://www.wikidata.org/entity/Q16622725
XBAG0JKL,2,1,http://www.wikidata.org/entity/Q16185746
XBAG0JKL,2,2,http://www.wikidata.org/entity/Q379690
XBAG0JKL,2,3,http://www.wikidata.org/entity/Q3609
XBAG0JKL,3,0,http://www.wikidata.org/entity/Q3784484
XBAG0JKL,3,1,http://www.wikidata.org/entity/Q3784486
XBAG0JKL,3,2,http://www.wikidata.org/entity/Q359977
XBAG0JKL,3,3,http://www.wikidata.org/entity/Q3609
XBAG0JKL,4,0,http://www.wikidata.org/entity/Q2782044
XBAG0JKL,4,1,http://www.wikidata.org/entity/Q1860166
XBAG0JKL,4,2,http://www.wikidata.org/entity/Q356311
XBAG0JKL,4,3,http://www.wikidata.org/entity/Q3609
XBAG0JKL,5,0,http://www.wikidata.org/entity/Q19832841
XBAG0JKL,5,1,http://www.wikidata.org/entity/Q21885368
XBAG0JKL,5,2,http://www.wikidata.org/entity/Q283851
XBAG0JKL,5,3,http://www.wikidata.org/entity/Q3609
XBAG0JKL,6,0,http://www.wikidata.org/entity/Q21885368
XBAG0JKL,6,1,http://www.wikidata.org/entity/Q29066324
XBAG0JKL,6,2,http://www.wikidata.org/entity/Q259412
XBAG0JKL,6,3,http://www.wikidata.org/entity/Q3609
XBAG0JKL,7,0,http://www.wikidata.org/entity/Q3784486
XBAG0JKL,7,1,http://www.wikidata.org/entity/Q3784487
XBAG0JKL,7,2,http://www.wikidata.org/entity/Q61049
XBAG0JKL,7,3,http://www.wikidata.org/entity/Q3609
XBAG0JKL,8,0,http://www.wikidata.org/entity/Q3784488
XBAG0JKL,8,1,http://www.wikidata.org/entity/Q2782044
XBAG0JKL,8,2,http://www.wikidata.org/entity/Q552895
XBAG0JKL,8,3,http://www.wikidata.org/entity/Q3609
NCXGNC3Z,1,0,http://www.wikidata.org/entity/Q1952857
NCXGNC3Z,1,1,http://www.wikidata.org/entity/Q184
NCXGNC3Z,1,2,http://www.wikidata.org/entity/Q671126
NCXGNC3Z,1,3,http://www.wikidata.org/entity/Q427584
NCXGNC3Z,1,4,http://www.wikidata.org/entity/Q188732
NCXGNC3Z,2,0,http://www.wikidata.org/entity/Q1952838
NCXGNC3Z,2,1,http://www.wikidata.org/entity/Q184
NCXGNC3Z,2,2,http://www.wikidata.org/entity/Q571994
NCXGNC3Z,2,3,http://www.wikidata.org/entity/Q386487
NCXGNC3Z,2,4,http://www.wikidata.org/entity/Q188732
NCXGNC3Z,3,0,http://www.wikidata.org/entity/Q1888829
NCXGNC3Z,3,1,http://www.wikidata.org/entity/Q184
NCXGNC3Z,3,2,http://www.wikidata.org/entity/Q545069
NCXGNC3Z,3,3,http://www.wikidata.org/entity/Q956471
NCXGNC3Z,3,4,http://www.wikidata.org/entity/Q173822
NCXGNC3Z,4,0,http://www.wikidata.org/entity/Q1952866
NCXGNC3Z,4,1,http://www.wikidata.org/entity/Q184
NCXGNC3Z,4,2,http://www.wikidata.org/entity/Q1586359
NCXGNC3Z,4,3,http://www.wikidata.org/entity/Q955359
NCXGNC3Z,4,4,http://www.wikidata.org/entity/Q2895
NCXGNC3Z,5,0,http://www.wikidata.org/entity/Q2091552
NCXGNC3Z,5,1,http://www.wikidata.org/entity/Q184
NCXGNC3Z,5,2,http://www.wikidata.org/entity/Q586238
NCXGNC3Z,5,3,http://www.wikidata.org/entity/Q200833
NCXGNC3Z,5,4,http://www.wikidata.org/entity/Q2895
NCXGNC3Z,6,0,http://www.wikidata.org/entity/Q2024293
NCXGNC3Z,6,1,http://www.wikidata.org/entity/Q184
NCXGNC3Z,6,2,http://www.wikidata.org/entity/Q1997107
NCXGNC3Z,6,3,http://www.wikidata.org/entity/Q955126
NCXGNC3Z,6,4,http://www.wikidata.org/entity/Q2895
NCXGNC3Z,7,0,http://www.wikidata.org/entity/Q2091726
NCXGNC3Z,7,1,http://www.wikidata.org/entity/Q184
NCXGNC3Z,7,2,http://www.wikidata.org/entity/Q977019
NCXGNC3Z,7,3,http://www.wikidata.org/entity/Q201173
NCXGNC3Z,7,4,http://www.wikidata.org/entity/Q192959
NCXGNC3Z,8,0,http://www.wikidata.org/entity/Q2091734
NCXGNC3Z,8,1,http://www.wikidata.org/entity/Q184
NCXGNC3Z,8,2,http://www.wikidata.org/entity/Q367015
NCXGNC3Z,8,3,http://www.wikidata.org/entity/Q200991
NCXGNC3Z,8,4,http://www.wikidata.org/entity/Q192959
Z8LW96V4,1,0,http://www.wikidata.org/entity/Q1285469
Z8LW96V4,1,1,http://www.wikidata.org/entity/Q2135
Z8LW96V4,1,3,http://www.wikidata.org/entity/Q2048937
Z8LW96V4,1,4,http://www.wikidata.org/entity/Q63891738
Z8LW96V4,2,0,http://www.wikidata.org/entity/Q15101427
Z8LW96V4,2,1,http://www.wikidata.org/entity/Q34820
Z8LW96V4,2,3,http://www.wikidata.org/entity/Q1718042
Z8LW96V4,2,4,http://www.wikidata.org/entity/Q63891738
Z8LW96V4,3,0,http://www.wikidata.org/entity/Q64685298
Z8LW96V4,3,1,http://www.wikidata.org/entity/Q16552
Z8LW96V4,3,3,http://www.wikidata.org/entity/Q64685299
Z8LW96V4,3,4,http://www.wikidata.org/entity/Q63891738
Z8LW96V4,4,0,http://www.wikidata.org/entity/Q64685297
Z8LW96V4,4,1,http://www.wikidata.org/entity/Q2868
Z8LW96V4,4,3,http://www.wikidata.org/entity/Q64685298
Z8LW96V4,4,4,http://www.wikidata.org/entity/Q63891738
AGIKTEBD,1,0,http://www.wikidata.org/entity/Q594754
AGIKTEBD,1,1,http://www.wikidata.org/entity/Q1332019
AGIKTEBD,1,3,http://www.wikidata.org/entity/Q84
AGIKTEBD,2,0,http://www.wikidata.org/entity/Q1284711
AGIKTEBD,2,1,http://www.wikidata.org/entity/Q458041
AGIKTEBD,2,3,http://www.wikidata.org/entity/Q84
AGIKTEBD,3,0,http://www.wikidata.org/entity/Q1252926
AGIKTEBD,3,1,http://www.wikidata.org/entity/Q172771
AGIKTEBD,3,3,http://www.wikidata.org/entity/Q84
AGIKTEBD,4,0,http://www.wikidata.org/entity/Q20861525
AGIKTEBD,4,1,http://www.wikidata.org/entity/Q812067
AGIKTEBD,4,3,http://www.wikidata.org/entity/Q203403
AGIKTEBD,5,0,http://www.wikidata.org/entity/Q54020749
AGIKTEBD,5,1,http://www.wikidata.org/entity/Q1479892
AGIKTEBD,5,3,http://www.wikidata.org/entity/Q185632
0P3S63N2,1,0,http://www.wikidata.org/entity/Q62050759
0P3S63N2,1,1,http://www.wikidata.org/entity/Q62050760
0P3S63N2,1,2,http://www.wikidata.org/entity/Q442754
0P3S63N2,1,3,http://www.wikidata.org/entity/Q543115
0P3S63N2,1,4,http://www.wikidata.org/entity/Q30
0P3S63N2,1,5,http://www.wikidata.org/entity/Q58954843
0P3S63N2,2,0,http://www.wikidata.org/entity/Q62050384
0P3S63N2,2,1,http://www.wikidata.org/entity/Q20639232
0P3S63N2,2,2,http://www.wikidata.org/entity/Q1801599
0P3S63N2,2,3,http://www.wikidata.org/entity/Q543115
0P3S63N2,2,4,http://www.wikidata.org/entity/Q29
0P3S63N2,2,5,http://www.wikidata.org/entity/Q58954843
0P3S63N2,3,0,http://www.wikidata.org/entity/Q62050818
0P3S63N2,3,1,http://www.wikidata.org/entity/Q62050819
0P3S63N2,3,2,http://www.wikidata.org/entity/Q462015
0P3S63N2,3,3,http://www.wikidata.org/entity/Q543115
0P3S63N2,3,4,http://www.wikidata.org/entity/Q29
0P3S63N2,3,5,http://www.wikidata.org/entity/Q58954843
0P3S63N2,4,0,http://www.wikidata.org/entity/Q62026153
0P3S63N2,4,1,http://www.wikidata.org/entity/Q62026152
0P3S63N2,4,2,http://www.wikidata.org/entity/Q5616031
0P3S63N2,4,3,http://www.wikidata.org/entity/Q543115
0P3S63N2,4,4,http://www.wikidata.org/entity/Q17
0P3S63N2,4,5,http://www.wikidata.org/entity/Q58954843
0P3S63N2,5,0,http://www.wikidata.org/entity/Q62050851
0P3S63N2,5,1,http://www.wikidata.org/entity/Q62050852
0P3S63N2,5,2,http://www.wikidata.org/entity/Q442754
0P3S63N2,5,3,http://www.wikidata.org/entity/Q543115
0P3S63N2,5,4,http://www.wikidata.org/entity/Q17
0P3S63N2,5,5,http://www.wikidata.org/entity/Q58954843
0P3S63N2,6,0,http://www.wikidata.org/entity/Q62050647
0P3S63N2,6,1,http://www.wikidata.org/entity/Q62050646
0P3S63N2,6,2,http://www.wikidata.org/entity/Q233492
0P3S63N2,6,3,http://www.wikidata.org/entity/Q543115
0P3S63N2,6,4,http://www.wikidata.org/entity/Q17
0P3S63N2,6,5,http://www.wikidata.org/entity/Q58954843
0P3S63N2,7,0,http://www.wikidata.org/entity/Q62050558
0P3S63N2,7,1,http://www.wikidata.org/entity/Q62050557
0P3S63N2,7,2,http://www.wikidata.org/entity/Q233492
0P3S63N2,7,3,http://www.wikidata.org/entity/Q543115
0P3S63N2,7,4,http://www.wikidata.org/entity/Q17
0P3S63N2,7,5,http://www.wikidata.org/entity/Q58954843
0P3S63N2,8,0,http://www.wikidata.org/entity/Q62050945
0P3S63N2,8,1,http://www.wikidata.org/entity/Q62050946
0P3S63N2,8,2,http://www.wikidata.org/entity/Q462015
0P3S63N2,8,3,http://www.wikidata.org/entity/Q543115
0P3S63N2,8,4,http://www.wikidata.org/entity/Q16
0P3S63N2,8,5,http://www.wikidata.org/entity/Q58954843
0P3S63N2,9,0,http://www.wikidata.org/entity/Q62050749
0P3S63N2,9,1,http://www.wikidata.org/entity/Q62050748
0P3S63N2,9,2,http://www.wikidata.org/entity/Q233492
0P3S63N2,9,3,http://www.wikidata.org/entity/Q543115
0P3S63N2,9,4,http://www.wikidata.org/entity/Q16
0P3S63N2,9,5,http://www.wikidata.org/entity/Q58954843
0P3S63N2,10,0,http://www.wikidata.org/entity/Q62050605
0P3S63N2,10,1,http://www.wikidata.org/entity/Q62050607
0P3S63N2,10,2,http://www.wikidata.org/entity/Q233492
0P3S63N2,10,3,http://www.wikidata.org/entity/Q543115
0P3S63N2,10,4,http://www.wikidata.org/entity/Q16
0P3S63N2,10,5,http://www.wikidata.org/entity/Q58954843
0P3S63N2,11,0,http://www.wikidata.org/entity/Q62051053
0P3S63N2,11,1,http://www.wikidata.org/entity/Q62051055
0P3S63N2,11,2,http://www.wikidata.org/entity/Q457792
0P3S63N2,11,3,http://www.wikidata.org/entity/Q543115
0P3S63N2,11,4,http://www.wikidata.org/entity/Q159
0P3S63N2,11,5,http://www.wikidata.org/entity/Q58954843
0P3S63N2,12,0,http://www.wikidata.org/entity/Q62051169
0P3S63N2,12,1,http://www.wikidata.org/entity/Q62051168
0P3S63N2,12,2,http://www.wikidata.org/entity/Q452193
0P3S63N2,12,3,http://www.wikidata.org/entity/Q543115
0P3S63N2,12,4,http://www.wikidata.org/entity/Q159
0P3S63N2,12,5,http://www.wikidata.org/entity/Q58954843
0P3S63N2,13,0,http://www.wikidata.org/entity/Q62051547
0P3S63N2,13,1,http://www.wikidata.org/entity/Q62051548
0P3S63N2,13,2,http://www.wikidata.org/entity/Q242921
0P3S63N2,13,3,http://www.wikidata.org/entity/Q543115
0P3S63N2,13,4,http://www.wikidata.org/entity/Q159
0P3S63N2,13,5,http://www.wikidata.org/entity/Q58954843
0P3S63N2,14,0,http://www.wikidata.org/entity/Q62051350
0P3S63N2,14,1,http://www.wikidata.org/entity/Q62051352
0P3S63N2,14,2,http://www.wikidata.org/entity/Q242921
0P3S63N2,14,3,http://www.wikidata.org/entity/Q543115
0P3S63N2,14,4,http://www.wikidata.org/entity/Q159
0P3S63N2,14,5,http://www.wikidata.org/entity/Q58954843
0P3S63N2,15,0,http://www.wikidata.org/entity/Q62051425
0P3S63N2,15,1,http://www.wikidata.org/entity/Q62051426
0P3S63N2,15,2,http://www.wikidata.org/entity/Q233492
0P3S63N2,15,3,http://www.wikidata.org/entity/Q543115
0P3S63N2,15,4,http://www.wikidata.org/entity/Q159
0P3S63N2,15,5,http://www.wikidata.org/entity/Q58954843
X7ITNCG1,1,0,http://www.wikidata.org/entity/Q62050883
X7ITNCG1,1,2,http://www.wikidata.org/entity/Q462015
X7ITNCG1,1,3,http://www.wikidata.org/entity/Q3263913
X7ITNCG1,2,0,http://www.wikidata.org/entity/Q62051053
X7ITNCG1,2,2,http://www.wikidata.org/entity/Q457761
X7ITNCG1,2,3,http://www.wikidata.org/entity/Q3263913
X7ITNCG1,3,0,http://www.wikidata.org/entity/Q62051169
X7ITNCG1,3,2,http://www.wikidata.org/entity/Q452193
X7ITNCG1,3,3,http://www.wikidata.org/entity/Q3263913
X7ITNCG1,4,0,http://www.wikidata.org/entity/Q62050927
X7ITNCG1,4,2,http://www.wikidata.org/entity/Q291835
X7ITNCG1,4,3,http://www.wikidata.org/entity/Q1589654
X7ITNCG1,5,0,http://www.wikidata.org/entity/Q62051022
X7ITNCG1,5,2,http://www.wikidata.org/entity/Q274017
X7ITNCG1,5,3,http://www.wikidata.org/entity/Q1154203
X7ITNCG1,6,0,http://www.wikidata.org/entity/Q62050962
X7ITNCG1,6,2,http://www.wikidata.org/entity/Q457792
X7ITNCG1,6,3,http://www.wikidata.org/entity/Q1142808
X7ITNCG1,7,0,http://www.wikidata.org/entity/Q62051105
X7ITNCG1,7,2,http://www.wikidata.org/entity/Q442754
X7ITNCG1,7,3,http://www.wikidata.org/entity/Q654100
VOYDKCL0,1,0,http://www.wikidata.org/entity/Q5451838
VOYDKCL0,1,1,http://www.wikidata.org/entity/Q298388
VOYDKCL0,1,2,http://www.wikidata.org/entity/Q265115
VOYDKCL0,1,3,http://www.wikidata.org/entity/Q766
VOYDKCL0,2,0,http://www.wikidata.org/entity/Q5479679
VOYDKCL0,2,1,http://www.wikidata.org/entity/Q170068
VOYDKCL0,2,2,http://www.wikidata.org/entity/Q510636
VOYDKCL0,2,3,http://www.wikidata.org/entity/Q33
VOYDKCL0,3,0,http://www.wikidata.org/entity/Q5773686
VOYDKCL0,3,1,http://www.wikidata.org/entity/Q8014541
VOYDKCL0,3,2,http://www.wikidata.org/entity/Q1400
VOYDKCL0,3,3,http://www.wikidata.org/entity/Q30
VOYDKCL0,4,0,http://www.wikidata.org/entity/Q1819331
VOYDKCL0,4,1,http://www.wikidata.org/entity/Q5679
VOYDKCL0,4,2,http://www.wikidata.org/entity/Q7019849
VOYDKCL0,4,3,http://www.wikidata.org/entity/Q145
IUN65HVN,1,0,http://www.wikidata.org/entity/Q2920095
IUN65HVN,1,3,http://www.wikidata.org/entity/Q124184
IUN65HVN,2,0,http://www.wikidata.org/entity/Q1455777
IUN65HVN,2,3,http://www.wikidata.org/entity/Q25610
IUN65HVN,3,0,http://www.wikidata.org/entity/Q839065
IUN65HVN,3,3,http://www.wikidata.org/entity/Q43475
IUN65HVN,4,0,http://www.wikidata.org/entity/Q731635
IUN65HVN,4,3,http://www.wikidata.org/entity/Q1375384
PQXY562P,1,0,http://www.wikidata.org/entity/Q645747
PQXY562P,1,2,http://www.wikidata.org/entity/Q885933
PQXY562P,1,3,http://www.wikidata.org/entity/Q21142
PQXY562P,2,0,http://www.wikidata.org/entity/Q504125
PQXY562P,2,2,http://www.wikidata.org/entity/Q4994467
PQXY562P,2,3,http://www.wikidata.org/entity/Q164490
PQXY562P,3,0,http://www.wikidata.org/entity/Q503138
PQXY562P,3,2,http://www.wikidata.org/entity/Q1397226
PQXY562P,3,3,http://www.wikidata.org/entity/Q164490
PQXY562P,4,0,http://www.wikidata.org/entity/Q21101
PQXY562P,4,2,http://www.wikidata.org/entity/Q6427147
PQXY562P,4,3,http://www.wikidata.org/entity/Q21143
PEYY4OWW,1,0,http://www.wikidata.org/entity/Q3312517
PEYY4OWW,1,2,http://www.wikidata.org/entity/Q315937
PEYY4OWW,1,3,http://www.wikidata.org/entity/Q1920500
PEYY4OWW,2,0,http://www.wikidata.org/entity/Q6319746
PEYY4OWW,2,2,http://www.wikidata.org/entity/Q18649895
PEYY4OWW,2,3,http://www.wikidata.org/entity/Q1947910
PEYY4OWW,3,0,http://www.wikidata.org/entity/Q3826301
PEYY4OWW,3,2,http://www.wikidata.org/entity/Q5885316
PEYY4OWW,3,3,http://www.wikidata.org/entity/Q1355960
PEYY4OWW,4,0,http://www.wikidata.org/entity/Q6317046
PEYY4OWW,4,2,http://www.wikidata.org/entity/Q8605
PEYY4OWW,4,3,http://www.wikidata.org/entity/Q976034
8DNYR8KU,1,0,http://www.wikidata.org/entity/Q18844958
8DNYR8KU,1,3,http://www.wikidata.org/entity/Q18845220
8DNYR8KU,1,6,http://www.wikidata.org/entity/Q861
8DNYR8KU,2,0,http://www.wikidata.org/entity/Q18844956
8DNYR8KU,2,3,http://www.wikidata.org/entity/Q18845219
8DNYR8KU,2,6,http://www.wikidata.org/entity/Q861
8DNYR8KU,3,0,http://www.wikidata.org/entity/Q18844974
8DNYR8KU,3,3,http://www.wikidata.org/entity/Q18844993
8DNYR8KU,3,6,http://www.wikidata.org/entity/Q861
8DNYR8KU,4,0,http://www.wikidata.org/entity/Q18844973
8DNYR8KU,4,3,http://www.wikidata.org/entity/Q18844992
8DNYR8KU,4,6,http://www.wikidata.org/entity/Q861
8DNYR8KU,5,0,http://www.wikidata.org/entity/Q18844970
8DNYR8KU,5,3,http://www.wikidata.org/entity/Q18844989
8DNYR8KU,5,6,http://www.wikidata.org/entity/Q861
8DNYR8KU,6,0,http://www.wikidata.org/entity/Q18844968
8DNYR8KU,6,3,http://www.wikidata.org/entity/Q18844987
8DNYR8KU,6,6,http://www.wikidata.org/entity/Q861
8DNYR8KU,7,0,http://www.wikidata.org/entity/Q18844967
8DNYR8KU,7,3,http://www.wikidata.org/entity/Q18844987
8DNYR8KU,7,6,http://www.wikidata.org/entity/Q861
8DNYR8KU,8,0,http://www.wikidata.org/entity/Q18844966
8DNYR8KU,8,3,http://www.wikidata.org/entity/Q18844986
8DNYR8KU,8,6,http://www.wikidata.org/entity/Q861
8DNYR8KU,9,0,http://www.wikidata.org/entity/Q2516934
8DNYR8KU,9,3,http://www.wikidata.org/entity/Q8072263
8DNYR8KU,9,6,http://www.wikidata.org/entity/Q861
8DNYR8KU,10,0,http://www.wikidata.org/entity/Q18844959
8DNYR8KU,10,3,http://www.wikidata.org/entity/Q4046116
8DNYR8KU,10,6,http://www.wikidata.org/entity/Q861
8DNYR8KU,11,0,http://www.wikidata.org/entity/Q18844953
8DNYR8KU,11,3,http://www.wikidata.org/entity/Q3339820
8DNYR8KU,11,6,http://www.wikidata.org/entity/Q861
8DNYR8KU,12,0,http://www.wikidata.org/entity/Q18844955
8DNYR8KU,12,3,http://www.wikidata.org/entity/Q2787140
8DNYR8KU,12,6,http://www.wikidata.org/entity/Q861
L1WGV2SJ,1,0,http://www.wikidata.org/entity/Q18888455
L1WGV2SJ,1,3,http://www.wikidata.org/entity/Q18888146
L1WGV2SJ,2,0,http://www.wikidata.org/entity/Q18888454
L1WGV2SJ,2,3,http://www.wikidata.org/entity/Q18888136
L1WGV2SJ,3,0,http://www.wikidata.org/entity/Q18888449
L1WGV2SJ,3,3,http://www.wikidata.org/entity/Q18888130
L1WGV2SJ,4,0,http://www.wikidata.org/entity/Q18888448
L1WGV2SJ,4,3,http://www.wikidata.org/entity/Q18888125
L1WGV2SJ,5,0,http://www.wikidata.org/entity/Q18888445
L1WGV2SJ,5,3,http://www.wikidata.org/entity/Q18888119
L1WGV2SJ,6,0,http://www.wikidata.org/entity/Q18888428
L1WGV2SJ,6,3,http://www.wikidata.org/entity/Q18888113
L1WGV2SJ,7,0,http://www.wikidata.org/entity/Q18888414
L1WGV2SJ,7,3,http://www.wikidata.org/entity/Q18888104
L1WGV2SJ,8,0,http://www.wikidata.org/entity/Q18888411
L1WGV2SJ,8,3,http://www.wikidata.org/entity/Q18888099
4N8KUWL7,1,0,http://www.wikidata.org/entity/Q66363708
4N8KUWL7,1,3,http://www.wikidata.org/entity/Q486396
4N8KUWL7,2,0,http://www.wikidata.org/entity/Q28631966
4N8KUWL7,2,3,http://www.wikidata.org/entity/Q230711
4N8KUWL7,3,0,http://www.wikidata.org/entity/Q54411616
4N8KUWL7,3,3,http://www.wikidata.org/entity/Q32489
4N8KUWL7,4,0,http://www.wikidata.org/entity/Q41526731
4N8KUWL7,4,3,http://www.wikidata.org/entity/Q32489
S41I45YM,1,0,http://www.wikidata.org/entity/Q2068854
S41I45YM,1,1,http://www.wikidata.org/entity/Q797219
S41I45YM,1,2,http://www.wikidata.org/entity/Q8866
S41I45YM,1,4,http://www.wikidata.org/entity/Q589951
S41I45YM,2,0,http://www.wikidata.org/entity/Q1068712
S41I45YM,2,1,http://www.wikidata.org/entity/Q15917122
S41I45YM,2,2,http://www.wikidata.org/entity/Q8906
S41I45YM,2,4,http://www.wikidata.org/entity/Q512396
S41I45YM,3,0,http://www.wikidata.org/entity/Q1563446
S41I45YM,3,1,http://www.wikidata.org/entity/Q15917122
S41I45YM,3,2,http://www.wikidata.org/entity/Q8918
S41I45YM,3,4,http://www.wikidata.org/entity/Q81278
S41I45YM,4,0,http://www.wikidata.org/entity/Q81069
S41I45YM,4,1,http://www.wikidata.org/entity/Q15917122
S41I45YM,4,2,http://www.wikidata.org/entity/Q8842
S41I45YM,4,4,http://www.wikidata.org/entity/Q73313
R8DUPOMA,1,0,http://www.wikidata.org/entity/Q75002275
R8DUPOMA,1,1,http://www.wikidata.org/entity/Q2268658
R8DUPOMA,2,0,http://www.wikidata.org/entity/Q1097319
R8DUPOMA,2,1,http://www.wikidata.org/entity/Q1065564
R8DUPOMA,3,0,http://www.wikidata.org/entity/Q66477294
R8DUPOMA,3,1,http://www.wikidata.org/entity/Q11061
R8DUPOMA,4,0,http://www.wikidata.org/entity/Q85304826
R8DUPOMA,4,1,http://www.wikidata.org/entity/Q80430148
R8DUPOMA,5,0,http://www.wikidata.org/entity/Q1312981
R8DUPOMA,5,1,http://www.wikidata.org/entity/Q75047900
R8DUPOMA,6,0,http://www.wikidata.org/entity/Q84125049
R8DUPOMA,6,1,http://www.wikidata.org/entity/Q74705084
R8DUPOMA,7,0,http://www.wikidata.org/entity/Q1052548
R8DUPOMA,7,1,http://www.wikidata.org/entity/Q12176
R8DUPOMA,8,0,http://www.wikidata.org/entity/Q83849770
R8DUPOMA,8,1,http://www.wikidata.org/entity/Q83853042
R8DUPOMA,9,0,http://www.wikidata.org/entity/Q5176323
R8DUPOMA,9,1,http://www.wikidata.org/entity/Q75154250
R8DUPOMA,10,0,http://www.wikidata.org/entity/Q66610306
R8DUPOMA,10,1,http://www.wikidata.org/entity/Q66491401
R8DUPOMA,11,0,http://www.wikidata.org/entity/Q10849984
R8DUPOMA,11,1,http://www.wikidata.org/entity/Q66477149
R8DUPOMA,12,0,http://www.wikidata.org/entity/Q66491625
R8DUPOMA,12,1,http://www.wikidata.org/entity/Q1758998
R8DUPOMA,13,0,http://www.wikidata.org/entity/Q3409
R8DUPOMA,13,1,http://www.wikidata.org/entity/Q505816
R8DUPOMA,14,0,http://www.wikidata.org/entity/Q2333595
R8DUPOMA,14,1,http://www.wikidata.org/entity/Q77989958
R8DUPOMA,15,0,http://www.wikidata.org/entity/Q74695236
R8DUPOMA,15,1,http://www.wikidata.org/entity/Q1065564
UBJEIBKM,1,0,http://www.wikidata.org/entity/Q57991631
UBJEIBKM,1,1,http://www.wikidata.org/entity/Q17428077
UBJEIBKM,1,2,http://www.wikidata.org/entity/Q57991630
UBJEIBKM,1,3,http://www.wikidata.org/entity/Q20830929
UBJEIBKM,2,0,http://www.wikidata.org/entity/Q42146504
UBJEIBKM,2,1,http://www.wikidata.org/entity/Q3511555
UBJEIBKM,2,2,http://www.wikidata.org/entity/Q42146500
UBJEIBKM,2,3,http://www.wikidata.org/entity/Q356327
UBJEIBKM,3,0,http://www.wikidata.org/entity/Q57747099
UBJEIBKM,3,1,http://www.wikidata.org/entity/Q3511555
UBJEIBKM,3,2,http://www.wikidata.org/entity/Q57746750
UBJEIBKM,3,3,http://www.wikidata.org/entity/Q17473716
UBJEIBKM,4,0,http://www.wikidata.org/entity/Q44120042
UBJEIBKM,4,1,http://www.wikidata.org/entity/Q1403486
UBJEIBKM,4,2,http://www.wikidata.org/entity/Q44120041
UBJEIBKM,4,3,http://www.wikidata.org/entity/Q16059982
3LV01MMG,1,0,http://www.wikidata.org/entity/Q2089610
3LV01MMG,1,1,http://www.wikidata.org/entity/Q1987743
3LV01MMG,1,3,http://www.wikidata.org/entity/Q5247152
3LV01MMG,2,0,http://www.wikidata.org/entity/Q4063563
3LV01MMG,2,1,http://www.wikidata.org/entity/Q404943
3LV01MMG,2,3,http://www.wikidata.org/entity/Q4735905
3LV01MMG,3,0,http://www.wikidata.org/entity/Q595451
3LV01MMG,3,1,http://www.wikidata.org/entity/Q928938
3LV01MMG,3,3,http://www.wikidata.org/entity/Q4115712
3LV01MMG,4,0,http://www.wikidata.org/entity/Q571256
3LV01MMG,4,1,http://www.wikidata.org/entity/Q928938
3LV01MMG,4,3,http://www.wikidata.org/entity/Q4115712
3LV01MMG,5,0,http://www.wikidata.org/entity/Q4216295
3LV01MMG,5,1,http://www.wikidata.org/entity/Q156560
3LV01MMG,5,3,http://www.wikidata.org/entity/Q3506543
Y758SGXG,1,0,http://www.wikidata.org/entity/Q7751849
Y758SGXG,1,1,http://www.wikidata.org/entity/Q61
Y758SGXG,1,3,http://www.wikidata.org/entity/Q30
Y758SGXG,2,0,http://www.wikidata.org/entity/Q1288137
Y758SGXG,2,1,http://www.wikidata.org/entity/Q207408
Y758SGXG,2,3,http://www.wikidata.org/entity/Q28
Y758SGXG,3,0,http://www.wikidata.org/entity/Q7813983
Y758SGXG,3,1,http://www.wikidata.org/entity/Q1490
Y758SGXG,3,3,http://www.wikidata.org/entity/Q17
Y758SGXG,4,0,http://www.wikidata.org/entity/Q7017860
Y758SGXG,4,1,http://www.wikidata.org/entity/Q2082
Y758SGXG,4,3,http://www.wikidata.org/entity/Q16
PA2XY155,1,0,http://www.wikidata.org/entity/Q798711
PA2XY155,1,1,http://www.wikidata.org/entity/Q1341477
PA2XY155,1,2,http://www.wikidata.org/entity/Q2513927
PA2XY155,1,3,http://www.wikidata.org/entity/Q134161
PA2XY155,1,4,http://www.wikidata.org/entity/Q12434
PA2XY155,2,0,http://www.wikidata.org/entity/Q812598
PA2XY155,2,1,http://www.wikidata.org/entity/Q2326317
PA2XY155,2,2,http://www.wikidata.org/entity/Q1548645
PA2XY155,2,3,http://www.wikidata.org/entity/Q460178
PA2XY155,2,4,http://www.wikidata.org/entity/Q3923
PA2XY155,3,0,http://www.wikidata.org/entity/Q1355293
PA2XY155,3,1,http://www.wikidata.org/entity/Q1951366
PA2XY155,3,2,http://www.wikidata.org/entity/Q2513927
PA2XY155,3,3,http://www.wikidata.org/entity/Q422062
PA2XY155,3,4,http://www.wikidata.org/entity/Q3126
PA2XY155,4,0,http://www.wikidata.org/entity/Q1662649
PA2XY155,4,1,http://www.wikidata.org/entity/Q1341477
PA2XY155,4,2,http://www.wikidata.org/entity/Q2513927
PA2XY155,4,3,http://www.wikidata.org/entity/Q460178
PA2XY155,4,4,http://www.wikidata.org/entity/Q3075
PA2XY155,5,0,http://www.wikidata.org/entity/Q2328644
PA2XY155,5,1,http://www.wikidata.org/entity/Q2326317
PA2XY155,5,2,http://www.wikidata.org/entity/Q315403
PA2XY155,5,3,http://www.wikidata.org/entity/Q460178
PA2XY155,5,4,http://www.wikidata.org/entity/Q3012
PA2XY155,6,0,http://www.wikidata.org/entity/Q2328426
PA2XY155,6,1,http://www.wikidata.org/entity/Q2326317
PA2XY155,6,2,http://www.wikidata.org/entity/Q1548645
PA2XY155,6,3,http://www.wikidata.org/entity/Q460178
PA2XY155,6,4,http://www.wikidata.org/entity/Q2749
PA2XY155,7,0,http://www.wikidata.org/entity/Q2328438
PA2XY155,7,1,http://www.wikidata.org/entity/Q1341478
PA2XY155,7,2,http://www.wikidata.org/entity/Q2513927
PA2XY155,7,3,http://www.wikidata.org/entity/Q460178
PA2XY155,7,4,http://www.wikidata.org/entity/Q2103
PA2XY155,8,0,http://www.wikidata.org/entity/Q2328475
PA2XY155,8,1,http://www.wikidata.org/entity/Q1341477
PA2XY155,8,2,http://www.wikidata.org/entity/Q2513927
PA2XY155,8,3,http://www.wikidata.org/entity/Q422062
PA2XY155,8,4,http://www.wikidata.org/entity/Q2066
PA2XY155,9,0,http://www.wikidata.org/entity/Q2328468
PA2XY155,9,1,http://www.wikidata.org/entity/Q1341477
PA2XY155,9,2,http://www.wikidata.org/entity/Q2513927
PA2XY155,9,3,http://www.wikidata.org/entity/Q422062
PA2XY155,9,4,http://www.wikidata.org/entity/Q1718
PA2XY155,10,0,http://www.wikidata.org/entity/Q1730660
PA2XY155,10,1,http://www.wikidata.org/entity/Q1341477
PA2XY155,10,2,http://www.wikidata.org/entity/Q2513927
PA2XY155,10,3,http://www.wikidata.org/entity/Q460178
PA2XY155,10,4,http://www.wikidata.org/entity/Q1709
PA2XY155,11,0,http://www.wikidata.org/entity/Q2328404
PA2XY155,11,1,http://www.wikidata.org/entity/Q2326317
PA2XY155,11,2,http://www.wikidata.org/entity/Q2513927
PA2XY155,11,3,http://www.wikidata.org/entity/Q422062
PA2XY155,11,4,http://www.wikidata.org/entity/Q1017
PA2XY155,12,0,http://www.wikidata.org/entity/Q15215814
PA2XY155,12,1,http://www.wikidata.org/entity/Q1341477
PA2XY155,12,2,http://www.wikidata.org/entity/Q2513927
PA2XY155,12,3,http://www.wikidata.org/entity/Q460178
PA2XY155,12,4,http://www.wikidata.org/entity/Q7040
030TYI1X,1,0,http://www.wikidata.org/entity/Q2039096
030TYI1X,1,1,http://www.wikidata.org/entity/Q3695610
030TYI1X,1,2,http://www.wikidata.org/entity/Q3247127
030TYI1X,2,0,http://www.wikidata.org/entity/Q804133
030TYI1X,2,1,http://www.wikidata.org/entity/Q1740566
030TYI1X,2,2,http://www.wikidata.org/entity/Q3247127
030TYI1X,3,0,http://www.wikidata.org/entity/Q1517502
030TYI1X,3,1,http://www.wikidata.org/entity/Q654483
030TYI1X,3,2,http://www.wikidata.org/entity/Q3247127
030TYI1X,4,0,http://www.wikidata.org/entity/Q728803
030TYI1X,4,1,http://www.wikidata.org/entity/Q3081001
030TYI1X,4,2,http://www.wikidata.org/entity/Q3246880
PDHQCBFU,1,0,http://www.wikidata.org/entity/Q338
PDHQCBFU,1,1,http://www.wikidata.org/entity/Q35277
PDHQCBFU,1,2,http://www.wikidata.org/entity/Q413
PDHQCBFU,1,3,http://www.wikidata.org/entity/Q2657718
PDHQCBFU,2,0,http://www.wikidata.org/entity/Q474200
PDHQCBFU,2,1,http://www.wikidata.org/entity/Q11023
PDHQCBFU,2,2,http://www.wikidata.org/entity/Q4459228
PDHQCBFU,2,3,http://www.wikidata.org/entity/Q602358
PDHQCBFU,3,0,http://www.wikidata.org/entity/Q184274
PDHQCBFU,3,1,http://www.wikidata.org/entity/Q333
PDHQCBFU,3,2,http://www.wikidata.org/entity/Q333
PDHQCBFU,3,3,http://www.wikidata.org/entity/Q19190511
PDHQCBFU,4,0,http://www.wikidata.org/entity/Q83353
PDHQCBFU,4,1,http://www.wikidata.org/entity/Q1069
PDHQCBFU,4,2,http://www.wikidata.org/entity/Q1069
PDHQCBFU,4,3,http://www.wikidata.org/entity/Q2657718
C65O177V,1,0,http://www.wikidata.org/entity/Q2197598
C65O177V,1,1,http://www.wikidata.org/entity/Q17165362
C65O177V,1,3,http://www.wikidata.org/entity/Q1898209
C65O177V,1,4,http://www.wikidata.org/entity/Q11886126
C65O177V,1,5,http://www.wikidata.org/entity/Q2623183
C65O177V,1,6,http://www.wikidata.org/entity/Q7377201
C65O177V,2,0,http://www.wikidata.org/entity/Q2749241
C65O177V,2,1,http://www.wikidata.org/entity/Q17165362
C65O177V,2,3,http://www.wikidata.org/entity/Q2527997
C65O177V,2,4,http://www.wikidata.org/entity/Q1911916
C65O177V,2,5,http://www.wikidata.org/entity/Q2518999
C65O177V,2,6,http://www.wikidata.org/entity/Q4327471
C65O177V,3,0,http://www.wikidata.org/entity/Q2501728
C65O177V,3,1,http://www.wikidata.org/entity/Q17165362
C65O177V,3,3,http://www.wikidata.org/entity/Q672651
C65O177V,3,4,http://www.wikidata.org/entity/Q866409
C65O177V,3,5,http://www.wikidata.org/entity/Q3057013
C65O177V,3,6,http://www.wikidata.org/entity/Q2682637
C65O177V,4,0,http://www.wikidata.org/entity/Q2107844
C65O177V,4,1,http://www.wikidata.org/entity/Q17165362
C65O177V,4,3,http://www.wikidata.org/entity/Q3444013
C65O177V,4,4,http://www.wikidata.org/entity/Q332219
C65O177V,4,5,http://www.wikidata.org/entity/Q2047762
C65O177V,4,6,http://www.wikidata.org/entity/Q2632168
C65O177V,5,0,http://www.wikidata.org/entity/Q2114738
C65O177V,5,1,http://www.wikidata.org/entity/Q17165362
C65O177V,5,3,http://www.wikidata.org/entity/Q1819666
C65O177V,5,4,http://www.wikidata.org/entity/Q5505295
C65O177V,5,5,http://www.wikidata.org/entity/Q1898209
C65O177V,5,6,http://www.wikidata.org/entity/Q2075533
C65O177V,6,0,http://www.wikidata.org/entity/Q2307866
C65O177V,6,1,http://www.wikidata.org/entity/Q17165362
C65O177V,6,3,http://www.wikidata.org/entity/Q610914
C65O177V,6,4,http://www.wikidata.org/entity/Q676087
C65O177V,6,5,http://www.wikidata.org/entity/Q1954555
C65O177V,6,6,http://www.wikidata.org/entity/Q2053127
C65O177V,7,0,http://www.wikidata.org/entity/Q2231971
C65O177V,7,1,http://www.wikidata.org/entity/Q17165362
C65O177V,7,3,http://www.wikidata.org/entity/Q2214057
C65O177V,7,4,http://www.wikidata.org/entity/Q3360969
C65O177V,7,5,http://www.wikidata.org/entity/Q1939984
C65O177V,7,6,http://www.wikidata.org/entity/Q1960677
C65O177V,8,0,http://www.wikidata.org/entity/Q2227949
C65O177V,8,1,http://www.wikidata.org/entity/Q17165362
C65O177V,8,3,http://www.wikidata.org/entity/Q1951601
C65O177V,8,4,http://www.wikidata.org/entity/Q11983512
C65O177V,8,5,http://www.wikidata.org/entity/Q2349284
C65O177V,8,6,http://www.wikidata.org/entity/Q1777003
C65O177V,9,0,http://www.wikidata.org/entity/Q2321692
C65O177V,9,1,http://www.wikidata.org/entity/Q17165362
C65O177V,9,3,http://www.wikidata.org/entity/Q2237348
C65O177V,9,4,http://www.wikidata.org/entity/Q11886126
C65O177V,9,5,http://www.wikidata.org/entity/Q2180511
C65O177V,9,6,http://www.wikidata.org/entity/Q1398800
C65O177V,10,0,http://www.wikidata.org/entity/Q2878143
C65O177V,10,1,http://www.wikidata.org/entity/Q17165362
C65O177V,10,3,http://www.wikidata.org/entity/Q1938750
C65O177V,10,4,http://www.wikidata.org/entity/Q2582782
C65O177V,10,5,http://www.wikidata.org/entity/Q511144
C65O177V,10,6,http://www.wikidata.org/entity/Q1342555
C65O177V,11,0,http://www.wikidata.org/entity/Q2221928
C65O177V,11,1,http://www.wikidata.org/entity/Q17165362
C65O177V,11,3,http://www.wikidata.org/entity/Q2180511
C65O177V,11,4,http://www.wikidata.org/entity/Q1776696
C65O177V,11,5,http://www.wikidata.org/entity/Q2295710
C65O177V,11,6,http://www.wikidata.org/entity/Q1135506
C65O177V,12,0,http://www.wikidata.org/entity/Q2457884
C65O177V,12,1,http://www.wikidata.org/entity/Q17165362
C65O177V,12,3,http://www.wikidata.org/entity/Q1806609
C65O177V,12,4,http://www.wikidata.org/entity/Q864796
C65O177V,12,5,http://www.wikidata.org/entity/Q2923837
C65O177V,12,6,http://www.wikidata.org/entity/Q747188
C65O177V,13,0,http://www.wikidata.org/entity/Q1890315
C65O177V,13,1,http://www.wikidata.org/entity/Q17165362
C65O177V,13,3,http://www.wikidata.org/entity/Q2529215
C65O177V,13,4,http://www.wikidata.org/entity/Q866409
C65O177V,13,5,http://www.wikidata.org/entity/Q2272664
C65O177V,13,6,http://www.wikidata.org/entity/Q743966
C65O177V,14,0,http://www.wikidata.org/entity/Q2531873
C65O177V,14,1,http://www.wikidata.org/entity/Q17165362
C65O177V,14,3,http://www.wikidata.org/entity/Q2001954
C65O177V,14,4,http://www.wikidata.org/entity/Q1371953
C65O177V,14,5,http://www.wikidata.org/entity/Q2477945
C65O177V,14,6,http://www.wikidata.org/entity/Q616143
C65O177V,15,0,http://www.wikidata.org/entity/Q2281283
C65O177V,15,1,http://www.wikidata.org/entity/Q17165362
C65O177V,15,3,http://www.wikidata.org/entity/Q605124
C65O177V,15,4,http://www.wikidata.org/entity/Q2222506
C65O177V,15,5,http://www.wikidata.org/entity/Q1807846
C65O177V,15,6,http://www.wikidata.org/entity/Q499820
E7X9RD7K,1,0,http://www.wikidata.org/entity/Q3402951
E7X9RD7K,1,1,http://www.wikidata.org/entity/Q46261
E7X9RD7K,1,2,http://www.wikidata.org/entity/Q245064
E7X9RD7K,1,3,http://www.wikidata.org/entity/Q10387684
E7X9RD7K,2,0,http://www.wikidata.org/entity/Q1973935
E7X9RD7K,2,1,http://www.wikidata.org/entity/Q46261
E7X9RD7K,2,2,http://www.wikidata.org/entity/Q198134
E7X9RD7K,2,3,http://www.wikidata.org/entity/Q10387684
E7X9RD7K,3,0,http://www.wikidata.org/entity/Q656302
E7X9RD7K,3,1,http://www.wikidata.org/entity/Q46261
E7X9RD7K,3,2,http://www.wikidata.org/entity/Q90
E7X9RD7K,3,3,http://www.wikidata.org/entity/Q10387684
E7X9RD7K,4,0,http://www.wikidata.org/entity/Q379387
E7X9RD7K,4,1,http://www.wikidata.org/entity/Q46805
E7X9RD7K,4,2,http://www.wikidata.org/entity/Q1148187
E7X9RD7K,4,3,http://www.wikidata.org/entity/Q10387575
E7X9RD7K,5,0,http://www.wikidata.org/entity/Q2420732
E7X9RD7K,5,1,http://www.wikidata.org/entity/Q176483
E7X9RD7K,5,2,http://www.wikidata.org/entity/Q1060441
E7X9RD7K,5,3,http://www.wikidata.org/entity/Q10387575
E7X9RD7K,6,0,http://www.wikidata.org/entity/Q754931
E7X9RD7K,6,1,http://www.wikidata.org/entity/Q176483
E7X9RD7K,6,2,http://www.wikidata.org/entity/Q184618
E7X9RD7K,6,3,http://www.wikidata.org/entity/Q893802
E7X9RD7K,7,0,http://www.wikidata.org/entity/Q281800
E7X9RD7K,7,1,http://www.wikidata.org/entity/Q176483
E7X9RD7K,7,2,http://www.wikidata.org/entity/Q180231
E7X9RD7K,7,3,http://www.wikidata.org/entity/Q893802
E7X9RD7K,8,0,http://www.wikidata.org/entity/Q1545887
E7X9RD7K,8,1,http://www.wikidata.org/entity/Q176483
E7X9RD7K,8,2,http://www.wikidata.org/entity/Q178626
E7X9RD7K,8,3,http://www.wikidata.org/entity/Q893802
E7X9RD7K,9,0,http://www.wikidata.org/entity/Q1775141
E7X9RD7K,9,1,http://www.wikidata.org/entity/Q176483
E7X9RD7K,9,2,http://www.wikidata.org/entity/Q169923
E7X9RD7K,9,3,http://www.wikidata.org/entity/Q893802
E7X9RD7K,10,0,http://www.wikidata.org/entity/Q3403036
E7X9RD7K,10,1,http://www.wikidata.org/entity/Q46261
E7X9RD7K,10,2,http://www.wikidata.org/entity/Q845086
E7X9RD7K,10,3,http://www.wikidata.org/entity/Q10387684
E7X9RD7K,11,0,http://www.wikidata.org/entity/Q3402976
E7X9RD7K,11,1,http://www.wikidata.org/entity/Q46805
E7X9RD7K,11,2,http://www.wikidata.org/entity/Q1141367
E7X9RD7K,11,3,http://www.wikidata.org/entity/Q10387575
EJFAHNKW,1,0,http://www.wikidata.org/entity/Q6127694
EJFAHNKW,1,3,http://www.wikidata.org/entity/Q4860143
EJFAHNKW,1,4,http://www.wikidata.org/entity/Q4998318
EJFAHNKW,2,0,http://www.wikidata.org/entity/Q6297786
EJFAHNKW,2,3,http://www.wikidata.org/entity/Q4917389
EJFAHNKW,2,4,http://www.wikidata.org/entity/Q4917376
EJFAHNKW,3,0,http://www.wikidata.org/entity/Q6026767
EJFAHNKW,3,3,http://www.wikidata.org/entity/Q6400941
EJFAHNKW,3,4,http://www.wikidata.org/entity/Q4856804
EJFAHNKW,4,0,http://www.wikidata.org/entity/Q6148343
EJFAHNKW,4,3,http://www.wikidata.org/entity/Q4803551
EJFAHNKW,4,4,http://www.wikidata.org/entity/Q4753485
EJFAHNKW,5,0,http://www.wikidata.org/entity/Q5226821
EJFAHNKW,5,3,http://www.wikidata.org/entity/Q5555894
EJFAHNKW,5,4,http://www.wikidata.org/entity/Q4748874
EJFAHNKW,6,0,http://www.wikidata.org/entity/Q6351791
EJFAHNKW,6,3,http://www.wikidata.org/entity/Q19604252
EJFAHNKW,6,4,http://www.wikidata.org/entity/Q4726839
EJFAHNKW,7,0,http://www.wikidata.org/entity/Q5586958
EJFAHNKW,7,3,http://www.wikidata.org/entity/Q6352779
EJFAHNKW,7,4,http://www.wikidata.org/entity/Q6352773
EJFAHNKW,8,0,http://www.wikidata.org/entity/Q5712815
EJFAHNKW,8,3,http://www.wikidata.org/entity/Q7283823
EJFAHNKW,8,4,http://www.wikidata.org/entity/Q6352476
EJFAHNKW,9,0,http://www.wikidata.org/entity/Q5584289
EJFAHNKW,9,3,http://www.wikidata.org/entity/Q6190932
EJFAHNKW,9,4,http://www.wikidata.org/entity/Q6127825
HR3W82L6,1,0,http://www.wikidata.org/entity/Q15918419
HR3W82L6,1,1,http://www.wikidata.org/entity/Q142
HR3W82L6,1,2,http://www.wikidata.org/entity/Q23782161
HR3W82L6,1,3,http://www.wikidata.org/entity/Q6593
HR3W82L6,2,0,http://www.wikidata.org/entity/Q19606444
HR3W82L6,2,1,http://www.wikidata.org/entity/Q142
HR3W82L6,2,2,http://www.wikidata.org/entity/Q23782109
HR3W82L6,2,3,http://www.wikidata.org/entity/Q6588
HR3W82L6,3,0,http://www.wikidata.org/entity/Q2860514
HR3W82L6,3,1,http://www.wikidata.org/entity/Q142
HR3W82L6,3,2,http://www.wikidata.org/entity/Q23782065
HR3W82L6,3,3,http://www.wikidata.org/entity/Q6548
HR3W82L6,4,0,http://www.wikidata.org/entity/Q19606442
HR3W82L6,4,1,http://www.wikidata.org/entity/Q142
HR3W82L6,4,2,http://www.wikidata.org/entity/Q23782097
HR3W82L6,4,3,http://www.wikidata.org/entity/Q6441
CQ880SEK,1,0,http://www.wikidata.org/entity/Q6715488
CQ880SEK,1,1,http://www.wikidata.org/entity/Q1480013
CQ880SEK,2,0,http://www.wikidata.org/entity/Q16255640
CQ880SEK,2,1,http://www.wikidata.org/entity/Q864965
CQ880SEK,3,0,http://www.wikidata.org/entity/Q6783308
CQ880SEK,3,1,http://www.wikidata.org/entity/Q51103
CQ880SEK,4,0,http://www.wikidata.org/entity/Q1057758
CQ880SEK,4,1,http://www.wikidata.org/entity/Q47896
EEC5MVYX,1,0,http://www.wikidata.org/entity/Q3368108
EEC5MVYX,1,1,http://www.wikidata.org/entity/Q161741
EEC5MVYX,1,2,http://www.wikidata.org/entity/Q142
EEC5MVYX,1,3,http://www.wikidata.org/entity/Q3450561
EEC5MVYX,1,5,http://www.wikidata.org/entity/Q3451961
EEC5MVYX,2,0,http://www.wikidata.org/entity/Q1294677
EEC5MVYX,2,1,http://www.wikidata.org/entity/Q209549
EEC5MVYX,2,2,http://www.wikidata.org/entity/Q142
EEC5MVYX,2,3,http://www.wikidata.org/entity/Q3450361
EEC5MVYX,2,5,http://www.wikidata.org/entity/Q3451961
EEC5MVYX,3,0,http://www.wikidata.org/entity/Q1314020
EEC5MVYX,3,1,http://www.wikidata.org/entity/Q209549
EEC5MVYX,3,2,http://www.wikidata.org/entity/Q142
EEC5MVYX,3,3,http://www.wikidata.org/entity/Q3450361
EEC5MVYX,3,5,http://www.wikidata.org/entity/Q3450361
EEC5MVYX,4,0,http://www.wikidata.org/entity/Q3368000
EEC5MVYX,4,1,http://www.wikidata.org/entity/Q209549
EEC5MVYX,4,2,http://www.wikidata.org/entity/Q142
EEC5MVYX,4,3,http://www.wikidata.org/entity/Q3447590
EEC5MVYX,4,5,http://www.wikidata.org/entity/Q3449997
EEC5MVYX,5,0,http://www.wikidata.org/entity/Q432054
EEC5MVYX,5,1,http://www.wikidata.org/entity/Q209549
EEC5MVYX,5,2,http://www.wikidata.org/entity/Q142
EEC5MVYX,5,3,http://www.wikidata.org/entity/Q3447045
EEC5MVYX,5,5,http://www.wikidata.org/entity/Q3447045
EEC5MVYX,6,0,http://www.wikidata.org/entity/Q3094646
EEC5MVYX,6,1,http://www.wikidata.org/entity/Q270230
EEC5MVYX,6,2,http://www.wikidata.org/entity/Q142
EEC5MVYX,6,3,http://www.wikidata.org/entity/Q3390375
EEC5MVYX,6,5,http://www.wikidata.org/entity/Q3390375
EEC5MVYX,7,0,http://www.wikidata.org/entity/Q2055787
EEC5MVYX,7,1,http://www.wikidata.org/entity/Q209549
EEC5MVYX,7,2,http://www.wikidata.org/entity/Q142
EEC5MVYX,7,3,http://www.wikidata.org/entity/Q3447590
EEC5MVYX,7,5,http://www.wikidata.org/entity/Q3368000
EEC5MVYX,8,0,http://www.wikidata.org/entity/Q1567455
EEC5MVYX,8,1,http://www.wikidata.org/entity/Q163948
EEC5MVYX,8,2,http://www.wikidata.org/entity/Q142
EEC5MVYX,8,3,http://www.wikidata.org/entity/Q2922002
EEC5MVYX,8,5,http://www.wikidata.org/entity/Q2922002
EEC5MVYX,9,0,http://www.wikidata.org/entity/Q1696160
EEC5MVYX,9,1,http://www.wikidata.org/entity/Q209549
EEC5MVYX,9,2,http://www.wikidata.org/entity/Q142
EEC5MVYX,9,3,http://www.wikidata.org/entity/Q3447759
EEC5MVYX,9,5,http://www.wikidata.org/entity/Q2174628
EEC5MVYX,10,0,http://www.wikidata.org/entity/Q1659270
EEC5MVYX,10,1,http://www.wikidata.org/entity/Q209549
EEC5MVYX,10,2,http://www.wikidata.org/entity/Q142
EEC5MVYX,10,3,http://www.wikidata.org/entity/Q2174628
EEC5MVYX,10,5,http://www.wikidata.org/entity/Q2174628
RA7C0U5K,1,0,http://www.wikidata.org/entity/Q13486767
RA7C0U5K,1,1,http://www.wikidata.org/entity/Q63891772
RA7C0U5K,1,2,http://www.wikidata.org/entity/Q26858767
RA7C0U5K,1,3,http://www.wikidata.org/entity/Q65487351
RA7C0U5K,1,4,http://www.wikidata.org/entity/Q13511948
RA7C0U5K,2,0,http://www.wikidata.org/entity/Q13511936
RA7C0U5K,2,1,http://www.wikidata.org/entity/Q63891772
RA7C0U5K,2,2,http://www.wikidata.org/entity/Q13511932
RA7C0U5K,2,3,http://www.wikidata.org/entity/Q65487333
RA7C0U5K,2,4,http://www.wikidata.org/entity/Q13511939
RA7C0U5K,3,0,http://www.wikidata.org/entity/Q13511932
RA7C0U5K,3,1,http://www.wikidata.org/entity/Q63891772
RA7C0U5K,3,2,http://www.wikidata.org/entity/Q26858760
RA7C0U5K,3,3,http://www.wikidata.org/entity/Q65487332
RA7C0U5K,3,4,http://www.wikidata.org/entity/Q13511936
RA7C0U5K,4,0,http://www.wikidata.org/entity/Q2493372
RA7C0U5K,4,1,http://www.wikidata.org/entity/Q63891772
RA7C0U5K,4,2,http://www.wikidata.org/entity/Q1683073
RA7C0U5K,4,3,http://www.wikidata.org/entity/Q65487379
RA7C0U5K,4,4,http://www.wikidata.org/entity/Q2493375
RA7C0U5K,5,0,http://www.wikidata.org/entity/Q1683073
RA7C0U5K,5,1,http://www.wikidata.org/entity/Q63891772
RA7C0U5K,5,2,http://www.wikidata.org/entity/Q2493368
RA7C0U5K,5,3,http://www.wikidata.org/entity/Q65487378
RA7C0U5K,5,4,http://www.wikidata.org/entity/Q2493372
RA7C0U5K,6,0,http://www.wikidata.org/entity/Q1789379
RA7C0U5K,6,1,http://www.wikidata.org/entity/Q63891772
RA7C0U5K,6,2,http://www.wikidata.org/entity/Q1424586
RA7C0U5K,6,3,http://www.wikidata.org/entity/Q65487340
RA7C0U5K,6,4,http://www.wikidata.org/entity/Q2493366
RA7C0U5K,7,0,http://www.wikidata.org/entity/Q1424586
RA7C0U5K,7,1,http://www.wikidata.org/entity/Q63891772
RA7C0U5K,7,2,http://www.wikidata.org/entity/Q2493362
RA7C0U5K,7,3,http://www.wikidata.org/entity/Q65487339
RA7C0U5K,7,4,http://www.wikidata.org/entity/Q1789379
RA7C0U5K,8,0,http://www.wikidata.org/entity/Q2493368
RA7C0U5K,8,1,http://www.wikidata.org/entity/Q63891772
RA7C0U5K,8,2,http://www.wikidata.org/entity/Q14838496
RA7C0U5K,8,3,http://www.wikidata.org/entity/Q65487377
RA7C0U5K,8,4,http://www.wikidata.org/entity/Q1683073
RA7C0U5K,9,0,http://www.wikidata.org/entity/Q2493362
RA7C0U5K,9,1,http://www.wikidata.org/entity/Q63891772
RA7C0U5K,9,2,http://www.wikidata.org/entity/Q15852070
RA7C0U5K,9,3,http://www.wikidata.org/entity/Q65487338
RA7C0U5K,9,4,http://www.wikidata.org/entity/Q1424586
RA7C0U5K,10,0,http://www.wikidata.org/entity/Q27055476
RA7C0U5K,10,1,http://www.wikidata.org/entity/Q63891772
RA7C0U5K,10,2,http://www.wikidata.org/entity/Q27055475
RA7C0U5K,10,3,http://www.wikidata.org/entity/Q65487373
RA7C0U5K,10,4,http://www.wikidata.org/entity/Q27055477
RA7C0U5K,11,0,http://www.wikidata.org/entity/Q27055475
RA7C0U5K,11,1,http://www.wikidata.org/entity/Q63891772
RA7C0U5K,11,2,http://www.wikidata.org/entity/Q27055474
RA7C0U5K,11,3,http://www.wikidata.org/entity/Q65487372
RA7C0U5K,11,4,http://www.wikidata.org/entity/Q27055476
XLGVH6B3,1,0,http://www.wikidata.org/entity/Q2168343
XLGVH6B3,2,0,http://www.wikidata.org/entity/Q2070638
XLGVH6B3,3,0,http://www.wikidata.org/entity/Q1925145
XLGVH6B3,4,0,http://www.wikidata.org/entity/Q1922492
G8DS36U4,1,0,http://www.wikidata.org/entity/Q18844906
G8DS36U4,1,1,http://www.wikidata.org/entity/Q2284519
G8DS36U4,2,0,http://www.wikidata.org/entity/Q18844899
G8DS36U4,2,1,http://www.wikidata.org/entity/Q2144274
G8DS36U4,3,0,http://www.wikidata.org/entity/Q4847079
G8DS36U4,3,1,http://www.wikidata.org/entity/Q2133737
G8DS36U4,4,0,http://www.wikidata.org/entity/Q1945437
G8DS36U4,4,1,http://www.wikidata.org/entity/Q2103496
70D8N5RK,1,0,http://www.wikidata.org/entity/Q85956572
70D8N5RK,2,0,http://www.wikidata.org/entity/Q85956529
70D8N5RK,3,0,http://www.wikidata.org/entity/Q85903314
70D8N5RK,4,0,http://www.wikidata.org/entity/Q85837874
70D8N5RK,5,0,http://www.wikidata.org/entity/Q85824043
70D8N5RK,6,0,http://www.wikidata.org/entity/Q85492448
70D8N5RK,7,0,http://www.wikidata.org/entity/Q85080386
70D8N5RK,8,0,http://www.wikidata.org/entity/Q84907804
70D8N5RK,9,0,http://www.wikidata.org/entity/Q84902781
70D8N5RK,10,0,http://www.wikidata.org/entity/Q84900607
70D8N5RK,11,0,http://www.wikidata.org/entity/Q84897771
70D8N5RK,12,0,http://www.wikidata.org/entity/Q84893150
TGOPYQVR,1,0,http://www.wikidata.org/entity/Q4993607
TGOPYQVR,1,3,http://www.wikidata.org/entity/Q2509239
TGOPYQVR,2,0,http://www.wikidata.org/entity/Q4992791
TGOPYQVR,2,3,http://www.wikidata.org/entity/Q1626641
TGOPYQVR,3,0,http://www.wikidata.org/entity/Q302136
TGOPYQVR,3,3,http://www.wikidata.org/entity/Q20803842
TGOPYQVR,4,0,http://www.wikidata.org/entity/Q2605108
TGOPYQVR,4,3,http://www.wikidata.org/entity/Q20754923
TGOPYQVR,5,0,http://www.wikidata.org/entity/Q2606998
TGOPYQVR,5,3,http://www.wikidata.org/entity/Q20401967
TGOPYQVR,6,0,http://www.wikidata.org/entity/Q2606968
TGOPYQVR,6,3,http://www.wikidata.org/entity/Q20401819
TGOPYQVR,7,0,http://www.wikidata.org/entity/Q455528
TGOPYQVR,7,3,http://www.wikidata.org/entity/Q20401528
TGOPYQVR,8,0,http://www.wikidata.org/entity/Q2607056
TGOPYQVR,8,3,http://www.wikidata.org/entity/Q20400030
TGOPYQVR,9,0,http://www.wikidata.org/entity/Q2605096
TGOPYQVR,9,3,http://www.wikidata.org/entity/Q15220213
TGOPYQVR,10,0,http://www.wikidata.org/entity/Q374345
TGOPYQVR,10,3,http://www.wikidata.org/entity/Q15220081
TGOPYQVR,11,0,http://www.wikidata.org/entity/Q1708310
TGOPYQVR,11,3,http://www.wikidata.org/entity/Q15219974
TGOPYQVR,12,0,http://www.wikidata.org/entity/Q2361142
TGOPYQVR,12,3,http://www.wikidata.org/entity/Q15219847
TGOPYQVR,13,0,http://www.wikidata.org/entity/Q2605174
TGOPYQVR,13,3,http://www.wikidata.org/entity/Q15219561
TGOPYQVR,14,0,http://www.wikidata.org/entity/Q2615101
TGOPYQVR,14,3,http://www.wikidata.org/entity/Q15219385
TGOPYQVR,15,0,http://www.wikidata.org/entity/Q2361078
TGOPYQVR,15,3,http://www.wikidata.org/entity/Q15219148
Z7QLPNSF,1,0,http://www.wikidata.org/entity/Q1030553
Z7QLPNSF,1,1,http://www.wikidata.org/entity/Q204834
Z7QLPNSF,1,2,http://www.wikidata.org/entity/Q25989
Z7QLPNSF,1,3,http://www.wikidata.org/entity/Q19560101
Z7QLPNSF,1,4,http://www.wikidata.org/entity/Q15888856
Z7QLPNSF,2,0,http://www.wikidata.org/entity/Q1095006
Z7QLPNSF,2,1,http://www.wikidata.org/entity/Q130212
Z7QLPNSF,2,2,http://www.wikidata.org/entity/Q25989
Z7QLPNSF,2,3,http://www.wikidata.org/entity/Q19647341
Z7QLPNSF,2,4,http://www.wikidata.org/entity/Q15888853
Z7QLPNSF,3,0,http://www.wikidata.org/entity/Q1094998
Z7QLPNSF,3,1,http://www.wikidata.org/entity/Q1186590
Z7QLPNSF,3,2,http://www.wikidata.org/entity/Q25989
Z7QLPNSF,3,3,http://www.wikidata.org/entity/Q1186590
Z7QLPNSF,3,4,http://www.wikidata.org/entity/Q15888856
Z7QLPNSF,4,0,http://www.wikidata.org/entity/Q204834
Z7QLPNSF,4,1,http://www.wikidata.org/entity/Q3599
Z7QLPNSF,4,2,http://www.wikidata.org/entity/Q6655
Z7QLPNSF,4,3,http://www.wikidata.org/entity/Q18100110
Z7QLPNSF,4,4,http://www.wikidata.org/entity/Q15888856
UK7ZBEE2,1,0,http://www.wikidata.org/entity/Q38080453
UK7ZBEE2,1,1,http://www.wikidata.org/entity/Q40
UK7ZBEE2,1,2,http://www.wikidata.org/entity/Q682146
UK7ZBEE2,1,3,http://www.wikidata.org/entity/Q1188447
UK7ZBEE2,2,0,http://www.wikidata.org/entity/Q37944636
UK7ZBEE2,2,1,http://www.wikidata.org/entity/Q40
UK7ZBEE2,2,2,http://www.wikidata.org/entity/Q662589
UK7ZBEE2,2,3,http://www.wikidata.org/entity/Q1188447
UK7ZBEE2,3,0,http://www.wikidata.org/entity/Q38003923
UK7ZBEE2,3,1,http://www.wikidata.org/entity/Q40
UK7ZBEE2,3,2,http://www.wikidata.org/entity/Q164488
UK7ZBEE2,3,3,http://www.wikidata.org/entity/Q1188447
UK7ZBEE2,4,0,http://www.wikidata.org/entity/Q65108404
UK7ZBEE2,4,1,http://www.wikidata.org/entity/Q33
UK7ZBEE2,4,2,http://www.wikidata.org/entity/Q1025729
UK7ZBEE2,4,3,http://www.wikidata.org/entity/Q31027091
UK7ZBEE2,5,0,http://www.wikidata.org/entity/Q65107869
UK7ZBEE2,5,1,http://www.wikidata.org/entity/Q33
UK7ZBEE2,5,2,http://www.wikidata.org/entity/Q1017148
UK7ZBEE2,5,3,http://www.wikidata.org/entity/Q31027091
UK7ZBEE2,6,0,http://www.wikidata.org/entity/Q65108915
UK7ZBEE2,6,1,http://www.wikidata.org/entity/Q33
UK7ZBEE2,6,2,http://www.wikidata.org/entity/Q1017136
UK7ZBEE2,6,3,http://www.wikidata.org/entity/Q31027091
UK7ZBEE2,7,0,http://www.wikidata.org/entity/Q65108914
UK7ZBEE2,7,1,http://www.wikidata.org/entity/Q33
UK7ZBEE2,7,2,http://www.wikidata.org/entity/Q1017136
UK7ZBEE2,7,3,http://www.wikidata.org/entity/Q31027091
UK7ZBEE2,8,0,http://www.wikidata.org/entity/Q65105688
UK7ZBEE2,8,1,http://www.wikidata.org/entity/Q33
UK7ZBEE2,8,2,http://www.wikidata.org/entity/Q1017127
UK7ZBEE2,8,3,http://www.wikidata.org/entity/Q31027091
UK7ZBEE2,9,0,http://www.wikidata.org/entity/Q65105681
UK7ZBEE2,9,1,http://www.wikidata.org/entity/Q33
UK7ZBEE2,9,2,http://www.wikidata.org/entity/Q1017127
UK7ZBEE2,9,3,http://www.wikidata.org/entity/Q31027091
UK7ZBEE2,10,0,http://www.wikidata.org/entity/Q65106067
UK7ZBEE2,10,1,http://www.wikidata.org/entity/Q33
UK7ZBEE2,10,2,http://www.wikidata.org/entity/Q1017122
UK7ZBEE2,10,3,http://www.wikidata.org/entity/Q31027091
UK7ZBEE2,11,0,http://www.wikidata.org/entity/Q65105226
UK7ZBEE2,11,1,http://www.wikidata.org/entity/Q33
UK7ZBEE2,11,2,http://www.wikidata.org/entity/Q1017108
UK7ZBEE2,11,3,http://www.wikidata.org/entity/Q31027091
ABNYWKGC,1,0,http://www.wikidata.org/entity/Q5524023
ABNYWKGC,1,1,http://www.wikidata.org/entity/Q45
ABNYWKGC,1,2,http://www.wikidata.org/entity/Q9259
ABNYWKGC,1,3,http://www.wikidata.org/entity/Q18467041
ABNYWKGC,2,0,http://www.wikidata.org/entity/Q18771562
ABNYWKGC,2,1,http://www.wikidata.org/entity/Q55
ABNYWKGC,2,2,http://www.wikidata.org/entity/Q13423591
ABNYWKGC,2,3,http://www.wikidata.org/entity/Q1473276
ABNYWKGC,3,0,http://www.wikidata.org/entity/Q57371052
ABNYWKGC,3,1,http://www.wikidata.org/entity/Q31
ABNYWKGC,3,2,http://www.wikidata.org/entity/Q57393107
ABNYWKGC,3,3,http://www.wikidata.org/entity/Q152737
ABNYWKGC,4,0,http://www.wikidata.org/entity/Q20967649
ABNYWKGC,4,1,http://www.wikidata.org/entity/Q55
ABNYWKGC,4,2,http://www.wikidata.org/entity/Q43113623
ABNYWKGC,4,3,http://www.wikidata.org/entity/Q9924
A6X5PWN7,1,0,http://www.wikidata.org/entity/Q1413425
A6X5PWN7,1,2,http://www.wikidata.org/entity/Q683346
A6X5PWN7,1,3,http://www.wikidata.org/entity/Q1999572
A6X5PWN7,2,0,http://www.wikidata.org/entity/Q1413411
A6X5PWN7,2,2,http://www.wikidata.org/entity/Q683346
A6X5PWN7,2,3,http://www.wikidata.org/entity/Q1999572
A6X5PWN7,3,0,http://www.wikidata.org/entity/Q1413048
A6X5PWN7,3,2,http://www.wikidata.org/entity/Q683346
A6X5PWN7,3,3,http://www.wikidata.org/entity/Q1999572
A6X5PWN7,4,0,http://www.wikidata.org/entity/Q781825
A6X5PWN7,4,2,http://www.wikidata.org/entity/Q683346
A6X5PWN7,4,3,http://www.wikidata.org/entity/Q1999572
A6X5PWN7,5,0,http://www.wikidata.org/entity/Q223006
A6X5PWN7,5,2,http://www.wikidata.org/entity/Q683346
A6X5PWN7,5,3,http://www.wikidata.org/entity/Q1999572
A6X5PWN7,6,0,http://www.wikidata.org/entity/Q287874
A6X5PWN7,6,2,http://www.wikidata.org/entity/Q649419
A6X5PWN7,6,3,http://www.wikidata.org/entity/Q1999572
A6X5PWN7,7,0,http://www.wikidata.org/entity/Q5598942
A6X5PWN7,7,2,http://www.wikidata.org/entity/Q600367
A6X5PWN7,7,3,http://www.wikidata.org/entity/Q1999572
A6X5PWN7,8,0,http://www.wikidata.org/entity/Q587171
A6X5PWN7,8,2,http://www.wikidata.org/entity/Q564926
A6X5PWN7,8,3,http://www.wikidata.org/entity/Q1999572
A6X5PWN7,9,0,http://www.wikidata.org/entity/Q802719
A6X5PWN7,9,2,http://www.wikidata.org/entity/Q324562
A6X5PWN7,9,3,http://www.wikidata.org/entity/Q1999572
A6X5PWN7,10,0,http://www.wikidata.org/entity/Q801885
A6X5PWN7,10,2,http://www.wikidata.org/entity/Q324562
A6X5PWN7,10,3,http://www.wikidata.org/entity/Q1999572
KIM0B4W0,1,0,http://www.wikidata.org/entity/Q162558
KIM0B4W0,1,2,http://www.wikidata.org/entity/Q323670
KIM0B4W0,1,3,http://www.wikidata.org/entity/Q1999572
KIM0B4W0,2,0,http://www.wikidata.org/entity/Q538216
KIM0B4W0,2,2,http://www.wikidata.org/entity/Q320175
KIM0B4W0,2,3,http://www.wikidata.org/entity/Q1999572
KIM0B4W0,3,0,http://www.wikidata.org/entity/Q672271
KIM0B4W0,3,2,http://www.wikidata.org/entity/Q219867
KIM0B4W0,3,3,http://www.wikidata.org/entity/Q1999572
KIM0B4W0,4,0,http://www.wikidata.org/entity/Q1415063
KIM0B4W0,4,2,http://www.wikidata.org/entity/Q214788
KIM0B4W0,4,3,http://www.wikidata.org/entity/Q1999572
55MBU0O9,1,0,http://www.wikidata.org/entity/Q68834743
55MBU0O9,1,1,http://www.wikidata.org/entity/Q16
55MBU0O9,1,2,http://www.wikidata.org/entity/Q3540999
55MBU0O9,1,3,http://www.wikidata.org/entity/Q70452215
55MBU0O9,2,0,http://www.wikidata.org/entity/Q24090188
55MBU0O9,2,1,http://www.wikidata.org/entity/Q408
55MBU0O9,2,2,http://www.wikidata.org/entity/Q36074
55MBU0O9,2,3,http://www.wikidata.org/entity/Q20680290
55MBU0O9,3,0,http://www.wikidata.org/entity/Q17610392
55MBU0O9,3,1,http://www.wikidata.org/entity/Q55
55MBU0O9,3,2,http://www.wikidata.org/entity/Q47104
55MBU0O9,3,3,http://www.wikidata.org/entity/Q916333
55MBU0O9,4,0,http://www.wikidata.org/entity/Q17604085
55MBU0O9,4,1,http://www.wikidata.org/entity/Q55
55MBU0O9,4,2,http://www.wikidata.org/entity/Q9858
55MBU0O9,4,3,http://www.wikidata.org/entity/Q916333
PEJ3Q3MR,1,0,http://www.wikidata.org/entity/Q768333
PEJ3Q3MR,1,1,http://www.wikidata.org/entity/Q134307
PEJ3Q3MR,1,2,http://www.wikidata.org/entity/Q190804
PEJ3Q3MR,1,3,http://www.wikidata.org/entity/Q16986324
PEJ3Q3MR,1,4,http://www.wikidata.org/entity/Q727
PEJ3Q3MR,1,5,http://www.wikidata.org/entity/Q19652
PEJ3Q3MR,2,0,http://www.wikidata.org/entity/Q167605
PEJ3Q3MR,2,1,http://www.wikidata.org/entity/Q1047337
PEJ3Q3MR,2,2,http://www.wikidata.org/entity/Q190804
PEJ3Q3MR,2,3,http://www.wikidata.org/entity/Q16986324
PEJ3Q3MR,2,4,http://www.wikidata.org/entity/Q690
PEJ3Q3MR,2,5,http://www.wikidata.org/entity/Q19652
PEJ3Q3MR,3,0,http://www.wikidata.org/entity/Q19924095
PEJ3Q3MR,3,1,http://www.wikidata.org/entity/Q134307
PEJ3Q3MR,3,2,http://www.wikidata.org/entity/Q160236
PEJ3Q3MR,3,3,http://www.wikidata.org/entity/Q28837176
PEJ3Q3MR,3,4,http://www.wikidata.org/entity/Q100
PEJ3Q3MR,3,5,http://www.wikidata.org/entity/Q19652
PEJ3Q3MR,4,0,http://www.wikidata.org/entity/Q175036
PEJ3Q3MR,4,1,http://www.wikidata.org/entity/Q742333
PEJ3Q3MR,4,2,http://www.wikidata.org/entity/Q460889
PEJ3Q3MR,4,3,http://www.wikidata.org/entity/Q66362718
PEJ3Q3MR,4,4,http://www.wikidata.org/entity/Q90
PEJ3Q3MR,4,5,http://www.wikidata.org/entity/Q50423863
PEJ3Q3MR,5,0,http://www.wikidata.org/entity/Q29530
PEJ3Q3MR,5,1,http://www.wikidata.org/entity/Q742333
PEJ3Q3MR,5,2,http://www.wikidata.org/entity/Q3044768
PEJ3Q3MR,5,3,http://www.wikidata.org/entity/Q66362718
PEJ3Q3MR,5,4,http://www.wikidata.org/entity/Q90
PEJ3Q3MR,5,5,http://www.wikidata.org/entity/Q19652
PEJ3Q3MR,6,0,http://www.wikidata.org/entity/Q1321055
PEJ3Q3MR,6,1,http://www.wikidata.org/entity/Q134307
PEJ3Q3MR,6,2,http://www.wikidata.org/entity/Q160236
PEJ3Q3MR,6,3,http://www.wikidata.org/entity/Q28837176
PEJ3Q3MR,6,4,http://www.wikidata.org/entity/Q90
PEJ3Q3MR,6,5,http://www.wikidata.org/entity/Q19652
PEJ3Q3MR,7,0,http://www.wikidata.org/entity/Q728373
PEJ3Q3MR,7,1,http://www.wikidata.org/entity/Q134307
PEJ3Q3MR,7,2,http://www.wikidata.org/entity/Q160236
PEJ3Q3MR,7,3,http://www.wikidata.org/entity/Q28837176
PEJ3Q3MR,7,4,http://www.wikidata.org/entity/Q90
PEJ3Q3MR,7,5,http://www.wikidata.org/entity/Q19652
PEJ3Q3MR,8,0,http://www.wikidata.org/entity/Q727875
PEJ3Q3MR,8,1,http://www.wikidata.org/entity/Q40446
PEJ3Q3MR,8,2,http://www.wikidata.org/entity/Q16335227
PEJ3Q3MR,8,3,http://www.wikidata.org/entity/Q66362718
PEJ3Q3MR,8,4,http://www.wikidata.org/entity/Q641
PEJ3Q3MR,8,5,http://www.wikidata.org/entity/Q19652
PEJ3Q3MR,9,0,http://www.wikidata.org/entity/Q1751408
PEJ3Q3MR,9,1,http://www.wikidata.org/entity/Q2864737
PEJ3Q3MR,9,2,http://www.wikidata.org/entity/Q338330
PEJ3Q3MR,9,3,http://www.wikidata.org/entity/Q66362718
PEJ3Q3MR,9,4,http://www.wikidata.org/entity/Q641
PEJ3Q3MR,9,5,http://www.wikidata.org/entity/Q19652
PEJ3Q3MR,10,0,http://www.wikidata.org/entity/Q4013804
PEJ3Q3MR,10,1,http://www.wikidata.org/entity/Q134307
PEJ3Q3MR,10,2,http://www.wikidata.org/entity/Q95569
PEJ3Q3MR,10,3,http://www.wikidata.org/entity/Q26709924
PEJ3Q3MR,10,4,http://www.wikidata.org/entity/Q641
PEJ3Q3MR,10,5,http://www.wikidata.org/entity/Q19652
PEJ3Q3MR,11,0,http://www.wikidata.org/entity/Q3863235
PEJ3Q3MR,11,1,http://www.wikidata.org/entity/Q3374376
PEJ3Q3MR,11,2,http://www.wikidata.org/entity/Q16335227
PEJ3Q3MR,11,3,http://www.wikidata.org/entity/Q66362718
PEJ3Q3MR,11,4,http://www.wikidata.org/entity/Q220
PEJ3Q3MR,11,5,http://www.wikidata.org/entity/Q19652
DIP7QWRB,1,0,http://www.wikidata.org/entity/Q60300717
DIP7QWRB,1,2,http://www.wikidata.org/entity/Q692
DIP7QWRB,1,3,http://www.wikidata.org/entity/Q59201967
DIP7QWRB,2,0,http://www.wikidata.org/entity/Q60300087
DIP7QWRB,2,2,http://www.wikidata.org/entity/Q692
DIP7QWRB,2,3,http://www.wikidata.org/entity/Q59201967
DIP7QWRB,3,0,http://www.wikidata.org/entity/Q57503408
DIP7QWRB,3,2,http://www.wikidata.org/entity/Q27996916
DIP7QWRB,3,3,http://www.wikidata.org/entity/Q57503617
DIP7QWRB,4,0,http://www.wikidata.org/entity/Q57313732
DIP7QWRB,4,2,http://www.wikidata.org/entity/Q60229251
DIP7QWRB,4,3,http://www.wikidata.org/entity/Q57313752
DIP7QWRB,5,0,http://www.wikidata.org/entity/Q57509920
DIP7QWRB,5,2,http://www.wikidata.org/entity/Q55593514
DIP7QWRB,5,3,http://www.wikidata.org/entity/Q53952459
DIP7QWRB,6,0,http://www.wikidata.org/entity/Q57506188
DIP7QWRB,6,2,http://www.wikidata.org/entity/Q27996916
DIP7QWRB,6,3,http://www.wikidata.org/entity/Q7861405
DIP7QWRB,7,0,http://www.wikidata.org/entity/Q57233440
DIP7QWRB,7,2,http://www.wikidata.org/entity/Q14949231
DIP7QWRB,7,3,http://www.wikidata.org/entity/Q57081993
DIP7QWRB,8,0,http://www.wikidata.org/entity/Q57073927
DIP7QWRB,8,2,http://www.wikidata.org/entity/Q14949231
DIP7QWRB,8,3,http://www.wikidata.org/entity/Q57081993
DIP7QWRB,9,0,http://www.wikidata.org/entity/Q57021194
DIP7QWRB,9,2,http://www.wikidata.org/entity/Q219533
DIP7QWRB,9,3,http://www.wikidata.org/entity/Q57021611
DIP7QWRB,10,0,http://www.wikidata.org/entity/Q56567957
DIP7QWRB,10,2,http://www.wikidata.org/entity/Q14949231
DIP7QWRB,10,3,http://www.wikidata.org/entity/Q57081993
DIP7QWRB,11,0,http://www.wikidata.org/entity/Q56662583
DIP7QWRB,11,2,http://www.wikidata.org/entity/Q29381202
DIP7QWRB,11,3,http://www.wikidata.org/entity/Q57975216
DIP7QWRB,12,0,http://www.wikidata.org/entity/Q56656820
DIP7QWRB,12,2,http://www.wikidata.org/entity/Q616266
DIP7QWRB,12,3,http://www.wikidata.org/entity/Q29043691
DIP7QWRB,13,0,http://www.wikidata.org/entity/Q55958762
DIP7QWRB,13,2,http://www.wikidata.org/entity/Q155845
DIP7QWRB,13,3,http://www.wikidata.org/entity/Q55958893
DIP7QWRB,14,0,http://www.wikidata.org/entity/Q56268203
DIP7QWRB,14,2,http://www.wikidata.org/entity/Q924992
DIP7QWRB,14,3,http://www.wikidata.org/entity/Q53952575
DIP7QWRB,15,0,http://www.wikidata.org/entity/Q55121571
DIP7QWRB,15,2,http://www.wikidata.org/entity/Q79089251
DIP7QWRB,15,3,http://www.wikidata.org/entity/Q53952575
Y618J56M,1,0,http://www.wikidata.org/entity/Q5041
Y618J56M,1,1,http://www.wikidata.org/entity/Q641
Y618J56M,1,3,http://www.wikidata.org/entity/Q52427
Y618J56M,2,0,http://www.wikidata.org/entity/Q644398
Y618J56M,2,1,http://www.wikidata.org/entity/Q259463
Y618J56M,2,3,http://www.wikidata.org/entity/Q90
Y618J56M,3,0,http://www.wikidata.org/entity/Q540781
Y618J56M,3,1,http://www.wikidata.org/entity/Q194420
Y618J56M,3,3,http://www.wikidata.org/entity/Q90
Y618J56M,4,0,http://www.wikidata.org/entity/Q1526462
Y618J56M,4,1,http://www.wikidata.org/entity/Q163966
Y618J56M,4,3,http://www.wikidata.org/entity/Q2013767
CGNHKFE8,1,0,http://www.wikidata.org/entity/Q3423146
CGNHKFE8,1,2,http://www.wikidata.org/entity/Q2827315
CGNHKFE8,1,3,http://www.wikidata.org/entity/Q3480080
CGNHKFE8,2,0,http://www.wikidata.org/entity/Q3423158
CGNHKFE8,2,2,http://www.wikidata.org/entity/Q2826810
CGNHKFE8,2,3,http://www.wikidata.org/entity/Q3480080
CGNHKFE8,3,0,http://www.wikidata.org/entity/Q3423144
CGNHKFE8,3,2,http://www.wikidata.org/entity/Q2826806
CGNHKFE8,3,3,http://www.wikidata.org/entity/Q3480080
CGNHKFE8,4,0,http://www.wikidata.org/entity/Q34050849
CGNHKFE8,4,2,http://www.wikidata.org/entity/Q2658942
CGNHKFE8,4,3,http://www.wikidata.org/entity/Q3480080
CGNHKFE8,5,0,http://www.wikidata.org/entity/Q34050802
CGNHKFE8,5,2,http://www.wikidata.org/entity/Q2559621
CGNHKFE8,5,3,http://www.wikidata.org/entity/Q3480080
CGNHKFE8,6,0,http://www.wikidata.org/entity/Q3423140
CGNHKFE8,6,2,http://www.wikidata.org/entity/Q2212297
CGNHKFE8,6,3,http://www.wikidata.org/entity/Q3480080
2JRDGMCX,1,0,http://www.wikidata.org/entity/Q34050969
2JRDGMCX,1,2,http://www.wikidata.org/entity/Q2096191
2JRDGMCX,1,3,http://www.wikidata.org/entity/Q3480080
2JRDGMCX,2,0,http://www.wikidata.org/entity/Q34050943
2JRDGMCX,2,2,http://www.wikidata.org/entity/Q2096191
2JRDGMCX,2,3,http://www.wikidata.org/entity/Q3480080
2JRDGMCX,3,0,http://www.wikidata.org/entity/Q27922082
2JRDGMCX,3,2,http://www.wikidata.org/entity/Q2065651
2JRDGMCX,3,3,http://www.wikidata.org/entity/Q3480080
2JRDGMCX,4,0,http://www.wikidata.org/entity/Q34050884
2JRDGMCX,4,2,http://www.wikidata.org/entity/Q2006307
2JRDGMCX,4,3,http://www.wikidata.org/entity/Q3480080
2JRDGMCX,5,0,http://www.wikidata.org/entity/Q15614049
2JRDGMCX,5,2,http://www.wikidata.org/entity/Q1801761
2JRDGMCX,5,3,http://www.wikidata.org/entity/Q3480080
FXMMP7RN,1,0,http://www.wikidata.org/entity/Q538133
FXMMP7RN,1,2,http://www.wikidata.org/entity/Q38108
FXMMP7RN,2,0,http://www.wikidata.org/entity/Q518082
FXMMP7RN,2,2,http://www.wikidata.org/entity/Q38108
FXMMP7RN,3,0,http://www.wikidata.org/entity/Q507054
FXMMP7RN,3,2,http://www.wikidata.org/entity/Q38108
FXMMP7RN,4,0,http://www.wikidata.org/entity/Q389715
FXMMP7RN,4,2,http://www.wikidata.org/entity/Q38108
XS6KFF7N,1,0,http://www.wikidata.org/entity/Q68316399
XS6KFF7N,1,1,http://www.wikidata.org/entity/Q62535993
XS6KFF7N,1,2,http://www.wikidata.org/entity/Q3052382
XS6KFF7N,2,0,http://www.wikidata.org/entity/Q63339918
XS6KFF7N,2,1,http://www.wikidata.org/entity/Q62535993
XS6KFF7N,2,2,http://www.wikidata.org/entity/Q59221146
XS6KFF7N,3,0,http://www.wikidata.org/entity/Q63339847
XS6KFF7N,3,1,http://www.wikidata.org/entity/Q62535993
XS6KFF7N,3,2,http://www.wikidata.org/entity/Q59221146
XS6KFF7N,4,0,http://www.wikidata.org/entity/Q63339707
XS6KFF7N,4,1,http://www.wikidata.org/entity/Q62535993
XS6KFF7N,4,2,http://www.wikidata.org/entity/Q59221146
XS6KFF7N,5,0,http://www.wikidata.org/entity/Q63338189
XS6KFF7N,5,1,http://www.wikidata.org/entity/Q62535993
XS6KFF7N,5,2,http://www.wikidata.org/entity/Q59221146
XS6KFF7N,6,0,http://www.wikidata.org/entity/Q63336878
XS6KFF7N,6,1,http://www.wikidata.org/entity/Q62535993
XS6KFF7N,6,2,http://www.wikidata.org/entity/Q59221146
XS6KFF7N,7,0,http://www.wikidata.org/entity/Q63333946
XS6KFF7N,7,1,http://www.wikidata.org/entity/Q62535993
XS6KFF7N,7,2,http://www.wikidata.org/entity/Q59221146
XS6KFF7N,8,0,http://www.wikidata.org/entity/Q63872065
XS6KFF7N,8,1,http://www.wikidata.org/entity/Q63644951
XS6KFF7N,8,2,http://www.wikidata.org/entity/Q3052382
XS6KFF7N,9,0,http://www.wikidata.org/entity/Q63872034
XS6KFF7N,9,1,http://www.wikidata.org/entity/Q63644951
XS6KFF7N,9,2,http://www.wikidata.org/entity/Q3052382
XS6KFF7N,10,0,http://www.wikidata.org/entity/Q63871963
XS6KFF7N,10,1,http://www.wikidata.org/entity/Q63644951
XS6KFF7N,10,2,http://www.wikidata.org/entity/Q3052382
9QAPVOXG,1,0,http://www.wikidata.org/entity/Q877146
9QAPVOXG,1,1,http://www.wikidata.org/entity/Q597526
9QAPVOXG,1,2,http://www.wikidata.org/entity/Q2942832
9QAPVOXG,1,3,http://www.wikidata.org/entity/Q30900591
9QAPVOXG,2,0,http://www.wikidata.org/entity/Q426937
9QAPVOXG,2,1,http://www.wikidata.org/entity/Q1841
9QAPVOXG,2,2,http://www.wikidata.org/entity/Q2942584
9QAPVOXG,2,3,http://www.wikidata.org/entity/Q55866601
9QAPVOXG,3,0,http://www.wikidata.org/entity/Q708778
9QAPVOXG,3,1,http://www.wikidata.org/entity/Q9592
9QAPVOXG,3,2,http://www.wikidata.org/entity/Q5920
9QAPVOXG,3,3,http://www.wikidata.org/entity/Q28735003
9QAPVOXG,4,0,http://www.wikidata.org/entity/Q250224
9QAPVOXG,4,1,http://www.wikidata.org/entity/Q9592
9QAPVOXG,4,2,http://www.wikidata.org/entity/Q252166
9QAPVOXG,4,3,http://www.wikidata.org/entity/Q15903539
DKGTB54R,1,0,http://www.wikidata.org/entity/Q109188
DKGTB54R,1,2,http://www.wikidata.org/entity/Q56449681
DKGTB54R,2,0,http://www.wikidata.org/entity/Q155557
DKGTB54R,2,2,http://www.wikidata.org/entity/Q56449680
DKGTB54R,3,0,http://www.wikidata.org/entity/Q168376
DKGTB54R,3,2,http://www.wikidata.org/entity/Q56449671
DKGTB54R,4,0,http://www.wikidata.org/entity/Q171612
DKGTB54R,4,2,http://www.wikidata.org/entity/Q56449668
DKGTB54R,5,0,http://www.wikidata.org/entity/Q28301
DKGTB54R,5,2,http://www.wikidata.org/entity/Q56449666
DKGTB54R,6,0,http://www.wikidata.org/entity/Q176891
DKGTB54R,6,2,http://www.wikidata.org/entity/Q56449663
DKGTB54R,7,0,http://www.wikidata.org/entity/Q193016
DKGTB54R,7,2,http://www.wikidata.org/entity/Q56449658
DKGTB54R,8,0,http://www.wikidata.org/entity/Q194332
DKGTB54R,8,2,http://www.wikidata.org/entity/Q56449654
DKGTB54R,9,0,http://www.wikidata.org/entity/Q81882
DKGTB54R,9,2,http://www.wikidata.org/entity/Q56449653
DKGTB54R,10,0,http://www.wikidata.org/entity/Q192181
DKGTB54R,10,2,http://www.wikidata.org/entity/Q56449652
DKGTB54R,11,0,http://www.wikidata.org/entity/Q180215
DKGTB54R,11,2,http://www.wikidata.org/entity/Q56449649
DKGTB54R,12,0,http://www.wikidata.org/entity/Q132997
DKGTB54R,12,2,http://www.wikidata.org/entity/Q56449648
DKGTB54R,13,0,http://www.wikidata.org/entity/Q110017
DKGTB54R,13,2,http://www.wikidata.org/entity/Q56449647
DKGTB54R,14,0,http://www.wikidata.org/entity/Q178725
DKGTB54R,14,2,http://www.wikidata.org/entity/Q56449640
DKGTB54R,15,0,http://www.wikidata.org/entity/Q172512
DKGTB54R,15,2,http://www.wikidata.org/entity/Q56449638
5KKECA6T,1,0,http://www.wikidata.org/entity/Q1591470
5KKECA6T,1,1,http://www.wikidata.org/entity/Q382887
5KKECA6T,1,2,http://www.wikidata.org/entity/Q1328562
5KKECA6T,1,3,http://www.wikidata.org/entity/Q7892254
5KKECA6T,2,0,http://www.wikidata.org/entity/Q2287650
5KKECA6T,2,1,http://www.wikidata.org/entity/Q17578116
5KKECA6T,2,2,http://www.wikidata.org/entity/Q608427
5KKECA6T,2,3,http://www.wikidata.org/entity/Q7889756
5KKECA6T,3,0,http://www.wikidata.org/entity/Q2419581
5KKECA6T,3,1,http://www.wikidata.org/entity/Q10433493
5KKECA6T,3,2,http://www.wikidata.org/entity/Q811595
5KKECA6T,3,3,http://www.wikidata.org/entity/Q7889753
5KKECA6T,4,0,http://www.wikidata.org/entity/Q642859
5KKECA6T,4,1,http://www.wikidata.org/entity/Q17578116
5KKECA6T,4,2,http://www.wikidata.org/entity/Q11231
5KKECA6T,4,3,http://www.wikidata.org/entity/Q7889752
5KKECA6T,5,0,http://www.wikidata.org/entity/Q967762
5KKECA6T,5,1,http://www.wikidata.org/entity/Q4018482
5KKECA6T,5,2,http://www.wikidata.org/entity/Q861556
5KKECA6T,5,3,http://www.wikidata.org/entity/Q7889750
5KKECA6T,6,0,http://www.wikidata.org/entity/Q2003296
5KKECA6T,6,1,http://www.wikidata.org/entity/Q4115952
5KKECA6T,6,2,http://www.wikidata.org/entity/Q503577
5KKECA6T,6,3,http://www.wikidata.org/entity/Q7889749
5KKECA6T,7,0,http://www.wikidata.org/entity/Q1029955
5KKECA6T,7,1,http://www.wikidata.org/entity/Q10540834
5KKECA6T,7,2,http://www.wikidata.org/entity/Q501542
5KKECA6T,7,3,http://www.wikidata.org/entity/Q7889748
5KKECA6T,8,0,http://www.wikidata.org/entity/Q2747647
5KKECA6T,8,1,http://www.wikidata.org/entity/Q14214
5KKECA6T,8,2,http://www.wikidata.org/entity/Q1143261
5KKECA6T,8,3,http://www.wikidata.org/entity/Q6866379
5KKECA6T,9,0,http://www.wikidata.org/entity/Q2484309
5KKECA6T,9,1,http://www.wikidata.org/entity/Q14214
5KKECA6T,9,2,http://www.wikidata.org/entity/Q763388
5KKECA6T,9,3,http://www.wikidata.org/entity/Q6866360
5KKECA6T,10,0,http://www.wikidata.org/entity/Q7241377
5KKECA6T,10,1,http://www.wikidata.org/entity/Q13554447
5KKECA6T,10,2,http://www.wikidata.org/entity/Q1122261
5KKECA6T,10,3,http://www.wikidata.org/entity/Q5261062
5KKECA6T,11,0,http://www.wikidata.org/entity/Q27656
5KKECA6T,11,1,http://www.wikidata.org/entity/Q599151
5KKECA6T,11,2,http://www.wikidata.org/entity/Q37230
5KKECA6T,11,3,http://www.wikidata.org/entity/Q5261025
5KKECA6T,12,0,http://www.wikidata.org/entity/Q4993011
5KKECA6T,12,1,http://www.wikidata.org/entity/Q683462
5KKECA6T,12,2,http://www.wikidata.org/entity/Q1139213
5KKECA6T,12,3,http://www.wikidata.org/entity/Q5261023
5KKECA6T,13,0,http://www.wikidata.org/entity/Q274948
5KKECA6T,13,1,http://www.wikidata.org/entity/Q14212
5KKECA6T,13,2,http://www.wikidata.org/entity/Q529012
5KKECA6T,13,3,http://www.wikidata.org/entity/Q4676862
JUAXNP3D,1,0,http://www.wikidata.org/entity/Q17395332
JUAXNP3D,1,1,http://www.wikidata.org/entity/Q19554023
JUAXNP3D,1,2,http://www.wikidata.org/entity/Q55
JUAXNP3D,1,3,http://www.wikidata.org/entity/Q58931
JUAXNP3D,2,0,http://www.wikidata.org/entity/Q18660147
JUAXNP3D,2,1,http://www.wikidata.org/entity/Q66722344
JUAXNP3D,2,2,http://www.wikidata.org/entity/Q33
JUAXNP3D,2,3,http://www.wikidata.org/entity/Q47048
JUAXNP3D,3,0,http://www.wikidata.org/entity/Q61710295
JUAXNP3D,3,1,http://www.wikidata.org/entity/Q43386648
JUAXNP3D,3,2,http://www.wikidata.org/entity/Q213
JUAXNP3D,3,3,http://www.wikidata.org/entity/Q1085
JUAXNP3D,4,0,http://www.wikidata.org/entity/Q64034555
JUAXNP3D,4,1,http://www.wikidata.org/entity/Q3447710
JUAXNP3D,4,2,http://www.wikidata.org/entity/Q16
JUAXNP3D,4,3,http://www.wikidata.org/entity/Q340
5P20S57Y,1,0,http://www.wikidata.org/entity/Q21108654
5P20S57Y,1,1,http://www.wikidata.org/entity/Q21108653
5P20S57Y,1,2,http://www.wikidata.org/entity/Q79899
5P20S57Y,1,3,http://www.wikidata.org/entity/Q42897168
5P20S57Y,2,0,http://www.wikidata.org/entity/Q21109268
5P20S57Y,2,1,http://www.wikidata.org/entity/Q21121730
5P20S57Y,2,2,http://www.wikidata.org/entity/Q79927
5P20S57Y,2,3,http://www.wikidata.org/entity/Q22326356
5P20S57Y,3,0,http://www.wikidata.org/entity/Q21109704
5P20S57Y,3,1,http://www.wikidata.org/entity/Q1626856
5P20S57Y,3,2,http://www.wikidata.org/entity/Q14817956
5P20S57Y,3,3,http://www.wikidata.org/entity/Q22325266
5P20S57Y,4,0,http://www.wikidata.org/entity/Q21114410
5P20S57Y,4,1,http://www.wikidata.org/entity/Q12821248
5P20S57Y,4,2,http://www.wikidata.org/entity/Q21106667
5P20S57Y,4,3,http://www.wikidata.org/entity/Q14645640
5P20S57Y,5,0,http://www.wikidata.org/entity/Q22327498
5P20S57Y,5,1,http://www.wikidata.org/entity/Q14911788
5P20S57Y,5,2,http://www.wikidata.org/entity/Q22327475
5P20S57Y,5,3,http://www.wikidata.org/entity/Q70551253
5P20S57Y,6,0,http://www.wikidata.org/entity/Q22327353
5P20S57Y,6,1,http://www.wikidata.org/entity/Q14877465
5P20S57Y,6,2,http://www.wikidata.org/entity/Q14859540
5P20S57Y,6,3,http://www.wikidata.org/entity/Q21158538
5P20S57Y,7,0,http://www.wikidata.org/entity/Q4886486
5P20S57Y,7,1,http://www.wikidata.org/entity/Q29548
5P20S57Y,7,2,http://www.wikidata.org/entity/Q12047128
5P20S57Y,7,3,http://www.wikidata.org/entity/Q22329407
5P20S57Y,8,0,http://www.wikidata.org/entity/Q7846262
5P20S57Y,8,1,http://www.wikidata.org/entity/Q4383200
5P20S57Y,8,2,http://www.wikidata.org/entity/Q14865270
5P20S57Y,8,3,http://www.wikidata.org/entity/Q22325163
KOIOT2T6,1,0,http://www.wikidata.org/entity/Q43335758
KOIOT2T6,1,1,http://www.wikidata.org/entity/Q13469
KOIOT2T6,1,2,http://www.wikidata.org/entity/Q11453
KOIOT2T6,1,3,http://www.wikidata.org/entity/Q911379
KOIOT2T6,2,0,http://www.wikidata.org/entity/Q18007107
KOIOT2T6,2,1,http://www.wikidata.org/entity/Q12659
KOIOT2T6,2,2,http://www.wikidata.org/entity/Q7892
KOIOT2T6,2,3,http://www.wikidata.org/entity/Q911379
KOIOT2T6,3,0,http://www.wikidata.org/entity/Q11940044
KOIOT2T6,3,1,http://www.wikidata.org/entity/Q985682
KOIOT2T6,3,2,http://www.wikidata.org/entity/Q7892
KOIOT2T6,3,3,http://www.wikidata.org/entity/Q911379
KOIOT2T6,4,0,http://www.wikidata.org/entity/Q1542454
KOIOT2T6,4,1,http://www.wikidata.org/entity/Q207635
KOIOT2T6,4,2,http://www.wikidata.org/entity/Q80638
KOIOT2T6,4,3,http://www.wikidata.org/entity/Q911379
UGIC4B28,1,0,http://www.wikidata.org/entity/Q43399731
UGIC4B28,1,1,http://www.wikidata.org/entity/Q5793719
UGIC4B28,2,0,http://www.wikidata.org/entity/Q43099968
UGIC4B28,2,1,http://www.wikidata.org/entity/Q5793715
UGIC4B28,3,0,http://www.wikidata.org/entity/Q43544170
UGIC4B28,3,1,http://www.wikidata.org/entity/Q14311
UGIC4B28,4,0,http://www.wikidata.org/entity/Q12514
UGIC4B28,4,1,http://www.wikidata.org/entity/Q15758768
21PUHKVM,1,0,http://www.wikidata.org/entity/Q5767687
21PUHKVM,1,2,http://www.wikidata.org/entity/Q35
21PUHKVM,2,0,http://www.wikidata.org/entity/Q2166040
21PUHKVM,2,2,http://www.wikidata.org/entity/Q35
21PUHKVM,3,0,http://www.wikidata.org/entity/Q2025017
21PUHKVM,3,2,http://www.wikidata.org/entity/Q35
21PUHKVM,4,0,http://www.wikidata.org/entity/Q1567622
21PUHKVM,4,2,http://www.wikidata.org/entity/Q35
21PUHKVM,5,0,http://www.wikidata.org/entity/Q586586
21PUHKVM,5,2,http://www.wikidata.org/entity/Q35
21PUHKVM,6,0,http://www.wikidata.org/entity/Q6843979
21PUHKVM,6,2,http://www.wikidata.org/entity/Q34
21PUHKVM,7,0,http://www.wikidata.org/entity/Q4803847
21PUHKVM,7,2,http://www.wikidata.org/entity/Q34
21PUHKVM,8,0,http://www.wikidata.org/entity/Q2370591
21PUHKVM,8,2,http://www.wikidata.org/entity/Q34
21PUHKVM,9,0,http://www.wikidata.org/entity/Q1857538
21PUHKVM,9,2,http://www.wikidata.org/entity/Q34
21PUHKVM,10,0,http://www.wikidata.org/entity/Q1785545
21PUHKVM,10,2,http://www.wikidata.org/entity/Q34
21PUHKVM,11,0,http://www.wikidata.org/entity/Q1779104
21PUHKVM,11,2,http://www.wikidata.org/entity/Q34
RVAC457T,1,0,http://www.wikidata.org/entity/Q1857538
RVAC457T,1,1,http://www.wikidata.org/entity/Q104746
RVAC457T,1,2,http://www.wikidata.org/entity/Q28477694
RVAC457T,1,3,http://www.wikidata.org/entity/Q271286
RVAC457T,2,0,http://www.wikidata.org/entity/Q473857
RVAC457T,2,1,http://www.wikidata.org/entity/Q103699
RVAC457T,2,2,http://www.wikidata.org/entity/Q46131245
RVAC457T,2,3,http://www.wikidata.org/entity/Q149448
RVAC457T,3,0,http://www.wikidata.org/entity/Q1779104
RVAC457T,3,1,http://www.wikidata.org/entity/Q103732
RVAC457T,3,2,http://www.wikidata.org/entity/Q10726520
RVAC457T,3,3,http://www.wikidata.org/entity/Q10726520
RVAC457T,4,0,http://www.wikidata.org/entity/Q5004924
RVAC457T,4,1,http://www.wikidata.org/entity/Q301259
RVAC457T,4,2,http://www.wikidata.org/entity/Q10438494
RVAC457T,4,3,http://www.wikidata.org/entity/Q10438494
EYOOORZ0,1,0,http://www.wikidata.org/entity/Q3558783
EYOOORZ0,1,3,http://www.wikidata.org/entity/Q790581
EYOOORZ0,1,4,http://www.wikidata.org/entity/Q194420
EYOOORZ0,2,0,http://www.wikidata.org/entity/Q3558785
EYOOORZ0,2,3,http://www.wikidata.org/entity/Q3451803
EYOOORZ0,2,4,http://www.wikidata.org/entity/Q191066
EYOOORZ0,3,0,http://www.wikidata.org/entity/Q3558746
EYOOORZ0,3,3,http://www.wikidata.org/entity/Q3450026
EYOOORZ0,3,4,http://www.wikidata.org/entity/Q191066
EYOOORZ0,4,0,http://www.wikidata.org/entity/Q3558729
EYOOORZ0,4,3,http://www.wikidata.org/entity/Q3449851
EYOOORZ0,4,4,http://www.wikidata.org/entity/Q191066
EYOOORZ0,5,0,http://www.wikidata.org/entity/Q3558718
EYOOORZ0,5,3,http://www.wikidata.org/entity/Q3449744
EYOOORZ0,5,4,http://www.wikidata.org/entity/Q191066
W97LHGN0,1,0,http://www.wikidata.org/entity/Q28
W97LHGN0,1,2,http://www.wikidata.org/entity/Q8252739
W97LHGN0,1,3,http://www.wikidata.org/entity/Q7112290
W97LHGN0,1,4,http://www.wikidata.org/entity/Q181902
W97LHGN0,1,5,http://www.wikidata.org/entity/Q259307
W97LHGN0,1,7,http://www.wikidata.org/entity/Q923292
W97LHGN0,2,0,http://www.wikidata.org/entity/Q17
W97LHGN0,2,2,http://www.wikidata.org/entity/Q6585753
W97LHGN0,2,3,http://www.wikidata.org/entity/Q7112310
W97LHGN0,2,4,http://www.wikidata.org/entity/Q171178
W97LHGN0,2,5,http://www.wikidata.org/entity/Q14906468
W97LHGN0,2,7,http://www.wikidata.org/entity/Q1142255
W97LHGN0,3,0,http://www.wikidata.org/entity/Q31
W97LHGN0,3,2,http://www.wikidata.org/entity/Q3247091
W97LHGN0,3,3,http://www.wikidata.org/entity/Q7112200
W97LHGN0,3,4,http://www.wikidata.org/entity/Q223933
W97LHGN0,3,5,http://www.wikidata.org/entity/Q594406
W97LHGN0,3,7,http://www.wikidata.org/entity/Q1230309
W97LHGN0,4,0,http://www.wikidata.org/entity/Q30
W97LHGN0,4,2,http://www.wikidata.org/entity/Q5365167
W97LHGN0,4,3,http://www.wikidata.org/entity/Q7112786
W97LHGN0,4,4,http://www.wikidata.org/entity/Q18121212
W97LHGN0,4,5,http://www.wikidata.org/entity/Q2225315
W97LHGN0,4,7,http://www.wikidata.org/entity/Q11201
N44KC173,1,0,http://www.wikidata.org/entity/Q2216073
N44KC173,1,2,http://www.wikidata.org/entity/Q217138
N44KC173,1,3,http://www.wikidata.org/entity/Q2956095
N44KC173,1,4,http://www.wikidata.org/entity/Q804
N44KC173,2,0,http://www.wikidata.org/entity/Q2217049
N44KC173,2,2,http://www.wikidata.org/entity/Q911278
N44KC173,2,3,http://www.wikidata.org/entity/Q2712890
N44KC173,2,4,http://www.wikidata.org/entity/Q804
N44KC173,3,0,http://www.wikidata.org/entity/Q2216989
N44KC173,3,2,http://www.wikidata.org/entity/Q739651
N44KC173,3,3,http://www.wikidata.org/entity/Q2561922
N44KC173,3,4,http://www.wikidata.org/entity/Q804
N44KC173,4,0,http://www.wikidata.org/entity/Q1014642
N44KC173,4,2,http://www.wikidata.org/entity/Q739651
N44KC173,4,3,http://www.wikidata.org/entity/Q2530331
N44KC173,4,4,http://www.wikidata.org/entity/Q804
N44KC173,5,0,http://www.wikidata.org/entity/Q2215925
N44KC173,5,2,http://www.wikidata.org/entity/Q557506
N44KC173,5,3,http://www.wikidata.org/entity/Q2335123
N44KC173,5,4,http://www.wikidata.org/entity/Q804
N44KC173,6,0,http://www.wikidata.org/entity/Q2216393
N44KC173,6,2,http://www.wikidata.org/entity/Q911278
N44KC173,6,3,http://www.wikidata.org/entity/Q2132852
N44KC173,6,4,http://www.wikidata.org/entity/Q804
N44KC173,7,0,http://www.wikidata.org/entity/Q2217039
N44KC173,7,2,http://www.wikidata.org/entity/Q842886
N44KC173,7,3,http://www.wikidata.org/entity/Q2064060
N44KC173,7,4,http://www.wikidata.org/entity/Q804
N44KC173,8,0,http://www.wikidata.org/entity/Q2216607
N44KC173,8,2,http://www.wikidata.org/entity/Q842886
N44KC173,8,3,http://www.wikidata.org/entity/Q1954918
N44KC173,8,4,http://www.wikidata.org/entity/Q804
JAERC3D5,1,0,http://www.wikidata.org/entity/Q21402069
JAERC3D5,1,1,http://www.wikidata.org/entity/Q39109
JAERC3D5,1,2,http://www.wikidata.org/entity/Q155
JAERC3D5,1,3,http://www.wikidata.org/entity/Q39109
JAERC3D5,2,0,http://www.wikidata.org/entity/Q20819188
JAERC3D5,2,1,http://www.wikidata.org/entity/Q1261
JAERC3D5,2,2,http://www.wikidata.org/entity/Q30
JAERC3D5,2,3,http://www.wikidata.org/entity/Q1261
JAERC3D5,3,0,http://www.wikidata.org/entity/Q1129089
JAERC3D5,3,1,http://www.wikidata.org/entity/Q100
JAERC3D5,3,2,http://www.wikidata.org/entity/Q30
JAERC3D5,3,3,http://www.wikidata.org/entity/Q100
JAERC3D5,4,0,http://www.wikidata.org/entity/Q42335672
JAERC3D5,4,1,http://www.wikidata.org/entity/Q633371
JAERC3D5,4,2,http://www.wikidata.org/entity/Q33
JAERC3D5,4,3,http://www.wikidata.org/entity/Q8095839
W2O14NBL,1,0,http://www.wikidata.org/entity/Q16159053
W2O14NBL,1,1,http://www.wikidata.org/entity/Q3383057
W2O14NBL,1,2,http://www.wikidata.org/entity/Q1865480
W2O14NBL,1,3,http://www.wikidata.org/entity/Q22731
W2O14NBL,2,0,http://www.wikidata.org/entity/Q20827939
W2O14NBL,2,1,http://www.wikidata.org/entity/Q20827944
W2O14NBL,2,2,http://www.wikidata.org/entity/Q71
W2O14NBL,2,3,http://www.wikidata.org/entity/Q753
W2O14NBL,3,0,http://www.wikidata.org/entity/Q18782611
W2O14NBL,3,1,http://www.wikidata.org/entity/Q223274
W2O14NBL,3,2,http://www.wikidata.org/entity/Q3954
W2O14NBL,3,3,http://www.wikidata.org/entity/Q287
W2O14NBL,4,0,http://www.wikidata.org/entity/Q29383572
W2O14NBL,4,1,http://www.wikidata.org/entity/Q2979538
W2O14NBL,4,2,http://www.wikidata.org/entity/Q172549
W2O14NBL,4,3,http://www.wikidata.org/entity/Q60424
OHLF4M7U,1,0,http://www.wikidata.org/entity/Q10532064
OHLF4M7U,1,1,http://www.wikidata.org/entity/Q10532065
OHLF4M7U,1,3,http://www.wikidata.org/entity/Q34
OHLF4M7U,2,0,http://www.wikidata.org/entity/Q10548508
OHLF4M7U,2,1,http://www.wikidata.org/entity/Q10510282
OHLF4M7U,2,3,http://www.wikidata.org/entity/Q34
OHLF4M7U,3,0,http://www.wikidata.org/entity/Q10430491
OHLF4M7U,3,1,http://www.wikidata.org/entity/Q10712664
OHLF4M7U,3,3,http://www.wikidata.org/entity/Q34
OHLF4M7U,4,0,http://www.wikidata.org/entity/Q10419778
OHLF4M7U,4,1,http://www.wikidata.org/entity/Q10682776
OHLF4M7U,4,3,http://www.wikidata.org/entity/Q34
OHLF4M7U,5,0,http://www.wikidata.org/entity/Q10431980
OHLF4M7U,5,1,http://www.wikidata.org/entity/Q10658733
OHLF4M7U,5,3,http://www.wikidata.org/entity/Q34
OHLF4M7U,6,0,http://www.wikidata.org/entity/Q10434050
OHLF4M7U,6,1,http://www.wikidata.org/entity/Q10480537
OHLF4M7U,6,3,http://www.wikidata.org/entity/Q34
OHLF4M7U,7,0,http://www.wikidata.org/entity/Q10437984
OHLF4M7U,7,1,http://www.wikidata.org/entity/Q10437985
OHLF4M7U,7,3,http://www.wikidata.org/entity/Q34
OHLF4M7U,8,0,http://www.wikidata.org/entity/Q10431280
OHLF4M7U,8,1,http://www.wikidata.org/entity/Q10431281
OHLF4M7U,8,3,http://www.wikidata.org/entity/Q34
OHLF4M7U,9,0,http://www.wikidata.org/entity/Q10426242
OHLF4M7U,9,1,http://www.wikidata.org/entity/Q10426249
OHLF4M7U,9,3,http://www.wikidata.org/entity/Q34
OHLF4M7U,10,0,http://www.wikidata.org/entity/Q10418982
OHLF4M7U,10,1,http://www.wikidata.org/entity/Q10418987
OHLF4M7U,10,3,http://www.wikidata.org/entity/Q34
OHLF4M7U,11,0,http://www.wikidata.org/entity/Q10418986
OHLF4M7U,11,1,http://www.wikidata.org/entity/Q10418982
OHLF4M7U,11,3,http://www.wikidata.org/entity/Q34
OHLF4M7U,12,0,http://www.wikidata.org/entity/Q10405129
OHLF4M7U,12,1,http://www.wikidata.org/entity/Q10405130
OHLF4M7U,12,3,http://www.wikidata.org/entity/Q34
OHLF4M7U,13,0,http://www.wikidata.org/entity/Q7872553
OHLF4M7U,13,1,http://www.wikidata.org/entity/Q7879261
OHLF4M7U,13,3,http://www.wikidata.org/entity/Q34
OHLF4M7U,14,0,http://www.wikidata.org/entity/Q10716631
OHLF4M7U,14,1,http://www.wikidata.org/entity/Q10716632
OHLF4M7U,14,3,http://www.wikidata.org/entity/Q34
3BMNF1ON,1,0,http://www.wikidata.org/entity/Q56877217
3BMNF1ON,1,1,http://www.wikidata.org/entity/Q926191
3BMNF1ON,1,2,http://www.wikidata.org/entity/Q58955516
3BMNF1ON,1,4,http://www.wikidata.org/entity/Q57614485
3BMNF1ON,1,5,http://www.wikidata.org/entity/Q463831
3BMNF1ON,1,6,http://www.wikidata.org/entity/Q56876771
3BMNF1ON,2,0,http://www.wikidata.org/entity/Q56757367
3BMNF1ON,2,1,http://www.wikidata.org/entity/Q926191
3BMNF1ON,2,2,http://www.wikidata.org/entity/Q58954843
3BMNF1ON,2,4,http://www.wikidata.org/entity/Q57614485
3BMNF1ON,2,5,http://www.wikidata.org/entity/Q2393123
3BMNF1ON,2,6,http://www.wikidata.org/entity/Q56751326
3BMNF1ON,3,0,http://www.wikidata.org/entity/Q56692391
3BMNF1ON,3,1,http://www.wikidata.org/entity/Q926191
3BMNF1ON,3,2,http://www.wikidata.org/entity/Q58954843
3BMNF1ON,3,4,http://www.wikidata.org/entity/Q57614485
3BMNF1ON,3,5,http://www.wikidata.org/entity/Q7652502
3BMNF1ON,3,6,http://www.wikidata.org/entity/Q56692306
3BMNF1ON,4,0,http://www.wikidata.org/entity/Q56695194
3BMNF1ON,4,1,http://www.wikidata.org/entity/Q926191
3BMNF1ON,4,2,http://www.wikidata.org/entity/Q58954843
3BMNF1ON,4,4,http://www.wikidata.org/entity/Q57614485
3BMNF1ON,4,5,http://www.wikidata.org/entity/Q463831
3BMNF1ON,4,6,http://www.wikidata.org/entity/Q56678258
3BMNF1ON,5,0,http://www.wikidata.org/entity/Q56612863
3BMNF1ON,5,1,http://www.wikidata.org/entity/Q926191
3BMNF1ON,5,2,http://www.wikidata.org/entity/Q58954843
3BMNF1ON,5,4,http://www.wikidata.org/entity/Q57614485
3BMNF1ON,5,5,http://www.wikidata.org/entity/Q1936591
3BMNF1ON,5,6,http://www.wikidata.org/entity/Q56612133
3BMNF1ON,6,0,http://www.wikidata.org/entity/Q56612539
3BMNF1ON,6,1,http://www.wikidata.org/entity/Q926191
3BMNF1ON,6,2,http://www.wikidata.org/entity/Q58955516
3BMNF1ON,6,4,http://www.wikidata.org/entity/Q57614485
3BMNF1ON,6,5,http://www.wikidata.org/entity/Q5642359
3BMNF1ON,6,6,http://www.wikidata.org/entity/Q56605737
ABNJXTSI,1,0,http://www.wikidata.org/entity/Q48941818
ABNJXTSI,1,1,http://www.wikidata.org/entity/Q15180
ABNJXTSI,1,2,http://www.wikidata.org/entity/Q4030675
ABNJXTSI,2,0,http://www.wikidata.org/entity/Q19906902
ABNJXTSI,2,1,http://www.wikidata.org/entity/Q15180
ABNJXTSI,2,2,http://www.wikidata.org/entity/Q4028925
ABNJXTSI,3,0,http://www.wikidata.org/entity/Q4028331
ABNJXTSI,3,1,http://www.wikidata.org/entity/Q15180
ABNJXTSI,3,2,http://www.wikidata.org/entity/Q16160326
ABNJXTSI,4,0,http://www.wikidata.org/entity/Q4028751
ABNJXTSI,4,1,http://www.wikidata.org/entity/Q15180
ABNJXTSI,4,2,http://www.wikidata.org/entity/Q4029158
BACOQ7IB,1,0,http://www.wikidata.org/entity/Q4561532
BACOQ7IB,1,2,http://www.wikidata.org/entity/Q18711
BACOQ7IB,1,3,http://www.wikidata.org/entity/Q2736
BACOQ7IB,2,0,http://www.wikidata.org/entity/Q4560837
BACOQ7IB,2,2,http://www.wikidata.org/entity/Q18711
BACOQ7IB,2,3,http://www.wikidata.org/entity/Q2736
BACOQ7IB,3,0,http://www.wikidata.org/entity/Q4558369
BACOQ7IB,3,2,http://www.wikidata.org/entity/Q18711
BACOQ7IB,3,3,http://www.wikidata.org/entity/Q2736
BACOQ7IB,4,0,http://www.wikidata.org/entity/Q4556928
BACOQ7IB,4,2,http://www.wikidata.org/entity/Q18711
BACOQ7IB,4,3,http://www.wikidata.org/entity/Q2736
BACOQ7IB,5,0,http://www.wikidata.org/entity/Q4556623
BACOQ7IB,5,2,http://www.wikidata.org/entity/Q18711
BACOQ7IB,5,3,http://www.wikidata.org/entity/Q2736
BACOQ7IB,6,0,http://www.wikidata.org/entity/Q4556209
BACOQ7IB,6,2,http://www.wikidata.org/entity/Q18711
BACOQ7IB,6,3,http://www.wikidata.org/entity/Q2736
BACOQ7IB,7,0,http://www.wikidata.org/entity/Q4561716
BACOQ7IB,7,2,http://www.wikidata.org/entity/Q18662
BACOQ7IB,7,3,http://www.wikidata.org/entity/Q2736
BACOQ7IB,8,0,http://www.wikidata.org/entity/Q4484528
BACOQ7IB,8,2,http://www.wikidata.org/entity/Q18656
BACOQ7IB,8,3,http://www.wikidata.org/entity/Q2736
BACOQ7IB,9,0,http://www.wikidata.org/entity/Q4484524
BACOQ7IB,9,2,http://www.wikidata.org/entity/Q18656
BACOQ7IB,9,3,http://www.wikidata.org/entity/Q2736
WX4EFAZT,1,0,http://www.wikidata.org/entity/Q1415494
WX4EFAZT,1,1,http://www.wikidata.org/entity/Q4484495
WX4EFAZT,1,2,http://www.wikidata.org/entity/Q977680
WX4EFAZT,1,3,http://www.wikidata.org/entity/Q262861
WX4EFAZT,2,0,http://www.wikidata.org/entity/Q2045615
WX4EFAZT,2,1,http://www.wikidata.org/entity/Q4484494
WX4EFAZT,2,2,http://www.wikidata.org/entity/Q3072401
WX4EFAZT,2,3,http://www.wikidata.org/entity/Q219350
WX4EFAZT,3,0,http://www.wikidata.org/entity/Q738766
WX4EFAZT,3,1,http://www.wikidata.org/entity/Q4484526
WX4EFAZT,3,2,http://www.wikidata.org/entity/Q4484524
WX4EFAZT,3,3,http://www.wikidata.org/entity/Q193348
WX4EFAZT,4,0,http://www.wikidata.org/entity/Q777237
WX4EFAZT,4,1,http://www.wikidata.org/entity/Q4484500
WX4EFAZT,4,2,http://www.wikidata.org/entity/Q10858419
WX4EFAZT,4,3,http://www.wikidata.org/entity/Q178312
WX4EFAZT,5,0,http://www.wikidata.org/entity/Q1083726
WX4EFAZT,5,1,http://www.wikidata.org/entity/Q2665418
WX4EFAZT,5,2,http://www.wikidata.org/entity/Q2349402
WX4EFAZT,5,3,http://www.wikidata.org/entity/Q41533
WX4EFAZT,6,0,http://www.wikidata.org/entity/Q2661161
WX4EFAZT,6,1,http://www.wikidata.org/entity/Q2584412
WX4EFAZT,6,2,http://www.wikidata.org/entity/Q2616571
WX4EFAZT,6,3,http://www.wikidata.org/entity/Q11571
WX4EFAZT,7,0,http://www.wikidata.org/entity/Q3110441
WX4EFAZT,7,1,http://www.wikidata.org/entity/Q648465
WX4EFAZT,7,2,http://www.wikidata.org/entity/Q604772
WX4EFAZT,7,3,http://www.wikidata.org/entity/Q10560
WX4EFAZT,8,0,http://www.wikidata.org/entity/Q4555930
WX4EFAZT,8,1,http://www.wikidata.org/entity/Q4556000
WX4EFAZT,8,2,http://www.wikidata.org/entity/Q4555872
WX4EFAZT,8,3,http://www.wikidata.org/entity/Q10514118
WX4EFAZT,9,0,http://www.wikidata.org/entity/Q4484507
WX4EFAZT,9,1,http://www.wikidata.org/entity/Q4484508
WX4EFAZT,9,2,http://www.wikidata.org/entity/Q10858420
WX4EFAZT,9,3,http://www.wikidata.org/entity/Q10377534
WX4EFAZT,10,0,http://www.wikidata.org/entity/Q4484509
WX4EFAZT,10,1,http://www.wikidata.org/entity/Q4484510
WX4EFAZT,10,2,http://www.wikidata.org/entity/Q4484508
WX4EFAZT,10,3,http://www.wikidata.org/entity/Q7358747
WX4EFAZT,11,0,http://www.wikidata.org/entity/Q4555872
WX4EFAZT,11,1,http://www.wikidata.org/entity/Q4555930
WX4EFAZT,11,2,http://www.wikidata.org/entity/Q4555813
WX4EFAZT,11,3,http://www.wikidata.org/entity/Q7308800
NDQ384DT,1,0,http://www.wikidata.org/entity/Q9531
NDQ384DT,1,1,http://www.wikidata.org/entity/Q15078788
NDQ384DT,1,3,http://www.wikidata.org/entity/Q145
NDQ384DT,2,0,http://www.wikidata.org/entity/Q38076
NDQ384DT,2,1,http://www.wikidata.org/entity/Q81799
NDQ384DT,2,3,http://www.wikidata.org/entity/Q30
NDQ384DT,3,0,http://www.wikidata.org/entity/Q181642
NDQ384DT,3,1,http://www.wikidata.org/entity/Q43193
NDQ384DT,3,3,http://www.wikidata.org/entity/Q17
NDQ384DT,4,0,http://www.wikidata.org/entity/Q9401
NDQ384DT,4,1,http://www.wikidata.org/entity/Q11474
NDQ384DT,4,3,http://www.wikidata.org/entity/Q183
NDQ384DT,5,0,http://www.wikidata.org/entity/Q3088115
NDQ384DT,5,1,http://www.wikidata.org/entity/Q570
NDQ384DT,5,3,http://www.wikidata.org/entity/Q33
NDQ384DT,6,0,http://www.wikidata.org/entity/Q20711314
NDQ384DT,6,1,http://www.wikidata.org/entity/Q11460
NDQ384DT,6,3,http://www.wikidata.org/entity/Q30
NDQ384DT,7,0,http://www.wikidata.org/entity/Q75810184
NDQ384DT,7,1,http://www.wikidata.org/entity/Q856
NDQ384DT,7,3,http://www.wikidata.org/entity/Q183
NDQ384DT,8,0,http://www.wikidata.org/entity/Q67
NDQ384DT,8,1,http://www.wikidata.org/entity/Q5830
NDQ384DT,8,3,http://www.wikidata.org/entity/Q142
NDQ384DT,9,0,http://www.wikidata.org/entity/Q82737848
NDQ384DT,9,1,http://www.wikidata.org/entity/Q55264252
NDQ384DT,9,3,http://www.wikidata.org/entity/Q36
NDQ384DT,10,0,http://www.wikidata.org/entity/Q568183
NDQ384DT,10,1,http://www.wikidata.org/entity/Q81945
NDQ384DT,10,3,http://www.wikidata.org/entity/Q142
NDQ384DT,11,0,http://www.wikidata.org/entity/Q18590100
NDQ384DT,11,1,http://www.wikidata.org/entity/Q3195517
NDQ384DT,11,3,http://www.wikidata.org/entity/Q38
NDQ384DT,12,0,http://www.wikidata.org/entity/Q16499972
NDQ384DT,12,1,http://www.wikidata.org/entity/Q18384339
NDQ384DT,12,3,http://www.wikidata.org/entity/Q148
NDQ384DT,13,0,http://www.wikidata.org/entity/Q1681145
NDQ384DT,13,1,http://www.wikidata.org/entity/Q11379
NDQ384DT,13,3,http://www.wikidata.org/entity/Q20
NDQ384DT,14,0,http://www.wikidata.org/entity/Q1427312
NDQ384DT,14,1,http://www.wikidata.org/entity/Q190403
NDQ384DT,14,3,http://www.wikidata.org/entity/Q142
4988KQ49,1,0,http://www.wikidata.org/entity/Q11501825
4988KQ49,2,0,http://www.wikidata.org/entity/Q11499757
4988KQ49,3,0,http://www.wikidata.org/entity/Q11551196
4988KQ49,4,0,http://www.wikidata.org/entity/Q11551178
4988KQ49,5,0,http://www.wikidata.org/entity/Q11546405
4988KQ49,6,0,http://www.wikidata.org/entity/Q11527386
4988KQ49,7,0,http://www.wikidata.org/entity/Q11372394
4988KQ49,8,0,http://www.wikidata.org/entity/Q11371566
4988KQ49,9,0,http://www.wikidata.org/entity/Q11367518
4988KQ49,10,0,http://www.wikidata.org/entity/Q11363637
4988KQ49,11,0,http://www.wikidata.org/entity/Q11363633
STKZTU16,1,0,http://www.wikidata.org/entity/Q194427
STKZTU16,1,1,http://www.wikidata.org/entity/Q3900418
STKZTU16,1,2,http://www.wikidata.org/entity/Q50649564
STKZTU16,1,3,http://www.wikidata.org/entity/Q200355
STKZTU16,1,5,http://www.wikidata.org/entity/Q1156642
STKZTU16,2,0,http://www.wikidata.org/entity/Q2579463
STKZTU16,2,1,http://www.wikidata.org/entity/Q24971022
STKZTU16,2,2,http://www.wikidata.org/entity/Q45171911
STKZTU16,2,3,http://www.wikidata.org/entity/Q5934204
STKZTU16,2,5,http://www.wikidata.org/entity/Q905791
STKZTU16,3,0,http://www.wikidata.org/entity/Q15726959
STKZTU16,3,1,http://www.wikidata.org/entity/Q19799693
STKZTU16,3,2,http://www.wikidata.org/entity/Q45171911
STKZTU16,3,3,http://www.wikidata.org/entity/Q314569
STKZTU16,3,5,http://www.wikidata.org/entity/Q1156642
STKZTU16,4,0,http://www.wikidata.org/entity/Q19798734
STKZTU16,4,1,http://www.wikidata.org/entity/Q55617446
STKZTU16,4,2,http://www.wikidata.org/entity/Q45171911
STKZTU16,4,3,http://www.wikidata.org/entity/Q101797
STKZTU16,4,5,http://www.wikidata.org/entity/Q907311
XFFEBHCU,1,0,http://www.wikidata.org/entity/Q4169237
XFFEBHCU,1,3,http://www.wikidata.org/entity/Q2469571
XFFEBHCU,1,4,http://www.wikidata.org/entity/Q1136609
XFFEBHCU,2,0,http://www.wikidata.org/entity/Q4439422
XFFEBHCU,2,3,http://www.wikidata.org/entity/Q2216649
XFFEBHCU,2,4,http://www.wikidata.org/entity/Q191238
XFFEBHCU,3,0,http://www.wikidata.org/entity/Q2581788
XFFEBHCU,3,3,http://www.wikidata.org/entity/Q2639686
XFFEBHCU,3,4,http://www.wikidata.org/entity/Q735948
XFFEBHCU,4,0,http://www.wikidata.org/entity/Q2371718
XFFEBHCU,4,3,http://www.wikidata.org/entity/Q1035652
XFFEBHCU,4,4,http://www.wikidata.org/entity/Q296662
XFFEBHCU,5,0,http://www.wikidata.org/entity/Q1022485
XFFEBHCU,5,3,http://www.wikidata.org/entity/Q2300112
XFFEBHCU,5,4,http://www.wikidata.org/entity/Q4098317
XFFEBHCU,6,0,http://www.wikidata.org/entity/Q1669868
XFFEBHCU,6,3,http://www.wikidata.org/entity/Q2992452
XFFEBHCU,6,4,http://www.wikidata.org/entity/Q1753659
XFFEBHCU,7,0,http://www.wikidata.org/entity/Q1967418
XFFEBHCU,7,3,http://www.wikidata.org/entity/Q2216375
XFFEBHCU,7,4,http://www.wikidata.org/entity/Q35000
XFFEBHCU,8,0,http://www.wikidata.org/entity/Q749468
XFFEBHCU,8,3,http://www.wikidata.org/entity/Q170213
XFFEBHCU,8,4,http://www.wikidata.org/entity/Q12172224
XFFEBHCU,9,0,http://www.wikidata.org/entity/Q588835
XFFEBHCU,9,3,http://www.wikidata.org/entity/Q1654125
XFFEBHCU,9,4,http://www.wikidata.org/entity/Q40855
MGJRRGAF,1,0,http://www.wikidata.org/entity/Q19065304
MGJRRGAF,1,1,http://www.wikidata.org/entity/Q2913791
MGJRRGAF,1,2,http://www.wikidata.org/entity/Q8007
MGJRRGAF,1,3,http://www.wikidata.org/entity/Q19652
MGJRRGAF,2,0,http://www.wikidata.org/entity/Q19031246
MGJRRGAF,2,1,http://www.wikidata.org/entity/Q223126
MGJRRGAF,2,2,http://www.wikidata.org/entity/Q8007
MGJRRGAF,2,3,http://www.wikidata.org/entity/Q19652
MGJRRGAF,3,0,http://www.wikidata.org/entity/Q4689633
MGJRRGAF,3,1,http://www.wikidata.org/entity/Q43399457
MGJRRGAF,3,2,http://www.wikidata.org/entity/Q76
MGJRRGAF,3,3,http://www.wikidata.org/entity/Q19652
MGJRRGAF,4,0,http://www.wikidata.org/entity/Q19021341
MGJRRGAF,4,1,http://www.wikidata.org/entity/Q17019969
MGJRRGAF,4,2,http://www.wikidata.org/entity/Q76
MGJRRGAF,4,3,http://www.wikidata.org/entity/Q19652
MGJRRGAF,5,0,http://www.wikidata.org/entity/Q19019254
MGJRRGAF,5,1,http://www.wikidata.org/entity/Q5454179
MGJRRGAF,5,2,http://www.wikidata.org/entity/Q76
MGJRRGAF,5,3,http://www.wikidata.org/entity/Q19652
MGJRRGAF,6,0,http://www.wikidata.org/entity/Q19026105
MGJRRGAF,6,1,http://www.wikidata.org/entity/Q5451413
MGJRRGAF,6,2,http://www.wikidata.org/entity/Q76
MGJRRGAF,6,3,http://www.wikidata.org/entity/Q19652
MGJRRGAF,7,0,http://www.wikidata.org/entity/Q19022388
MGJRRGAF,7,1,http://www.wikidata.org/entity/Q5366165
MGJRRGAF,7,2,http://www.wikidata.org/entity/Q76
MGJRRGAF,7,3,http://www.wikidata.org/entity/Q19652
MGJRRGAF,8,0,http://www.wikidata.org/entity/Q19037820
MGJRRGAF,8,1,http://www.wikidata.org/entity/Q4743965
MGJRRGAF,8,2,http://www.wikidata.org/entity/Q76
MGJRRGAF,8,3,http://www.wikidata.org/entity/Q19652
MGJRRGAF,9,0,http://www.wikidata.org/entity/Q19028370
MGJRRGAF,9,1,http://www.wikidata.org/entity/Q1426369
MGJRRGAF,9,2,http://www.wikidata.org/entity/Q76
MGJRRGAF,9,3,http://www.wikidata.org/entity/Q19652
MGJRRGAF,10,0,http://www.wikidata.org/entity/Q19048884
MGJRRGAF,10,1,http://www.wikidata.org/entity/Q367523
MGJRRGAF,10,2,http://www.wikidata.org/entity/Q76
MGJRRGAF,10,3,http://www.wikidata.org/entity/Q19652
MGJRRGAF,11,0,http://www.wikidata.org/entity/Q19045841
MGJRRGAF,11,1,http://www.wikidata.org/entity/Q264784
MGJRRGAF,11,2,http://www.wikidata.org/entity/Q76
MGJRRGAF,11,3,http://www.wikidata.org/entity/Q19652
MGJRRGAF,12,0,http://www.wikidata.org/entity/Q19077047
MGJRRGAF,12,1,http://www.wikidata.org/entity/Q2913791
MGJRRGAF,12,2,http://www.wikidata.org/entity/Q8007
MGJRRGAF,12,3,http://www.wikidata.org/entity/Q19652
MGJRRGAF,13,0,http://www.wikidata.org/entity/Q19076864
MGJRRGAF,13,1,http://www.wikidata.org/entity/Q6189722
MGJRRGAF,13,2,http://www.wikidata.org/entity/Q76
MGJRRGAF,13,3,http://www.wikidata.org/entity/Q19652
0J09608P,1,0,http://www.wikidata.org/entity/Q4379854
0J09608P,1,1,http://www.wikidata.org/entity/Q2580456
0J09608P,1,3,http://www.wikidata.org/entity/Q531716
0J09608P,1,4,http://www.wikidata.org/entity/Q660345
0J09608P,2,0,http://www.wikidata.org/entity/Q4379853
0J09608P,2,1,http://www.wikidata.org/entity/Q2580456
0J09608P,2,3,http://www.wikidata.org/entity/Q531716
0J09608P,2,4,http://www.wikidata.org/entity/Q660345
0J09608P,3,0,http://www.wikidata.org/entity/Q4379850
0J09608P,3,1,http://www.wikidata.org/entity/Q2580456
0J09608P,3,3,http://www.wikidata.org/entity/Q531716
0J09608P,3,4,http://www.wikidata.org/entity/Q660345
0J09608P,4,0,http://www.wikidata.org/entity/Q4379848
0J09608P,4,1,http://www.wikidata.org/entity/Q2580456
0J09608P,4,3,http://www.wikidata.org/entity/Q531716
0J09608P,4,4,http://www.wikidata.org/entity/Q660345
0J09608P,5,0,http://www.wikidata.org/entity/Q4379847
0J09608P,5,1,http://www.wikidata.org/entity/Q2580456
0J09608P,5,3,http://www.wikidata.org/entity/Q531716
0J09608P,5,4,http://www.wikidata.org/entity/Q660345
0J09608P,6,0,http://www.wikidata.org/entity/Q4379846
0J09608P,6,1,http://www.wikidata.org/entity/Q2580456
0J09608P,6,3,http://www.wikidata.org/entity/Q531716
0J09608P,6,4,http://www.wikidata.org/entity/Q660345
0J09608P,7,0,http://www.wikidata.org/entity/Q4379845
0J09608P,7,1,http://www.wikidata.org/entity/Q2580456
0J09608P,7,3,http://www.wikidata.org/entity/Q531716
0J09608P,7,4,http://www.wikidata.org/entity/Q660345
0J09608P,8,0,http://www.wikidata.org/entity/Q4379843
0J09608P,8,1,http://www.wikidata.org/entity/Q2580456
0J09608P,8,3,http://www.wikidata.org/entity/Q531716
0J09608P,8,4,http://www.wikidata.org/entity/Q660345
0J09608P,9,0,http://www.wikidata.org/entity/Q4379840
0J09608P,9,1,http://www.wikidata.org/entity/Q2580456
0J09608P,9,3,http://www.wikidata.org/entity/Q531716
0J09608P,9,4,http://www.wikidata.org/entity/Q660345
0J09608P,10,0,http://www.wikidata.org/entity/Q4379839
0J09608P,10,1,http://www.wikidata.org/entity/Q2580456
0J09608P,10,3,http://www.wikidata.org/entity/Q531716
0J09608P,10,4,http://www.wikidata.org/entity/Q660345
0J09608P,11,0,http://www.wikidata.org/entity/Q4379838
0J09608P,11,1,http://www.wikidata.org/entity/Q2580456
0J09608P,11,3,http://www.wikidata.org/entity/Q531716
0J09608P,11,4,http://www.wikidata.org/entity/Q660345
0J09608P,12,0,http://www.wikidata.org/entity/Q4379837
0J09608P,12,1,http://www.wikidata.org/entity/Q2580456
0J09608P,12,3,http://www.wikidata.org/entity/Q531716
0J09608P,12,4,http://www.wikidata.org/entity/Q660345
0J09608P,13,0,http://www.wikidata.org/entity/Q4379836
0J09608P,13,1,http://www.wikidata.org/entity/Q2580456
0J09608P,13,3,http://www.wikidata.org/entity/Q531716
0J09608P,13,4,http://www.wikidata.org/entity/Q660345
0J09608P,14,0,http://www.wikidata.org/entity/Q4379835
0J09608P,14,1,http://www.wikidata.org/entity/Q2580456
0J09608P,14,3,http://www.wikidata.org/entity/Q531716
0J09608P,14,4,http://www.wikidata.org/entity/Q660345
0J09608P,15,0,http://www.wikidata.org/entity/Q4379833
0J09608P,15,1,http://www.wikidata.org/entity/Q2580456
0J09608P,15,3,http://www.wikidata.org/entity/Q531716
0J09608P,15,4,http://www.wikidata.org/entity/Q660345
AOA0W7GR,1,0,http://www.wikidata.org/entity/Q865013
AOA0W7GR,1,1,http://www.wikidata.org/entity/Q11427
AOA0W7GR,2,0,http://www.wikidata.org/entity/Q812580
AOA0W7GR,2,1,http://www.wikidata.org/entity/Q11427
AOA0W7GR,3,0,http://www.wikidata.org/entity/Q618937
AOA0W7GR,3,1,http://www.wikidata.org/entity/Q11427
AOA0W7GR,4,0,http://www.wikidata.org/entity/Q502847
AOA0W7GR,4,1,http://www.wikidata.org/entity/Q11427
XZ7ERRJF,1,0,http://www.wikidata.org/entity/Q2371095
XZ7ERRJF,1,2,http://www.wikidata.org/entity/Q142
XZ7ERRJF,1,3,http://www.wikidata.org/entity/Q3447473
XZ7ERRJF,1,5,http://www.wikidata.org/entity/Q194420
XZ7ERRJF,2,0,http://www.wikidata.org/entity/Q2391303
XZ7ERRJF,2,2,http://www.wikidata.org/entity/Q142
XZ7ERRJF,2,3,http://www.wikidata.org/entity/Q2921965
XZ7ERRJF,2,5,http://www.wikidata.org/entity/Q194420
XZ7ERRJF,3,0,http://www.wikidata.org/entity/Q2387543
XZ7ERRJF,3,2,http://www.wikidata.org/entity/Q142
XZ7ERRJF,3,3,http://www.wikidata.org/entity/Q2873508
XZ7ERRJF,3,5,http://www.wikidata.org/entity/Q194420
XZ7ERRJF,4,0,http://www.wikidata.org/entity/Q2873695
XZ7ERRJF,4,2,http://www.wikidata.org/entity/Q142
XZ7ERRJF,4,3,http://www.wikidata.org/entity/Q390243
XZ7ERRJF,4,5,http://www.wikidata.org/entity/Q270230
XZ7ERRJF,5,0,http://www.wikidata.org/entity/Q2873702
XZ7ERRJF,5,2,http://www.wikidata.org/entity/Q142
XZ7ERRJF,5,3,http://www.wikidata.org/entity/Q2373366
XZ7ERRJF,5,5,http://www.wikidata.org/entity/Q169293
XZ7ERRJF,6,0,http://www.wikidata.org/entity/Q2874202
XZ7ERRJF,6,2,http://www.wikidata.org/entity/Q142
XZ7ERRJF,6,3,http://www.wikidata.org/entity/Q2874209
XZ7ERRJF,6,5,http://www.wikidata.org/entity/Q3413275
XZ7ERRJF,7,0,http://www.wikidata.org/entity/Q2874204
XZ7ERRJF,7,2,http://www.wikidata.org/entity/Q142
XZ7ERRJF,7,3,http://www.wikidata.org/entity/Q2873559
XZ7ERRJF,7,5,http://www.wikidata.org/entity/Q259463
GI874839,1,0,http://www.wikidata.org/entity/Q60052173
GI874839,1,1,http://www.wikidata.org/entity/Q172482
GI874839,2,0,http://www.wikidata.org/entity/Q60052171
GI874839,2,1,http://www.wikidata.org/entity/Q172482
GI874839,3,0,http://www.wikidata.org/entity/Q60052170
GI874839,3,1,http://www.wikidata.org/entity/Q172482
GI874839,4,0,http://www.wikidata.org/entity/Q60052169
GI874839,4,1,http://www.wikidata.org/entity/Q172482
HLDKXJAP,1,0,http://www.wikidata.org/entity/Q84161181
HLDKXJAP,1,2,http://www.wikidata.org/entity/Q2920815
HLDKXJAP,1,3,http://www.wikidata.org/entity/Q69339
HLDKXJAP,2,0,http://www.wikidata.org/entity/Q59851108
HLDKXJAP,2,2,http://www.wikidata.org/entity/Q5702841
HLDKXJAP,2,3,http://www.wikidata.org/entity/Q55943006
HLDKXJAP,3,0,http://www.wikidata.org/entity/Q59779144
HLDKXJAP,3,2,http://www.wikidata.org/entity/Q2920815
HLDKXJAP,3,3,http://www.wikidata.org/entity/Q69339
HLDKXJAP,4,0,http://www.wikidata.org/entity/Q57335059
HLDKXJAP,4,2,http://www.wikidata.org/entity/Q82493324
HLDKXJAP,4,3,http://www.wikidata.org/entity/Q27908256
HLDKXJAP,5,0,http://www.wikidata.org/entity/Q56873081
HLDKXJAP,5,2,http://www.wikidata.org/entity/Q56873383
HLDKXJAP,5,3,http://www.wikidata.org/entity/Q200564
HLDKXJAP,6,0,http://www.wikidata.org/entity/Q56479238
HLDKXJAP,6,2,http://www.wikidata.org/entity/Q51880533
HLDKXJAP,6,3,http://www.wikidata.org/entity/Q51875673
HLDKXJAP,7,0,http://www.wikidata.org/entity/Q55860855
HLDKXJAP,7,2,http://www.wikidata.org/entity/Q589197
HLDKXJAP,7,3,http://www.wikidata.org/entity/Q372984
HLDKXJAP,8,0,http://www.wikidata.org/entity/Q55860182
HLDKXJAP,8,2,http://www.wikidata.org/entity/Q589197
HLDKXJAP,8,3,http://www.wikidata.org/entity/Q372984
W46N5362,1,0,http://www.wikidata.org/entity/Q28120209
W46N5362,1,2,http://www.wikidata.org/entity/Q984485
W46N5362,1,3,http://www.wikidata.org/entity/Q52636
W46N5362,2,0,http://www.wikidata.org/entity/Q28120203
W46N5362,2,2,http://www.wikidata.org/entity/Q941533
W46N5362,2,3,http://www.wikidata.org/entity/Q52636
W46N5362,3,0,http://www.wikidata.org/entity/Q28120216
W46N5362,3,2,http://www.wikidata.org/entity/Q899884
W46N5362,3,3,http://www.wikidata.org/entity/Q52636
W46N5362,4,0,http://www.wikidata.org/entity/Q28120215
W46N5362,4,2,http://www.wikidata.org/entity/Q899884
W46N5362,4,3,http://www.wikidata.org/entity/Q52636
W46N5362,5,0,http://www.wikidata.org/entity/Q28120211
W46N5362,5,2,http://www.wikidata.org/entity/Q899884
W46N5362,5,3,http://www.wikidata.org/entity/Q52636
W46N5362,6,0,http://www.wikidata.org/entity/Q28120315
W46N5362,6,2,http://www.wikidata.org/entity/Q49550
W46N5362,6,3,http://www.wikidata.org/entity/Q52636
W46N5362,7,0,http://www.wikidata.org/entity/Q28120200
W46N5362,7,2,http://www.wikidata.org/entity/Q49550
W46N5362,7,3,http://www.wikidata.org/entity/Q52636
W46N5362,8,0,http://www.wikidata.org/entity/Q28120295
W46N5362,8,2,http://www.wikidata.org/entity/Q927498
W46N5362,8,3,http://www.wikidata.org/entity/Q8828
W46N5362,9,0,http://www.wikidata.org/entity/Q28120357
W46N5362,9,2,http://www.wikidata.org/entity/Q610838
W46N5362,9,3,http://www.wikidata.org/entity/Q8828
W46N5362,10,0,http://www.wikidata.org/entity/Q28120264
W46N5362,10,2,http://www.wikidata.org/entity/Q493017
W46N5362,10,3,http://www.wikidata.org/entity/Q8828
W46N5362,11,0,http://www.wikidata.org/entity/Q28120263
W46N5362,11,2,http://www.wikidata.org/entity/Q493017
W46N5362,11,3,http://www.wikidata.org/entity/Q8828
19P6KEGP,1,0,http://www.wikidata.org/entity/Q1203031
19P6KEGP,1,1,http://www.wikidata.org/entity/Q655683
19P6KEGP,1,2,http://www.wikidata.org/entity/Q64
19P6KEGP,1,3,http://www.wikidata.org/entity/Q183
19P6KEGP,2,0,http://www.wikidata.org/entity/Q627256
19P6KEGP,2,1,http://www.wikidata.org/entity/Q627651
19P6KEGP,2,2,http://www.wikidata.org/entity/Q64
19P6KEGP,2,3,http://www.wikidata.org/entity/Q183
19P6KEGP,3,0,http://www.wikidata.org/entity/Q1203248
19P6KEGP,3,1,http://www.wikidata.org/entity/Q627629
19P6KEGP,3,2,http://www.wikidata.org/entity/Q64
19P6KEGP,3,3,http://www.wikidata.org/entity/Q183
19P6KEGP,4,0,http://www.wikidata.org/entity/Q1009074
19P6KEGP,4,1,http://www.wikidata.org/entity/Q566983
19P6KEGP,4,2,http://www.wikidata.org/entity/Q64
19P6KEGP,4,3,http://www.wikidata.org/entity/Q183
19P6KEGP,5,0,http://www.wikidata.org/entity/Q1203253
19P6KEGP,5,1,http://www.wikidata.org/entity/Q537395
19P6KEGP,5,2,http://www.wikidata.org/entity/Q64
19P6KEGP,5,3,http://www.wikidata.org/entity/Q183
19P6KEGP,6,0,http://www.wikidata.org/entity/Q190850
19P6KEGP,6,1,http://www.wikidata.org/entity/Q190854
19P6KEGP,6,2,http://www.wikidata.org/entity/Q64
19P6KEGP,6,3,http://www.wikidata.org/entity/Q183
19P6KEGP,7,0,http://www.wikidata.org/entity/Q1404232
19P6KEGP,7,1,http://www.wikidata.org/entity/Q190808
19P6KEGP,7,2,http://www.wikidata.org/entity/Q64
19P6KEGP,7,3,http://www.wikidata.org/entity/Q183
19P6KEGP,8,0,http://www.wikidata.org/entity/Q1355803
19P6KEGP,8,1,http://www.wikidata.org/entity/Q190808
19P6KEGP,8,2,http://www.wikidata.org/entity/Q64
19P6KEGP,8,3,http://www.wikidata.org/entity/Q183
19P6KEGP,9,0,http://www.wikidata.org/entity/Q15820291
19P6KEGP,9,1,http://www.wikidata.org/entity/Q627540
19P6KEGP,9,2,http://www.wikidata.org/entity/Q3939
19P6KEGP,9,3,http://www.wikidata.org/entity/Q713750
19P6KEGP,10,0,http://www.wikidata.org/entity/Q18287722
19P6KEGP,10,1,http://www.wikidata.org/entity/Q1674183
19P6KEGP,10,2,http://www.wikidata.org/entity/Q3959
19P6KEGP,10,3,http://www.wikidata.org/entity/Q183
19P6KEGP,11,0,http://www.wikidata.org/entity/Q1668388
19P6KEGP,11,1,http://www.wikidata.org/entity/Q856445
19P6KEGP,11,2,http://www.wikidata.org/entity/Q1726
19P6KEGP,11,3,http://www.wikidata.org/entity/Q183
2RP4MXPI,1,0,http://www.wikidata.org/entity/Q85147106
2RP4MXPI,1,3,http://www.wikidata.org/entity/Q10451997
2RP4MXPI,2,0,http://www.wikidata.org/entity/Q85144742
2RP4MXPI,2,3,http://www.wikidata.org/entity/Q10451997
2RP4MXPI,3,0,http://www.wikidata.org/entity/Q85139101
2RP4MXPI,3,3,http://www.wikidata.org/entity/Q10451997
2RP4MXPI,4,0,http://www.wikidata.org/entity/Q85134881
2RP4MXPI,4,3,http://www.wikidata.org/entity/Q10451997
2RP4MXPI,5,0,http://www.wikidata.org/entity/Q85115859
2RP4MXPI,5,3,http://www.wikidata.org/entity/Q10451997
2RP4MXPI,6,0,http://www.wikidata.org/entity/Q85681379
2RP4MXPI,6,3,http://www.wikidata.org/entity/Q15917122
2RP4MXPI,7,0,http://www.wikidata.org/entity/Q85734761
2RP4MXPI,7,3,http://www.wikidata.org/entity/Q10451997
2RP4MXPI,8,0,http://www.wikidata.org/entity/Q85730425
2RP4MXPI,8,3,http://www.wikidata.org/entity/Q10451997
2RP4MXPI,9,0,http://www.wikidata.org/entity/Q85719514
2RP4MXPI,9,3,http://www.wikidata.org/entity/Q10451997
2RP4MXPI,10,0,http://www.wikidata.org/entity/Q85710850
2RP4MXPI,10,3,http://www.wikidata.org/entity/Q10451997
2RP4MXPI,11,0,http://www.wikidata.org/entity/Q85710577
2RP4MXPI,11,3,http://www.wikidata.org/entity/Q10451997
2RP4MXPI,12,0,http://www.wikidata.org/entity/Q85710560
2RP4MXPI,12,3,http://www.wikidata.org/entity/Q10451997
2RP4MXPI,13,0,http://www.wikidata.org/entity/Q85668304
2RP4MXPI,13,3,http://www.wikidata.org/entity/Q10451997
2RP4MXPI,14,0,http://www.wikidata.org/entity/Q85665210
2RP4MXPI,14,3,http://www.wikidata.org/entity/Q10451997
2RP4MXPI,15,0,http://www.wikidata.org/entity/Q85663030
2RP4MXPI,15,3,http://www.wikidata.org/entity/Q10451997
1UVDD41C,1,0,http://www.wikidata.org/entity/Q83946325
1UVDD41C,2,0,http://www.wikidata.org/entity/Q83686203
1UVDD41C,3,0,http://www.wikidata.org/entity/Q83678445
1UVDD41C,4,0,http://www.wikidata.org/entity/Q83601565
1UVDD41C,5,0,http://www.wikidata.org/entity/Q83600464
1UVDD41C,6,0,http://www.wikidata.org/entity/Q83600103
1UVDD41C,7,0,http://www.wikidata.org/entity/Q83506560
1UVDD41C,8,0,http://www.wikidata.org/entity/Q83504456
1UVDD41C,9,0,http://www.wikidata.org/entity/Q83502349
1UVDD41C,10,0,http://www.wikidata.org/entity/Q83490022
1UVDD41C,11,0,http://www.wikidata.org/entity/Q83480928
1UVDD41C,12,0,http://www.wikidata.org/entity/Q83418119
1UVDD41C,13,0,http://www.wikidata.org/entity/Q83409845
1UVDD41C,14,0,http://www.wikidata.org/entity/Q83347215
HEHFH4OM,1,0,http://www.wikidata.org/entity/Q14545215
HEHFH4OM,1,1,http://www.wikidata.org/entity/Q17297633
HEHFH4OM,1,2,http://www.wikidata.org/entity/Q840829
HEHFH4OM,1,3,http://www.wikidata.org/entity/Q502627
HEHFH4OM,2,0,http://www.wikidata.org/entity/Q24705888
HEHFH4OM,2,1,http://www.wikidata.org/entity/Q17297633
HEHFH4OM,2,2,http://www.wikidata.org/entity/Q840829
HEHFH4OM,2,3,http://www.wikidata.org/entity/Q251101
HEHFH4OM,3,0,http://www.wikidata.org/entity/Q18007700
HEHFH4OM,3,1,http://www.wikidata.org/entity/Q11910250
HEHFH4OM,3,2,http://www.wikidata.org/entity/Q14378
HEHFH4OM,3,3,http://www.wikidata.org/entity/Q13458
HEHFH4OM,4,0,http://www.wikidata.org/entity/Q17188637
HEHFH4OM,4,1,http://www.wikidata.org/entity/Q17297633
HEHFH4OM,4,2,http://www.wikidata.org/entity/Q46261
HEHFH4OM,4,3,http://www.wikidata.org/entity/Q1726
4MGFH67B,1,0,http://www.wikidata.org/entity/Q606904
4MGFH67B,1,1,http://www.wikidata.org/entity/Q1201076
4MGFH67B,1,3,http://www.wikidata.org/entity/Q167668
4MGFH67B,2,0,http://www.wikidata.org/entity/Q374002
4MGFH67B,2,1,http://www.wikidata.org/entity/Q203386
4MGFH67B,2,3,http://www.wikidata.org/entity/Q26793
4MGFH67B,3,0,http://www.wikidata.org/entity/Q376252
4MGFH67B,3,1,http://www.wikidata.org/entity/Q320466
4MGFH67B,3,3,http://www.wikidata.org/entity/Q24826
4MGFH67B,4,0,http://www.wikidata.org/entity/Q215692
4MGFH67B,4,1,http://www.wikidata.org/entity/Q320466
4MGFH67B,4,3,http://www.wikidata.org/entity/Q24826
4MGFH67B,5,0,http://www.wikidata.org/entity/Q782114
4MGFH67B,5,1,http://www.wikidata.org/entity/Q3110506
4MGFH67B,5,3,http://www.wikidata.org/entity/Q23800
4MGFH67B,6,0,http://www.wikidata.org/entity/Q359115
4MGFH67B,6,1,http://www.wikidata.org/entity/Q819094
4MGFH67B,6,3,http://www.wikidata.org/entity/Q1874
4MGFH67B,7,0,http://www.wikidata.org/entity/Q493798
4MGFH67B,7,1,http://www.wikidata.org/entity/Q3155852
4MGFH67B,7,3,http://www.wikidata.org/entity/Q1449
4MGFH67B,8,0,http://www.wikidata.org/entity/Q755358
4MGFH67B,8,1,http://www.wikidata.org/entity/Q320466
4MGFH67B,8,3,http://www.wikidata.org/entity/Q84
0CIQVNJS,1,0,http://www.wikidata.org/entity/Q2199668
0CIQVNJS,1,1,http://www.wikidata.org/entity/Q847
0CIQVNJS,1,2,http://www.wikidata.org/entity/Q29167278
0CIQVNJS,2,0,http://www.wikidata.org/entity/Q1852401
0CIQVNJS,2,1,http://www.wikidata.org/entity/Q847
0CIQVNJS,2,2,http://www.wikidata.org/entity/Q29167278
0CIQVNJS,3,0,http://www.wikidata.org/entity/Q1629934
0CIQVNJS,3,1,http://www.wikidata.org/entity/Q847
0CIQVNJS,3,2,http://www.wikidata.org/entity/Q29167278
0CIQVNJS,4,0,http://www.wikidata.org/entity/Q1568497
0CIQVNJS,4,1,http://www.wikidata.org/entity/Q847
0CIQVNJS,4,2,http://www.wikidata.org/entity/Q29167278
0CIQVNJS,5,0,http://www.wikidata.org/entity/Q3805025
0CIQVNJS,5,1,http://www.wikidata.org/entity/Q847
0CIQVNJS,5,2,http://www.wikidata.org/entity/Q1330871
0CIQVNJS,6,0,http://www.wikidata.org/entity/Q3535032
0CIQVNJS,6,1,http://www.wikidata.org/entity/Q847
0CIQVNJS,6,2,http://www.wikidata.org/entity/Q1330871
0CIQVNJS,7,0,http://www.wikidata.org/entity/Q3353695
0CIQVNJS,7,1,http://www.wikidata.org/entity/Q847
0CIQVNJS,7,2,http://www.wikidata.org/entity/Q1330871
0CIQVNJS,8,0,http://www.wikidata.org/entity/Q2072432
0CIQVNJS,8,1,http://www.wikidata.org/entity/Q847
0CIQVNJS,8,2,http://www.wikidata.org/entity/Q1330871
0CIQVNJS,9,0,http://www.wikidata.org/entity/Q2065854
0CIQVNJS,9,1,http://www.wikidata.org/entity/Q847
0CIQVNJS,9,2,http://www.wikidata.org/entity/Q1330871
0CIQVNJS,10,0,http://www.wikidata.org/entity/Q1822089
0CIQVNJS,10,1,http://www.wikidata.org/entity/Q847
0CIQVNJS,10,2,http://www.wikidata.org/entity/Q1330871
0CIQVNJS,11,0,http://www.wikidata.org/entity/Q1762314
0CIQVNJS,11,1,http://www.wikidata.org/entity/Q847
0CIQVNJS,11,2,http://www.wikidata.org/entity/Q1330871
0CIQVNJS,12,0,http://www.wikidata.org/entity/Q1129634
0CIQVNJS,12,1,http://www.wikidata.org/entity/Q847
0CIQVNJS,12,2,http://www.wikidata.org/entity/Q1330871
0CIQVNJS,13,0,http://www.wikidata.org/entity/Q392385
0CIQVNJS,13,1,http://www.wikidata.org/entity/Q847
0CIQVNJS,13,2,http://www.wikidata.org/entity/Q1330871
0CIQVNJS,14,0,http://www.wikidata.org/entity/Q299642
0CIQVNJS,14,1,http://www.wikidata.org/entity/Q847
0CIQVNJS,14,2,http://www.wikidata.org/entity/Q1330871
0CIQVNJS,15,0,http://www.wikidata.org/entity/Q299459
0CIQVNJS,15,1,http://www.wikidata.org/entity/Q847
0CIQVNJS,15,2,http://www.wikidata.org/entity/Q1330871
4FT7UCZ3,1,0,http://www.wikidata.org/entity/Q1599
4FT7UCZ3,1,2,http://www.wikidata.org/entity/Q516294
4FT7UCZ3,1,4,http://www.wikidata.org/entity/Q1162
4FT7UCZ3,2,0,http://www.wikidata.org/entity/Q22048
4FT7UCZ3,2,2,http://www.wikidata.org/entity/Q56434238
4FT7UCZ3,2,4,http://www.wikidata.org/entity/Q1159
4FT7UCZ3,3,0,http://www.wikidata.org/entity/Q22424
4FT7UCZ3,3,2,http://www.wikidata.org/entity/Q56508194
4FT7UCZ3,3,4,http://www.wikidata.org/entity/Q4478
4FT7UCZ3,4,0,http://www.wikidata.org/entity/Q1165
4FT7UCZ3,4,2,http://www.wikidata.org/entity/Q1165685
4FT7UCZ3,4,4,http://www.wikidata.org/entity/Q1184
4FT7UCZ3,5,0,http://www.wikidata.org/entity/Q1195
4FT7UCZ3,5,2,http://www.wikidata.org/entity/Q7055466
4FT7UCZ3,5,4,http://www.wikidata.org/entity/Q1164
4FT7UCZ3,6,0,http://www.wikidata.org/entity/Q1356
4FT7UCZ3,6,2,http://www.wikidata.org/entity/Q808013
4FT7UCZ3,6,4,http://www.wikidata.org/entity/Q1164
4FT7UCZ3,7,0,http://www.wikidata.org/entity/Q1191
4FT7UCZ3,7,2,http://www.wikidata.org/entity/Q305259
4FT7UCZ3,7,4,http://www.wikidata.org/entity/Q1061
4FT7UCZ3,8,0,http://www.wikidata.org/entity/Q1437
4FT7UCZ3,8,2,http://www.wikidata.org/entity/Q413051
4FT7UCZ3,8,4,http://www.wikidata.org/entity/Q1061
4FT7UCZ3,9,0,http://www.wikidata.org/entity/Q1168
4FT7UCZ3,9,2,http://www.wikidata.org/entity/Q56489573
4FT7UCZ3,9,4,http://www.wikidata.org/entity/Q1191
4FT7UCZ3,10,0,http://www.wikidata.org/entity/Q1174
4FT7UCZ3,10,2,http://www.wikidata.org/entity/Q667736
4FT7UCZ3,10,4,http://www.wikidata.org/entity/Q1177
4FT7UCZ3,11,0,http://www.wikidata.org/entity/Q1184
4FT7UCZ3,11,2,http://www.wikidata.org/entity/Q6427227
4FT7UCZ3,11,4,http://www.wikidata.org/entity/Q1165
4FT7UCZ3,12,0,http://www.wikidata.org/entity/Q1185
4FT7UCZ3,12,2,http://www.wikidata.org/entity/Q806457
4FT7UCZ3,12,4,http://www.wikidata.org/entity/Q1159
4FT7UCZ3,13,0,http://www.wikidata.org/entity/Q1188
4FT7UCZ3,13,2,http://www.wikidata.org/entity/Q855054
4FT7UCZ3,13,4,http://www.wikidata.org/entity/Q1061
4FT7UCZ3,14,0,http://www.wikidata.org/entity/Q1499
4FT7UCZ3,14,2,http://www.wikidata.org/entity/Q1460406
4FT7UCZ3,14,4,http://www.wikidata.org/entity/Q1174
KCKBLZDC,1,0,http://www.wikidata.org/entity/Q4635797
KCKBLZDC,1,1,http://www.wikidata.org/entity/Q7433166
KCKBLZDC,1,2,http://www.wikidata.org/entity/Q59160048
KCKBLZDC,1,3,http://www.wikidata.org/entity/Q30
KCKBLZDC,1,4,http://www.wikidata.org/entity/Q1125300
KCKBLZDC,2,0,http://www.wikidata.org/entity/Q4646141
KCKBLZDC,2,1,http://www.wikidata.org/entity/Q7433166
KCKBLZDC,2,2,http://www.wikidata.org/entity/Q17996391
KCKBLZDC,2,3,http://www.wikidata.org/entity/Q30
KCKBLZDC,2,4,http://www.wikidata.org/entity/Q1125300
KCKBLZDC,3,0,http://www.wikidata.org/entity/Q1297046
KCKBLZDC,3,1,http://www.wikidata.org/entity/Q371506
KCKBLZDC,3,2,http://www.wikidata.org/entity/Q525239
KCKBLZDC,3,3,http://www.wikidata.org/entity/Q30
KCKBLZDC,3,4,http://www.wikidata.org/entity/Q502163
KCKBLZDC,4,0,http://www.wikidata.org/entity/Q4284293
KCKBLZDC,4,1,http://www.wikidata.org/entity/Q5677699
KCKBLZDC,4,2,http://www.wikidata.org/entity/Q46954404
KCKBLZDC,4,3,http://www.wikidata.org/entity/Q30
KCKBLZDC,4,4,http://www.wikidata.org/entity/Q173782
KCKBLZDC,5,0,http://www.wikidata.org/entity/Q940507
KCKBLZDC,5,1,http://www.wikidata.org/entity/Q827997
KCKBLZDC,5,2,http://www.wikidata.org/entity/Q84321647
KCKBLZDC,5,3,http://www.wikidata.org/entity/Q145
KCKBLZDC,5,4,http://www.wikidata.org/entity/Q162324
KCKBLZDC,6,0,http://www.wikidata.org/entity/Q2587975
KCKBLZDC,6,1,http://www.wikidata.org/entity/Q4724
KCKBLZDC,6,2,http://www.wikidata.org/entity/Q55619850
KCKBLZDC,6,3,http://www.wikidata.org/entity/Q142
KCKBLZDC,6,4,http://www.wikidata.org/entity/Q47942
PMLLQPBP,1,0,http://www.wikidata.org/entity/Q72281564
PMLLQPBP,1,1,http://www.wikidata.org/entity/Q1371953
PMLLQPBP,1,3,http://www.wikidata.org/entity/Q55
PMLLQPBP,2,0,http://www.wikidata.org/entity/Q84312775
PMLLQPBP,2,1,http://www.wikidata.org/entity/Q872847
PMLLQPBP,2,3,http://www.wikidata.org/entity/Q40
PMLLQPBP,3,0,http://www.wikidata.org/entity/Q84079894
PMLLQPBP,3,1,http://www.wikidata.org/entity/Q253335
PMLLQPBP,3,3,http://www.wikidata.org/entity/Q30
PMLLQPBP,4,0,http://www.wikidata.org/entity/Q83494655
PMLLQPBP,4,1,http://www.wikidata.org/entity/Q2866182
PMLLQPBP,4,3,http://www.wikidata.org/entity/Q16
PMLLQPBP,5,0,http://www.wikidata.org/entity/Q23057811
PMLLQPBP,5,1,http://www.wikidata.org/entity/Q16632633
PMLLQPBP,5,3,http://www.wikidata.org/entity/Q219
PMLLQPBP,6,0,http://www.wikidata.org/entity/Q25038128
PMLLQPBP,6,1,http://www.wikidata.org/entity/Q49233
PMLLQPBP,6,3,http://www.wikidata.org/entity/Q30
JP2C47GI,1,0,http://www.wikidata.org/entity/Q3829467
JP2C47GI,1,1,http://www.wikidata.org/entity/Q920057
JP2C47GI,1,2,http://www.wikidata.org/entity/Q123
JP2C47GI,1,3,http://www.wikidata.org/entity/Q41466
JP2C47GI,2,0,http://www.wikidata.org/entity/Q652498
JP2C47GI,2,1,http://www.wikidata.org/entity/Q20900739
JP2C47GI,2,2,http://www.wikidata.org/entity/Q123
JP2C47GI,2,3,http://www.wikidata.org/entity/Q8418
JP2C47GI,3,0,http://www.wikidata.org/entity/Q429917
JP2C47GI,3,1,http://www.wikidata.org/entity/Q20900768
JP2C47GI,3,2,http://www.wikidata.org/entity/Q123
JP2C47GI,3,3,http://www.wikidata.org/entity/Q7707
JP2C47GI,4,0,http://www.wikidata.org/entity/Q28670207
JP2C47GI,4,1,http://www.wikidata.org/entity/Q46343203
JP2C47GI,4,2,http://www.wikidata.org/entity/Q123
JP2C47GI,4,3,http://www.wikidata.org/entity/Q5372
JP2C47GI,5,0,http://www.wikidata.org/entity/Q3504449
JP2C47GI,5,1,http://www.wikidata.org/entity/Q606060
JP2C47GI,5,2,http://www.wikidata.org/entity/Q123
JP2C47GI,5,3,http://www.wikidata.org/entity/Q2736
JP2C47GI,6,0,http://www.wikidata.org/entity/Q1643484
JP2C47GI,6,1,http://www.wikidata.org/entity/Q920057
JP2C47GI,6,2,http://www.wikidata.org/entity/Q120
JP2C47GI,6,3,http://www.wikidata.org/entity/Q3609
JP2C47GI,7,0,http://www.wikidata.org/entity/Q6725219
JP2C47GI,7,1,http://www.wikidata.org/entity/Q920057
JP2C47GI,7,2,http://www.wikidata.org/entity/Q119
JP2C47GI,7,3,http://www.wikidata.org/entity/Q3609
F6GWWHCF,1,0,http://www.wikidata.org/entity/Q507063
F6GWWHCF,1,2,http://www.wikidata.org/entity/Q1588
F6GWWHCF,1,3,http://www.wikidata.org/entity/Q507000
F6GWWHCF,1,4,http://www.wikidata.org/entity/Q2453090
F6GWWHCF,1,6,http://www.wikidata.org/entity/Q496440
F6GWWHCF,2,0,http://www.wikidata.org/entity/Q507028
F6GWWHCF,2,2,http://www.wikidata.org/entity/Q1588
F6GWWHCF,2,3,http://www.wikidata.org/entity/Q507078
F6GWWHCF,2,4,http://www.wikidata.org/entity/Q2207719
F6GWWHCF,2,6,http://www.wikidata.org/entity/Q126829
F6GWWHCF,3,0,http://www.wikidata.org/entity/Q507078
F6GWWHCF,3,2,http://www.wikidata.org/entity/Q1588
F6GWWHCF,3,3,http://www.wikidata.org/entity/Q507028
F6GWWHCF,3,4,http://www.wikidata.org/entity/Q947115
F6GWWHCF,3,6,http://www.wikidata.org/entity/Q61138
F6GWWHCF,4,0,http://www.wikidata.org/entity/Q513078
F6GWWHCF,4,2,http://www.wikidata.org/entity/Q1588
F6GWWHCF,4,3,http://www.wikidata.org/entity/Q61167
F6GWWHCF,4,4,http://www.wikidata.org/entity/Q2752205
F6GWWHCF,4,6,http://www.wikidata.org/entity/Q485726
C7Q6JKEJ,1,0,http://www.wikidata.org/entity/Q7797991
C7Q6JKEJ,1,2,http://www.wikidata.org/entity/Q28179
C7Q6JKEJ,1,3,http://www.wikidata.org/entity/Q3391307
C7Q6JKEJ,2,0,http://www.wikidata.org/entity/Q9583043
C7Q6JKEJ,2,2,http://www.wikidata.org/entity/Q55
C7Q6JKEJ,2,3,http://www.wikidata.org/entity/Q1497725
C7Q6JKEJ,3,0,http://www.wikidata.org/entity/Q7551
C7Q6JKEJ,3,2,http://www.wikidata.org/entity/Q159
C7Q6JKEJ,3,3,http://www.wikidata.org/entity/Q288956
C7Q6JKEJ,4,0,http://www.wikidata.org/entity/Q30596155
C7Q6JKEJ,4,2,http://www.wikidata.org/entity/Q16
C7Q6JKEJ,4,3,http://www.wikidata.org/entity/Q41634582
SZ9KEI5J,1,0,http://www.wikidata.org/entity/Q7743994
SZ9KEI5J,1,1,http://www.wikidata.org/entity/Q1433745
SZ9KEI5J,1,2,http://www.wikidata.org/entity/Q2137852
SZ9KEI5J,1,3,http://www.wikidata.org/entity/Q1254464
SZ9KEI5J,2,0,http://www.wikidata.org/entity/Q72594
SZ9KEI5J,2,1,http://www.wikidata.org/entity/Q1032540
SZ9KEI5J,2,2,http://www.wikidata.org/entity/Q130232
SZ9KEI5J,2,3,http://www.wikidata.org/entity/Q932814
SZ9KEI5J,3,0,http://www.wikidata.org/entity/Q622284
SZ9KEI5J,3,1,http://www.wikidata.org/entity/Q5589345
SZ9KEI5J,3,2,http://www.wikidata.org/entity/Q2975633
SZ9KEI5J,3,3,http://www.wikidata.org/entity/Q622376
SZ9KEI5J,4,0,http://www.wikidata.org/entity/Q4463076
SZ9KEI5J,4,1,http://www.wikidata.org/entity/Q126399
SZ9KEI5J,4,2,http://www.wikidata.org/entity/Q496523
SZ9KEI5J,4,3,http://www.wikidata.org/entity/Q205447
4MSG59SQ,1,0,http://www.wikidata.org/entity/Q7681996
4MSG59SQ,1,1,http://www.wikidata.org/entity/Q7976
4MSG59SQ,1,3,http://www.wikidata.org/entity/Q326439
4MSG59SQ,2,0,http://www.wikidata.org/entity/Q3539202
4MSG59SQ,2,1,http://www.wikidata.org/entity/Q150
4MSG59SQ,2,3,http://www.wikidata.org/entity/Q208505
4MSG59SQ,3,0,http://www.wikidata.org/entity/Q3707007
4MSG59SQ,3,1,http://www.wikidata.org/entity/Q652
4MSG59SQ,3,3,http://www.wikidata.org/entity/Q192239
4MSG59SQ,4,0,http://www.wikidata.org/entity/Q5748597
4MSG59SQ,4,1,http://www.wikidata.org/entity/Q1860
4MSG59SQ,4,3,http://www.wikidata.org/entity/Q40831
4MSG59SQ,5,0,http://www.wikidata.org/entity/Q7718316
4MSG59SQ,5,1,http://www.wikidata.org/entity/Q1860
4MSG59SQ,5,3,http://www.wikidata.org/entity/Q24925
4MSG59SQ,6,0,http://www.wikidata.org/entity/Q5552565
4MSG59SQ,6,1,http://www.wikidata.org/entity/Q7026
4MSG59SQ,6,3,http://www.wikidata.org/entity/Q8261
4MSG59SQ,7,0,http://www.wikidata.org/entity/Q7233387
4MSG59SQ,7,1,http://www.wikidata.org/entity/Q1860
4MSG59SQ,7,3,http://www.wikidata.org/entity/Q8261
4MSG59SQ,8,0,http://www.wikidata.org/entity/Q6406265
4MSG59SQ,8,1,http://www.wikidata.org/entity/Q1860
4MSG59SQ,8,3,http://www.wikidata.org/entity/Q8261
4MSG59SQ,9,0,http://www.wikidata.org/entity/Q5223666
4MSG59SQ,9,1,http://www.wikidata.org/entity/Q1860
4MSG59SQ,9,3,http://www.wikidata.org/entity/Q8261
4MSG59SQ,10,0,http://www.wikidata.org/entity/Q3998830
4MSG59SQ,10,1,http://www.wikidata.org/entity/Q1860
4MSG59SQ,10,3,http://www.wikidata.org/entity/Q8261
4MSG59SQ,11,0,http://www.wikidata.org/entity/Q3539207
4MSG59SQ,11,1,http://www.wikidata.org/entity/Q1860
4MSG59SQ,11,3,http://www.wikidata.org/entity/Q8261
4MSG59SQ,12,0,http://www.wikidata.org/entity/Q3736125
4MSG59SQ,12,1,http://www.wikidata.org/entity/Q1412
4MSG59SQ,12,3,http://www.wikidata.org/entity/Q8261
VL07BN7L,1,0,http://www.wikidata.org/entity/Q48844806
VL07BN7L,1,2,http://www.wikidata.org/entity/Q561247
VL07BN7L,1,3,http://www.wikidata.org/entity/Q51542163
VL07BN7L,2,0,http://www.wikidata.org/entity/Q48844695
VL07BN7L,2,2,http://www.wikidata.org/entity/Q492008
VL07BN7L,2,3,http://www.wikidata.org/entity/Q51542163
VL07BN7L,3,0,http://www.wikidata.org/entity/Q48844692
VL07BN7L,3,2,http://www.wikidata.org/entity/Q492008
VL07BN7L,3,3,http://www.wikidata.org/entity/Q51542163
VL07BN7L,4,0,http://www.wikidata.org/entity/Q48844698
VL07BN7L,4,2,http://www.wikidata.org/entity/Q490627
VL07BN7L,4,3,http://www.wikidata.org/entity/Q51542163
VL07BN7L,5,0,http://www.wikidata.org/entity/Q48844711
VL07BN7L,5,2,http://www.wikidata.org/entity/Q458713
VL07BN7L,5,3,http://www.wikidata.org/entity/Q51542163
L897PGWP,1,0,http://www.wikidata.org/entity/Q429530
L897PGWP,1,1,http://www.wikidata.org/entity/Q159
L897PGWP,1,2,http://www.wikidata.org/entity/Q385504
L897PGWP,1,4,http://www.wikidata.org/entity/Q7971
L897PGWP,2,0,http://www.wikidata.org/entity/Q3875106
L897PGWP,2,1,http://www.wikidata.org/entity/Q159
L897PGWP,2,2,http://www.wikidata.org/entity/Q385504
L897PGWP,2,4,http://www.wikidata.org/entity/Q7797
L897PGWP,3,0,http://www.wikidata.org/entity/Q3816509
L897PGWP,3,1,http://www.wikidata.org/entity/Q159
L897PGWP,3,2,http://www.wikidata.org/entity/Q385504
L897PGWP,3,4,http://www.wikidata.org/entity/Q7797
L897PGWP,4,0,http://www.wikidata.org/entity/Q2213976
L897PGWP,4,1,http://www.wikidata.org/entity/Q159
L897PGWP,4,2,http://www.wikidata.org/entity/Q385504
L897PGWP,4,4,http://www.wikidata.org/entity/Q7797
L897PGWP,5,0,http://www.wikidata.org/entity/Q2109294
L897PGWP,5,1,http://www.wikidata.org/entity/Q159
L897PGWP,5,2,http://www.wikidata.org/entity/Q385504
L897PGWP,5,4,http://www.wikidata.org/entity/Q7797
L897PGWP,6,0,http://www.wikidata.org/entity/Q2090115
L897PGWP,6,1,http://www.wikidata.org/entity/Q159
L897PGWP,6,2,http://www.wikidata.org/entity/Q385504
L897PGWP,6,4,http://www.wikidata.org/entity/Q7797
L897PGWP,7,0,http://www.wikidata.org/entity/Q1656179
L897PGWP,7,1,http://www.wikidata.org/entity/Q159
L897PGWP,7,2,http://www.wikidata.org/entity/Q385504
L897PGWP,7,4,http://www.wikidata.org/entity/Q7797
19X4NW9W,1,0,http://www.wikidata.org/entity/Q5441510
19X4NW9W,1,1,http://www.wikidata.org/entity/Q5849
19X4NW9W,1,3,http://www.wikidata.org/entity/Q28
19X4NW9W,2,0,http://www.wikidata.org/entity/Q5358642
19X4NW9W,2,1,http://www.wikidata.org/entity/Q5849
19X4NW9W,2,3,http://www.wikidata.org/entity/Q28
19X4NW9W,3,0,http://www.wikidata.org/entity/Q6414242
19X4NW9W,3,1,http://www.wikidata.org/entity/Q5849
19X4NW9W,3,3,http://www.wikidata.org/entity/Q27
19X4NW9W,4,0,http://www.wikidata.org/entity/Q6407045
19X4NW9W,4,1,http://www.wikidata.org/entity/Q5849
19X4NW9W,4,3,http://www.wikidata.org/entity/Q27
19X4NW9W,5,0,http://www.wikidata.org/entity/Q5586198
19X4NW9W,5,1,http://www.wikidata.org/entity/Q5849
19X4NW9W,5,3,http://www.wikidata.org/entity/Q27
19X4NW9W,6,0,http://www.wikidata.org/entity/Q5522139
19X4NW9W,6,1,http://www.wikidata.org/entity/Q5849
19X4NW9W,6,3,http://www.wikidata.org/entity/Q27
19X4NW9W,7,0,http://www.wikidata.org/entity/Q5379200
19X4NW9W,7,1,http://www.wikidata.org/entity/Q5849
19X4NW9W,7,3,http://www.wikidata.org/entity/Q27
19X4NW9W,8,0,http://www.wikidata.org/entity/Q5379191
19X4NW9W,8,1,http://www.wikidata.org/entity/Q5849
19X4NW9W,8,3,http://www.wikidata.org/entity/Q27
19X4NW9W,9,0,http://www.wikidata.org/entity/Q5336990
19X4NW9W,9,1,http://www.wikidata.org/entity/Q5849
19X4NW9W,9,3,http://www.wikidata.org/entity/Q27
19X4NW9W,10,0,http://www.wikidata.org/entity/Q4916494
19X4NW9W,10,1,http://www.wikidata.org/entity/Q5849
19X4NW9W,10,3,http://www.wikidata.org/entity/Q233
19X4NW9W,11,0,http://www.wikidata.org/entity/Q4653629
19X4NW9W,11,1,http://www.wikidata.org/entity/Q5849
19X4NW9W,11,3,http://www.wikidata.org/entity/Q213
19X4NW9W,12,0,http://www.wikidata.org/entity/Q4265824
19X4NW9W,12,1,http://www.wikidata.org/entity/Q5849
19X4NW9W,12,3,http://www.wikidata.org/entity/Q159
7Z9WDA1C,1,0,http://www.wikidata.org/entity/Q4121089
7Z9WDA1C,1,1,http://www.wikidata.org/entity/Q5849
7Z9WDA1C,1,3,http://www.wikidata.org/entity/Q35
7Z9WDA1C,2,0,http://www.wikidata.org/entity/Q4121087
7Z9WDA1C,2,1,http://www.wikidata.org/entity/Q5849
7Z9WDA1C,2,3,http://www.wikidata.org/entity/Q35
7Z9WDA1C,3,0,http://www.wikidata.org/entity/Q4121085
7Z9WDA1C,3,1,http://www.wikidata.org/entity/Q5849
7Z9WDA1C,3,3,http://www.wikidata.org/entity/Q35
7Z9WDA1C,4,0,http://www.wikidata.org/entity/Q4121077
7Z9WDA1C,4,1,http://www.wikidata.org/entity/Q5849
7Z9WDA1C,4,3,http://www.wikidata.org/entity/Q35
7Z9WDA1C,5,0,http://www.wikidata.org/entity/Q4121070
7Z9WDA1C,5,1,http://www.wikidata.org/entity/Q5849
7Z9WDA1C,5,3,http://www.wikidata.org/entity/Q35
7Z9WDA1C,6,0,http://www.wikidata.org/entity/Q4121069
7Z9WDA1C,6,1,http://www.wikidata.org/entity/Q5849
7Z9WDA1C,6,3,http://www.wikidata.org/entity/Q35
7Z9WDA1C,7,0,http://www.wikidata.org/entity/Q4121056
7Z9WDA1C,7,1,http://www.wikidata.org/entity/Q5849
7Z9WDA1C,7,3,http://www.wikidata.org/entity/Q35
7Z9WDA1C,8,0,http://www.wikidata.org/entity/Q4947946
7Z9WDA1C,8,1,http://www.wikidata.org/entity/Q5849
7Z9WDA1C,8,3,http://www.wikidata.org/entity/Q30
7Z9WDA1C,9,0,http://www.wikidata.org/entity/Q4916942
7Z9WDA1C,9,1,http://www.wikidata.org/entity/Q5849
7Z9WDA1C,9,3,http://www.wikidata.org/entity/Q27
TNN9DOV6,1,0,http://www.wikidata.org/entity/Q2381395
TNN9DOV6,1,2,http://www.wikidata.org/entity/Q2198453
TNN9DOV6,1,3,http://www.wikidata.org/entity/Q16977290
TNN9DOV6,2,0,http://www.wikidata.org/entity/Q2375543
TNN9DOV6,2,2,http://www.wikidata.org/entity/Q16069456
TNN9DOV6,2,3,http://www.wikidata.org/entity/Q2636411
TNN9DOV6,3,0,http://www.wikidata.org/entity/Q2399999
TNN9DOV6,3,2,http://www.wikidata.org/entity/Q2195733
TNN9DOV6,3,3,http://www.wikidata.org/entity/Q9920
TNN9DOV6,4,0,http://www.wikidata.org/entity/Q2346261
TNN9DOV6,4,2,http://www.wikidata.org/entity/Q1853249
TNN9DOV6,4,3,http://www.wikidata.org/entity/Q23070
TNN9DOV6,5,0,http://www.wikidata.org/entity/Q2303920
TNN9DOV6,5,2,http://www.wikidata.org/entity/Q26868898
TNN9DOV6,5,3,http://www.wikidata.org/entity/Q749
TNN9DOV6,6,0,http://www.wikidata.org/entity/Q2287017
TNN9DOV6,6,2,http://www.wikidata.org/entity/Q26868898
TNN9DOV6,6,3,http://www.wikidata.org/entity/Q749
TNN9DOV6,7,0,http://www.wikidata.org/entity/Q2840624
TNN9DOV6,7,2,http://www.wikidata.org/entity/Q1955250
TNN9DOV6,7,3,http://www.wikidata.org/entity/Q1061677
TNN9DOV6,8,0,http://www.wikidata.org/entity/Q2920635
TNN9DOV6,8,2,http://www.wikidata.org/entity/Q21011418
TNN9DOV6,8,3,http://www.wikidata.org/entity/Q984437
TNN9DOV6,9,0,http://www.wikidata.org/entity/Q1975231
TNN9DOV6,9,2,http://www.wikidata.org/entity/Q3544364
TNN9DOV6,9,3,http://www.wikidata.org/entity/Q2033101
WE3IB6CN,1,0,http://www.wikidata.org/entity/Q4121777
WE3IB6CN,1,1,http://www.wikidata.org/entity/Q4121849
WE3IB6CN,1,3,http://www.wikidata.org/entity/Q489557
WE3IB6CN,2,0,http://www.wikidata.org/entity/Q4121949
WE3IB6CN,2,1,http://www.wikidata.org/entity/Q4121777
WE3IB6CN,2,3,http://www.wikidata.org/entity/Q489557
WE3IB6CN,3,0,http://www.wikidata.org/entity/Q4121770
WE3IB6CN,3,1,http://www.wikidata.org/entity/Q4886009
WE3IB6CN,3,3,http://www.wikidata.org/entity/Q220914
WE3IB6CN,4,0,http://www.wikidata.org/entity/Q4121837
WE3IB6CN,4,1,http://www.wikidata.org/entity/Q4121770
WE3IB6CN,4,3,http://www.wikidata.org/entity/Q220914
WE3IB6CN,5,0,http://www.wikidata.org/entity/Q2912464
WE3IB6CN,5,1,http://www.wikidata.org/entity/Q12403272
WE3IB6CN,5,3,http://www.wikidata.org/entity/Q217782
WE3IB6CN,6,0,http://www.wikidata.org/entity/Q12408579
WE3IB6CN,6,1,http://www.wikidata.org/entity/Q12403271
WE3IB6CN,6,3,http://www.wikidata.org/entity/Q217642
WE3IB6CN,7,0,http://www.wikidata.org/entity/Q11042524
WE3IB6CN,7,1,http://www.wikidata.org/entity/Q12403276
WE3IB6CN,7,3,http://www.wikidata.org/entity/Q217185
S4NFSARA,1,0,http://www.wikidata.org/entity/Q407473
S4NFSARA,1,2,http://www.wikidata.org/entity/Q21174298
S4NFSARA,1,4,http://www.wikidata.org/entity/Q556
S4NFSARA,2,0,http://www.wikidata.org/entity/Q407684
S4NFSARA,2,2,http://www.wikidata.org/entity/Q21174145
S4NFSARA,2,4,http://www.wikidata.org/entity/Q556
S4NFSARA,3,0,http://www.wikidata.org/entity/Q334599
S4NFSARA,3,2,http://www.wikidata.org/entity/Q21167853
S4NFSARA,3,4,http://www.wikidata.org/entity/Q556
S4NFSARA,4,0,http://www.wikidata.org/entity/Q609621
S4NFSARA,4,2,http://www.wikidata.org/entity/Q21174893
S4NFSARA,4,4,http://www.wikidata.org/entity/Q151446
1XZR8K8I,1,0,http://www.wikidata.org/entity/Q989733
1XZR8K8I,1,2,http://www.wikidata.org/entity/Q29
1XZR8K8I,2,0,http://www.wikidata.org/entity/Q57965
1XZR8K8I,2,2,http://www.wikidata.org/entity/Q17
1XZR8K8I,3,0,http://www.wikidata.org/entity/Q134883
1XZR8K8I,3,2,http://www.wikidata.org/entity/Q16
1XZR8K8I,4,0,http://www.wikidata.org/entity/Q63800497
1XZR8K8I,4,2,http://www.wikidata.org/entity/Q212
SFWEY6R9,1,0,http://www.wikidata.org/entity/Q56786698
SFWEY6R9,1,1,http://www.wikidata.org/entity/Q1983986
SFWEY6R9,1,2,http://www.wikidata.org/entity/Q29
SFWEY6R9,1,3,http://www.wikidata.org/entity/Q1975533
SFWEY6R9,2,0,http://www.wikidata.org/entity/Q56786697
SFWEY6R9,2,1,http://www.wikidata.org/entity/Q1983986
SFWEY6R9,2,2,http://www.wikidata.org/entity/Q29
SFWEY6R9,2,3,http://www.wikidata.org/entity/Q1975533
SFWEY6R9,3,0,http://www.wikidata.org/entity/Q56791731
SFWEY6R9,3,1,http://www.wikidata.org/entity/Q995682
SFWEY6R9,3,2,http://www.wikidata.org/entity/Q29
SFWEY6R9,3,3,http://www.wikidata.org/entity/Q1975533
SFWEY6R9,4,0,http://www.wikidata.org/entity/Q56791730
SFWEY6R9,4,1,http://www.wikidata.org/entity/Q995682
SFWEY6R9,4,2,http://www.wikidata.org/entity/Q29
SFWEY6R9,4,3,http://www.wikidata.org/entity/Q1975533
SFWEY6R9,5,0,http://www.wikidata.org/entity/Q56791728
SFWEY6R9,5,1,http://www.wikidata.org/entity/Q995682
SFWEY6R9,5,2,http://www.wikidata.org/entity/Q29
SFWEY6R9,5,3,http://www.wikidata.org/entity/Q1975533
SFWEY6R9,6,0,http://www.wikidata.org/entity/Q56791726
SFWEY6R9,6,1,http://www.wikidata.org/entity/Q995682
SFWEY6R9,6,2,http://www.wikidata.org/entity/Q29
SFWEY6R9,6,3,http://www.wikidata.org/entity/Q1975533
SFWEY6R9,7,0,http://www.wikidata.org/entity/Q56791723
SFWEY6R9,7,1,http://www.wikidata.org/entity/Q995682
SFWEY6R9,7,2,http://www.wikidata.org/entity/Q29
SFWEY6R9,7,3,http://www.wikidata.org/entity/Q1975533
SFWEY6R9,8,0,http://www.wikidata.org/entity/Q56791721
SFWEY6R9,8,1,http://www.wikidata.org/entity/Q995682
SFWEY6R9,8,2,http://www.wikidata.org/entity/Q29
SFWEY6R9,8,3,http://www.wikidata.org/entity/Q1975533
SFWEY6R9,9,0,http://www.wikidata.org/entity/Q56791720
SFWEY6R9,9,1,http://www.wikidata.org/entity/Q995682
SFWEY6R9,9,2,http://www.wikidata.org/entity/Q29
SFWEY6R9,9,3,http://www.wikidata.org/entity/Q1975533
SFWEY6R9,10,0,http://www.wikidata.org/entity/Q56791718
SFWEY6R9,10,1,http://www.wikidata.org/entity/Q995682
SFWEY6R9,10,2,http://www.wikidata.org/entity/Q29
SFWEY6R9,10,3,http://www.wikidata.org/entity/Q1975533
SFWEY6R9,11,0,http://www.wikidata.org/entity/Q56791716
SFWEY6R9,11,1,http://www.wikidata.org/entity/Q995682
SFWEY6R9,11,2,http://www.wikidata.org/entity/Q29
SFWEY6R9,11,3,http://www.wikidata.org/entity/Q1975533
SFWEY6R9,12,0,http://www.wikidata.org/entity/Q56791714
SFWEY6R9,12,1,http://www.wikidata.org/entity/Q995682
SFWEY6R9,12,2,http://www.wikidata.org/entity/Q29
SFWEY6R9,12,3,http://www.wikidata.org/entity/Q1975533
LD19DJ08,1,0,http://www.wikidata.org/entity/Q1094338
LD19DJ08,1,3,http://www.wikidata.org/entity/Q90
LD19DJ08,2,0,http://www.wikidata.org/entity/Q860994
LD19DJ08,2,3,http://www.wikidata.org/entity/Q90
LD19DJ08,3,0,http://www.wikidata.org/entity/Q838691
LD19DJ08,3,3,http://www.wikidata.org/entity/Q90
LD19DJ08,4,0,http://www.wikidata.org/entity/Q1954370
LD19DJ08,4,3,http://www.wikidata.org/entity/Q55439919
9KW0XP4U,1,0,http://www.wikidata.org/entity/Q258100
9KW0XP4U,1,1,http://www.wikidata.org/entity/Q16563
9KW0XP4U,1,3,http://www.wikidata.org/entity/Q30
9KW0XP4U,2,0,http://www.wikidata.org/entity/Q7604973
9KW0XP4U,2,1,http://www.wikidata.org/entity/Q1509
9KW0XP4U,2,3,http://www.wikidata.org/entity/Q30
9KW0XP4U,3,0,http://www.wikidata.org/entity/Q65966479
9KW0XP4U,3,1,http://www.wikidata.org/entity/Q171357
9KW0XP4U,3,3,http://www.wikidata.org/entity/Q28
9KW0XP4U,4,0,http://www.wikidata.org/entity/Q960829
9KW0XP4U,4,1,http://www.wikidata.org/entity/Q25804
9KW0XP4U,4,3,http://www.wikidata.org/entity/Q20
1WHTL8OV,1,0,http://www.wikidata.org/entity/Q125046
1WHTL8OV,1,1,http://www.wikidata.org/entity/Q134388
1WHTL8OV,1,2,http://www.wikidata.org/entity/Q178710
1WHTL8OV,1,3,http://www.wikidata.org/entity/Q190662
1WHTL8OV,1,4,http://www.wikidata.org/entity/Q602358
1WHTL8OV,2,0,http://www.wikidata.org/entity/Q178710
1WHTL8OV,2,1,http://www.wikidata.org/entity/Q134388
1WHTL8OV,2,2,http://www.wikidata.org/entity/Q125046
1WHTL8OV,2,3,http://www.wikidata.org/entity/Q168983
1WHTL8OV,2,4,http://www.wikidata.org/entity/Q602358
1WHTL8OV,3,0,http://www.wikidata.org/entity/Q4649
1WHTL8OV,3,1,http://www.wikidata.org/entity/Q134388
1WHTL8OV,3,2,http://www.wikidata.org/entity/Q125046
1WHTL8OV,3,3,http://www.wikidata.org/entity/Q1076351
1WHTL8OV,3,4,http://www.wikidata.org/entity/Q602358
1WHTL8OV,4,0,http://www.wikidata.org/entity/Q859392
1WHTL8OV,4,1,http://www.wikidata.org/entity/Q3360794
1WHTL8OV,4,2,http://www.wikidata.org/entity/Q134388
1WHTL8OV,4,3,http://www.wikidata.org/entity/Q2995529
1WHTL8OV,4,4,http://www.wikidata.org/entity/Q602358
764GVODC,1,0,http://www.wikidata.org/entity/Q14545383
764GVODC,1,1,http://www.wikidata.org/entity/Q52557264
764GVODC,1,2,http://www.wikidata.org/entity/Q15632117
764GVODC,1,3,http://www.wikidata.org/entity/Q1342525
764GVODC,2,0,http://www.wikidata.org/entity/Q936335
764GVODC,2,1,http://www.wikidata.org/entity/Q906009
764GVODC,2,2,http://www.wikidata.org/entity/Q811165
764GVODC,2,3,http://www.wikidata.org/entity/Q2013767
764GVODC,3,0,http://www.wikidata.org/entity/Q1689058
764GVODC,3,1,http://www.wikidata.org/entity/Q705366
764GVODC,3,2,http://www.wikidata.org/entity/Q811165
764GVODC,3,3,http://www.wikidata.org/entity/Q2013767
764GVODC,4,0,http://www.wikidata.org/entity/Q686580
764GVODC,4,1,http://www.wikidata.org/entity/Q806745
764GVODC,4,2,http://www.wikidata.org/entity/Q1188447
764GVODC,4,3,http://www.wikidata.org/entity/Q1741
U6FKX24S,1,0,http://www.wikidata.org/entity/Q494560
U6FKX24S,1,1,http://www.wikidata.org/entity/Q578328
U6FKX24S,2,0,http://www.wikidata.org/entity/Q484263
U6FKX24S,2,1,http://www.wikidata.org/entity/Q578289
U6FKX24S,3,0,http://www.wikidata.org/entity/Q486440
U6FKX24S,3,1,http://www.wikidata.org/entity/Q577971
U6FKX24S,4,0,http://www.wikidata.org/entity/Q110561
U6FKX24S,4,1,http://www.wikidata.org/entity/Q577958
U6FKX24S,5,0,http://www.wikidata.org/entity/Q486448
U6FKX24S,5,1,http://www.wikidata.org/entity/Q577939
U6FKX24S,6,0,http://www.wikidata.org/entity/Q112137
U6FKX24S,6,1,http://www.wikidata.org/entity/Q577909
U6FKX24S,7,0,http://www.wikidata.org/entity/Q486530
U6FKX24S,7,1,http://www.wikidata.org/entity/Q577903
U6FKX24S,8,0,http://www.wikidata.org/entity/Q491004
U6FKX24S,8,1,http://www.wikidata.org/entity/Q577878
U6FKX24S,9,0,http://www.wikidata.org/entity/Q490989
U6FKX24S,9,1,http://www.wikidata.org/entity/Q577853
U6FKX24S,10,0,http://www.wikidata.org/entity/Q115332
U6FKX24S,10,1,http://www.wikidata.org/entity/Q577839
U6FKX24S,11,0,http://www.wikidata.org/entity/Q111400
U6FKX24S,11,1,http://www.wikidata.org/entity/Q577802
U6FKX24S,12,0,http://www.wikidata.org/entity/Q111584
U6FKX24S,12,1,http://www.wikidata.org/entity/Q577674
U6FKX24S,13,0,http://www.wikidata.org/entity/Q491021
U6FKX24S,13,1,http://www.wikidata.org/entity/Q577638
H6GI0TXP,1,0,http://www.wikidata.org/entity/Q808457
H6GI0TXP,1,1,http://www.wikidata.org/entity/Q15700834
H6GI0TXP,1,2,http://www.wikidata.org/entity/Q84
H6GI0TXP,1,3,http://www.wikidata.org/entity/Q32515
H6GI0TXP,1,5,http://www.wikidata.org/entity/Q1501071
H6GI0TXP,2,0,http://www.wikidata.org/entity/Q44440
H6GI0TXP,2,1,http://www.wikidata.org/entity/Q2933979
H6GI0TXP,2,2,http://www.wikidata.org/entity/Q62
H6GI0TXP,2,3,http://www.wikidata.org/entity/Q62
H6GI0TXP,2,5,http://www.wikidata.org/entity/Q5579434
H6GI0TXP,3,0,http://www.wikidata.org/entity/Q54495
H6GI0TXP,3,1,http://www.wikidata.org/entity/Q20747146
H6GI0TXP,3,2,http://www.wikidata.org/entity/Q3130
H6GI0TXP,3,3,http://www.wikidata.org/entity/Q3130
H6GI0TXP,3,5,http://www.wikidata.org/entity/Q540967
H6GI0TXP,4,0,http://www.wikidata.org/entity/Q880843
H6GI0TXP,4,1,http://www.wikidata.org/entity/Q15700834
H6GI0TXP,4,2,http://www.wikidata.org/entity/Q84
H6GI0TXP,4,3,http://www.wikidata.org/entity/Q23311
H6GI0TXP,4,5,http://www.wikidata.org/entity/Q1093862
510PK27Z,1,0,http://www.wikidata.org/entity/Q79868521
510PK27Z,1,2,http://www.wikidata.org/entity/Q2277827
510PK27Z,2,0,http://www.wikidata.org/entity/Q86382242
510PK27Z,2,2,http://www.wikidata.org/entity/Q1816301
510PK27Z,3,0,http://www.wikidata.org/entity/Q84729390
510PK27Z,3,2,http://www.wikidata.org/entity/Q1618645
510PK27Z,4,0,http://www.wikidata.org/entity/Q84729389
510PK27Z,4,2,http://www.wikidata.org/entity/Q1618645
510PK27Z,5,0,http://www.wikidata.org/entity/Q79889806
510PK27Z,5,2,http://www.wikidata.org/entity/Q1233913
510PK27Z,6,0,http://www.wikidata.org/entity/Q79889805
510PK27Z,6,2,http://www.wikidata.org/entity/Q1233913
510PK27Z,7,0,http://www.wikidata.org/entity/Q79889804
510PK27Z,7,2,http://www.wikidata.org/entity/Q1233913
510PK27Z,8,0,http://www.wikidata.org/entity/Q79889803
510PK27Z,8,2,http://www.wikidata.org/entity/Q1233913
510PK27Z,9,0,http://www.wikidata.org/entity/Q84243238
510PK27Z,9,2,http://www.wikidata.org/entity/Q279049
510PK27Z,10,0,http://www.wikidata.org/entity/Q84243140
510PK27Z,10,2,http://www.wikidata.org/entity/Q279049
510PK27Z,11,0,http://www.wikidata.org/entity/Q84962598
510PK27Z,11,2,http://www.wikidata.org/entity/Q255409
510PK27Z,12,0,http://www.wikidata.org/entity/Q84962539
510PK27Z,12,2,http://www.wikidata.org/entity/Q255409
510PK27Z,13,0,http://www.wikidata.org/entity/Q83179964
510PK27Z,13,2,http://www.wikidata.org/entity/Q63828
510PK27Z,14,0,http://www.wikidata.org/entity/Q83179738
510PK27Z,14,2,http://www.wikidata.org/entity/Q63828
N4PKAS9O,1,0,http://www.wikidata.org/entity/Q2974647
N4PKAS9O,1,1,http://www.wikidata.org/entity/Q223140
N4PKAS9O,1,2,http://www.wikidata.org/entity/Q3447741
N4PKAS9O,1,4,http://www.wikidata.org/entity/Q142
N4PKAS9O,2,0,http://www.wikidata.org/entity/Q2974640
N4PKAS9O,2,1,http://www.wikidata.org/entity/Q210720
N4PKAS9O,2,2,http://www.wikidata.org/entity/Q3368087
N4PKAS9O,2,4,http://www.wikidata.org/entity/Q142
N4PKAS9O,3,0,http://www.wikidata.org/entity/Q2974714
N4PKAS9O,3,1,http://www.wikidata.org/entity/Q204622
N4PKAS9O,3,2,http://www.wikidata.org/entity/Q2922032
N4PKAS9O,3,4,http://www.wikidata.org/entity/Q142
N4PKAS9O,4,0,http://www.wikidata.org/entity/Q2974676
N4PKAS9O,4,1,http://www.wikidata.org/entity/Q204622
N4PKAS9O,4,2,http://www.wikidata.org/entity/Q2922032
N4PKAS9O,4,4,http://www.wikidata.org/entity/Q142
2YQOAOMJ,1,0,http://www.wikidata.org/entity/Q3291538
2YQOAOMJ,1,1,http://www.wikidata.org/entity/Q941023
2YQOAOMJ,1,2,http://www.wikidata.org/entity/Q504846
2YQOAOMJ,1,3,http://www.wikidata.org/entity/Q54520
2YQOAOMJ,2,0,http://www.wikidata.org/entity/Q2069422
2YQOAOMJ,2,1,http://www.wikidata.org/entity/Q3134980
2YQOAOMJ,2,2,http://www.wikidata.org/entity/Q115551
2YQOAOMJ,2,3,http://www.wikidata.org/entity/Q567731
2YQOAOMJ,3,0,http://www.wikidata.org/entity/Q2360005
2YQOAOMJ,3,1,http://www.wikidata.org/entity/Q941023
2YQOAOMJ,3,2,http://www.wikidata.org/entity/Q504441
2YQOAOMJ,3,3,http://www.wikidata.org/entity/Q766594
2YQOAOMJ,4,0,http://www.wikidata.org/entity/Q876315
2YQOAOMJ,4,1,http://www.wikidata.org/entity/Q3134980
2YQOAOMJ,4,2,http://www.wikidata.org/entity/Q484991
2YQOAOMJ,4,3,http://www.wikidata.org/entity/Q2449144
X95VXD1R,1,0,http://www.wikidata.org/entity/Q52028
X95VXD1R,1,1,http://www.wikidata.org/entity/Q233588
X95VXD1R,1,3,http://www.wikidata.org/entity/Q476008
X95VXD1R,2,0,http://www.wikidata.org/entity/Q13025347
X95VXD1R,2,1,http://www.wikidata.org/entity/Q14523654
X95VXD1R,2,3,http://www.wikidata.org/entity/Q14523654
X95VXD1R,3,0,http://www.wikidata.org/entity/Q867579
X95VXD1R,3,1,http://www.wikidata.org/entity/Q1081620
X95VXD1R,3,3,http://www.wikidata.org/entity/Q476061
X95VXD1R,4,0,http://www.wikidata.org/entity/Q203370
X95VXD1R,4,1,http://www.wikidata.org/entity/Q1081620
X95VXD1R,4,3,http://www.wikidata.org/entity/Q476434
Y5F1I53G,1,0,http://www.wikidata.org/entity/Q7862641
Y5F1I53G,1,1,http://www.wikidata.org/entity/Q1321914
Y5F1I53G,1,2,http://www.wikidata.org/entity/Q1193463
Y5F1I53G,1,3,http://www.wikidata.org/entity/Q21855034
Y5F1I53G,2,0,http://www.wikidata.org/entity/Q11628911
Y5F1I53G,2,1,http://www.wikidata.org/entity/Q83543
Y5F1I53G,2,2,http://www.wikidata.org/entity/Q5365683
Y5F1I53G,2,3,http://www.wikidata.org/entity/Q110701
Y5F1I53G,3,0,http://www.wikidata.org/entity/Q30634535
Y5F1I53G,3,1,http://www.wikidata.org/entity/Q6102213
Y5F1I53G,3,2,http://www.wikidata.org/entity/Q1999572
Y5F1I53G,3,3,http://www.wikidata.org/entity/Q110701
Y5F1I53G,4,0,http://www.wikidata.org/entity/Q21523607
Y5F1I53G,4,1,http://www.wikidata.org/entity/Q6102213
Y5F1I53G,4,2,http://www.wikidata.org/entity/Q1999572
Y5F1I53G,4,3,http://www.wikidata.org/entity/Q110701
G79GEIQD,1,0,http://www.wikidata.org/entity/Q2215879
G79GEIQD,1,1,http://www.wikidata.org/entity/Q159
G79GEIQD,1,2,http://www.wikidata.org/entity/Q6723
G79GEIQD,2,0,http://www.wikidata.org/entity/Q2036985
G79GEIQD,2,1,http://www.wikidata.org/entity/Q159
G79GEIQD,2,2,http://www.wikidata.org/entity/Q6723
G79GEIQD,3,0,http://www.wikidata.org/entity/Q2036976
G79GEIQD,3,1,http://www.wikidata.org/entity/Q159
G79GEIQD,3,2,http://www.wikidata.org/entity/Q6723
G79GEIQD,4,0,http://www.wikidata.org/entity/Q4504357
G79GEIQD,4,1,http://www.wikidata.org/entity/Q159
G79GEIQD,4,2,http://www.wikidata.org/entity/Q1322118
AX4E9QOJ,1,0,http://www.wikidata.org/entity/Q3567951
AX4E9QOJ,1,1,http://www.wikidata.org/entity/Q10962
AX4E9QOJ,1,2,http://www.wikidata.org/entity/Q2955893
AX4E9QOJ,2,0,http://www.wikidata.org/entity/Q2352689
AX4E9QOJ,2,1,http://www.wikidata.org/entity/Q10962
AX4E9QOJ,2,2,http://www.wikidata.org/entity/Q2955893
AX4E9QOJ,3,0,http://www.wikidata.org/entity/Q3462124
AX4E9QOJ,3,1,http://www.wikidata.org/entity/Q10962
AX4E9QOJ,3,2,http://www.wikidata.org/entity/Q1617018
AX4E9QOJ,4,0,http://www.wikidata.org/entity/Q3469726
AX4E9QOJ,4,1,http://www.wikidata.org/entity/Q10962
AX4E9QOJ,4,2,http://www.wikidata.org/entity/Q1142995
AX4E9QOJ,5,0,http://www.wikidata.org/entity/Q3229159
AX4E9QOJ,5,1,http://www.wikidata.org/entity/Q10962
AX4E9QOJ,5,2,http://www.wikidata.org/entity/Q1142995
AX4E9QOJ,6,0,http://www.wikidata.org/entity/Q3142169
AX4E9QOJ,6,1,http://www.wikidata.org/entity/Q10962
AX4E9QOJ,6,2,http://www.wikidata.org/entity/Q1142995
AX4E9QOJ,7,0,http://www.wikidata.org/entity/Q2941467
AX4E9QOJ,7,1,http://www.wikidata.org/entity/Q10962
AX4E9QOJ,7,2,http://www.wikidata.org/entity/Q1142995
AX4E9QOJ,8,0,http://www.wikidata.org/entity/Q2549837
AX4E9QOJ,8,1,http://www.wikidata.org/entity/Q10962
AX4E9QOJ,8,2,http://www.wikidata.org/entity/Q1142995
AX4E9QOJ,9,0,http://www.wikidata.org/entity/Q1210267
AX4E9QOJ,9,1,http://www.wikidata.org/entity/Q10962
AX4E9QOJ,9,2,http://www.wikidata.org/entity/Q1142995
AX4E9QOJ,10,0,http://www.wikidata.org/entity/Q1202117
AX4E9QOJ,10,1,http://www.wikidata.org/entity/Q10962
AX4E9QOJ,10,2,http://www.wikidata.org/entity/Q1142995
POXTZFZG,1,0,http://www.wikidata.org/entity/Q3300982
POXTZFZG,1,3,http://www.wikidata.org/entity/Q510244
POXTZFZG,1,6,http://www.wikidata.org/entity/Q2086913
POXTZFZG,2,0,http://www.wikidata.org/entity/Q2671434
POXTZFZG,2,3,http://www.wikidata.org/entity/Q500908
POXTZFZG,2,6,http://www.wikidata.org/entity/Q2086913
POXTZFZG,3,0,http://www.wikidata.org/entity/Q2671421
POXTZFZG,3,3,http://www.wikidata.org/entity/Q495332
POXTZFZG,3,6,http://www.wikidata.org/entity/Q5385
POXTZFZG,4,0,http://www.wikidata.org/entity/Q2609667
POXTZFZG,4,3,http://www.wikidata.org/entity/Q202454
POXTZFZG,4,6,http://www.wikidata.org/entity/Q5385
DRUPKJG6,1,0,http://www.wikidata.org/entity/Q732973
DRUPKJG6,1,1,http://www.wikidata.org/entity/Q847
DRUPKJG6,1,2,http://www.wikidata.org/entity/Q23899556
DRUPKJG6,2,0,http://www.wikidata.org/entity/Q299382
DRUPKJG6,2,1,http://www.wikidata.org/entity/Q847
DRUPKJG6,2,2,http://www.wikidata.org/entity/Q11774589
DRUPKJG6,3,0,http://www.wikidata.org/entity/Q4381821
DRUPKJG6,3,1,http://www.wikidata.org/entity/Q5377
DRUPKJG6,3,2,http://www.wikidata.org/entity/Q7838722
DRUPKJG6,4,0,http://www.wikidata.org/entity/Q299496
DRUPKJG6,4,1,http://www.wikidata.org/entity/Q847
DRUPKJG6,4,2,http://www.wikidata.org/entity/Q7700324
DRUPKJG6,5,0,http://www.wikidata.org/entity/Q461834
DRUPKJG6,5,1,http://www.wikidata.org/entity/Q847
DRUPKJG6,5,2,http://www.wikidata.org/entity/Q6552579
DRUPKJG6,6,0,http://www.wikidata.org/entity/Q755314
DRUPKJG6,6,1,http://www.wikidata.org/entity/Q847
DRUPKJG6,6,2,http://www.wikidata.org/entity/Q5433073
DRUPKJG6,7,0,http://www.wikidata.org/entity/Q299125
DRUPKJG6,7,1,http://www.wikidata.org/entity/Q847
DRUPKJG6,7,2,http://www.wikidata.org/entity/Q5430581
DRUPKJG6,8,0,http://www.wikidata.org/entity/Q270907
DRUPKJG6,8,1,http://www.wikidata.org/entity/Q847
DRUPKJG6,8,2,http://www.wikidata.org/entity/Q5364202
YWBN5FAA,1,0,http://www.wikidata.org/entity/Q319496
YWBN5FAA,1,1,http://www.wikidata.org/entity/Q13219666
YWBN5FAA,1,2,http://www.wikidata.org/entity/Q948442
YWBN5FAA,1,3,http://www.wikidata.org/entity/Q198718
YWBN5FAA,2,0,http://www.wikidata.org/entity/Q1161519
YWBN5FAA,2,1,http://www.wikidata.org/entity/Q13219666
YWBN5FAA,2,2,http://www.wikidata.org/entity/Q924245
YWBN5FAA,2,3,http://www.wikidata.org/entity/Q198718
YWBN5FAA,3,0,http://www.wikidata.org/entity/Q299496
YWBN5FAA,3,1,http://www.wikidata.org/entity/Q13219666
YWBN5FAA,3,2,http://www.wikidata.org/entity/Q744089
YWBN5FAA,3,3,http://www.wikidata.org/entity/Q198718
YWBN5FAA,4,0,http://www.wikidata.org/entity/Q299439
YWBN5FAA,4,1,http://www.wikidata.org/entity/Q13219666
YWBN5FAA,4,2,http://www.wikidata.org/entity/Q744089
YWBN5FAA,4,3,http://www.wikidata.org/entity/Q198718
ECH5I2UT,1,0,http://www.wikidata.org/entity/Q207858
ECH5I2UT,1,1,http://www.wikidata.org/entity/Q52824
ECH5I2UT,1,2,http://www.wikidata.org/entity/Q130436
ECH5I2UT,1,3,http://www.wikidata.org/entity/Q459939
ECH5I2UT,2,0,http://www.wikidata.org/entity/Q29297050
ECH5I2UT,2,1,http://www.wikidata.org/entity/Q29297151
ECH5I2UT,2,2,http://www.wikidata.org/entity/Q35355
ECH5I2UT,2,3,http://www.wikidata.org/entity/Q389688
ECH5I2UT,3,0,http://www.wikidata.org/entity/Q52824
ECH5I2UT,3,1,http://www.wikidata.org/entity/Q844172
ECH5I2UT,3,2,http://www.wikidata.org/entity/Q130436
ECH5I2UT,3,3,http://www.wikidata.org/entity/Q207858
ECH5I2UT,4,0,http://www.wikidata.org/entity/Q36422
ECH5I2UT,4,1,http://www.wikidata.org/entity/Q44155
ECH5I2UT,4,2,http://www.wikidata.org/entity/Q11759
ECH5I2UT,4,3,http://www.wikidata.org/entity/Q130253
2EAB7WGW,1,0,http://www.wikidata.org/entity/Q1082779
2EAB7WGW,1,3,http://www.wikidata.org/entity/Q4114391
2EAB7WGW,2,0,http://www.wikidata.org/entity/Q2989422
2EAB7WGW,2,3,http://www.wikidata.org/entity/Q60641618
2EAB7WGW,3,0,http://www.wikidata.org/entity/Q2990398
2EAB7WGW,3,3,http://www.wikidata.org/entity/Q602358
2EAB7WGW,4,0,http://www.wikidata.org/entity/Q2019139
2EAB7WGW,4,3,http://www.wikidata.org/entity/Q4114391
APSEQT4F,1,0,http://www.wikidata.org/entity/Q507978
APSEQT4F,1,1,http://www.wikidata.org/entity/Q26702
APSEQT4F,1,2,http://www.wikidata.org/entity/Q222573
APSEQT4F,1,3,http://www.wikidata.org/entity/Q21073033
APSEQT4F,2,0,http://www.wikidata.org/entity/Q30060373
APSEQT4F,2,1,http://www.wikidata.org/entity/Q30060602
APSEQT4F,2,2,http://www.wikidata.org/entity/Q2479076
APSEQT4F,2,3,http://www.wikidata.org/entity/Q30060514
APSEQT4F,3,0,http://www.wikidata.org/entity/Q12094271
APSEQT4F,3,1,http://www.wikidata.org/entity/Q2328889
APSEQT4F,3,2,http://www.wikidata.org/entity/Q2595584
APSEQT4F,3,3,http://www.wikidata.org/entity/Q18214896
APSEQT4F,4,0,http://www.wikidata.org/entity/Q2009573
APSEQT4F,4,1,http://www.wikidata.org/entity/Q184560
APSEQT4F,4,2,http://www.wikidata.org/entity/Q215972
APSEQT4F,4,3,http://www.wikidata.org/entity/Q2089037
RCOUT20R,1,0,http://www.wikidata.org/entity/Q18683177
RCOUT20R,1,1,http://www.wikidata.org/entity/Q165631
RCOUT20R,1,2,http://www.wikidata.org/entity/Q1337464
RCOUT20R,1,3,http://www.wikidata.org/entity/Q947129
RCOUT20R,2,0,http://www.wikidata.org/entity/Q667202
RCOUT20R,2,1,http://www.wikidata.org/entity/Q869130
RCOUT20R,2,2,http://www.wikidata.org/entity/Q282554
RCOUT20R,2,3,http://www.wikidata.org/entity/Q947129
RCOUT20R,3,0,http://www.wikidata.org/entity/Q22920999
RCOUT20R,3,1,http://www.wikidata.org/entity/Q613619
RCOUT20R,3,2,http://www.wikidata.org/entity/Q23800
RCOUT20R,3,3,http://www.wikidata.org/entity/Q808561
RCOUT20R,4,0,http://www.wikidata.org/entity/Q3395798
RCOUT20R,4,1,http://www.wikidata.org/entity/Q160236
RCOUT20R,4,2,http://www.wikidata.org/entity/Q15118611
RCOUT20R,4,3,http://www.wikidata.org/entity/Q443153
A3TU23CL,1,0,http://www.wikidata.org/entity/Q1193472
A3TU23CL,1,1,http://www.wikidata.org/entity/Q57312855
A3TU23CL,1,2,http://www.wikidata.org/entity/Q651276
A3TU23CL,1,3,http://www.wikidata.org/entity/Q545971
A3TU23CL,1,4,http://www.wikidata.org/entity/Q83279
A3TU23CL,2,0,http://www.wikidata.org/entity/Q338430
A3TU23CL,2,1,http://www.wikidata.org/entity/Q126680
A3TU23CL,2,2,http://www.wikidata.org/entity/Q4729667
A3TU23CL,2,3,http://www.wikidata.org/entity/Q645412
A3TU23CL,2,4,http://www.wikidata.org/entity/Q609436
A3TU23CL,3,0,http://www.wikidata.org/entity/Q79015
A3TU23CL,3,1,http://www.wikidata.org/entity/Q430698
A3TU23CL,3,2,http://www.wikidata.org/entity/Q5229132
A3TU23CL,3,3,http://www.wikidata.org/entity/Q23017888
A3TU23CL,3,4,http://www.wikidata.org/entity/Q4353838
A3TU23CL,4,0,http://www.wikidata.org/entity/Q2695156
A3TU23CL,4,1,http://www.wikidata.org/entity/Q158931
A3TU23CL,4,2,http://www.wikidata.org/entity/Q18245775
A3TU23CL,4,3,http://www.wikidata.org/entity/Q579371
A3TU23CL,4,4,http://www.wikidata.org/entity/Q596699
X58CTVG7,1,0,http://www.wikidata.org/entity/Q2620732
X58CTVG7,1,1,http://www.wikidata.org/entity/Q5597
X58CTVG7,1,2,http://www.wikidata.org/entity/Q3437
X58CTVG7,1,3,http://www.wikidata.org/entity/Q1474884
X58CTVG7,1,4,http://www.wikidata.org/entity/Q345
X58CTVG7,2,0,http://www.wikidata.org/entity/Q24531
X58CTVG7,2,1,http://www.wikidata.org/entity/Q5664
X58CTVG7,2,2,http://www.wikidata.org/entity/Q3330320
X58CTVG7,2,3,http://www.wikidata.org/entity/Q1404472
X58CTVG7,2,4,http://www.wikidata.org/entity/Q345
X58CTVG7,3,0,http://www.wikidata.org/entity/Q602530
X58CTVG7,3,1,http://www.wikidata.org/entity/Q333380
X58CTVG7,3,2,http://www.wikidata.org/entity/Q1948674
X58CTVG7,3,3,http://www.wikidata.org/entity/Q443153
X58CTVG7,3,4,http://www.wikidata.org/entity/Q302
X58CTVG7,4,0,http://www.wikidata.org/entity/Q115728
X58CTVG7,4,1,http://www.wikidata.org/entity/Q5577
X58CTVG7,4,2,http://www.wikidata.org/entity/Q188370
X58CTVG7,4,3,http://www.wikidata.org/entity/Q39427
X58CTVG7,4,4,http://www.wikidata.org/entity/Q152
SQ02XHJQ,1,0,http://www.wikidata.org/entity/Q158952
SQ02XHJQ,1,1,http://www.wikidata.org/entity/Q115760
SQ02XHJQ,1,2,http://www.wikidata.org/entity/Q2335092
SQ02XHJQ,1,3,http://www.wikidata.org/entity/Q3636199
SQ02XHJQ,2,0,http://www.wikidata.org/entity/Q623059
SQ02XHJQ,2,1,http://www.wikidata.org/entity/Q93542
SQ02XHJQ,2,2,http://www.wikidata.org/entity/Q1778168
SQ02XHJQ,2,3,http://www.wikidata.org/entity/Q547612
SQ02XHJQ,3,0,http://www.wikidata.org/entity/Q187349
SQ02XHJQ,3,1,http://www.wikidata.org/entity/Q496902
SQ02XHJQ,3,2,http://www.wikidata.org/entity/Q4925477
SQ02XHJQ,3,3,http://www.wikidata.org/entity/Q2731317
SQ02XHJQ,4,0,http://www.wikidata.org/entity/Q79015
SQ02XHJQ,4,1,http://www.wikidata.org/entity/Q29715
SQ02XHJQ,4,2,http://www.wikidata.org/entity/Q3679146
SQ02XHJQ,4,3,http://www.wikidata.org/entity/Q845922
C50E8ID5,1,0,http://www.wikidata.org/entity/Q874973
C50E8ID5,1,1,http://www.wikidata.org/entity/Q16957
C50E8ID5,1,3,http://www.wikidata.org/entity/Q48101
C50E8ID5,2,0,http://www.wikidata.org/entity/Q872862
C50E8ID5,2,1,http://www.wikidata.org/entity/Q16957
C50E8ID5,2,3,http://www.wikidata.org/entity/Q48101
C50E8ID5,3,0,http://www.wikidata.org/entity/Q783726
C50E8ID5,3,1,http://www.wikidata.org/entity/Q16957
C50E8ID5,3,3,http://www.wikidata.org/entity/Q48101
C50E8ID5,4,0,http://www.wikidata.org/entity/Q613708
C50E8ID5,4,1,http://www.wikidata.org/entity/Q16957
C50E8ID5,4,3,http://www.wikidata.org/entity/Q48101
C50E8ID5,5,0,http://www.wikidata.org/entity/Q1537973
C50E8ID5,5,1,http://www.wikidata.org/entity/Q16957
C50E8ID5,5,3,http://www.wikidata.org/entity/Q48098
C50E8ID5,6,0,http://www.wikidata.org/entity/Q1246920
C50E8ID5,6,1,http://www.wikidata.org/entity/Q16957
C50E8ID5,6,3,http://www.wikidata.org/entity/Q48098
C50E8ID5,7,0,http://www.wikidata.org/entity/Q1236507
C50E8ID5,7,1,http://www.wikidata.org/entity/Q16957
C50E8ID5,7,3,http://www.wikidata.org/entity/Q48098
C50E8ID5,8,0,http://www.wikidata.org/entity/Q824664
C50E8ID5,8,1,http://www.wikidata.org/entity/Q16957
C50E8ID5,8,3,http://www.wikidata.org/entity/Q48098
C50E8ID5,9,0,http://www.wikidata.org/entity/Q1284171
C50E8ID5,9,1,http://www.wikidata.org/entity/Q16957
C50E8ID5,9,3,http://www.wikidata.org/entity/Q48094
C50E8ID5,10,0,http://www.wikidata.org/entity/Q594839
C50E8ID5,10,1,http://www.wikidata.org/entity/Q16957
C50E8ID5,10,3,http://www.wikidata.org/entity/Q48094
C50E8ID5,11,0,http://www.wikidata.org/entity/Q206117
C50E8ID5,11,1,http://www.wikidata.org/entity/Q16957
C50E8ID5,11,3,http://www.wikidata.org/entity/Q48094
QUGD6B4R,1,0,http://www.wikidata.org/entity/Q7996737
QUGD6B4R,1,1,http://www.wikidata.org/entity/Q5882310
QUGD6B4R,1,2,http://www.wikidata.org/entity/Q498024
QUGD6B4R,2,0,http://www.wikidata.org/entity/Q7581085
QUGD6B4R,2,1,http://www.wikidata.org/entity/Q5611493
QUGD6B4R,2,2,http://www.wikidata.org/entity/Q498024
QUGD6B4R,3,0,http://www.wikidata.org/entity/Q7972421
QUGD6B4R,3,1,http://www.wikidata.org/entity/Q4978372
QUGD6B4R,3,2,http://www.wikidata.org/entity/Q133857
QUGD6B4R,4,0,http://www.wikidata.org/entity/Q7298209
QUGD6B4R,4,1,http://www.wikidata.org/entity/Q4792511
QUGD6B4R,4,2,http://www.wikidata.org/entity/Q133857
QUGD6B4R,5,0,http://www.wikidata.org/entity/Q7587593
QUGD6B4R,5,1,http://www.wikidata.org/entity/Q5548546
QUGD6B4R,5,2,http://www.wikidata.org/entity/Q115273
QUGD6B4R,6,0,http://www.wikidata.org/entity/Q7997415
QUGD6B4R,6,1,http://www.wikidata.org/entity/Q546887
QUGD6B4R,6,2,http://www.wikidata.org/entity/Q115273
QUGD6B4R,7,0,http://www.wikidata.org/entity/Q7856728
QUGD6B4R,7,1,http://www.wikidata.org/entity/Q456048
QUGD6B4R,7,2,http://www.wikidata.org/entity/Q82367
QUGD6B4R,8,0,http://www.wikidata.org/entity/Q5882310
QUGD6B4R,8,1,http://www.wikidata.org/entity/Q5594322
QUGD6B4R,8,2,http://www.wikidata.org/entity/Q498024
QUGD6B4R,9,0,http://www.wikidata.org/entity/Q5611493
QUGD6B4R,9,1,http://www.wikidata.org/entity/Q4816850
QUGD6B4R,9,2,http://www.wikidata.org/entity/Q498024
QUGD6B4R,10,0,http://www.wikidata.org/entity/Q6465147
QUGD6B4R,10,1,http://www.wikidata.org/entity/Q7285178
QUGD6B4R,10,2,http://www.wikidata.org/entity/Q195658
QUGD6B4R,11,0,http://www.wikidata.org/entity/Q7109079
QUGD6B4R,11,1,http://www.wikidata.org/entity/Q2224644
QUGD6B4R,11,2,http://www.wikidata.org/entity/Q133860
QUGD6B4R,12,0,http://www.wikidata.org/entity/Q6523193
QUGD6B4R,12,1,http://www.wikidata.org/entity/Q7331023
QUGD6B4R,12,2,http://www.wikidata.org/entity/Q133857
QUGD6B4R,13,0,http://www.wikidata.org/entity/Q5548546
QUGD6B4R,13,1,http://www.wikidata.org/entity/Q280012
QUGD6B4R,13,2,http://www.wikidata.org/entity/Q115273
YQCHRDEP,1,0,http://www.wikidata.org/entity/Q55601281
YQCHRDEP,1,2,http://www.wikidata.org/entity/Q55601314
YQCHRDEP,2,0,http://www.wikidata.org/entity/Q55601253
YQCHRDEP,2,2,http://www.wikidata.org/entity/Q55601281
YQCHRDEP,3,0,http://www.wikidata.org/entity/Q55601192
YQCHRDEP,3,2,http://www.wikidata.org/entity/Q55601214
YQCHRDEP,4,0,http://www.wikidata.org/entity/Q55600953
YQCHRDEP,4,2,http://www.wikidata.org/entity/Q55600994
YQCHRDEP,5,0,http://www.wikidata.org/entity/Q55600915
YQCHRDEP,5,2,http://www.wikidata.org/entity/Q55600938
YQCHRDEP,6,0,http://www.wikidata.org/entity/Q48816355
YQCHRDEP,6,2,http://www.wikidata.org/entity/Q48817042
YQCHRDEP,7,0,http://www.wikidata.org/entity/Q48816980
YQCHRDEP,7,2,http://www.wikidata.org/entity/Q48816983
YQCHRDEP,8,0,http://www.wikidata.org/entity/Q82319031
YQCHRDEP,8,2,http://www.wikidata.org/entity/Q48816972
YQCHRDEP,9,0,http://www.wikidata.org/entity/Q48816350
YQCHRDEP,9,2,http://www.wikidata.org/entity/Q48816355
YQCHRDEP,10,0,http://www.wikidata.org/entity/Q48815452
YQCHRDEP,10,2,http://www.wikidata.org/entity/Q48815493
TI0PI264,1,0,http://www.wikidata.org/entity/Q12190
TI0PI264,1,1,http://www.wikidata.org/entity/Q623
TI0PI264,1,2,http://www.wikidata.org/entity/Q306264
TI0PI264,1,3,http://www.wikidata.org/entity/Q21199060
TI0PI264,2,0,http://www.wikidata.org/entity/Q422936
TI0PI264,2,1,http://www.wikidata.org/entity/Q209320
TI0PI264,2,2,http://www.wikidata.org/entity/Q79529
TI0PI264,2,3,http://www.wikidata.org/entity/Q21110940
TI0PI264,3,0,http://www.wikidata.org/entity/Q141180
TI0PI264,3,1,http://www.wikidata.org/entity/Q556
TI0PI264,3,2,http://www.wikidata.org/entity/Q34956
TI0PI264,3,3,http://www.wikidata.org/entity/Q21095693
TI0PI264,4,0,http://www.wikidata.org/entity/Q183453
TI0PI264,4,1,http://www.wikidata.org/entity/Q623
TI0PI264,4,2,http://www.wikidata.org/entity/Q186915
TI0PI264,4,3,http://www.wikidata.org/entity/Q21095107
F6C6ZWOK,1,0,http://www.wikidata.org/entity/Q7604795
F6C6ZWOK,1,1,http://www.wikidata.org/entity/Q557643
F6C6ZWOK,1,2,http://www.wikidata.org/entity/Q1568567
F6C6ZWOK,1,3,http://www.wikidata.org/entity/Q7333425
F6C6ZWOK,2,0,http://www.wikidata.org/entity/Q7615520
F6C6ZWOK,2,1,http://www.wikidata.org/entity/Q779
F6C6ZWOK,2,2,http://www.wikidata.org/entity/Q19558910
F6C6ZWOK,2,3,http://www.wikidata.org/entity/Q6478599
F6C6ZWOK,3,0,http://www.wikidata.org/entity/Q12981841
F6C6ZWOK,3,1,http://www.wikidata.org/entity/Q4891530
F6C6ZWOK,3,2,http://www.wikidata.org/entity/Q40461605
F6C6ZWOK,3,3,http://www.wikidata.org/entity/Q755015
F6C6ZWOK,4,0,http://www.wikidata.org/entity/Q172822
F6C6ZWOK,4,1,http://www.wikidata.org/entity/Q58696
F6C6ZWOK,4,2,http://www.wikidata.org/entity/Q624232
F6C6ZWOK,4,3,http://www.wikidata.org/entity/Q654515
K1BSVLTC,1,0,http://www.wikidata.org/entity/Q13625184
K1BSVLTC,1,1,http://www.wikidata.org/entity/Q778112
K1BSVLTC,1,2,http://www.wikidata.org/entity/Q149604
K1BSVLTC,1,3,http://www.wikidata.org/entity/Q29
K1BSVLTC,2,0,http://www.wikidata.org/entity/Q15906843
K1BSVLTC,2,1,http://www.wikidata.org/entity/Q13217428
K1BSVLTC,2,2,http://www.wikidata.org/entity/Q13625184
K1BSVLTC,2,3,http://www.wikidata.org/entity/Q29
K1BSVLTC,3,0,http://www.wikidata.org/entity/Q4584371
K1BSVLTC,3,1,http://www.wikidata.org/entity/Q1031000
K1BSVLTC,3,2,http://www.wikidata.org/entity/Q19824552
K1BSVLTC,3,3,http://www.wikidata.org/entity/Q96
K1BSVLTC,4,0,http://www.wikidata.org/entity/Q4590284
K1BSVLTC,4,1,http://www.wikidata.org/entity/Q1130828
K1BSVLTC,4,2,http://www.wikidata.org/entity/Q4589319
K1BSVLTC,4,3,http://www.wikidata.org/entity/Q29
IZMT19S4,1,0,http://www.wikidata.org/entity/Q74816768
IZMT19S4,1,1,http://www.wikidata.org/entity/Q4616387
IZMT19S4,1,2,http://www.wikidata.org/entity/Q5448019
IZMT19S4,2,0,http://www.wikidata.org/entity/Q74816761
IZMT19S4,2,1,http://www.wikidata.org/entity/Q4616387
IZMT19S4,2,2,http://www.wikidata.org/entity/Q5448019
IZMT19S4,3,0,http://www.wikidata.org/entity/Q74819460
IZMT19S4,3,1,http://www.wikidata.org/entity/Q4613068
IZMT19S4,3,2,http://www.wikidata.org/entity/Q5448019
IZMT19S4,4,0,http://www.wikidata.org/entity/Q74819438
IZMT19S4,4,1,http://www.wikidata.org/entity/Q4613068
IZMT19S4,4,2,http://www.wikidata.org/entity/Q5448019
4IKIPE74,1,0,http://www.wikidata.org/entity/Q6380945
4IKIPE74,1,3,http://www.wikidata.org/entity/Q1025823
4IKIPE74,2,0,http://www.wikidata.org/entity/Q6681898
4IKIPE74,2,3,http://www.wikidata.org/entity/Q864124
4IKIPE74,3,0,http://www.wikidata.org/entity/Q3330712
4IKIPE74,3,3,http://www.wikidata.org/entity/Q706749
4IKIPE74,4,0,http://www.wikidata.org/entity/Q4705875
4IKIPE74,4,3,http://www.wikidata.org/entity/Q490744
4IKIPE74,5,0,http://www.wikidata.org/entity/Q3521242
4IKIPE74,5,3,http://www.wikidata.org/entity/Q430464
4IKIPE74,6,0,http://www.wikidata.org/entity/Q4496319
4IKIPE74,6,3,http://www.wikidata.org/entity/Q42308
4IKIPE74,7,0,http://www.wikidata.org/entity/Q6868300
4IKIPE74,7,3,http://www.wikidata.org/entity/Q28848
4IKIPE74,8,0,http://www.wikidata.org/entity/Q7979549
4IKIPE74,8,3,http://www.wikidata.org/entity/Q18419
4IKIPE74,9,0,http://www.wikidata.org/entity/Q4653287
4IKIPE74,9,3,http://www.wikidata.org/entity/Q1428
4IKIPE74,10,0,http://www.wikidata.org/entity/Q7182666
4IKIPE74,10,3,http://www.wikidata.org/entity/Q1345
4IKIPE74,11,0,http://www.wikidata.org/entity/Q6158083
4IKIPE74,11,3,http://www.wikidata.org/entity/Q99
JEE5O4SD,1,0,http://www.wikidata.org/entity/Q633033
JEE5O4SD,1,3,http://www.wikidata.org/entity/Q334
JEE5O4SD,2,0,http://www.wikidata.org/entity/Q276811
JEE5O4SD,2,3,http://www.wikidata.org/entity/Q99
JEE5O4SD,3,0,http://www.wikidata.org/entity/Q24190891
JEE5O4SD,3,3,http://www.wikidata.org/entity/Q6503751
JEE5O4SD,4,0,http://www.wikidata.org/entity/Q14875326
JEE5O4SD,4,3,http://www.wikidata.org/entity/Q202973
9DJAEJAV,1,0,http://www.wikidata.org/entity/Q64848245
9DJAEJAV,1,1,http://www.wikidata.org/entity/Q572041
9DJAEJAV,1,2,http://www.wikidata.org/entity/Q29
9DJAEJAV,1,3,http://www.wikidata.org/entity/Q24568174
9DJAEJAV,2,0,http://www.wikidata.org/entity/Q65028547
9DJAEJAV,2,1,http://www.wikidata.org/entity/Q2656
9DJAEJAV,2,2,http://www.wikidata.org/entity/Q38
9DJAEJAV,2,3,http://www.wikidata.org/entity/Q17296768
9DJAEJAV,3,0,http://www.wikidata.org/entity/Q65017042
9DJAEJAV,3,1,http://www.wikidata.org/entity/Q20103
9DJAEJAV,3,2,http://www.wikidata.org/entity/Q38
9DJAEJAV,3,3,http://www.wikidata.org/entity/Q16913154
9DJAEJAV,4,0,http://www.wikidata.org/entity/Q64822254
9DJAEJAV,4,1,http://www.wikidata.org/entity/Q2843
9DJAEJAV,4,2,http://www.wikidata.org/entity/Q183
9DJAEJAV,4,3,http://www.wikidata.org/entity/Q15813909
9DJAEJAV,5,0,http://www.wikidata.org/entity/Q64822253
9DJAEJAV,5,1,http://www.wikidata.org/entity/Q2843
9DJAEJAV,5,2,http://www.wikidata.org/entity/Q183
9DJAEJAV,5,3,http://www.wikidata.org/entity/Q15813909
9DJAEJAV,6,0,http://www.wikidata.org/entity/Q64822252
9DJAEJAV,6,1,http://www.wikidata.org/entity/Q2843
9DJAEJAV,6,2,http://www.wikidata.org/entity/Q183
9DJAEJAV,6,3,http://www.wikidata.org/entity/Q15813909
9DJAEJAV,7,0,http://www.wikidata.org/entity/Q64960063
9DJAEJAV,7,1,http://www.wikidata.org/entity/Q473914
9DJAEJAV,7,2,http://www.wikidata.org/entity/Q29
9DJAEJAV,7,3,http://www.wikidata.org/entity/Q11918155
9DJAEJAV,8,0,http://www.wikidata.org/entity/Q64822301
9DJAEJAV,8,1,http://www.wikidata.org/entity/Q6040
9DJAEJAV,8,2,http://www.wikidata.org/entity/Q183
9DJAEJAV,8,3,http://www.wikidata.org/entity/Q10649093
9DJAEJAV,9,0,http://www.wikidata.org/entity/Q62020913
9DJAEJAV,9,1,http://www.wikidata.org/entity/Q61432
9DJAEJAV,9,2,http://www.wikidata.org/entity/Q16
9DJAEJAV,9,3,http://www.wikidata.org/entity/Q4957110
9DJAEJAV,10,0,http://www.wikidata.org/entity/Q62020911
9DJAEJAV,10,1,http://www.wikidata.org/entity/Q61432
9DJAEJAV,10,2,http://www.wikidata.org/entity/Q16
9DJAEJAV,10,3,http://www.wikidata.org/entity/Q4957110
9DJAEJAV,11,0,http://www.wikidata.org/entity/Q64957752
9DJAEJAV,11,1,http://www.wikidata.org/entity/Q842220
9DJAEJAV,11,2,http://www.wikidata.org/entity/Q29
9DJAEJAV,11,3,http://www.wikidata.org/entity/Q2284354
9DJAEJAV,12,0,http://www.wikidata.org/entity/Q64957747
9DJAEJAV,12,1,http://www.wikidata.org/entity/Q842220
9DJAEJAV,12,2,http://www.wikidata.org/entity/Q29
9DJAEJAV,12,3,http://www.wikidata.org/entity/Q2284354
9DJAEJAV,13,0,http://www.wikidata.org/entity/Q64541397
9DJAEJAV,13,1,http://www.wikidata.org/entity/Q979410
9DJAEJAV,13,2,http://www.wikidata.org/entity/Q30
9DJAEJAV,13,3,http://www.wikidata.org/entity/Q1536258
9DJAEJAV,14,0,http://www.wikidata.org/entity/Q64769537
9DJAEJAV,14,1,http://www.wikidata.org/entity/Q2240
9DJAEJAV,14,2,http://www.wikidata.org/entity/Q159
9DJAEJAV,14,3,http://www.wikidata.org/entity/Q1218832
MSOYY0ZZ,1,0,http://www.wikidata.org/entity/Q28128623
MSOYY0ZZ,1,1,http://www.wikidata.org/entity/Q28444719
MSOYY0ZZ,1,2,http://www.wikidata.org/entity/Q55497928
MSOYY0ZZ,1,3,http://www.wikidata.org/entity/Q28444719
MSOYY0ZZ,2,0,http://www.wikidata.org/entity/Q22696468
MSOYY0ZZ,2,1,http://www.wikidata.org/entity/Q3609
MSOYY0ZZ,2,2,http://www.wikidata.org/entity/Q20681024
MSOYY0ZZ,2,3,http://www.wikidata.org/entity/Q1693153
MSOYY0ZZ,3,0,http://www.wikidata.org/entity/Q18348936
MSOYY0ZZ,3,1,http://www.wikidata.org/entity/Q3609
MSOYY0ZZ,3,2,http://www.wikidata.org/entity/Q19514090
MSOYY0ZZ,3,3,http://www.wikidata.org/entity/Q1693153
MSOYY0ZZ,4,0,http://www.wikidata.org/entity/Q15831496
MSOYY0ZZ,4,1,http://www.wikidata.org/entity/Q3609
MSOYY0ZZ,4,2,http://www.wikidata.org/entity/Q15964778
MSOYY0ZZ,4,3,http://www.wikidata.org/entity/Q1693153
M6PKXOHJ,1,0,http://www.wikidata.org/entity/Q84047543
M6PKXOHJ,1,3,http://www.wikidata.org/entity/Q8921
M6PKXOHJ,2,0,http://www.wikidata.org/entity/Q82307470
M6PKXOHJ,2,3,http://www.wikidata.org/entity/Q8910
M6PKXOHJ,3,0,http://www.wikidata.org/entity/Q85169924
M6PKXOHJ,3,3,http://www.wikidata.org/entity/Q8906
M6PKXOHJ,4,0,http://www.wikidata.org/entity/Q80475063
M6PKXOHJ,4,3,http://www.wikidata.org/entity/Q8906
M6PKXOHJ,5,0,http://www.wikidata.org/entity/Q80474889
M6PKXOHJ,5,3,http://www.wikidata.org/entity/Q8906
M6PKXOHJ,6,0,http://www.wikidata.org/entity/Q84285496
M6PKXOHJ,6,3,http://www.wikidata.org/entity/Q8866
M6PKXOHJ,7,0,http://www.wikidata.org/entity/Q84284900
M6PKXOHJ,7,3,http://www.wikidata.org/entity/Q8866
M6PKXOHJ,8,0,http://www.wikidata.org/entity/Q84283895
M6PKXOHJ,8,3,http://www.wikidata.org/entity/Q8866
M6PKXOHJ,9,0,http://www.wikidata.org/entity/Q84186025
M6PKXOHJ,9,3,http://www.wikidata.org/entity/Q8866
M6PKXOHJ,10,0,http://www.wikidata.org/entity/Q84011021
M6PKXOHJ,10,3,http://www.wikidata.org/entity/Q8866
M6PKXOHJ,11,0,http://www.wikidata.org/entity/Q84010998
M6PKXOHJ,11,3,http://www.wikidata.org/entity/Q8866
R441DI6Z,1,0,http://www.wikidata.org/entity/Q60756419
R441DI6Z,1,1,http://www.wikidata.org/entity/Q657415
R441DI6Z,1,2,http://www.wikidata.org/entity/Q19652
R441DI6Z,1,3,http://www.wikidata.org/entity/Q37681
R441DI6Z,2,0,http://www.wikidata.org/entity/Q60756332
R441DI6Z,2,1,http://www.wikidata.org/entity/Q657415
R441DI6Z,2,2,http://www.wikidata.org/entity/Q19652
R441DI6Z,2,3,http://www.wikidata.org/entity/Q37681
R441DI6Z,3,0,http://www.wikidata.org/entity/Q60756295
R441DI6Z,3,1,http://www.wikidata.org/entity/Q657415
R441DI6Z,3,2,http://www.wikidata.org/entity/Q19652
R441DI6Z,3,3,http://www.wikidata.org/entity/Q37681
R441DI6Z,4,0,http://www.wikidata.org/entity/Q60755734
R441DI6Z,4,1,http://www.wikidata.org/entity/Q657415
R441DI6Z,4,2,http://www.wikidata.org/entity/Q19652
R441DI6Z,4,3,http://www.wikidata.org/entity/Q37681
R441DI6Z,5,0,http://www.wikidata.org/entity/Q60755673
R441DI6Z,5,1,http://www.wikidata.org/entity/Q657415
R441DI6Z,5,2,http://www.wikidata.org/entity/Q19652
R441DI6Z,5,3,http://www.wikidata.org/entity/Q37681
R441DI6Z,6,0,http://www.wikidata.org/entity/Q60755259
R441DI6Z,6,1,http://www.wikidata.org/entity/Q657415
R441DI6Z,6,2,http://www.wikidata.org/entity/Q19652
R441DI6Z,6,3,http://www.wikidata.org/entity/Q37681
R441DI6Z,7,0,http://www.wikidata.org/entity/Q60755219
R441DI6Z,7,1,http://www.wikidata.org/entity/Q657415
R441DI6Z,7,2,http://www.wikidata.org/entity/Q19652
R441DI6Z,7,3,http://www.wikidata.org/entity/Q37681
R441DI6Z,8,0,http://www.wikidata.org/entity/Q60754491
R441DI6Z,8,1,http://www.wikidata.org/entity/Q657415
R441DI6Z,8,2,http://www.wikidata.org/entity/Q19652
R441DI6Z,8,3,http://www.wikidata.org/entity/Q37681
R441DI6Z,9,0,http://www.wikidata.org/entity/Q60754231
R441DI6Z,9,1,http://www.wikidata.org/entity/Q657415
R441DI6Z,9,2,http://www.wikidata.org/entity/Q19652
R441DI6Z,9,3,http://www.wikidata.org/entity/Q37681
R441DI6Z,10,0,http://www.wikidata.org/entity/Q60752541
R441DI6Z,10,1,http://www.wikidata.org/entity/Q657415
R441DI6Z,10,2,http://www.wikidata.org/entity/Q19652
R441DI6Z,10,3,http://www.wikidata.org/entity/Q37681
R441DI6Z,11,0,http://www.wikidata.org/entity/Q60751924
R441DI6Z,11,1,http://www.wikidata.org/entity/Q657415
R441DI6Z,11,2,http://www.wikidata.org/entity/Q19652
R441DI6Z,11,3,http://www.wikidata.org/entity/Q37681
R441DI6Z,12,0,http://www.wikidata.org/entity/Q60751740
R441DI6Z,12,1,http://www.wikidata.org/entity/Q657415
R441DI6Z,12,2,http://www.wikidata.org/entity/Q19652
R441DI6Z,12,3,http://www.wikidata.org/entity/Q37681
R441DI6Z,13,0,http://www.wikidata.org/entity/Q60756941
R441DI6Z,13,1,http://www.wikidata.org/entity/Q657415
R441DI6Z,13,2,http://www.wikidata.org/entity/Q19652
R441DI6Z,13,3,http://www.wikidata.org/entity/Q11457
FXO13LFM,1,0,http://www.wikidata.org/entity/P6346
FXO13LFM,1,1,http://www.wikidata.org/entity/Q2996011
FXO13LFM,1,2,http://www.wikidata.org/entity/Q2498417
FXO13LFM,1,3,http://www.wikidata.org/entity/P3712
FXO13LFM,2,0,http://www.wikidata.org/entity/P5514
FXO13LFM,2,1,http://www.wikidata.org/entity/Q163560
FXO13LFM,2,2,http://www.wikidata.org/entity/Q705899
FXO13LFM,2,3,http://www.wikidata.org/entity/P2657
FXO13LFM,3,0,http://www.wikidata.org/entity/P6589
FXO13LFM,3,1,http://www.wikidata.org/entity/Q13371
FXO13LFM,3,2,http://www.wikidata.org/entity/Q2620430
FXO13LFM,3,3,http://www.wikidata.org/entity/P2403
FXO13LFM,4,0,http://www.wikidata.org/entity/P6125
FXO13LFM,4,1,http://www.wikidata.org/entity/Q7178
FXO13LFM,4,2,http://www.wikidata.org/entity/Q24716636
FXO13LFM,4,3,http://www.wikidata.org/entity/P1128
FXO13LFM,5,0,http://www.wikidata.org/entity/P6552
FXO13LFM,5,1,http://www.wikidata.org/entity/Q2013
FXO13LFM,5,2,http://www.wikidata.org/entity/Q918
FXO13LFM,5,3,http://www.wikidata.org/entity/P553
FXO13LFM,6,0,http://www.wikidata.org/entity/P6291
FXO13LFM,6,1,http://www.wikidata.org/entity/Q302895
FXO13LFM,6,2,http://www.wikidata.org/entity/Q39911916
FXO13LFM,6,3,http://www.wikidata.org/entity/P547
FXO13LFM,7,0,http://www.wikidata.org/entity/P4195
FXO13LFM,7,1,http://www.wikidata.org/entity/Q80919
FXO13LFM,7,2,http://www.wikidata.org/entity/Q703534
FXO13LFM,7,3,http://www.wikidata.org/entity/P108
POJCY7GZ,1,0,http://www.wikidata.org/entity/Q586786
POJCY7GZ,1,4,http://www.wikidata.org/entity/Q21538546
POJCY7GZ,2,0,http://www.wikidata.org/entity/Q115591
POJCY7GZ,2,4,http://www.wikidata.org/entity/Q21538546
POJCY7GZ,3,0,http://www.wikidata.org/entity/Q113523
POJCY7GZ,3,4,http://www.wikidata.org/entity/Q6974770
POJCY7GZ,4,0,http://www.wikidata.org/entity/Q791260
POJCY7GZ,4,4,http://www.wikidata.org/entity/Q21538546
Q3U1LSHX,1,0,http://www.wikidata.org/entity/Q2831866
Q3U1LSHX,1,1,http://www.wikidata.org/entity/Q3462822
Q3U1LSHX,1,2,http://www.wikidata.org/entity/Q941023
Q3U1LSHX,2,0,http://www.wikidata.org/entity/Q2837959
Q3U1LSHX,2,1,http://www.wikidata.org/entity/Q3214635
Q3U1LSHX,2,2,http://www.wikidata.org/entity/Q941023
Q3U1LSHX,3,0,http://www.wikidata.org/entity/Q2872430
Q3U1LSHX,3,1,http://www.wikidata.org/entity/Q2872433
Q3U1LSHX,3,2,http://www.wikidata.org/entity/Q941023
Q3U1LSHX,4,0,http://www.wikidata.org/entity/Q3464159
Q3U1LSHX,4,1,http://www.wikidata.org/entity/Q3461668
Q3U1LSHX,4,2,http://www.wikidata.org/entity/Q941023
Q3U1LSHX,5,0,http://www.wikidata.org/entity/Q3462193
Q3U1LSHX,5,1,http://www.wikidata.org/entity/Q139229
Q3U1LSHX,5,2,http://www.wikidata.org/entity/Q5390
Q3U1LSHX,6,0,http://www.wikidata.org/entity/Q3461699
Q3U1LSHX,6,1,http://www.wikidata.org/entity/Q142320
Q3U1LSHX,6,2,http://www.wikidata.org/entity/Q5390
XICEY5KC,1,0,http://www.wikidata.org/entity/Q28972891
XICEY5KC,1,1,http://www.wikidata.org/entity/Q28
XICEY5KC,1,2,http://www.wikidata.org/entity/Q28923774
XICEY5KC,1,3,http://www.wikidata.org/entity/Q28963378
XICEY5KC,1,6,http://www.wikidata.org/entity/Q1781
XICEY5KC,2,0,http://www.wikidata.org/entity/Q28963402
XICEY5KC,2,1,http://www.wikidata.org/entity/Q28
XICEY5KC,2,2,http://www.wikidata.org/entity/Q28923774
XICEY5KC,2,3,http://www.wikidata.org/entity/Q28972891
XICEY5KC,2,6,http://www.wikidata.org/entity/Q1781
XICEY5KC,3,0,http://www.wikidata.org/entity/Q27956421
XICEY5KC,3,1,http://www.wikidata.org/entity/Q30
XICEY5KC,3,2,http://www.wikidata.org/entity/Q189887
XICEY5KC,3,3,http://www.wikidata.org/entity/Q21795310
XICEY5KC,3,6,http://www.wikidata.org/entity/Q23337
XICEY5KC,4,0,http://www.wikidata.org/entity/Q27207185
XICEY5KC,4,1,http://www.wikidata.org/entity/Q31
XICEY5KC,4,2,http://www.wikidata.org/entity/Q1427084
XICEY5KC,4,3,http://www.wikidata.org/entity/Q21096979
XICEY5KC,4,6,http://www.wikidata.org/entity/Q1296
XICEY5KC,5,0,http://www.wikidata.org/entity/Q28445205
XICEY5KC,5,1,http://www.wikidata.org/entity/Q38
XICEY5KC,5,2,http://www.wikidata.org/entity/Q49024
XICEY5KC,5,3,http://www.wikidata.org/entity/Q22905781
XICEY5KC,5,6,http://www.wikidata.org/entity/Q641
XICEY5KC,6,0,http://www.wikidata.org/entity/Q27885683
XICEY5KC,6,1,http://www.wikidata.org/entity/Q183
XICEY5KC,6,2,http://www.wikidata.org/entity/Q130871
XICEY5KC,6,3,http://www.wikidata.org/entity/Q21600317
XICEY5KC,6,6,http://www.wikidata.org/entity/Q64
XICEY5KC,7,0,http://www.wikidata.org/entity/Q27921644
XICEY5KC,7,1,http://www.wikidata.org/entity/Q31
XICEY5KC,7,2,http://www.wikidata.org/entity/Q1427084
XICEY5KC,7,3,http://www.wikidata.org/entity/Q27207185
XICEY5KC,7,6,http://www.wikidata.org/entity/Q1296
XICEY5KC,8,0,http://www.wikidata.org/entity/Q21061237
XICEY5KC,8,1,http://www.wikidata.org/entity/Q142
XICEY5KC,8,2,http://www.wikidata.org/entity/Q42369
XICEY5KC,8,3,http://www.wikidata.org/entity/Q18348657
XICEY5KC,8,6,http://www.wikidata.org/entity/Q39984
XICEY5KC,9,0,http://www.wikidata.org/entity/Q21795310
XICEY5KC,9,1,http://www.wikidata.org/entity/Q30
XICEY5KC,9,2,http://www.wikidata.org/entity/Q189887
XICEY5KC,9,3,http://www.wikidata.org/entity/Q18916054
XICEY5KC,9,6,http://www.wikidata.org/entity/Q23337
XICEY5KC,10,0,http://www.wikidata.org/entity/Q21096979
XICEY5KC,10,1,http://www.wikidata.org/entity/Q31
XICEY5KC,10,2,http://www.wikidata.org/entity/Q1427084
XICEY5KC,10,3,http://www.wikidata.org/entity/Q18433398
XICEY5KC,10,6,http://www.wikidata.org/entity/Q1296
0C0UJ9XG,1,0,http://www.wikidata.org/entity/Q287820
0C0UJ9XG,1,1,http://www.wikidata.org/entity/Q507443
0C0UJ9XG,1,2,http://www.wikidata.org/entity/Q1700871
0C0UJ9XG,1,4,http://www.wikidata.org/entity/Q15856579
0C0UJ9XG,1,5,http://www.wikidata.org/entity/Q4115712
0C0UJ9XG,2,0,http://www.wikidata.org/entity/Q343217
0C0UJ9XG,2,1,http://www.wikidata.org/entity/Q507443
0C0UJ9XG,2,2,http://www.wikidata.org/entity/Q333718
0C0UJ9XG,2,4,http://www.wikidata.org/entity/Q693737
0C0UJ9XG,2,5,http://www.wikidata.org/entity/Q64727
0C0UJ9XG,3,0,http://www.wikidata.org/entity/Q29123478
0C0UJ9XG,3,1,http://www.wikidata.org/entity/Q507443
0C0UJ9XG,3,2,http://www.wikidata.org/entity/Q528842
0C0UJ9XG,3,4,http://www.wikidata.org/entity/Q6832945
0C0UJ9XG,3,5,http://www.wikidata.org/entity/Q84
0C0UJ9XG,4,0,http://www.wikidata.org/entity/Q30269048
0C0UJ9XG,4,1,http://www.wikidata.org/entity/Q507443
0C0UJ9XG,4,2,http://www.wikidata.org/entity/Q470517
0C0UJ9XG,4,4,http://www.wikidata.org/entity/Q6832945
0C0UJ9XG,4,5,http://www.wikidata.org/entity/Q84
4T10K753,1,0,http://www.wikidata.org/entity/Q899133
4T10K753,1,2,http://www.wikidata.org/entity/Q217475
4T10K753,1,3,http://www.wikidata.org/entity/Q905049
4T10K753,1,4,http://www.wikidata.org/entity/Q17
4T10K753,2,0,http://www.wikidata.org/entity/Q2916497
4T10K753,2,2,http://www.wikidata.org/entity/Q13677
4T10K753,2,3,http://www.wikidata.org/entity/Q1324860
4T10K753,2,4,http://www.wikidata.org/entity/Q27
4T10K753,3,0,http://www.wikidata.org/entity/Q3482319
4T10K753,3,2,http://www.wikidata.org/entity/Q217475
4T10K753,3,3,http://www.wikidata.org/entity/Q30280642
4T10K753,3,4,http://www.wikidata.org/entity/Q17
4T10K753,4,0,http://www.wikidata.org/entity/Q903328
4T10K753,4,2,http://www.wikidata.org/entity/Q581755
4T10K753,4,3,http://www.wikidata.org/entity/Q30269248
4T10K753,4,4,http://www.wikidata.org/entity/Q33
RKGDY1FS,1,0,http://www.wikidata.org/entity/Q905459
RKGDY1FS,1,1,http://www.wikidata.org/entity/Q159
RKGDY1FS,1,2,http://www.wikidata.org/entity/Q3266296
RKGDY1FS,1,3,http://www.wikidata.org/entity/Q6760
RKGDY1FS,2,0,http://www.wikidata.org/entity/Q372935
RKGDY1FS,2,1,http://www.wikidata.org/entity/Q159
RKGDY1FS,2,2,http://www.wikidata.org/entity/Q2627857
RKGDY1FS,2,3,http://www.wikidata.org/entity/Q6760
RKGDY1FS,3,0,http://www.wikidata.org/entity/Q44080
RKGDY1FS,3,1,http://www.wikidata.org/entity/Q159
RKGDY1FS,3,2,http://www.wikidata.org/entity/Q2601472
RKGDY1FS,3,3,http://www.wikidata.org/entity/Q6760
RKGDY1FS,4,0,http://www.wikidata.org/entity/Q372021
RKGDY1FS,4,1,http://www.wikidata.org/entity/Q159
RKGDY1FS,4,2,http://www.wikidata.org/entity/Q1652659
RKGDY1FS,4,3,http://www.wikidata.org/entity/Q6760
RKGDY1FS,5,0,http://www.wikidata.org/entity/Q809783
RKGDY1FS,5,1,http://www.wikidata.org/entity/Q159
RKGDY1FS,5,2,http://www.wikidata.org/entity/Q1651093
RKGDY1FS,5,3,http://www.wikidata.org/entity/Q6760
RKGDY1FS,6,0,http://www.wikidata.org/entity/Q2628283
RKGDY1FS,6,1,http://www.wikidata.org/entity/Q159
RKGDY1FS,6,2,http://www.wikidata.org/entity/Q2709579
RKGDY1FS,6,3,http://www.wikidata.org/entity/Q842320
RKGDY1FS,7,0,http://www.wikidata.org/entity/Q3633196
RKGDY1FS,7,1,http://www.wikidata.org/entity/Q159
RKGDY1FS,7,2,http://www.wikidata.org/entity/Q1650957
RKGDY1FS,7,3,http://www.wikidata.org/entity/Q6985
RKGDY1FS,8,0,http://www.wikidata.org/entity/Q2397653
RKGDY1FS,8,1,http://www.wikidata.org/entity/Q159
RKGDY1FS,8,2,http://www.wikidata.org/entity/Q1656108
RKGDY1FS,8,3,http://www.wikidata.org/entity/Q6906
RKGDY1FS,9,0,http://www.wikidata.org/entity/Q3623617
RKGDY1FS,9,1,http://www.wikidata.org/entity/Q159
RKGDY1FS,9,2,http://www.wikidata.org/entity/Q3720813
RKGDY1FS,9,3,http://www.wikidata.org/entity/Q6760
AZWNPPZ2,1,0,http://www.wikidata.org/entity/Q20550320
AZWNPPZ2,1,1,http://www.wikidata.org/entity/Q29
AZWNPPZ2,1,2,http://www.wikidata.org/entity/Q11130864
AZWNPPZ2,2,0,http://www.wikidata.org/entity/Q15071087
AZWNPPZ2,2,1,http://www.wikidata.org/entity/Q29
AZWNPPZ2,2,2,http://www.wikidata.org/entity/Q10953466
AZWNPPZ2,3,0,http://www.wikidata.org/entity/Q16511285
AZWNPPZ2,3,1,http://www.wikidata.org/entity/Q29
AZWNPPZ2,3,2,http://www.wikidata.org/entity/Q841313
AZWNPPZ2,4,0,http://www.wikidata.org/entity/Q20543231
AZWNPPZ2,4,1,http://www.wikidata.org/entity/Q29
AZWNPPZ2,4,2,http://www.wikidata.org/entity/Q1644975
A7AQX0X6,1,0,http://www.wikidata.org/entity/Q1917170
A7AQX0X6,1,3,http://www.wikidata.org/entity/Q142
A7AQX0X6,2,0,http://www.wikidata.org/entity/Q1624386
A7AQX0X6,2,3,http://www.wikidata.org/entity/Q142
A7AQX0X6,3,0,http://www.wikidata.org/entity/Q1432490
A7AQX0X6,3,3,http://www.wikidata.org/entity/Q142
A7AQX0X6,4,0,http://www.wikidata.org/entity/Q1049760
A7AQX0X6,4,3,http://www.wikidata.org/entity/Q142
A7AQX0X6,5,0,http://www.wikidata.org/entity/Q668092
A7AQX0X6,5,3,http://www.wikidata.org/entity/Q142
A7AQX0X6,6,0,http://www.wikidata.org/entity/Q397221
A7AQX0X6,6,3,http://www.wikidata.org/entity/Q142
A7AQX0X6,7,0,http://www.wikidata.org/entity/Q1894483
A7AQX0X6,7,3,http://www.wikidata.org/entity/Q55
A7AQX0X6,8,0,http://www.wikidata.org/entity/Q1879154
A7AQX0X6,8,3,http://www.wikidata.org/entity/Q55
A7AQX0X6,9,0,http://www.wikidata.org/entity/Q910228
A7AQX0X6,9,3,http://www.wikidata.org/entity/Q55
A7AQX0X6,10,0,http://www.wikidata.org/entity/Q643416
A7AQX0X6,10,3,http://www.wikidata.org/entity/Q55
A7AQX0X6,11,0,http://www.wikidata.org/entity/Q617838
A7AQX0X6,11,3,http://www.wikidata.org/entity/Q55
A7AQX0X6,12,0,http://www.wikidata.org/entity/Q3589523
A7AQX0X6,12,3,http://www.wikidata.org/entity/Q39
A7AQX0X6,13,0,http://www.wikidata.org/entity/Q3589520
A7AQX0X6,13,3,http://www.wikidata.org/entity/Q38
A7AQX0X6,14,0,http://www.wikidata.org/entity/Q3589518
A7AQX0X6,14,3,http://www.wikidata.org/entity/Q38
O3J4FLZ5,1,0,http://www.wikidata.org/entity/Q24045766
O3J4FLZ5,1,1,http://www.wikidata.org/entity/Q3609
O3J4FLZ5,1,2,http://www.wikidata.org/entity/Q18565712
O3J4FLZ5,1,3,http://www.wikidata.org/entity/Q16913477
O3J4FLZ5,2,0,http://www.wikidata.org/entity/Q23806973
O3J4FLZ5,2,1,http://www.wikidata.org/entity/Q3609
O3J4FLZ5,2,2,http://www.wikidata.org/entity/Q23807165
O3J4FLZ5,2,3,http://www.wikidata.org/entity/Q15469901
O3J4FLZ5,3,0,http://www.wikidata.org/entity/Q23839059
O3J4FLZ5,3,1,http://www.wikidata.org/entity/Q3609
O3J4FLZ5,3,2,http://www.wikidata.org/entity/Q17194811
O3J4FLZ5,3,3,http://www.wikidata.org/entity/Q1313233
O3J4FLZ5,4,0,http://www.wikidata.org/entity/Q28125609
O3J4FLZ5,4,1,http://www.wikidata.org/entity/Q3609
O3J4FLZ5,4,2,http://www.wikidata.org/entity/Q18221778
O3J4FLZ5,4,3,http://www.wikidata.org/entity/Q14845868
KO9XQP9S,1,0,http://www.wikidata.org/entity/Q889694
KO9XQP9S,1,1,http://www.wikidata.org/entity/Q3785199
KO9XQP9S,1,2,http://www.wikidata.org/entity/Q1403627
KO9XQP9S,2,0,http://www.wikidata.org/entity/Q905162
KO9XQP9S,2,1,http://www.wikidata.org/entity/Q559304
KO9XQP9S,2,2,http://www.wikidata.org/entity/Q392631
KO9XQP9S,3,0,http://www.wikidata.org/entity/Q879668
KO9XQP9S,3,1,http://www.wikidata.org/entity/Q41864
KO9XQP9S,3,2,http://www.wikidata.org/entity/Q314492
KO9XQP9S,4,0,http://www.wikidata.org/entity/Q456931
KO9XQP9S,4,1,http://www.wikidata.org/entity/Q1094373
KO9XQP9S,4,2,http://www.wikidata.org/entity/Q193047
O094DZTG,1,0,http://www.wikidata.org/entity/Q539019
O094DZTG,1,2,http://www.wikidata.org/entity/Q2807
O094DZTG,1,3,http://www.wikidata.org/entity/Q29
O094DZTG,2,0,http://www.wikidata.org/entity/Q1196914
O094DZTG,2,2,http://www.wikidata.org/entity/Q1153968
O094DZTG,2,3,http://www.wikidata.org/entity/Q17
O094DZTG,3,0,http://www.wikidata.org/entity/Q386246
O094DZTG,3,2,http://www.wikidata.org/entity/Q214051
O094DZTG,3,3,http://www.wikidata.org/entity/Q17
O094DZTG,4,0,http://www.wikidata.org/entity/Q1069457
O094DZTG,4,2,http://www.wikidata.org/entity/Q193638
O094DZTG,4,3,http://www.wikidata.org/entity/Q17
P4MFHHOG,1,0,http://www.wikidata.org/entity/Q801130
P4MFHHOG,1,1,http://www.wikidata.org/entity/Q540030
P4MFHHOG,1,2,http://www.wikidata.org/entity/Q129172
P4MFHHOG,1,3,http://www.wikidata.org/entity/Q25989
P4MFHHOG,2,0,http://www.wikidata.org/entity/Q4766078
P4MFHHOG,2,1,http://www.wikidata.org/entity/Q538216
P4MFHHOG,2,2,http://www.wikidata.org/entity/Q129172
P4MFHHOG,2,3,http://www.wikidata.org/entity/Q25989
P4MFHHOG,3,0,http://www.wikidata.org/entity/Q801310
P4MFHHOG,3,1,http://www.wikidata.org/entity/Q322557
P4MFHHOG,3,2,http://www.wikidata.org/entity/Q129172
P4MFHHOG,3,3,http://www.wikidata.org/entity/Q25989
P4MFHHOG,4,0,http://www.wikidata.org/entity/Q801681
P4MFHHOG,4,1,http://www.wikidata.org/entity/Q801681
P4MFHHOG,4,2,http://www.wikidata.org/entity/Q129172
P4MFHHOG,4,3,http://www.wikidata.org/entity/Q25989
DW09V8OJ,1,0,http://www.wikidata.org/entity/Q6391698
DW09V8OJ,1,3,http://www.wikidata.org/entity/Q82499
DW09V8OJ,2,0,http://www.wikidata.org/entity/Q615564
DW09V8OJ,2,3,http://www.wikidata.org/entity/Q40345
DW09V8OJ,3,0,http://www.wikidata.org/entity/Q29093933
DW09V8OJ,3,3,http://www.wikidata.org/entity/Q7060047
DW09V8OJ,4,0,http://www.wikidata.org/entity/Q20311253
DW09V8OJ,4,3,http://www.wikidata.org/entity/Q564523
CQRLD9AV,1,0,http://www.wikidata.org/entity/Q2877606
CQRLD9AV,1,2,http://www.wikidata.org/entity/Q30
CQRLD9AV,1,3,http://www.wikidata.org/entity/Q4715207
CQRLD9AV,2,0,http://www.wikidata.org/entity/Q3021907
CQRLD9AV,2,2,http://www.wikidata.org/entity/Q31
CQRLD9AV,2,3,http://www.wikidata.org/entity/Q506298
CQRLD9AV,3,0,http://www.wikidata.org/entity/Q2611718
CQRLD9AV,3,2,http://www.wikidata.org/entity/Q31
CQRLD9AV,3,3,http://www.wikidata.org/entity/Q506298
CQRLD9AV,4,0,http://www.wikidata.org/entity/Q3096094
CQRLD9AV,4,2,http://www.wikidata.org/entity/Q30
CQRLD9AV,4,3,http://www.wikidata.org/entity/Q225313
CQRLD9AV,5,0,http://www.wikidata.org/entity/Q2615537
CQRLD9AV,5,2,http://www.wikidata.org/entity/Q30
CQRLD9AV,5,3,http://www.wikidata.org/entity/Q126725
CQRLD9AV,6,0,http://www.wikidata.org/entity/Q2616979
CQRLD9AV,6,2,http://www.wikidata.org/entity/Q30
CQRLD9AV,6,3,http://www.wikidata.org/entity/Q126534
CQRLD9AV,7,0,http://www.wikidata.org/entity/Q2616970
CQRLD9AV,7,2,http://www.wikidata.org/entity/Q30
CQRLD9AV,7,3,http://www.wikidata.org/entity/Q126534
CQRLD9AV,8,0,http://www.wikidata.org/entity/Q2616774
CQRLD9AV,8,2,http://www.wikidata.org/entity/Q30
CQRLD9AV,8,3,http://www.wikidata.org/entity/Q126534
CQRLD9AV,9,0,http://www.wikidata.org/entity/Q2617225
CQRLD9AV,9,2,http://www.wikidata.org/entity/Q30
CQRLD9AV,9,3,http://www.wikidata.org/entity/Q126484
CQRLD9AV,10,0,http://www.wikidata.org/entity/Q2617203
CQRLD9AV,10,2,http://www.wikidata.org/entity/Q30
CQRLD9AV,10,3,http://www.wikidata.org/entity/Q126484
CQRLD9AV,11,0,http://www.wikidata.org/entity/Q2617073
CQRLD9AV,11,2,http://www.wikidata.org/entity/Q30
CQRLD9AV,11,3,http://www.wikidata.org/entity/Q126484
QFVZQY40,1,0,http://www.wikidata.org/entity/Q26903833
QFVZQY40,1,1,http://www.wikidata.org/entity/Q26698608
QFVZQY40,1,2,http://www.wikidata.org/entity/Q29
QFVZQY40,1,3,http://www.wikidata.org/entity/Q20014246
QFVZQY40,2,0,http://www.wikidata.org/entity/Q28735069
QFVZQY40,2,1,http://www.wikidata.org/entity/Q26698415
QFVZQY40,2,2,http://www.wikidata.org/entity/Q29
QFVZQY40,2,3,http://www.wikidata.org/entity/Q20014246
QFVZQY40,3,0,http://www.wikidata.org/entity/Q48020044
QFVZQY40,3,1,http://www.wikidata.org/entity/Q26698366
QFVZQY40,3,2,http://www.wikidata.org/entity/Q29
QFVZQY40,3,3,http://www.wikidata.org/entity/Q20014246
QFVZQY40,4,0,http://www.wikidata.org/entity/Q43088870
QFVZQY40,4,1,http://www.wikidata.org/entity/Q26698354
QFVZQY40,4,2,http://www.wikidata.org/entity/Q29
QFVZQY40,4,3,http://www.wikidata.org/entity/Q20014246
QFVZQY40,5,0,http://www.wikidata.org/entity/Q26879058
QFVZQY40,5,1,http://www.wikidata.org/entity/Q26697971
QFVZQY40,5,2,http://www.wikidata.org/entity/Q29
QFVZQY40,5,3,http://www.wikidata.org/entity/Q20014246
QFVZQY40,6,0,http://www.wikidata.org/entity/Q29265064
QFVZQY40,6,1,http://www.wikidata.org/entity/Q26697850
QFVZQY40,6,2,http://www.wikidata.org/entity/Q29
QFVZQY40,6,3,http://www.wikidata.org/entity/Q20014246
IJCCKEQI,1,0,http://www.wikidata.org/entity/Q57277562
IJCCKEQI,1,1,http://www.wikidata.org/entity/Q26001185
IJCCKEQI,1,3,http://www.wikidata.org/entity/Q63577419
IJCCKEQI,2,0,http://www.wikidata.org/entity/Q57277570
IJCCKEQI,2,1,http://www.wikidata.org/entity/Q19577695
IJCCKEQI,2,3,http://www.wikidata.org/entity/Q63080422
IJCCKEQI,3,0,http://www.wikidata.org/entity/Q57277557
IJCCKEQI,3,1,http://www.wikidata.org/entity/Q29184
IJCCKEQI,3,3,http://www.wikidata.org/entity/Q62123800
IJCCKEQI,4,0,http://www.wikidata.org/entity/Q57277547
IJCCKEQI,4,1,http://www.wikidata.org/entity/Q22833374
IJCCKEQI,4,3,http://www.wikidata.org/entity/Q63426768
EWY4B8NL,1,0,http://www.wikidata.org/entity/Q22948156
EWY4B8NL,1,1,http://www.wikidata.org/entity/Q588259
EWY4B8NL,1,2,http://www.wikidata.org/entity/Q189021
EWY4B8NL,1,4,http://www.wikidata.org/entity/Q596138
EWY4B8NL,1,5,http://www.wikidata.org/entity/Q22980368
EWY4B8NL,1,6,http://www.wikidata.org/entity/Q15787
EWY4B8NL,2,0,http://www.wikidata.org/entity/Q22951219
EWY4B8NL,2,1,http://www.wikidata.org/entity/Q5284
EWY4B8NL,2,2,http://www.wikidata.org/entity/Q189021
EWY4B8NL,2,4,http://www.wikidata.org/entity/Q596138
EWY4B8NL,2,5,http://www.wikidata.org/entity/Q22980648
EWY4B8NL,2,6,http://www.wikidata.org/entity/Q12739
EWY4B8NL,3,0,http://www.wikidata.org/entity/Q22947936
EWY4B8NL,3,1,http://www.wikidata.org/entity/Q588259
EWY4B8NL,3,2,http://www.wikidata.org/entity/Q189021
EWY4B8NL,3,4,http://www.wikidata.org/entity/Q596138
EWY4B8NL,3,5,http://www.wikidata.org/entity/Q22979940
EWY4B8NL,3,6,http://www.wikidata.org/entity/Q10294
EWY4B8NL,4,0,http://www.wikidata.org/entity/Q22946533
EWY4B8NL,4,1,http://www.wikidata.org/entity/Q13424289
EWY4B8NL,4,2,http://www.wikidata.org/entity/Q189021
EWY4B8NL,4,4,http://www.wikidata.org/entity/Q596138
EWY4B8NL,4,5,http://www.wikidata.org/entity/Q22989928
EWY4B8NL,4,6,http://www.wikidata.org/entity/Q75
EWY4B8NL,5,0,http://www.wikidata.org/entity/Q22979409
EWY4B8NL,5,1,http://www.wikidata.org/entity/Q834621
EWY4B8NL,5,2,http://www.wikidata.org/entity/Q189021
EWY4B8NL,5,4,http://www.wikidata.org/entity/Q596138
EWY4B8NL,5,5,http://www.wikidata.org/entity/Q22979364
EWY4B8NL,5,6,http://www.wikidata.org/entity/Q15
R6P93HD8,1,0,http://www.wikidata.org/entity/Q40698652
R6P93HD8,1,1,http://www.wikidata.org/entity/Q16958968
R6P93HD8,1,2,http://www.wikidata.org/entity/Q26793
R6P93HD8,2,0,http://www.wikidata.org/entity/Q40222960
R6P93HD8,2,1,http://www.wikidata.org/entity/Q16958968
R6P93HD8,2,2,http://www.wikidata.org/entity/Q26793
R6P93HD8,3,0,http://www.wikidata.org/entity/Q40136680
R6P93HD8,3,1,http://www.wikidata.org/entity/Q16958968
R6P93HD8,3,2,http://www.wikidata.org/entity/Q26793
R6P93HD8,4,0,http://www.wikidata.org/entity/Q39058042
R6P93HD8,4,1,http://www.wikidata.org/entity/Q16958968
R6P93HD8,4,2,http://www.wikidata.org/entity/Q26793
R6P93HD8,5,0,http://www.wikidata.org/entity/Q34989095
R6P93HD8,5,1,http://www.wikidata.org/entity/Q16958968
R6P93HD8,5,2,http://www.wikidata.org/entity/Q26793
R6P93HD8,6,0,http://www.wikidata.org/entity/Q28549454
R6P93HD8,6,1,http://www.wikidata.org/entity/Q325995
R6P93HD8,6,2,http://www.wikidata.org/entity/Q25319
R6P93HD8,7,0,http://www.wikidata.org/entity/Q16274911
R6P93HD8,7,1,http://www.wikidata.org/entity/Q15076094
R6P93HD8,7,2,http://www.wikidata.org/entity/Q12992
R6P93HD8,8,0,http://www.wikidata.org/entity/Q16274704
R6P93HD8,8,1,http://www.wikidata.org/entity/Q3000659
R6P93HD8,8,2,http://www.wikidata.org/entity/Q12992
R6P93HD8,9,0,http://www.wikidata.org/entity/Q4626990
R6P93HD8,9,1,http://www.wikidata.org/entity/Q326406
R6P93HD8,9,2,http://www.wikidata.org/entity/Q12992
R6P93HD8,10,0,http://www.wikidata.org/entity/Q3768819
R6P93HD8,10,1,http://www.wikidata.org/entity/Q326012
R6P93HD8,10,2,http://www.wikidata.org/entity/Q12992
3X45R7E3,1,0,http://www.wikidata.org/entity/Q61870071
3X45R7E3,1,2,http://www.wikidata.org/entity/Q61868720
3X45R7E3,2,0,http://www.wikidata.org/entity/Q61870294
3X45R7E3,2,2,http://www.wikidata.org/entity/Q61868719
3X45R7E3,3,0,http://www.wikidata.org/entity/Q61870068
3X45R7E3,3,2,http://www.wikidata.org/entity/Q61868719
3X45R7E3,4,0,http://www.wikidata.org/entity/Q61870321
3X45R7E3,4,2,http://www.wikidata.org/entity/Q61868703
3X45R7E3,5,0,http://www.wikidata.org/entity/Q61870066
3X45R7E3,5,2,http://www.wikidata.org/entity/Q61868703
3X45R7E3,6,0,http://www.wikidata.org/entity/Q60676067
3X45R7E3,6,2,http://www.wikidata.org/entity/Q60675965
3X45R7E3,7,0,http://www.wikidata.org/entity/Q60675995
3X45R7E3,7,2,http://www.wikidata.org/entity/Q60675965
PI5CSEXY,1,0,http://www.wikidata.org/entity/Q27120647
PI5CSEXY,1,1,http://www.wikidata.org/entity/Q247297
PI5CSEXY,1,2,http://www.wikidata.org/entity/Q27120673
PI5CSEXY,1,3,http://www.wikidata.org/entity/Q862224
PI5CSEXY,2,0,http://www.wikidata.org/entity/Q4491097
PI5CSEXY,2,1,http://www.wikidata.org/entity/Q2595584
PI5CSEXY,2,2,http://www.wikidata.org/entity/Q3746645
PI5CSEXY,2,3,http://www.wikidata.org/entity/Q443540
PI5CSEXY,3,0,http://www.wikidata.org/entity/Q27856947
PI5CSEXY,3,1,http://www.wikidata.org/entity/Q58363586
PI5CSEXY,3,2,http://www.wikidata.org/entity/Q26273475
PI5CSEXY,3,3,http://www.wikidata.org/entity/Q27681096
PI5CSEXY,4,0,http://www.wikidata.org/entity/Q28911180
PI5CSEXY,4,1,http://www.wikidata.org/entity/Q281525
PI5CSEXY,4,2,http://www.wikidata.org/entity/Q24573146
PI5CSEXY,4,3,http://www.wikidata.org/entity/Q3531686
PI5CSEXY,5,0,http://www.wikidata.org/entity/Q28502713
PI5CSEXY,5,1,http://www.wikidata.org/entity/Q27623618
PI5CSEXY,5,2,http://www.wikidata.org/entity/Q30125282
PI5CSEXY,5,3,http://www.wikidata.org/entity/Q2979058
PI5CSEXY,6,0,http://www.wikidata.org/entity/Q28502501
PI5CSEXY,6,1,http://www.wikidata.org/entity/Q2595584
PI5CSEXY,6,2,http://www.wikidata.org/entity/Q28501957
PI5CSEXY,6,3,http://www.wikidata.org/entity/Q1773633
PI5CSEXY,7,0,http://www.wikidata.org/entity/Q29051808
PI5CSEXY,7,1,http://www.wikidata.org/entity/Q27623618
PI5CSEXY,7,2,http://www.wikidata.org/entity/Q27230066
PI5CSEXY,7,3,http://www.wikidata.org/entity/Q3125886
PI5CSEXY,8,0,http://www.wikidata.org/entity/Q29051938
PI5CSEXY,8,1,http://www.wikidata.org/entity/Q245204
PI5CSEXY,8,2,http://www.wikidata.org/entity/Q27149686
PI5CSEXY,8,3,http://www.wikidata.org/entity/Q1773633
PI5CSEXY,9,0,http://www.wikidata.org/entity/Q29047827
PI5CSEXY,9,1,http://www.wikidata.org/entity/Q2595584
PI5CSEXY,9,2,http://www.wikidata.org/entity/Q27120800
PI5CSEXY,9,3,http://www.wikidata.org/entity/Q703588
UNHMXG5G,1,0,http://www.wikidata.org/entity/Q55509444
UNHMXG5G,1,1,http://www.wikidata.org/entity/Q584105
UNHMXG5G,1,2,http://www.wikidata.org/entity/Q388
UNHMXG5G,1,3,http://www.wikidata.org/entity/Q81571
UNHMXG5G,2,0,http://www.wikidata.org/entity/Q3542472
UNHMXG5G,2,1,http://www.wikidata.org/entity/Q21570197
UNHMXG5G,2,2,http://www.wikidata.org/entity/Q1406
UNHMXG5G,2,3,http://www.wikidata.org/entity/Q15777
UNHMXG5G,3,0,http://www.wikidata.org/entity/Q16041162
UNHMXG5G,3,1,http://www.wikidata.org/entity/Q860750
UNHMXG5G,3,2,http://www.wikidata.org/entity/Q388
UNHMXG5G,3,3,http://www.wikidata.org/entity/Q2407
UNHMXG5G,4,0,http://www.wikidata.org/entity/Q7575471
UNHMXG5G,4,1,http://www.wikidata.org/entity/Q860750
UNHMXG5G,4,2,http://www.wikidata.org/entity/Q388
UNHMXG5G,4,3,http://www.wikidata.org/entity/Q2407
UNHMXG5G,5,0,http://www.wikidata.org/entity/Q65621316
UNHMXG5G,5,1,http://www.wikidata.org/entity/Q828322
UNHMXG5G,5,2,http://www.wikidata.org/entity/Q388
UNHMXG5G,5,3,http://www.wikidata.org/entity/Q2407
UNHMXG5G,6,0,http://www.wikidata.org/entity/Q25091050
UNHMXG5G,6,1,http://www.wikidata.org/entity/Q584105
UNHMXG5G,6,2,http://www.wikidata.org/entity/Q388
UNHMXG5G,6,3,http://www.wikidata.org/entity/Q2407
UNHMXG5G,7,0,http://www.wikidata.org/entity/Q49166533
UNHMXG5G,7,1,http://www.wikidata.org/entity/Q343568
UNHMXG5G,7,2,http://www.wikidata.org/entity/Q388
UNHMXG5G,7,3,http://www.wikidata.org/entity/Q2407
UNHMXG5G,8,0,http://www.wikidata.org/entity/Q3542473
UNHMXG5G,8,1,http://www.wikidata.org/entity/Q192851
UNHMXG5G,8,2,http://www.wikidata.org/entity/Q388
UNHMXG5G,8,3,http://www.wikidata.org/entity/Q2407
UNHMXG5G,9,0,http://www.wikidata.org/entity/Q14629261
UNHMXG5G,9,1,http://www.wikidata.org/entity/Q185029
UNHMXG5G,9,2,http://www.wikidata.org/entity/Q388
UNHMXG5G,9,3,http://www.wikidata.org/entity/Q2407
UNHMXG5G,10,0,http://www.wikidata.org/entity/Q3931423
UNHMXG5G,10,1,http://www.wikidata.org/entity/Q185029
UNHMXG5G,10,2,http://www.wikidata.org/entity/Q388
UNHMXG5G,10,3,http://www.wikidata.org/entity/Q2407
9VP0IWFX,1,0,http://www.wikidata.org/entity/Q57830735
9VP0IWFX,1,1,http://www.wikidata.org/entity/Q7325
9VP0IWFX,1,2,http://www.wikidata.org/entity/Q1342
9VP0IWFX,2,0,http://www.wikidata.org/entity/Q33035595
9VP0IWFX,2,1,http://www.wikidata.org/entity/Q594444
9VP0IWFX,2,2,http://www.wikidata.org/entity/Q1218
9VP0IWFX,3,0,http://www.wikidata.org/entity/Q30319823
9VP0IWFX,3,1,http://www.wikidata.org/entity/Q74484
9VP0IWFX,3,2,http://www.wikidata.org/entity/Q1218
9VP0IWFX,4,0,http://www.wikidata.org/entity/Q62090804
9VP0IWFX,4,1,http://www.wikidata.org/entity/Q1632888
9VP0IWFX,4,2,http://www.wikidata.org/entity/Q803
CPMUN6FW,1,0,http://www.wikidata.org/entity/Q1856088
CPMUN6FW,1,1,http://www.wikidata.org/entity/Q3133
CPMUN6FW,1,3,http://www.wikidata.org/entity/Q2680952
CPMUN6FW,2,0,http://www.wikidata.org/entity/Q2395413
CPMUN6FW,2,1,http://www.wikidata.org/entity/Q943
CPMUN6FW,2,3,http://www.wikidata.org/entity/Q26180
CPMUN6FW,3,0,http://www.wikidata.org/entity/Q429900
CPMUN6FW,3,1,http://www.wikidata.org/entity/Q943
CPMUN6FW,3,3,http://www.wikidata.org/entity/Q25528
CPMUN6FW,4,0,http://www.wikidata.org/entity/Q834419
CPMUN6FW,4,1,http://www.wikidata.org/entity/Q943
CPMUN6FW,4,3,http://www.wikidata.org/entity/Q25396
CPMUN6FW,5,0,http://www.wikidata.org/entity/Q1426379
CPMUN6FW,5,1,http://www.wikidata.org/entity/Q3142
CPMUN6FW,5,3,http://www.wikidata.org/entity/Q9899
CPMUN6FW,6,0,http://www.wikidata.org/entity/Q752195
CPMUN6FW,6,1,http://www.wikidata.org/entity/Q1088
CPMUN6FW,6,3,http://www.wikidata.org/entity/Q5831
CPMUN6FW,7,0,http://www.wikidata.org/entity/Q876607
CPMUN6FW,7,1,http://www.wikidata.org/entity/Q23444
CPMUN6FW,7,3,http://www.wikidata.org/entity/Q5823
CPMUN6FW,8,0,http://www.wikidata.org/entity/Q600147
CPMUN6FW,8,1,http://www.wikidata.org/entity/Q303826
CPMUN6FW,8,3,http://www.wikidata.org/entity/Q2807
CPMUN6FW,9,0,http://www.wikidata.org/entity/Q3352503
CPMUN6FW,9,1,http://www.wikidata.org/entity/Q943
CPMUN6FW,9,3,http://www.wikidata.org/entity/Q1492
X89D4GLG,1,0,http://www.wikidata.org/entity/Q55547119
X89D4GLG,1,1,http://www.wikidata.org/entity/Q3609
X89D4GLG,1,2,http://www.wikidata.org/entity/Q30
X89D4GLG,1,3,http://www.wikidata.org/entity/Q2462682
X89D4GLG,1,4,http://www.wikidata.org/entity/Q127594
X89D4GLG,2,0,http://www.wikidata.org/entity/Q47124292
X89D4GLG,2,1,http://www.wikidata.org/entity/Q3609
X89D4GLG,2,2,http://www.wikidata.org/entity/Q45
X89D4GLG,2,3,http://www.wikidata.org/entity/Q77352
X89D4GLG,2,4,http://www.wikidata.org/entity/Q17351438
X89D4GLG,3,0,http://www.wikidata.org/entity/Q63385699
X89D4GLG,3,1,http://www.wikidata.org/entity/Q3609
X89D4GLG,3,2,http://www.wikidata.org/entity/Q215
X89D4GLG,3,3,http://www.wikidata.org/entity/Q174719
X89D4GLG,3,4,http://www.wikidata.org/entity/Q26904312
X89D4GLG,4,0,http://www.wikidata.org/entity/Q61641355
X89D4GLG,4,1,http://www.wikidata.org/entity/Q2215841
X89D4GLG,4,2,http://www.wikidata.org/entity/Q183
X89D4GLG,4,3,http://www.wikidata.org/entity/Q2500129
X89D4GLG,4,4,http://www.wikidata.org/entity/Q1742901
X89D4GLG,5,0,http://www.wikidata.org/entity/Q34236474
X89D4GLG,5,1,http://www.wikidata.org/entity/Q3609
X89D4GLG,5,2,http://www.wikidata.org/entity/Q30
X89D4GLG,5,3,http://www.wikidata.org/entity/Q18402424
X89D4GLG,5,4,http://www.wikidata.org/entity/Q20727821
X89D4GLG,6,0,http://www.wikidata.org/entity/Q38215858
X89D4GLG,6,1,http://www.wikidata.org/entity/Q3609
X89D4GLG,6,2,http://www.wikidata.org/entity/Q30
X89D4GLG,6,3,http://www.wikidata.org/entity/Q849332
X89D4GLG,6,4,http://www.wikidata.org/entity/Q6667112
X89D4GLG,7,0,http://www.wikidata.org/entity/Q61483587
X89D4GLG,7,1,http://www.wikidata.org/entity/Q3609
X89D4GLG,7,2,http://www.wikidata.org/entity/Q842
X89D4GLG,7,3,http://www.wikidata.org/entity/Q447932
X89D4GLG,7,4,http://www.wikidata.org/entity/Q23931035
X89D4GLG,8,0,http://www.wikidata.org/entity/Q55397435
X89D4GLG,8,1,http://www.wikidata.org/entity/Q3609
X89D4GLG,8,2,http://www.wikidata.org/entity/Q30
X89D4GLG,8,3,http://www.wikidata.org/entity/Q734427
X89D4GLG,8,4,http://www.wikidata.org/entity/Q21887367
X89D4GLG,9,0,http://www.wikidata.org/entity/Q55120023
X89D4GLG,9,1,http://www.wikidata.org/entity/Q3609
X89D4GLG,9,2,http://www.wikidata.org/entity/Q31
X89D4GLG,9,3,http://www.wikidata.org/entity/Q2298644
X89D4GLG,9,4,http://www.wikidata.org/entity/Q17566252
X89D4GLG,10,0,http://www.wikidata.org/entity/Q47119506
X89D4GLG,10,1,http://www.wikidata.org/entity/Q3609
X89D4GLG,10,2,http://www.wikidata.org/entity/Q20
X89D4GLG,10,3,http://www.wikidata.org/entity/Q219446
X89D4GLG,10,4,http://www.wikidata.org/entity/Q3078910
X89D4GLG,11,0,http://www.wikidata.org/entity/Q10978710
X89D4GLG,11,1,http://www.wikidata.org/entity/Q3609
X89D4GLG,11,2,http://www.wikidata.org/entity/Q30
X89D4GLG,11,3,http://www.wikidata.org/entity/Q309911
X89D4GLG,11,4,http://www.wikidata.org/entity/Q1809316
AAI00UMD,1,0,http://www.wikidata.org/entity/Q2118279
AAI00UMD,1,1,http://www.wikidata.org/entity/Q171810
AAI00UMD,1,3,http://www.wikidata.org/entity/Q256946
AAI00UMD,2,0,http://www.wikidata.org/entity/Q2460843
AAI00UMD,2,1,http://www.wikidata.org/entity/Q38022
AAI00UMD,2,3,http://www.wikidata.org/entity/Q209254
AAI00UMD,3,0,http://www.wikidata.org/entity/Q1453471
AAI00UMD,3,1,http://www.wikidata.org/entity/Q45797
AAI00UMD,3,3,http://www.wikidata.org/entity/Q207713
AAI00UMD,4,0,http://www.wikidata.org/entity/Q1722237
AAI00UMD,4,1,http://www.wikidata.org/entity/Q18013
AAI00UMD,4,3,http://www.wikidata.org/entity/Q207713
AAI00UMD,5,0,http://www.wikidata.org/entity/Q944847
AAI00UMD,5,1,http://www.wikidata.org/entity/Q667268
AAI00UMD,5,3,http://www.wikidata.org/entity/Q186087
ED2DQM06,1,0,http://www.wikidata.org/entity/Q47517273
ED2DQM06,1,1,http://www.wikidata.org/entity/Q3609
ED2DQM06,1,2,http://www.wikidata.org/entity/Q270397
ED2DQM06,1,4,http://www.wikidata.org/entity/Q2692740
ED2DQM06,2,0,http://www.wikidata.org/entity/Q50384912
ED2DQM06,2,1,http://www.wikidata.org/entity/Q3609
ED2DQM06,2,2,http://www.wikidata.org/entity/Q24414752
ED2DQM06,2,4,http://www.wikidata.org/entity/Q2181249
ED2DQM06,3,0,http://www.wikidata.org/entity/Q47462153
ED2DQM06,3,1,http://www.wikidata.org/entity/Q3609
ED2DQM06,3,2,http://www.wikidata.org/entity/Q26868933
ED2DQM06,3,4,http://www.wikidata.org/entity/Q865925
ED2DQM06,4,0,http://www.wikidata.org/entity/Q50329712
ED2DQM06,4,1,http://www.wikidata.org/entity/Q3609
ED2DQM06,4,2,http://www.wikidata.org/entity/Q24039146
ED2DQM06,4,4,http://www.wikidata.org/entity/Q43048
ED2DQM06,5,0,http://www.wikidata.org/entity/Q50401346
ED2DQM06,5,1,http://www.wikidata.org/entity/Q3609
ED2DQM06,5,2,http://www.wikidata.org/entity/Q1702728
ED2DQM06,5,4,http://www.wikidata.org/entity/Q1006408
ED2DQM06,6,0,http://www.wikidata.org/entity/Q53330489
ED2DQM06,6,1,http://www.wikidata.org/entity/Q3609
ED2DQM06,6,2,http://www.wikidata.org/entity/Q266686
ED2DQM06,6,4,http://www.wikidata.org/entity/Q732094
ED2DQM06,7,0,http://www.wikidata.org/entity/Q51601820
ED2DQM06,7,1,http://www.wikidata.org/entity/Q3609
ED2DQM06,7,2,http://www.wikidata.org/entity/Q6242
ED2DQM06,7,4,http://www.wikidata.org/entity/Q10071
ED2DQM06,8,0,http://www.wikidata.org/entity/Q51272029
ED2DQM06,8,1,http://www.wikidata.org/entity/Q3609
ED2DQM06,8,2,http://www.wikidata.org/entity/Q613213
ED2DQM06,8,4,http://www.wikidata.org/entity/Q5266
ED2DQM06,9,0,http://www.wikidata.org/entity/Q47044493
ED2DQM06,9,1,http://www.wikidata.org/entity/Q3609
ED2DQM06,9,2,http://www.wikidata.org/entity/Q469169
ED2DQM06,9,4,http://www.wikidata.org/entity/Q3475316
ED2DQM06,10,0,http://www.wikidata.org/entity/Q47035065
ED2DQM06,10,1,http://www.wikidata.org/entity/Q3609
ED2DQM06,10,2,http://www.wikidata.org/entity/Q448984
ED2DQM06,10,4,http://www.wikidata.org/entity/Q2692740
ED2DQM06,11,0,http://www.wikidata.org/entity/Q47462108
ED2DQM06,11,1,http://www.wikidata.org/entity/Q3609
ED2DQM06,11,2,http://www.wikidata.org/entity/Q1291181
ED2DQM06,11,4,http://www.wikidata.org/entity/Q2385157
ED2DQM06,12,0,http://www.wikidata.org/entity/Q26208688
ED2DQM06,12,1,http://www.wikidata.org/entity/Q3609
ED2DQM06,12,2,http://www.wikidata.org/entity/Q16644546
ED2DQM06,12,4,http://www.wikidata.org/entity/Q1974246
ED2DQM06,13,0,http://www.wikidata.org/entity/Q24907725
ED2DQM06,13,1,http://www.wikidata.org/entity/Q3609
ED2DQM06,13,2,http://www.wikidata.org/entity/Q15622202
ED2DQM06,13,4,http://www.wikidata.org/entity/Q1268530
ED2DQM06,14,0,http://www.wikidata.org/entity/Q24908082
ED2DQM06,14,1,http://www.wikidata.org/entity/Q3609
ED2DQM06,14,2,http://www.wikidata.org/entity/Q16206350
ED2DQM06,14,4,http://www.wikidata.org/entity/Q912014
ED2DQM06,15,0,http://www.wikidata.org/entity/Q24698518
ED2DQM06,15,1,http://www.wikidata.org/entity/Q3609
ED2DQM06,15,2,http://www.wikidata.org/entity/Q16011092
ED2DQM06,15,4,http://www.wikidata.org/entity/Q843323
1GVRRHXK,1,0,http://www.wikidata.org/entity/Q24035113
1GVRRHXK,1,1,http://www.wikidata.org/entity/Q499712
1GVRRHXK,1,2,http://www.wikidata.org/entity/Q1161750
1GVRRHXK,1,3,http://www.wikidata.org/entity/Q750594
1GVRRHXK,2,0,http://www.wikidata.org/entity/Q28037272
1GVRRHXK,2,1,http://www.wikidata.org/entity/Q22137386
1GVRRHXK,2,2,http://www.wikidata.org/entity/Q293473
1GVRRHXK,2,3,http://www.wikidata.org/entity/Q44241
1GVRRHXK,3,0,http://www.wikidata.org/entity/Q46874912
1GVRRHXK,3,1,http://www.wikidata.org/entity/Q182842
1GVRRHXK,3,2,http://www.wikidata.org/entity/Q182842
1GVRRHXK,3,3,http://www.wikidata.org/entity/Q968998
1GVRRHXK,4,0,http://www.wikidata.org/entity/Q63284914
1GVRRHXK,4,1,http://www.wikidata.org/entity/Q22988087
1GVRRHXK,4,2,http://www.wikidata.org/entity/Q363917
1GVRRHXK,4,3,http://www.wikidata.org/entity/Q848300
TT5T2P24,1,0,http://www.wikidata.org/entity/Q2624688
TT5T2P24,1,3,http://www.wikidata.org/entity/Q43445
TT5T2P24,2,0,http://www.wikidata.org/entity/Q2597104
TT5T2P24,2,3,http://www.wikidata.org/entity/Q43445
TT5T2P24,3,0,http://www.wikidata.org/entity/Q1536726
TT5T2P24,3,3,http://www.wikidata.org/entity/Q43445
TT5T2P24,4,0,http://www.wikidata.org/entity/Q1095142
TT5T2P24,4,3,http://www.wikidata.org/entity/Q43445
S7T5LPPM,1,0,http://www.wikidata.org/entity/Q785200
S7T5LPPM,1,1,http://www.wikidata.org/entity/Q586296
S7T5LPPM,1,2,http://www.wikidata.org/entity/Q2655746
S7T5LPPM,2,0,http://www.wikidata.org/entity/Q552454
S7T5LPPM,2,1,http://www.wikidata.org/entity/Q586296
S7T5LPPM,2,2,http://www.wikidata.org/entity/Q2023107
S7T5LPPM,3,0,http://www.wikidata.org/entity/Q785166
S7T5LPPM,3,1,http://www.wikidata.org/entity/Q586296
S7T5LPPM,3,2,http://www.wikidata.org/entity/Q1920250
S7T5LPPM,4,0,http://www.wikidata.org/entity/Q785146
S7T5LPPM,4,1,http://www.wikidata.org/entity/Q586296
S7T5LPPM,4,2,http://www.wikidata.org/entity/Q1920250
CXKX1U4S,1,0,http://www.wikidata.org/entity/Q48813099
CXKX1U4S,1,1,http://www.wikidata.org/entity/Q920057
CXKX1U4S,1,2,http://www.wikidata.org/entity/Q52326543
CXKX1U4S,1,3,http://www.wikidata.org/entity/Q2736
CXKX1U4S,2,0,http://www.wikidata.org/entity/Q41631450
CXKX1U4S,2,1,http://www.wikidata.org/entity/Q920057
CXKX1U4S,2,2,http://www.wikidata.org/entity/Q48814397
CXKX1U4S,2,3,http://www.wikidata.org/entity/Q2736
CXKX1U4S,3,0,http://www.wikidata.org/entity/Q41631275
CXKX1U4S,3,1,http://www.wikidata.org/entity/Q920057
CXKX1U4S,3,2,http://www.wikidata.org/entity/Q48813099
CXKX1U4S,3,3,http://www.wikidata.org/entity/Q2736
CXKX1U4S,4,0,http://www.wikidata.org/entity/Q48809738
CXKX1U4S,4,1,http://www.wikidata.org/entity/Q920057
CXKX1U4S,4,2,http://www.wikidata.org/entity/Q48810012
CXKX1U4S,4,3,http://www.wikidata.org/entity/Q2736
CXKX1U4S,5,0,http://www.wikidata.org/entity/Q48809755
CXKX1U4S,5,1,http://www.wikidata.org/entity/Q920057
CXKX1U4S,5,2,http://www.wikidata.org/entity/Q48809738
CXKX1U4S,5,3,http://www.wikidata.org/entity/Q2736
CXKX1U4S,6,0,http://www.wikidata.org/entity/Q42955817
CXKX1U4S,6,1,http://www.wikidata.org/entity/Q606060
CXKX1U4S,6,2,http://www.wikidata.org/entity/Q48799448
CXKX1U4S,6,3,http://www.wikidata.org/entity/Q2736
Y8KJYLNF,1,0,http://www.wikidata.org/entity/Q4600542
Y8KJYLNF,1,1,http://www.wikidata.org/entity/Q2615493
Y8KJYLNF,1,2,http://www.wikidata.org/entity/Q7864459
Y8KJYLNF,2,0,http://www.wikidata.org/entity/Q18748867
Y8KJYLNF,2,1,http://www.wikidata.org/entity/Q151521
Y8KJYLNF,2,2,http://www.wikidata.org/entity/Q7088553
Y8KJYLNF,3,0,http://www.wikidata.org/entity/Q16970841
Y8KJYLNF,3,1,http://www.wikidata.org/entity/Q2938060
Y8KJYLNF,3,2,http://www.wikidata.org/entity/Q6420148
Y8KJYLNF,4,0,http://www.wikidata.org/entity/Q4626828
Y8KJYLNF,4,1,http://www.wikidata.org/entity/Q3422788
Y8KJYLNF,4,2,http://www.wikidata.org/entity/Q6113390
Y8KJYLNF,5,0,http://www.wikidata.org/entity/Q4604654
Y8KJYLNF,5,1,http://www.wikidata.org/entity/Q691912
Y8KJYLNF,5,2,http://www.wikidata.org/entity/Q5686998
Y8KJYLNF,6,0,http://www.wikidata.org/entity/Q16954347
Y8KJYLNF,6,1,http://www.wikidata.org/entity/Q3242000
Y8KJYLNF,6,2,http://www.wikidata.org/entity/Q5640913
Y8KJYLNF,7,0,http://www.wikidata.org/entity/Q20648891
Y8KJYLNF,7,1,http://www.wikidata.org/entity/Q2893390
Y8KJYLNF,7,2,http://www.wikidata.org/entity/Q5587459
Y8KJYLNF,8,0,http://www.wikidata.org/entity/Q16954935
Y8KJYLNF,8,1,http://www.wikidata.org/entity/Q2893390
Y8KJYLNF,8,2,http://www.wikidata.org/entity/Q5587459
Y8KJYLNF,9,0,http://www.wikidata.org/entity/Q16204952
Y8KJYLNF,9,1,http://www.wikidata.org/entity/Q2893390
Y8KJYLNF,9,2,http://www.wikidata.org/entity/Q5587459
Y8KJYLNF,10,0,http://www.wikidata.org/entity/Q16198365
Y8KJYLNF,10,1,http://www.wikidata.org/entity/Q4667759
Y8KJYLNF,10,2,http://www.wikidata.org/entity/Q5190277
Y8KJYLNF,11,0,http://www.wikidata.org/entity/Q18748802
Y8KJYLNF,11,1,http://www.wikidata.org/entity/Q2615493
Y8KJYLNF,11,2,http://www.wikidata.org/entity/Q5127222
Y8KJYLNF,12,0,http://www.wikidata.org/entity/Q16242284
Y8KJYLNF,12,1,http://www.wikidata.org/entity/Q1753811
Y8KJYLNF,12,2,http://www.wikidata.org/entity/Q3157405
ZD7XI9U8,1,0,http://www.wikidata.org/entity/Q162538
ZD7XI9U8,1,1,http://www.wikidata.org/entity/Q1610798
ZD7XI9U8,1,3,http://www.wikidata.org/entity/Q1084791
ZD7XI9U8,2,0,http://www.wikidata.org/entity/Q4609902
ZD7XI9U8,2,1,http://www.wikidata.org/entity/Q389763
ZD7XI9U8,2,3,http://www.wikidata.org/entity/Q1050077
ZD7XI9U8,3,0,http://www.wikidata.org/entity/Q16331705
ZD7XI9U8,3,1,http://www.wikidata.org/entity/Q389763
ZD7XI9U8,3,3,http://www.wikidata.org/entity/Q980822
ZD7XI9U8,4,0,http://www.wikidata.org/entity/Q4349824
ZD7XI9U8,4,1,http://www.wikidata.org/entity/Q1610798
ZD7XI9U8,4,3,http://www.wikidata.org/entity/Q978041
ZD7XI9U8,5,0,http://www.wikidata.org/entity/Q162542
ZD7XI9U8,5,1,http://www.wikidata.org/entity/Q1610798
ZD7XI9U8,5,3,http://www.wikidata.org/entity/Q933610
ZD7XI9U8,6,0,http://www.wikidata.org/entity/Q4612498
ZD7XI9U8,6,1,http://www.wikidata.org/entity/Q389763
ZD7XI9U8,6,3,http://www.wikidata.org/entity/Q923671
ZD7XI9U8,7,0,http://www.wikidata.org/entity/Q4349829
ZD7XI9U8,7,1,http://www.wikidata.org/entity/Q1610798
ZD7XI9U8,7,3,http://www.wikidata.org/entity/Q921847
ZD7XI9U8,8,0,http://www.wikidata.org/entity/Q3957540
ZD7XI9U8,8,1,http://www.wikidata.org/entity/Q1092612
ZD7XI9U8,8,3,http://www.wikidata.org/entity/Q909161
YWCCCC2E,1,0,http://www.wikidata.org/entity/Q3470572
YWCCCC2E,1,2,http://www.wikidata.org/entity/Q191
YWCCCC2E,2,0,http://www.wikidata.org/entity/Q3470516
YWCCCC2E,2,2,http://www.wikidata.org/entity/Q191
YWCCCC2E,3,0,http://www.wikidata.org/entity/Q3470096
YWCCCC2E,3,2,http://www.wikidata.org/entity/Q191
YWCCCC2E,4,0,http://www.wikidata.org/entity/Q11039390
YWCCCC2E,4,2,http://www.wikidata.org/entity/Q191
YWCCCC2E,5,0,http://www.wikidata.org/entity/Q3466993
YWCCCC2E,5,2,http://www.wikidata.org/entity/Q191
YWCCCC2E,6,0,http://www.wikidata.org/entity/Q3466944
YWCCCC2E,6,2,http://www.wikidata.org/entity/Q191
OQPAE1C5,1,0,http://www.wikidata.org/entity/Q176860
OQPAE1C5,1,1,http://www.wikidata.org/entity/Q909090
OQPAE1C5,1,2,http://www.wikidata.org/entity/Q34
OQPAE1C5,1,3,http://www.wikidata.org/entity/Q840829
OQPAE1C5,1,4,http://www.wikidata.org/entity/Q53536964
OQPAE1C5,2,0,http://www.wikidata.org/entity/Q1934091
OQPAE1C5,2,1,http://www.wikidata.org/entity/Q909090
OQPAE1C5,2,2,http://www.wikidata.org/entity/Q34
OQPAE1C5,2,3,http://www.wikidata.org/entity/Q54111
OQPAE1C5,2,4,http://www.wikidata.org/entity/Q2319498
OQPAE1C5,3,0,http://www.wikidata.org/entity/Q750444
OQPAE1C5,3,1,http://www.wikidata.org/entity/Q909090
OQPAE1C5,3,2,http://www.wikidata.org/entity/Q34
OQPAE1C5,3,3,http://www.wikidata.org/entity/Q840829
OQPAE1C5,3,4,http://www.wikidata.org/entity/Q481289
OQPAE1C5,4,0,http://www.wikidata.org/entity/Q604921
OQPAE1C5,4,1,http://www.wikidata.org/entity/Q1891189
OQPAE1C5,4,2,http://www.wikidata.org/entity/Q29
OQPAE1C5,4,3,http://www.wikidata.org/entity/Q840829
OQPAE1C5,4,4,http://www.wikidata.org/entity/Q481289
W2B548G5,1,0,http://www.wikidata.org/entity/Q28736144
W2B548G5,1,1,http://www.wikidata.org/entity/Q22667
W2B548G5,1,3,http://www.wikidata.org/entity/Q3329701
W2B548G5,2,0,http://www.wikidata.org/entity/Q30156502
W2B548G5,2,1,http://www.wikidata.org/entity/Q483501
W2B548G5,2,3,http://www.wikidata.org/entity/Q2349177
W2B548G5,3,0,http://www.wikidata.org/entity/Q50091066
W2B548G5,3,1,http://www.wikidata.org/entity/Q40415
W2B548G5,3,3,http://www.wikidata.org/entity/Q23402
W2B548G5,4,0,http://www.wikidata.org/entity/Q29522560
W2B548G5,4,1,http://www.wikidata.org/entity/Q7880
W2B548G5,4,3,http://www.wikidata.org/entity/Q1376
5QI2L3LG,1,0,http://www.wikidata.org/entity/Q1629
5QI2L3LG,1,2,http://www.wikidata.org/entity/Q135712
5QI2L3LG,1,3,http://www.wikidata.org/entity/Q13682
5QI2L3LG,1,4,http://www.wikidata.org/entity/Q17078560
5QI2L3LG,1,5,http://www.wikidata.org/entity/Q3543509
5QI2L3LG,1,7,http://www.wikidata.org/entity/Q13737
5QI2L3LG,2,0,http://www.wikidata.org/entity/Q17182
5QI2L3LG,2,2,http://www.wikidata.org/entity/Q863882
5QI2L3LG,2,3,http://www.wikidata.org/entity/Q13580
5QI2L3LG,2,4,http://www.wikidata.org/entity/Q30185
5QI2L3LG,2,5,http://www.wikidata.org/entity/Q3543509
5QI2L3LG,2,7,http://www.wikidata.org/entity/Q8854
5QI2L3LG,3,0,http://www.wikidata.org/entity/Q17176
5QI2L3LG,3,2,http://www.wikidata.org/entity/Q863882
5QI2L3LG,3,3,http://www.wikidata.org/entity/Q13580
5QI2L3LG,3,4,http://www.wikidata.org/entity/Q30185
5QI2L3LG,3,5,http://www.wikidata.org/entity/Q6985
5QI2L3LG,3,7,http://www.wikidata.org/entity/Q17182
5QI2L3LG,4,0,http://www.wikidata.org/entity/Q8854
5QI2L3LG,4,2,http://www.wikidata.org/entity/Q863882
5QI2L3LG,4,3,http://www.wikidata.org/entity/Q13580
5QI2L3LG,4,4,http://www.wikidata.org/entity/Q30185
5QI2L3LG,4,5,http://www.wikidata.org/entity/Q6985
5QI2L3LG,4,7,http://www.wikidata.org/entity/Q17182
XCN5WVUO,1,0,http://www.wikidata.org/entity/Q37222
XCN5WVUO,1,1,http://www.wikidata.org/entity/Q230
XCN5WVUO,1,2,http://www.wikidata.org/entity/Q192173
XCN5WVUO,1,4,http://www.wikidata.org/entity/Q1410684
XCN5WVUO,2,0,http://www.wikidata.org/entity/Q893597
XCN5WVUO,2,1,http://www.wikidata.org/entity/Q211
XCN5WVUO,2,2,http://www.wikidata.org/entity/Q3333484
XCN5WVUO,2,4,http://www.wikidata.org/entity/Q893813
XCN5WVUO,3,0,http://www.wikidata.org/entity/Q404571
XCN5WVUO,3,1,http://www.wikidata.org/entity/Q159
XCN5WVUO,3,2,http://www.wikidata.org/entity/Q3333484
XCN5WVUO,3,4,http://www.wikidata.org/entity/Q540173
XCN5WVUO,4,0,http://www.wikidata.org/entity/Q2600681
XCN5WVUO,4,1,http://www.wikidata.org/entity/Q159
XCN5WVUO,4,2,http://www.wikidata.org/entity/Q3333484
XCN5WVUO,4,4,http://www.wikidata.org/entity/Q501107
XCN5WVUO,5,0,http://www.wikidata.org/entity/Q248050
XCN5WVUO,5,1,http://www.wikidata.org/entity/Q230
XCN5WVUO,5,2,http://www.wikidata.org/entity/Q3333484
XCN5WVUO,5,4,http://www.wikidata.org/entity/Q332444
XCN5WVUO,6,0,http://www.wikidata.org/entity/Q2091893
XCN5WVUO,6,1,http://www.wikidata.org/entity/Q36
XCN5WVUO,6,2,http://www.wikidata.org/entity/Q3333484
XCN5WVUO,6,4,http://www.wikidata.org/entity/Q174044
0SW9PXE1,1,0,http://www.wikidata.org/entity/Q262500
0SW9PXE1,1,1,http://www.wikidata.org/entity/Q33923
0SW9PXE1,1,2,http://www.wikidata.org/entity/Q15700818
0SW9PXE1,1,3,http://www.wikidata.org/entity/Q170497
0SW9PXE1,2,0,http://www.wikidata.org/entity/Q1131208
0SW9PXE1,2,1,http://www.wikidata.org/entity/Q33923
0SW9PXE1,2,2,http://www.wikidata.org/entity/Q15700818
0SW9PXE1,2,3,http://www.wikidata.org/entity/Q134672
0SW9PXE1,3,0,http://www.wikidata.org/entity/Q747856
0SW9PXE1,3,1,http://www.wikidata.org/entity/Q9200
0SW9PXE1,3,2,http://www.wikidata.org/entity/Q15700818
0SW9PXE1,3,3,http://www.wikidata.org/entity/Q10690
0SW9PXE1,4,0,http://www.wikidata.org/entity/Q1138070
0SW9PXE1,4,1,http://www.wikidata.org/entity/Q45581
0SW9PXE1,4,2,http://www.wikidata.org/entity/Q15700818
0SW9PXE1,4,3,http://www.wikidata.org/entity/Q6225
VI8NV8TI,1,0,http://www.wikidata.org/entity/Q61636038
VI8NV8TI,1,1,http://www.wikidata.org/entity/Q6789719
VI8NV8TI,1,2,http://www.wikidata.org/entity/Q926191
VI8NV8TI,1,3,http://www.wikidata.org/entity/Q61693280
VI8NV8TI,1,4,http://www.wikidata.org/entity/Q57614485
VI8NV8TI,2,0,http://www.wikidata.org/entity/Q59538666
VI8NV8TI,2,1,http://www.wikidata.org/entity/Q7818936
VI8NV8TI,2,2,http://www.wikidata.org/entity/Q926191
VI8NV8TI,2,3,http://www.wikidata.org/entity/Q61638882
VI8NV8TI,2,4,http://www.wikidata.org/entity/Q57614485
VI8NV8TI,3,0,http://www.wikidata.org/entity/Q60551163
VI8NV8TI,3,1,http://www.wikidata.org/entity/Q7086526
VI8NV8TI,3,2,http://www.wikidata.org/entity/Q926191
VI8NV8TI,3,3,http://www.wikidata.org/entity/Q30246230
VI8NV8TI,3,4,http://www.wikidata.org/entity/Q57614485
VI8NV8TI,4,0,http://www.wikidata.org/entity/Q59769985
VI8NV8TI,4,1,http://www.wikidata.org/entity/Q2393123
VI8NV8TI,4,2,http://www.wikidata.org/entity/Q926191
VI8NV8TI,4,3,http://www.wikidata.org/entity/Q30246230
VI8NV8TI,4,4,http://www.wikidata.org/entity/Q57614485
VI8NV8TI,5,0,http://www.wikidata.org/entity/Q60556440
VI8NV8TI,5,1,http://www.wikidata.org/entity/Q17232779
VI8NV8TI,5,2,http://www.wikidata.org/entity/Q926191
VI8NV8TI,5,3,http://www.wikidata.org/entity/Q16247661
VI8NV8TI,5,4,http://www.wikidata.org/entity/Q57614485
VI8NV8TI,6,0,http://www.wikidata.org/entity/Q60643270
VI8NV8TI,6,1,http://www.wikidata.org/entity/Q16407616
VI8NV8TI,6,2,http://www.wikidata.org/entity/Q926191
VI8NV8TI,6,3,http://www.wikidata.org/entity/Q12361482
VI8NV8TI,6,4,http://www.wikidata.org/entity/Q57614485
VI8NV8TI,7,0,http://www.wikidata.org/entity/Q60674919
VI8NV8TI,7,1,http://www.wikidata.org/entity/Q11882612
VI8NV8TI,7,2,http://www.wikidata.org/entity/Q926191
VI8NV8TI,7,3,http://www.wikidata.org/entity/Q11894929
VI8NV8TI,7,4,http://www.wikidata.org/entity/Q57614485
VI8NV8TI,8,0,http://www.wikidata.org/entity/Q61411181
VI8NV8TI,8,1,http://www.wikidata.org/entity/Q56493377
VI8NV8TI,8,2,http://www.wikidata.org/entity/Q926191
VI8NV8TI,8,3,http://www.wikidata.org/entity/Q5448019
VI8NV8TI,8,4,http://www.wikidata.org/entity/Q57614485
VI8NV8TI,9,0,http://www.wikidata.org/entity/Q61766568
VI8NV8TI,9,1,http://www.wikidata.org/entity/Q17712311
VI8NV8TI,9,2,http://www.wikidata.org/entity/Q926191
VI8NV8TI,9,3,http://www.wikidata.org/entity/Q5448019
VI8NV8TI,9,4,http://www.wikidata.org/entity/Q57614485
VI8NV8TI,10,0,http://www.wikidata.org/entity/Q59967210
VI8NV8TI,10,1,http://www.wikidata.org/entity/Q292595
VI8NV8TI,10,2,http://www.wikidata.org/entity/Q926191
VI8NV8TI,10,3,http://www.wikidata.org/entity/Q5448019
VI8NV8TI,10,4,http://www.wikidata.org/entity/Q57614485
VI8NV8TI,11,0,http://www.wikidata.org/entity/Q60614770
VI8NV8TI,11,1,http://www.wikidata.org/entity/Q5771108
VI8NV8TI,11,2,http://www.wikidata.org/entity/Q926191
VI8NV8TI,11,3,http://www.wikidata.org/entity/Q4481872
VI8NV8TI,11,4,http://www.wikidata.org/entity/Q57614485
VI8NV8TI,12,0,http://www.wikidata.org/entity/Q60029406
VI8NV8TI,12,1,http://www.wikidata.org/entity/Q5771108
VI8NV8TI,12,2,http://www.wikidata.org/entity/Q926191
VI8NV8TI,12,3,http://www.wikidata.org/entity/Q4481872
VI8NV8TI,12,4,http://www.wikidata.org/entity/Q57614485
VI8NV8TI,13,0,http://www.wikidata.org/entity/Q60852359
VI8NV8TI,13,1,http://www.wikidata.org/entity/Q59511728
VI8NV8TI,13,2,http://www.wikidata.org/entity/Q926191
VI8NV8TI,13,3,http://www.wikidata.org/entity/Q4071524
VI8NV8TI,13,4,http://www.wikidata.org/entity/Q57614485
VI8NV8TI,14,0,http://www.wikidata.org/entity/Q67312941
VI8NV8TI,14,1,http://www.wikidata.org/entity/Q6500364
VI8NV8TI,14,2,http://www.wikidata.org/entity/Q926191
VI8NV8TI,14,3,http://www.wikidata.org/entity/Q4049573
VI8NV8TI,14,4,http://www.wikidata.org/entity/Q57614485
P4N03HZH,1,0,http://www.wikidata.org/entity/Q51797
P4N03HZH,1,1,http://www.wikidata.org/entity/Q22006849
P4N03HZH,1,2,http://www.wikidata.org/entity/Q6581072
P4N03HZH,1,3,http://www.wikidata.org/entity/Q3551295
P4N03HZH,1,5,http://www.wikidata.org/entity/Q17738
P4N03HZH,1,6,http://www.wikidata.org/entity/Q462
P4N03HZH,2,0,http://www.wikidata.org/entity/Q51770
P4N03HZH,2,1,http://www.wikidata.org/entity/Q22006849
P4N03HZH,2,2,http://www.wikidata.org/entity/Q6581097
P4N03HZH,2,3,http://www.wikidata.org/entity/Q19786052
P4N03HZH,2,5,http://www.wikidata.org/entity/Q181795
P4N03HZH,2,6,http://www.wikidata.org/entity/Q165713
P4N03HZH,3,0,http://www.wikidata.org/entity/Q51730
P4N03HZH,3,1,http://www.wikidata.org/entity/Q22006849
P4N03HZH,3,2,http://www.wikidata.org/entity/Q44148
P4N03HZH,3,3,http://www.wikidata.org/entity/Q19786052
P4N03HZH,3,5,http://www.wikidata.org/entity/Q181795
P4N03HZH,3,6,http://www.wikidata.org/entity/Q165713
P4N03HZH,4,0,http://www.wikidata.org/entity/Q51793
P4N03HZH,4,1,http://www.wikidata.org/entity/Q22006849
P4N03HZH,4,2,http://www.wikidata.org/entity/Q6581097
P4N03HZH,4,3,http://www.wikidata.org/entity/Q19786052
P4N03HZH,4,5,http://www.wikidata.org/entity/Q165713
P4N03HZH,4,6,http://www.wikidata.org/entity/Q165713
WOG5AAJ4,1,0,http://www.wikidata.org/entity/Q64762767
WOG5AAJ4,1,2,http://www.wikidata.org/entity/Q64769231
WOG5AAJ4,1,3,http://www.wikidata.org/entity/Q752137
WOG5AAJ4,2,0,http://www.wikidata.org/entity/Q64816483
WOG5AAJ4,2,2,http://www.wikidata.org/entity/Q64816495
WOG5AAJ4,2,3,http://www.wikidata.org/entity/Q696797
WOG5AAJ4,3,0,http://www.wikidata.org/entity/Q60220828
WOG5AAJ4,3,2,http://www.wikidata.org/entity/Q64769241
WOG5AAJ4,3,3,http://www.wikidata.org/entity/Q676132
WOG5AAJ4,4,0,http://www.wikidata.org/entity/Q64810912
WOG5AAJ4,4,2,http://www.wikidata.org/entity/Q64811179
WOG5AAJ4,4,3,http://www.wikidata.org/entity/Q673412
WOG5AAJ4,5,0,http://www.wikidata.org/entity/Q64788695
WOG5AAJ4,5,2,http://www.wikidata.org/entity/Q64788706
WOG5AAJ4,5,3,http://www.wikidata.org/entity/Q537604
WOG5AAJ4,6,0,http://www.wikidata.org/entity/Q64785593
WOG5AAJ4,6,2,http://www.wikidata.org/entity/Q64785597
WOG5AAJ4,6,3,http://www.wikidata.org/entity/Q507621
WOG5AAJ4,7,0,http://www.wikidata.org/entity/Q64809922
WOG5AAJ4,7,2,http://www.wikidata.org/entity/Q64809967
WOG5AAJ4,7,3,http://www.wikidata.org/entity/Q487096
WOG5AAJ4,8,0,http://www.wikidata.org/entity/Q47044374
WOG5AAJ4,8,2,http://www.wikidata.org/entity/Q64768546
WOG5AAJ4,8,3,http://www.wikidata.org/entity/Q477311
WOG5AAJ4,9,0,http://www.wikidata.org/entity/Q64817601
WOG5AAJ4,9,2,http://www.wikidata.org/entity/Q64817691
WOG5AAJ4,9,3,http://www.wikidata.org/entity/Q18272
WOG5AAJ4,10,0,http://www.wikidata.org/entity/Q64763226
WOG5AAJ4,10,2,http://www.wikidata.org/entity/Q64769072
WOG5AAJ4,10,3,http://www.wikidata.org/entity/Q16702
WOG5AAJ4,11,0,http://www.wikidata.org/entity/Q64812891
WOG5AAJ4,11,2,http://www.wikidata.org/entity/Q64812980
WOG5AAJ4,11,3,http://www.wikidata.org/entity/Q16697
BMP9CMF0,1,0,http://www.wikidata.org/entity/P6679
BMP9CMF0,1,1,http://www.wikidata.org/entity/Q130283
BMP9CMF0,1,2,http://www.wikidata.org/entity/P5058
BMP9CMF0,1,3,http://www.wikidata.org/entity/Q9249766
BMP9CMF0,1,4,http://www.wikidata.org/entity/Q19474404
BMP9CMF0,1,5,http://www.wikidata.org/entity/Q36
BMP9CMF0,2,0,http://www.wikidata.org/entity/P6796
BMP9CMF0,2,1,http://www.wikidata.org/entity/Q645895
BMP9CMF0,2,2,http://www.wikidata.org/entity/P3973
BMP9CMF0,2,3,http://www.wikidata.org/entity/Q1226166
BMP9CMF0,2,4,http://www.wikidata.org/entity/Q19474404
BMP9CMF0,2,5,http://www.wikidata.org/entity/Q28
BMP9CMF0,3,0,http://www.wikidata.org/entity/P5616
BMP9CMF0,3,1,http://www.wikidata.org/entity/Q2851148
BMP9CMF0,3,2,http://www.wikidata.org/entity/P5615
BMP9CMF0,3,3,http://www.wikidata.org/entity/Q836007
BMP9CMF0,3,4,http://www.wikidata.org/entity/Q19474404
BMP9CMF0,3,5,http://www.wikidata.org/entity/Q142
BMP9CMF0,4,0,http://www.wikidata.org/entity/P5717
BMP9CMF0,4,1,http://www.wikidata.org/entity/Q3341936
BMP9CMF0,4,2,http://www.wikidata.org/entity/P2340
BMP9CMF0,4,3,http://www.wikidata.org/entity/Q56148479
BMP9CMF0,4,4,http://www.wikidata.org/entity/Q19474404
BMP9CMF0,4,5,http://www.wikidata.org/entity/Q142
H1AHNL4W,1,0,http://www.wikidata.org/entity/Q627333
H1AHNL4W,1,1,http://www.wikidata.org/entity/Q182688
H1AHNL4W,1,2,http://www.wikidata.org/entity/Q858330
H1AHNL4W,1,3,http://www.wikidata.org/entity/Q19652
H1AHNL4W,2,0,http://www.wikidata.org/entity/Q464928
H1AHNL4W,2,1,http://www.wikidata.org/entity/Q70802
H1AHNL4W,2,2,http://www.wikidata.org/entity/Q8261
H1AHNL4W,2,3,http://www.wikidata.org/entity/Q19652
H1AHNL4W,3,0,http://www.wikidata.org/entity/Q140527
H1AHNL4W,3,1,http://www.wikidata.org/entity/Q7016
H1AHNL4W,3,2,http://www.wikidata.org/entity/Q1347298
H1AHNL4W,3,3,http://www.wikidata.org/entity/Q19652
H1AHNL4W,4,0,http://www.wikidata.org/entity/Q565911
H1AHNL4W,4,1,http://www.wikidata.org/entity/Q7773
H1AHNL4W,4,2,http://www.wikidata.org/entity/Q1312571
H1AHNL4W,4,3,http://www.wikidata.org/entity/Q19652
80WNZFYX,1,0,http://www.wikidata.org/entity/Q4732161
80WNZFYX,1,1,http://www.wikidata.org/entity/Q29
80WNZFYX,2,0,http://www.wikidata.org/entity/Q4135311
80WNZFYX,2,1,http://www.wikidata.org/entity/Q29
80WNZFYX,3,0,http://www.wikidata.org/entity/Q3776056
80WNZFYX,3,1,http://www.wikidata.org/entity/Q29
80WNZFYX,4,0,http://www.wikidata.org/entity/Q624765
80WNZFYX,4,1,http://www.wikidata.org/entity/Q29
80WNZFYX,5,0,http://www.wikidata.org/entity/Q471489
80WNZFYX,5,1,http://www.wikidata.org/entity/Q29
DDBOD3TM,1,0,http://www.wikidata.org/entity/Q1094063
DDBOD3TM,1,1,http://www.wikidata.org/entity/Q56477697
DDBOD3TM,1,4,http://www.wikidata.org/entity/Q49031784
DDBOD3TM,2,0,http://www.wikidata.org/entity/Q145862
DDBOD3TM,2,1,http://www.wikidata.org/entity/Q68446865
DDBOD3TM,2,4,http://www.wikidata.org/entity/Q68447418
DDBOD3TM,3,0,http://www.wikidata.org/entity/Q827093
DDBOD3TM,3,1,http://www.wikidata.org/entity/Q68418916
DDBOD3TM,3,4,http://www.wikidata.org/entity/Q68419374
DDBOD3TM,4,0,http://www.wikidata.org/entity/Q1538197
DDBOD3TM,4,1,http://www.wikidata.org/entity/Q65640228
DDBOD3TM,4,4,http://www.wikidata.org/entity/Q65640231
DDBOD3TM,5,0,http://www.wikidata.org/entity/Q808736
DDBOD3TM,5,1,http://www.wikidata.org/entity/Q65640217
DDBOD3TM,5,4,http://www.wikidata.org/entity/Q65640222
DDBOD3TM,6,0,http://www.wikidata.org/entity/Q1538299
DDBOD3TM,6,1,http://www.wikidata.org/entity/Q64918712
DDBOD3TM,6,4,http://www.wikidata.org/entity/Q64918745
DDBOD3TM,7,0,http://www.wikidata.org/entity/Q736750
DDBOD3TM,7,1,http://www.wikidata.org/entity/Q64878696
DDBOD3TM,7,4,http://www.wikidata.org/entity/Q64878702
DDBOD3TM,8,0,http://www.wikidata.org/entity/Q911495
DDBOD3TM,8,1,http://www.wikidata.org/entity/Q64867823
DDBOD3TM,8,4,http://www.wikidata.org/entity/Q64868041
8WN7I278,1,0,http://www.wikidata.org/entity/Q15806593
8WN7I278,1,1,http://www.wikidata.org/entity/Q1125499
8WN7I278,1,2,http://www.wikidata.org/entity/Q2330283
8WN7I278,1,3,http://www.wikidata.org/entity/Q917562
8WN7I278,2,0,http://www.wikidata.org/entity/Q23783869
8WN7I278,2,1,http://www.wikidata.org/entity/Q1125499
8WN7I278,2,2,http://www.wikidata.org/entity/Q807
8WN7I278,2,3,http://www.wikidata.org/entity/Q917562
8WN7I278,3,0,http://www.wikidata.org/entity/Q15806585
8WN7I278,3,1,http://www.wikidata.org/entity/Q55690048
8WN7I278,3,2,http://www.wikidata.org/entity/Q727
8WN7I278,3,3,http://www.wikidata.org/entity/Q917562
8WN7I278,4,0,http://www.wikidata.org/entity/Q846481
8WN7I278,4,1,http://www.wikidata.org/entity/Q7889583
8WN7I278,4,2,http://www.wikidata.org/entity/Q30
8WN7I278,4,3,http://www.wikidata.org/entity/Q917562
X3NAZMDR,1,0,http://www.wikidata.org/entity/Q54357060
X3NAZMDR,1,1,http://www.wikidata.org/entity/Q63343768
X3NAZMDR,1,3,http://www.wikidata.org/entity/Q2803223
X3NAZMDR,2,0,http://www.wikidata.org/entity/Q47452387
X3NAZMDR,2,1,http://www.wikidata.org/entity/Q47452388
X3NAZMDR,2,3,http://www.wikidata.org/entity/Q2379783
X3NAZMDR,3,0,http://www.wikidata.org/entity/Q47452385
X3NAZMDR,3,1,http://www.wikidata.org/entity/Q47452387
X3NAZMDR,3,3,http://www.wikidata.org/entity/Q2379783
X3NAZMDR,4,0,http://www.wikidata.org/entity/Q47337892
X3NAZMDR,4,1,http://www.wikidata.org/entity/Q60824974
X3NAZMDR,4,3,http://www.wikidata.org/entity/Q1890947
X3NAZMDR,5,0,http://www.wikidata.org/entity/Q47338144
X3NAZMDR,5,1,http://www.wikidata.org/entity/Q47338216
X3NAZMDR,5,3,http://www.wikidata.org/entity/Q1890947
X3NAZMDR,6,0,http://www.wikidata.org/entity/Q47338068
X3NAZMDR,6,1,http://www.wikidata.org/entity/Q47338144
X3NAZMDR,6,3,http://www.wikidata.org/entity/Q1890947
X3NAZMDR,7,0,http://www.wikidata.org/entity/Q47337762
X3NAZMDR,7,1,http://www.wikidata.org/entity/Q47337892
X3NAZMDR,7,3,http://www.wikidata.org/entity/Q1890947
X3NAZMDR,8,0,http://www.wikidata.org/entity/Q56561485
X3NAZMDR,8,1,http://www.wikidata.org/entity/Q64708670
X3NAZMDR,8,3,http://www.wikidata.org/entity/Q1066052
X3NAZMDR,9,0,http://www.wikidata.org/entity/Q50809252
X3NAZMDR,9,1,http://www.wikidata.org/entity/Q56561485
X3NAZMDR,9,3,http://www.wikidata.org/entity/Q1066052
X3NAZMDR,10,0,http://www.wikidata.org/entity/Q56194084
X3NAZMDR,10,1,http://www.wikidata.org/entity/Q56561400
X3NAZMDR,10,3,http://www.wikidata.org/entity/Q1066052
X3NAZMDR,11,0,http://www.wikidata.org/entity/Q56561438
X3NAZMDR,11,1,http://www.wikidata.org/entity/Q50809252
X3NAZMDR,11,3,http://www.wikidata.org/entity/Q1066052
X3NAZMDR,12,0,http://www.wikidata.org/entity/Q47086409
X3NAZMDR,12,1,http://www.wikidata.org/entity/Q22303941
X3NAZMDR,12,3,http://www.wikidata.org/entity/Q913910
UTKMLYDU,1,0,http://www.wikidata.org/entity/Q223429
UTKMLYDU,1,1,http://www.wikidata.org/entity/Q1202548
UTKMLYDU,1,2,http://www.wikidata.org/entity/Q315999
UTKMLYDU,1,3,http://www.wikidata.org/entity/Q868940
UTKMLYDU,1,4,http://www.wikidata.org/entity/Q7059381
UTKMLYDU,2,0,http://www.wikidata.org/entity/Q245247
UTKMLYDU,2,1,http://www.wikidata.org/entity/Q170027
UTKMLYDU,2,2,http://www.wikidata.org/entity/Q130586
UTKMLYDU,2,3,http://www.wikidata.org/entity/Q868940
UTKMLYDU,2,4,http://www.wikidata.org/entity/Q5069998
UTKMLYDU,3,0,http://www.wikidata.org/entity/Q153978
UTKMLYDU,3,1,http://www.wikidata.org/entity/Q705657
UTKMLYDU,3,2,http://www.wikidata.org/entity/Q62168
UTKMLYDU,3,3,http://www.wikidata.org/entity/Q868940
UTKMLYDU,3,4,http://www.wikidata.org/entity/Q1753337
UTKMLYDU,4,0,http://www.wikidata.org/entity/Q174570
UTKMLYDU,4,1,http://www.wikidata.org/entity/Q593768
UTKMLYDU,4,2,http://www.wikidata.org/entity/Q332442
UTKMLYDU,4,3,http://www.wikidata.org/entity/Q868940
UTKMLYDU,4,4,http://www.wikidata.org/entity/Q748557
H88K7Q64,1,0,http://www.wikidata.org/entity/Q3145578
H88K7Q64,1,1,http://www.wikidata.org/entity/Q14475671
H88K7Q64,2,0,http://www.wikidata.org/entity/Q3145493
H88K7Q64,2,1,http://www.wikidata.org/entity/Q1568567
H88K7Q64,3,0,http://www.wikidata.org/entity/Q1139845
H88K7Q64,3,1,http://www.wikidata.org/entity/Q1568567
H88K7Q64,4,0,http://www.wikidata.org/entity/Q745964
H88K7Q64,4,1,http://www.wikidata.org/entity/Q1568567
JABI32TZ,1,0,http://www.wikidata.org/entity/Q5947764
JABI32TZ,1,2,http://www.wikidata.org/entity/Q63860551
JABI32TZ,1,3,http://www.wikidata.org/entity/Q4588720
JABI32TZ,2,0,http://www.wikidata.org/entity/Q8463535
JABI32TZ,2,2,http://www.wikidata.org/entity/Q63860551
JABI32TZ,2,3,http://www.wikidata.org/entity/Q4587855
JABI32TZ,3,0,http://www.wikidata.org/entity/Q5947457
JABI32TZ,3,2,http://www.wikidata.org/entity/Q63860551
JABI32TZ,3,3,http://www.wikidata.org/entity/Q4587855
JABI32TZ,4,0,http://www.wikidata.org/entity/Q5947364
JABI32TZ,4,2,http://www.wikidata.org/entity/Q63860551
JABI32TZ,4,3,http://www.wikidata.org/entity/Q4587855
JABI32TZ,5,0,http://www.wikidata.org/entity/Q5947544
JABI32TZ,5,2,http://www.wikidata.org/entity/Q63860551
JABI32TZ,5,3,http://www.wikidata.org/entity/Q4587036
JABI32TZ,6,0,http://www.wikidata.org/entity/Q8455098
JABI32TZ,6,2,http://www.wikidata.org/entity/Q63860551
JABI32TZ,6,3,http://www.wikidata.org/entity/Q4585368
96FFW0UZ,1,0,http://www.wikidata.org/entity/Q8455008
96FFW0UZ,1,3,http://www.wikidata.org/entity/Q3306242
96FFW0UZ,2,0,http://www.wikidata.org/entity/Q5948232
96FFW0UZ,2,3,http://www.wikidata.org/entity/Q3306242
96FFW0UZ,3,0,http://www.wikidata.org/entity/Q5948197
96FFW0UZ,3,3,http://www.wikidata.org/entity/Q3306242
96FFW0UZ,4,0,http://www.wikidata.org/entity/Q5948173
96FFW0UZ,4,3,http://www.wikidata.org/entity/Q3306242
RXW933GZ,1,0,http://www.wikidata.org/entity/Q1638601
RXW933GZ,1,3,http://www.wikidata.org/entity/Q63860551
RXW933GZ,1,5,http://www.wikidata.org/entity/Q3306242
RXW933GZ,1,7,http://www.wikidata.org/entity/Q3304183
RXW933GZ,2,0,http://www.wikidata.org/entity/Q5947933
RXW933GZ,2,3,http://www.wikidata.org/entity/Q63860551
RXW933GZ,2,5,http://www.wikidata.org/entity/Q3306242
RXW933GZ,2,7,http://www.wikidata.org/entity/Q3246370
RXW933GZ,3,0,http://www.wikidata.org/entity/Q3051029
RXW933GZ,3,3,http://www.wikidata.org/entity/Q97
RXW933GZ,3,5,http://www.wikidata.org/entity/Q2547976
RXW933GZ,3,7,http://www.wikidata.org/entity/Q3179548
RXW933GZ,4,0,http://www.wikidata.org/entity/Q3048242
RXW933GZ,4,3,http://www.wikidata.org/entity/Q97
RXW933GZ,4,5,http://www.wikidata.org/entity/Q2547976
RXW933GZ,4,7,http://www.wikidata.org/entity/Q3179548
RXW933GZ,5,0,http://www.wikidata.org/entity/Q5947827
RXW933GZ,5,3,http://www.wikidata.org/entity/Q97
RXW933GZ,5,5,http://www.wikidata.org/entity/Q2547976
RXW933GZ,5,7,http://www.wikidata.org/entity/Q2659460
RXW933GZ,6,0,http://www.wikidata.org/entity/Q4284325
RXW933GZ,6,3,http://www.wikidata.org/entity/Q97
RXW933GZ,6,5,http://www.wikidata.org/entity/Q2547976
RXW933GZ,6,7,http://www.wikidata.org/entity/Q2659460
RXW933GZ,7,0,http://www.wikidata.org/entity/Q5947619
RXW933GZ,7,3,http://www.wikidata.org/entity/Q97
RXW933GZ,7,5,http://www.wikidata.org/entity/Q2547976
RXW933GZ,7,7,http://www.wikidata.org/entity/Q2641791
RXW933GZ,8,0,http://www.wikidata.org/entity/Q910850
RXW933GZ,8,3,http://www.wikidata.org/entity/Q97
RXW933GZ,8,5,http://www.wikidata.org/entity/Q2547976
RXW933GZ,8,7,http://www.wikidata.org/entity/Q2616811
RXW933GZ,9,0,http://www.wikidata.org/entity/Q7485697
RXW933GZ,9,3,http://www.wikidata.org/entity/Q97
RXW933GZ,9,5,http://www.wikidata.org/entity/Q2547976
RXW933GZ,9,7,http://www.wikidata.org/entity/Q2595181
RXW933GZ,10,0,http://www.wikidata.org/entity/Q5947484
RXW933GZ,10,3,http://www.wikidata.org/entity/Q97
RXW933GZ,10,5,http://www.wikidata.org/entity/Q2547976
RXW933GZ,10,7,http://www.wikidata.org/entity/Q2595181
AV9ZU79Q,1,0,http://www.wikidata.org/entity/Q66140694
AV9ZU79Q,1,2,http://www.wikidata.org/entity/Q472055
AV9ZU79Q,1,3,http://www.wikidata.org/entity/Q66140838
AV9ZU79Q,1,4,http://www.wikidata.org/entity/Q269415
AV9ZU79Q,2,0,http://www.wikidata.org/entity/Q66092330
AV9ZU79Q,2,2,http://www.wikidata.org/entity/Q333967
AV9ZU79Q,2,3,http://www.wikidata.org/entity/Q66092404
AV9ZU79Q,2,4,http://www.wikidata.org/entity/Q269415
AV9ZU79Q,3,0,http://www.wikidata.org/entity/Q67155387
AV9ZU79Q,3,2,http://www.wikidata.org/entity/Q122207
AV9ZU79Q,3,3,http://www.wikidata.org/entity/Q7903060
AV9ZU79Q,3,4,http://www.wikidata.org/entity/Q269415
AV9ZU79Q,4,0,http://www.wikidata.org/entity/Q63463133
AV9ZU79Q,4,2,http://www.wikidata.org/entity/Q208189
AV9ZU79Q,4,3,http://www.wikidata.org/entity/Q34811
AV9ZU79Q,4,4,http://www.wikidata.org/entity/Q269415
K480WU02,1,0,http://www.wikidata.org/entity/Q57612085
K480WU02,1,1,http://www.wikidata.org/entity/Q3232779
K480WU02,1,2,http://www.wikidata.org/entity/Q543115
K480WU02,1,3,http://www.wikidata.org/entity/Q38108
K480WU02,2,0,http://www.wikidata.org/entity/Q48838108
K480WU02,2,1,http://www.wikidata.org/entity/Q3232779
K480WU02,2,2,http://www.wikidata.org/entity/Q543115
K480WU02,2,3,http://www.wikidata.org/entity/Q38108
K480WU02,3,0,http://www.wikidata.org/entity/Q28128235
K480WU02,3,1,http://www.wikidata.org/entity/Q3232779
K480WU02,3,2,http://www.wikidata.org/entity/Q543115
K480WU02,3,3,http://www.wikidata.org/entity/Q38108
K480WU02,4,0,http://www.wikidata.org/entity/Q23022446
K480WU02,4,1,http://www.wikidata.org/entity/Q3232779
K480WU02,4,2,http://www.wikidata.org/entity/Q543115
K480WU02,4,3,http://www.wikidata.org/entity/Q38108
K480WU02,5,0,http://www.wikidata.org/entity/Q18385185
K480WU02,5,1,http://www.wikidata.org/entity/Q3232779
K480WU02,5,2,http://www.wikidata.org/entity/Q543115
K480WU02,5,3,http://www.wikidata.org/entity/Q38108
K480WU02,6,0,http://www.wikidata.org/entity/Q17144887
K480WU02,6,1,http://www.wikidata.org/entity/Q3232779
K480WU02,6,2,http://www.wikidata.org/entity/Q543115
K480WU02,6,3,http://www.wikidata.org/entity/Q38108
K480WU02,7,0,http://www.wikidata.org/entity/Q4819651
K480WU02,7,1,http://www.wikidata.org/entity/Q3232779
K480WU02,7,2,http://www.wikidata.org/entity/Q543115
K480WU02,7,3,http://www.wikidata.org/entity/Q38108
K480WU02,8,0,http://www.wikidata.org/entity/Q4630181
K480WU02,8,1,http://www.wikidata.org/entity/Q3232779
K480WU02,8,2,http://www.wikidata.org/entity/Q543115
K480WU02,8,3,http://www.wikidata.org/entity/Q38108
K480WU02,9,0,http://www.wikidata.org/entity/Q4628996
K480WU02,9,1,http://www.wikidata.org/entity/Q3232779
K480WU02,9,2,http://www.wikidata.org/entity/Q543115
K480WU02,9,3,http://www.wikidata.org/entity/Q38108
K480WU02,10,0,http://www.wikidata.org/entity/Q4624482
K480WU02,10,1,http://www.wikidata.org/entity/Q3232779
K480WU02,10,2,http://www.wikidata.org/entity/Q543115
K480WU02,10,3,http://www.wikidata.org/entity/Q38108
K480WU02,11,0,http://www.wikidata.org/entity/Q4620141
K480WU02,11,1,http://www.wikidata.org/entity/Q3232779
K480WU02,11,2,http://www.wikidata.org/entity/Q543115
K480WU02,11,3,http://www.wikidata.org/entity/Q38108
K480WU02,12,0,http://www.wikidata.org/entity/Q4613064
K480WU02,12,1,http://www.wikidata.org/entity/Q3232779
K480WU02,12,2,http://www.wikidata.org/entity/Q543115
K480WU02,12,3,http://www.wikidata.org/entity/Q38108
K480WU02,13,0,http://www.wikidata.org/entity/Q4610351
K480WU02,13,1,http://www.wikidata.org/entity/Q3232779
K480WU02,13,2,http://www.wikidata.org/entity/Q543115
K480WU02,13,3,http://www.wikidata.org/entity/Q38108
K480WU02,14,0,http://www.wikidata.org/entity/Q4607758
K480WU02,14,1,http://www.wikidata.org/entity/Q3232779
K480WU02,14,2,http://www.wikidata.org/entity/Q543115
K480WU02,14,3,http://www.wikidata.org/entity/Q38108
K480WU02,15,0,http://www.wikidata.org/entity/Q4605617
K480WU02,15,1,http://www.wikidata.org/entity/Q3232779
K480WU02,15,2,http://www.wikidata.org/entity/Q543115
K480WU02,15,3,http://www.wikidata.org/entity/Q38108
QQ4FJMN9,1,0,http://www.wikidata.org/entity/Q3624261
QQ4FJMN9,1,1,http://www.wikidata.org/entity/Q11196
QQ4FJMN9,1,2,http://www.wikidata.org/entity/Q3625767
QQ4FJMN9,1,3,http://www.wikidata.org/entity/Q225
QQ4FJMN9,1,4,http://www.wikidata.org/entity/Q180333
QQ4FJMN9,2,0,http://www.wikidata.org/entity/Q3625767
QQ4FJMN9,2,1,http://www.wikidata.org/entity/Q11196
QQ4FJMN9,2,2,http://www.wikidata.org/entity/Q3624261
QQ4FJMN9,2,3,http://www.wikidata.org/entity/Q225
QQ4FJMN9,2,4,http://www.wikidata.org/entity/Q168991
QQ4FJMN9,3,0,http://www.wikidata.org/entity/Q303044
QQ4FJMN9,3,1,http://www.wikidata.org/entity/Q11196
QQ4FJMN9,3,2,http://www.wikidata.org/entity/Q427286
QQ4FJMN9,3,3,http://www.wikidata.org/entity/Q225
QQ4FJMN9,3,4,http://www.wikidata.org/entity/Q15699096
QQ4FJMN9,4,0,http://www.wikidata.org/entity/Q12754110
QQ4FJMN9,4,1,http://www.wikidata.org/entity/Q11196
QQ4FJMN9,4,2,http://www.wikidata.org/entity/Q15774707
QQ4FJMN9,4,3,http://www.wikidata.org/entity/Q225
QQ4FJMN9,4,4,http://www.wikidata.org/entity/Q1017897
QQ4FJMN9,5,0,http://www.wikidata.org/entity/Q11131234
QQ4FJMN9,5,1,http://www.wikidata.org/entity/Q11196
QQ4FJMN9,5,2,http://www.wikidata.org/entity/Q11238433
QQ4FJMN9,5,3,http://www.wikidata.org/entity/Q225
QQ4FJMN9,5,4,http://www.wikidata.org/entity/Q936404
CAS4IZCQ,1,0,http://www.wikidata.org/entity/Q1929712
CAS4IZCQ,1,3,http://www.wikidata.org/entity/Q18388560
CAS4IZCQ,2,0,http://www.wikidata.org/entity/Q3425864
CAS4IZCQ,2,3,http://www.wikidata.org/entity/Q18387531
CAS4IZCQ,3,0,http://www.wikidata.org/entity/Q2483789
CAS4IZCQ,3,3,http://www.wikidata.org/entity/Q18379217
CAS4IZCQ,4,0,http://www.wikidata.org/entity/Q1708134
CAS4IZCQ,4,3,http://www.wikidata.org/entity/Q18357449
CAS4IZCQ,5,0,http://www.wikidata.org/entity/Q2734090
CAS4IZCQ,5,3,http://www.wikidata.org/entity/Q18128880
CAS4IZCQ,6,0,http://www.wikidata.org/entity/Q2483868
CAS4IZCQ,6,3,http://www.wikidata.org/entity/Q18110554
CAS4IZCQ,7,0,http://www.wikidata.org/entity/Q633274
CAS4IZCQ,7,3,http://www.wikidata.org/entity/Q18110227
CAS4IZCQ,8,0,http://www.wikidata.org/entity/Q2349939
CAS4IZCQ,8,3,http://www.wikidata.org/entity/Q17071737
CAS4IZCQ,9,0,http://www.wikidata.org/entity/Q861841
CAS4IZCQ,9,3,http://www.wikidata.org/entity/Q17049897
CAS4IZCQ,10,0,http://www.wikidata.org/entity/Q757853
CAS4IZCQ,10,3,http://www.wikidata.org/entity/Q17049761
CAS4IZCQ,11,0,http://www.wikidata.org/entity/Q1017723
CAS4IZCQ,11,3,http://www.wikidata.org/entity/Q16342958
NNQ63I0J,1,0,http://www.wikidata.org/entity/Q29915615
NNQ63I0J,1,2,http://www.wikidata.org/entity/Q666216
NNQ63I0J,1,3,http://www.wikidata.org/entity/Q63790082
NNQ63I0J,2,0,http://www.wikidata.org/entity/Q47123798
NNQ63I0J,2,2,http://www.wikidata.org/entity/Q614164
NNQ63I0J,2,3,http://www.wikidata.org/entity/Q63790082
NNQ63I0J,3,0,http://www.wikidata.org/entity/Q1075028
NNQ63I0J,3,2,http://www.wikidata.org/entity/Q6019303
NNQ63I0J,3,3,http://www.wikidata.org/entity/Q63790082
NNQ63I0J,4,0,http://www.wikidata.org/entity/Q666216
NNQ63I0J,4,2,http://www.wikidata.org/entity/Q3141706
NNQ63I0J,4,3,http://www.wikidata.org/entity/Q63790082
LTH71ICI,1,0,http://www.wikidata.org/entity/Q28860120
LTH71ICI,1,1,http://www.wikidata.org/entity/Q826482
LTH71ICI,1,2,http://www.wikidata.org/entity/Q5582
LTH71ICI,1,3,http://www.wikidata.org/entity/Q142
LTH71ICI,2,0,http://www.wikidata.org/entity/Q28910510
LTH71ICI,2,1,http://www.wikidata.org/entity/Q23402
LTH71ICI,2,2,http://www.wikidata.org/entity/Q5582
LTH71ICI,2,3,http://www.wikidata.org/entity/Q142
LTH71ICI,3,0,http://www.wikidata.org/entity/Q28860131
LTH71ICI,3,1,http://www.wikidata.org/entity/Q90
LTH71ICI,3,2,http://www.wikidata.org/entity/Q5582
LTH71ICI,3,3,http://www.wikidata.org/entity/Q142
LTH71ICI,4,0,http://www.wikidata.org/entity/Q24237549
LTH71ICI,4,1,http://www.wikidata.org/entity/Q3094695
LTH71ICI,4,2,http://www.wikidata.org/entity/Q297
LTH71ICI,4,3,http://www.wikidata.org/entity/Q142
LTH71ICI,5,0,http://www.wikidata.org/entity/Q2977833
LTH71ICI,5,1,http://www.wikidata.org/entity/Q3094695
LTH71ICI,5,2,http://www.wikidata.org/entity/Q296
LTH71ICI,5,3,http://www.wikidata.org/entity/Q142
LTH71ICI,6,0,http://www.wikidata.org/entity/Q29889160
LTH71ICI,6,1,http://www.wikidata.org/entity/Q190804
LTH71ICI,6,2,http://www.wikidata.org/entity/Q1400853
LTH71ICI,6,3,http://www.wikidata.org/entity/Q55
LTH71ICI,7,0,http://www.wikidata.org/entity/Q23042264
LTH71ICI,7,1,http://www.wikidata.org/entity/Q12013217
LTH71ICI,7,2,http://www.wikidata.org/entity/Q130531
LTH71ICI,7,3,http://www.wikidata.org/entity/Q55
LTH71ICI,8,0,http://www.wikidata.org/entity/Q29904435
LTH71ICI,8,1,http://www.wikidata.org/entity/Q10855544
LTH71ICI,8,2,http://www.wikidata.org/entity/Q938616
LTH71ICI,8,3,http://www.wikidata.org/entity/Q38
LTH71ICI,9,0,http://www.wikidata.org/entity/Q29877403
LTH71ICI,9,1,http://www.wikidata.org/entity/Q1948674
LTH71ICI,9,2,http://www.wikidata.org/entity/Q106851
LTH71ICI,9,3,http://www.wikidata.org/entity/Q31
LTH71ICI,10,0,http://www.wikidata.org/entity/Q28737076
LTH71ICI,10,1,http://www.wikidata.org/entity/Q5092
LTH71ICI,10,2,http://www.wikidata.org/entity/Q4689680
LTH71ICI,10,3,http://www.wikidata.org/entity/Q30
LTH71ICI,11,0,http://www.wikidata.org/entity/Q29889290
LTH71ICI,11,1,http://www.wikidata.org/entity/Q1459878
LTH71ICI,11,2,http://www.wikidata.org/entity/Q4351610
LTH71ICI,11,3,http://www.wikidata.org/entity/Q30
1U4Y4CAB,1,0,http://www.wikidata.org/entity/Q60012896
1U4Y4CAB,1,2,http://www.wikidata.org/entity/Q60014615
1U4Y4CAB,1,3,http://www.wikidata.org/entity/Q688909
1U4Y4CAB,2,0,http://www.wikidata.org/entity/Q60055572
1U4Y4CAB,2,2,http://www.wikidata.org/entity/Q60056208
1U4Y4CAB,2,3,http://www.wikidata.org/entity/Q312392
1U4Y4CAB,3,0,http://www.wikidata.org/entity/Q59855741
1U4Y4CAB,3,2,http://www.wikidata.org/entity/Q3166938
1U4Y4CAB,3,3,http://www.wikidata.org/entity/Q152384
1U4Y4CAB,4,0,http://www.wikidata.org/entity/Q59866831
1U4Y4CAB,4,2,http://www.wikidata.org/entity/Q59921324
1U4Y4CAB,4,3,http://www.wikidata.org/entity/Q134147
1U4Y4CAB,5,0,http://www.wikidata.org/entity/Q59544945
1U4Y4CAB,5,2,http://www.wikidata.org/entity/Q14626534
1U4Y4CAB,5,3,http://www.wikidata.org/entity/Q133855
1U4Y4CAB,6,0,http://www.wikidata.org/entity/Q60332815
1U4Y4CAB,6,2,http://www.wikidata.org/entity/Q711362
1U4Y4CAB,6,3,http://www.wikidata.org/entity/Q42934
1U4Y4CAB,7,0,http://www.wikidata.org/entity/Q60031187
1U4Y4CAB,7,2,http://www.wikidata.org/entity/Q3027133
1U4Y4CAB,7,3,http://www.wikidata.org/entity/Q39427
1U4Y4CAB,8,0,http://www.wikidata.org/entity/Q59856725
1U4Y4CAB,8,2,http://www.wikidata.org/entity/Q3027133
1U4Y4CAB,8,3,http://www.wikidata.org/entity/Q7836
2JCY08UT,1,0,http://www.wikidata.org/entity/Q1858061
2JCY08UT,1,1,http://www.wikidata.org/entity/Q78361842
2JCY08UT,1,2,http://www.wikidata.org/entity/Q25457
2JCY08UT,1,3,http://www.wikidata.org/entity/Q498453
2JCY08UT,2,0,http://www.wikidata.org/entity/Q198678
2JCY08UT,2,1,http://www.wikidata.org/entity/Q10677725
2JCY08UT,2,2,http://www.wikidata.org/entity/Q54758
2JCY08UT,2,3,http://www.wikidata.org/entity/Q1754
2JCY08UT,3,0,http://www.wikidata.org/entity/Q15295883
2JCY08UT,3,1,http://www.wikidata.org/entity/Q2320013
2JCY08UT,3,2,http://www.wikidata.org/entity/Q1754
2JCY08UT,3,3,http://www.wikidata.org/entity/Q506250
2JCY08UT,4,0,http://www.wikidata.org/entity/Q10518645
2JCY08UT,4,1,http://www.wikidata.org/entity/Q10495784
2JCY08UT,4,2,http://www.wikidata.org/entity/Q25287
2JCY08UT,4,3,http://www.wikidata.org/entity/Q34
BS7MTZWS,1,0,http://www.wikidata.org/entity/Q85667820
BS7MTZWS,2,0,http://www.wikidata.org/entity/Q85566390
BS7MTZWS,3,0,http://www.wikidata.org/entity/Q85515608
BS7MTZWS,4,0,http://www.wikidata.org/entity/Q85515604
IL23CR33,1,0,http://www.wikidata.org/entity/Q80492673
IL23CR33,1,2,http://www.wikidata.org/entity/Q8918
IL23CR33,2,0,http://www.wikidata.org/entity/Q80492534
IL23CR33,2,2,http://www.wikidata.org/entity/Q8918
IL23CR33,3,0,http://www.wikidata.org/entity/Q80492814
IL23CR33,3,2,http://www.wikidata.org/entity/Q8910
IL23CR33,4,0,http://www.wikidata.org/entity/Q80492608
IL23CR33,4,2,http://www.wikidata.org/entity/Q8910
IL23CR33,5,0,http://www.wikidata.org/entity/Q80492737
IL23CR33,5,2,http://www.wikidata.org/entity/Q8853
IL23CR33,6,0,http://www.wikidata.org/entity/Q80492741
IL23CR33,6,2,http://www.wikidata.org/entity/Q8849
IL23CR33,7,0,http://www.wikidata.org/entity/Q80492550
IL23CR33,7,2,http://www.wikidata.org/entity/Q8849
IL23CR33,8,0,http://www.wikidata.org/entity/Q80492841
IL23CR33,8,2,http://www.wikidata.org/entity/Q8842
IL23CR33,9,0,http://www.wikidata.org/entity/Q80492651
IL23CR33,9,2,http://www.wikidata.org/entity/Q8842
IL23CR33,10,0,http://www.wikidata.org/entity/Q80492806
IL23CR33,10,2,http://www.wikidata.org/entity/Q8839
IL23CR33,11,0,http://www.wikidata.org/entity/Q80492829
IL23CR33,11,2,http://www.wikidata.org/entity/Q8675
IL23CR33,12,0,http://www.wikidata.org/entity/Q80492706
IL23CR33,12,2,http://www.wikidata.org/entity/Q8667
G3MWN8ZP,1,0,http://www.wikidata.org/entity/Q83791731
G3MWN8ZP,1,2,http://www.wikidata.org/entity/Q1457376
G3MWN8ZP,2,0,http://www.wikidata.org/entity/Q83790606
G3MWN8ZP,2,2,http://www.wikidata.org/entity/Q1457376
G3MWN8ZP,3,0,http://www.wikidata.org/entity/Q83790057
G3MWN8ZP,3,2,http://www.wikidata.org/entity/Q1457376
G3MWN8ZP,4,0,http://www.wikidata.org/entity/Q83493715
G3MWN8ZP,4,2,http://www.wikidata.org/entity/Q830831
NMXC9UAR,1,0,http://www.wikidata.org/entity/Q76887136
NMXC9UAR,2,0,http://www.wikidata.org/entity/Q75808700
NMXC9UAR,3,0,http://www.wikidata.org/entity/Q75802066
NMXC9UAR,4,0,http://www.wikidata.org/entity/Q75799598
NMXC9UAR,5,0,http://www.wikidata.org/entity/Q75202428
NMXC9UAR,6,0,http://www.wikidata.org/entity/Q75175538
NMXC9UAR,7,0,http://www.wikidata.org/entity/Q75172488
NMXC9UAR,8,0,http://www.wikidata.org/entity/Q75170480
NMXC9UAR,9,0,http://www.wikidata.org/entity/Q75080096
WP2MR638,1,0,http://www.wikidata.org/entity/Q73388504
WP2MR638,1,1,http://www.wikidata.org/entity/Q142
WP2MR638,1,2,http://www.wikidata.org/entity/Q16670086
WP2MR638,1,3,http://www.wikidata.org/entity/Q193899
WP2MR638,2,0,http://www.wikidata.org/entity/Q73388267
WP2MR638,2,1,http://www.wikidata.org/entity/Q142
WP2MR638,2,2,http://www.wikidata.org/entity/Q6072584
WP2MR638,2,3,http://www.wikidata.org/entity/Q193899
WP2MR638,3,0,http://www.wikidata.org/entity/Q73388446
WP2MR638,3,1,http://www.wikidata.org/entity/Q142
WP2MR638,3,2,http://www.wikidata.org/entity/Q3261193
WP2MR638,3,3,http://www.wikidata.org/entity/Q193899
WP2MR638,4,0,http://www.wikidata.org/entity/Q73388287
WP2MR638,4,1,http://www.wikidata.org/entity/Q142
WP2MR638,4,2,http://www.wikidata.org/entity/Q3173305
WP2MR638,4,3,http://www.wikidata.org/entity/Q193899
WP2MR638,5,0,http://www.wikidata.org/entity/Q72802423
WP2MR638,5,1,http://www.wikidata.org/entity/Q142
WP2MR638,5,2,http://www.wikidata.org/entity/Q3123065
WP2MR638,5,3,http://www.wikidata.org/entity/Q193899
WP2MR638,6,0,http://www.wikidata.org/entity/Q73072731
WP2MR638,6,1,http://www.wikidata.org/entity/Q142
WP2MR638,6,2,http://www.wikidata.org/entity/Q952520
WP2MR638,6,3,http://www.wikidata.org/entity/Q193899
WP2MR638,7,0,http://www.wikidata.org/entity/Q73388265
WP2MR638,7,1,http://www.wikidata.org/entity/Q142
WP2MR638,7,2,http://www.wikidata.org/entity/Q841026
WP2MR638,7,3,http://www.wikidata.org/entity/Q193899
WP2MR638,8,0,http://www.wikidata.org/entity/Q73388515
WP2MR638,8,1,http://www.wikidata.org/entity/Q142
WP2MR638,8,2,http://www.wikidata.org/entity/Q697829
WP2MR638,8,3,http://www.wikidata.org/entity/Q193899
WP2MR638,9,0,http://www.wikidata.org/entity/Q73388526
WP2MR638,9,1,http://www.wikidata.org/entity/Q142
WP2MR638,9,2,http://www.wikidata.org/entity/Q622365
WP2MR638,9,3,http://www.wikidata.org/entity/Q193899
WP2MR638,10,0,http://www.wikidata.org/entity/Q73033992
WP2MR638,10,1,http://www.wikidata.org/entity/Q142
WP2MR638,10,2,http://www.wikidata.org/entity/Q589355
WP2MR638,10,3,http://www.wikidata.org/entity/Q193899
WP2MR638,11,0,http://www.wikidata.org/entity/Q73388346
WP2MR638,11,1,http://www.wikidata.org/entity/Q142
WP2MR638,11,2,http://www.wikidata.org/entity/Q545751
WP2MR638,11,3,http://www.wikidata.org/entity/Q193899
WP2MR638,12,0,http://www.wikidata.org/entity/Q73070339
WP2MR638,12,1,http://www.wikidata.org/entity/Q142
WP2MR638,12,2,http://www.wikidata.org/entity/Q524252
WP2MR638,12,3,http://www.wikidata.org/entity/Q193899
WP2MR638,13,0,http://www.wikidata.org/entity/Q73388540
WP2MR638,13,1,http://www.wikidata.org/entity/Q142
WP2MR638,13,2,http://www.wikidata.org/entity/Q405699
WP2MR638,13,3,http://www.wikidata.org/entity/Q193899
SKHYNHTY,1,0,http://www.wikidata.org/entity/Q73071722
SKHYNHTY,1,1,http://www.wikidata.org/entity/Q142
SKHYNHTY,1,2,http://www.wikidata.org/entity/Q234911
SKHYNHTY,1,3,http://www.wikidata.org/entity/Q193899
SKHYNHTY,2,0,http://www.wikidata.org/entity/Q72804066
SKHYNHTY,2,1,http://www.wikidata.org/entity/Q142
SKHYNHTY,2,2,http://www.wikidata.org/entity/Q231834
SKHYNHTY,2,3,http://www.wikidata.org/entity/Q193899
SKHYNHTY,3,0,http://www.wikidata.org/entity/Q72809010
SKHYNHTY,3,1,http://www.wikidata.org/entity/Q142
SKHYNHTY,3,2,http://www.wikidata.org/entity/Q220906
SKHYNHTY,3,3,http://www.wikidata.org/entity/Q193899
SKHYNHTY,4,0,http://www.wikidata.org/entity/Q72806292
SKHYNHTY,4,1,http://www.wikidata.org/entity/Q142
SKHYNHTY,4,2,http://www.wikidata.org/entity/Q220906
SKHYNHTY,4,3,http://www.wikidata.org/entity/Q193899
IFXH698J,1,0,http://www.wikidata.org/entity/Q28224056
IFXH698J,1,1,http://www.wikidata.org/entity/Q20723607
IFXH698J,1,2,http://www.wikidata.org/entity/Q60520116
IFXH698J,1,3,http://www.wikidata.org/entity/Q4815247
IFXH698J,2,0,http://www.wikidata.org/entity/Q28224020
IFXH698J,2,1,http://www.wikidata.org/entity/Q16618141
IFXH698J,2,2,http://www.wikidata.org/entity/Q60520108
IFXH698J,2,3,http://www.wikidata.org/entity/Q4815244
IFXH698J,3,0,http://www.wikidata.org/entity/Q28224025
IFXH698J,3,1,http://www.wikidata.org/entity/Q16240038
IFXH698J,3,2,http://www.wikidata.org/entity/Q60520103
IFXH698J,3,3,http://www.wikidata.org/entity/Q4815240
IFXH698J,4,0,http://www.wikidata.org/entity/Q28224014
IFXH698J,4,1,http://www.wikidata.org/entity/Q20899881
IFXH698J,4,2,http://www.wikidata.org/entity/Q60520128
IFXH698J,4,3,http://www.wikidata.org/entity/Q4815257
